  0
SECTION
  2
HEADER
  9
$ACADVER
  1
AC1021
  9
$ACADMAINTVER
  70
50
  9
$DWGCODEPAGE
  3
ANSI_936
  9
$LASTSAVEDBY
  1
win10
  9
$INSBASE
  10
0
  20
0
  30
0
  9
$EXTMIN
  10
100000000000000000000
  20
100000000000000000000
  30
100000000000000000000
  9
$EXTMAX
  10
-100000000000000000000
  20
-100000000000000000000
  30
-100000000000000000000
  9
$LIMMIN
  10
0
  20
0
  9
$LIMMAX
  10
12
  20
9
  9
$ORTHOMODE
  70
0
  9
$REGENMODE
  70
1
  9
$FILLMODE
  70
1
  9
$QTEXTMODE
  70
0
  9
$MIRRTEXT
  70
0
  9
$LTSCALE
  40
1
  9
$ATTMODE
  70
1
  9
$TEXTSIZE
  40
0.2
  9
$TRACEWID
  40
0.05
  9
$TEXTSTYLE
  7
Standard
  9
$CLAYER
  8
0
  9
$CELTYPE
  6
ByLayer
  9
$CECOLOR
  62
256
  9
$CELTSCALE
  40
1
  9
$DISPSILH
  70
0
  9
$DIMSCALE
  40
1
  9
$DIMASZ
  40
0.18
  9
$DIMEXO
  40
0.0625
  9
$DIMDLI
  40
0.38
  9
$DIMRND
  40
0
  9
$DIMDLE
  40
0
  9
$DIMEXE
  40
0.18
  9
$DIMTP
  40
0
  9
$DIMTM
  40
0
  9
$DIMTXT
  40
0.18
  9
$DIMCEN
  40
0.09
  9
$DIMTSZ
  40
0
  9
$DIMTOL
  70
0
  9
$DIMLIM
  70
0
  9
$DIMTIH
  70
1
  9
$DIMTOH
  70
1
  9
$DIMSE1
  70
0
  9
$DIMSE2
  70
0
  9
$DIMTAD
  70
0
  9
$DIMZIN
  70
0
  9
$DIMBLK
  1

  9
$DIMASO
  70
1
  9
$DIMSHO
  70
1
  9
$DIMPOST
  1

  9
$DIMAPOST
  1

  9
$DIMALT
  70
0
  9
$DIMALTD
  70
2
  9
$DIMALTF
  40
25.4
  9
$DIMLFAC
  40
1
  9
$DIMTOFL
  70
0
  9
$DIMTVP
  40
0
  9
$DIMTIX
  70
0
  9
$DIMSOXD
  70
0
  9
$DIMSAH
  70
0
  9
$DIMBLK1
  1

  9
$DIMBLK2
  1

  9
$DIMSTYLE
  2
Standard
  9
$DIMCLRD
  70
0
  9
$DIMCLRE
  70
0
  9
$DIMCLRT
  70
0
  9
$DIMTFAC
  40
1
  9
$DIMGAP
  40
0.09
  9
$DIMJUST
  70
0
  9
$DIMSD1
  70
0
  9
$DIMSD2
  70
0
  9
$DIMTOLJ
  70
1
  9
$DIMTZIN
  70
0
  9
$DIMALTZ
  70
0
  9
$DIMALTTZ
  70
0
  9
$DIMUPT
  70
0
  9
$DIMDEC
  70
4
  9
$DIMTDEC
  70
4
  9
$DIMALTU
  70
2
  9
$DIMALTTD
  70
2
  9
$DIMTXSTY
  7
Standard
  9
$DIMAUNIT
  70
0
  9
$DIMADEC
  70
0
  9
$DIMALTRND
  40
0
  9
$DIMAZIN
  70
0
  9
$DIMDSEP
  70
46
  9
$DIMATFIT
  70
3
  9
$DIMFRAC
  70
0
  9
$DIMLDRBLK
  1

  9
$DIMLUNIT
  70
2
  9
$DIMLWD
  70
-2
  9
$DIMLWE
  70
-2
  9
$DIMTMOVE
  70
0
  9
$DIMFXL
  40
1
  9
$DIMFXLON
  70
0
  9
$DIMJOGANG
  40
0.7853981633974483
  9
$DIMTFILL
  70
0
  9
$DIMTFILLCLR
  70
0
  9
$DIMARCSYM
  70
0
  9
$DIMLTYPE
  6

  9
$DIMLTEX1
  6

  9
$DIMLTEX2
  6

  9
$LUNITS
  70
2
  9
$LUPREC
  70
4
  9
$SKETCHINC
  40
0.1
  9
$FILLETRAD
  40
0
  9
$AUNITS
  70
0
  9
$AUPREC
  70
0
  9
$MENU
  1
.
  9
$ELEVATION
  40
0
  9
$PELEVATION
  40
0
  9
$THICKNESS
  40
0
  9
$LIMCHECK
  70
0
  9
$CHAMFERA
  40
0
  9
$CHAMFERB
  40
0
  9
$CHAMFERC
  40
0
  9
$CHAMFERD
  40
0
  9
$SKPOLY
  70
0
  9
$TDCREATE
  40
2460560.605914352
  9
$TDUCREATE
  40
2460560.272581019
  9
$TDUPDATE
  40
2460560.629363426
  9
$TDUUPDATE
  40
2460560.296030092
  9
$TDINDWG
  40
0.0234490741
  9
$TDUSRTIMER
  40
0.0234490741
  9
$USRTIMER
  70
1
  9
$ANGBASE
  50
0
  9
$ANGDIR
  70
0
  9
$PDMODE
  70
0
  9
$PDSIZE
  40
0
  9
$PLINEWID
  40
0
  9
$SPLFRAME
  70
0
  9
$SPLINETYPE
  70
6
  9
$SPLINESEGS
  70
8
  9
$HANDSEED
  5
33E
  9
$SURFTAB1
  70
6
  9
$SURFTAB2
  70
6
  9
$SURFTYPE
  70
6
  9
$SURFU
  70
6
  9
$SURFV
  70
6
  9
$UCSBASE
  2

  9
$UCSNAME
  2

  9
$UCSORG
  10
0
  20
0
  30
0
  9
$UCSXDIR
  10
1
  20
0
  30
0
  9
$UCSYDIR
  10
0
  20
1
  30
0
  9
$UCSORTHOREF
  2

  9
$UCSORTHOVIEW
  70
0
  9
$UCSORGTOP
  10
0
  20
0
  30
0
  9
$UCSORGBOTTOM
  10
0
  20
0
  30
0
  9
$UCSORGLEFT
  10
0
  20
0
  30
0
  9
$UCSORGRIGHT
  10
0
  20
0
  30
0
  9
$UCSORGFRONT
  10
0
  20
0
  30
0
  9
$UCSORGBACK
  10
0
  20
0
  30
0
  9
$PUCSBASE
  2

  9
$PUCSNAME
  2

  9
$PUCSORG
  10
0
  20
0
  30
0
  9
$PUCSXDIR
  10
1
  20
0
  30
0
  9
$PUCSYDIR
  10
0
  20
1
  30
0
  9
$PUCSORTHOREF
  2

  9
$PUCSORTHOVIEW
  70
0
  9
$PUCSORGTOP
  10
0
  20
0
  30
0
  9
$PUCSORGBOTTOM
  10
0
  20
0
  30
0
  9
$PUCSORGLEFT
  10
0
  20
0
  30
0
  9
$PUCSORGRIGHT
  10
0
  20
0
  30
0
  9
$PUCSORGFRONT
  10
0
  20
0
  30
0
  9
$PUCSORGBACK
  10
0
  20
0
  30
0
  9
$USERI1
  70
0
  9
$USERI2
  70
0
  9
$USERI3
  70
0
  9
$USERI4
  70
0
  9
$USERI5
  70
0
  9
$USERR1
  40
0
  9
$USERR2
  40
0
  9
$USERR3
  40
0
  9
$USERR4
  40
0
  9
$USERR5
  40
0
  9
$WORLDVIEW
  70
1
  9
$SHADEDGE
  70
3
  9
$SHADEDIF
  70
70
  9
$TILEMODE
  70
1
  9
$MAXACTVP
  70
64
  9
$PINSBASE
  10
0
  20
0
  30
0
  9
$PLIMCHECK
  70
0
  9
$PEXTMIN
  10
0
  20
0
  30
0
  9
$PEXTMAX
  10
0
  20
0
  30
0
  9
$PLIMMIN
  10
0
  20
0
  9
$PLIMMAX
  10
12
  20
9
  9
$UNITMODE
  70
0
  9
$VISRETAIN
  70
1
  9
$PLINEGEN
  70
0
  9
$PSLTSCALE
  70
1
  9
$TREEDEPTH
  70
3020
  9
$CMLSTYLE
  2
Standard
  9
$CMLJUST
  70
0
  9
$CMLSCALE
  40
1
  9
$PROXYGRAPHICS
  70
1
  9
$MEASUREMENT
  70
0
  9
$CELWEIGHT
  370
-1
  9
$ENDCAPS
  280
0
  9
$JOINSTYLE
  280
0
  9
$LWDISPLAY
  290
0
  9
$INSUNITS
  70
4
  9
$HYPERLINKBASE
  1

  9
$STYLESHEET
  1

  9
$XEDIT
  290
0
  9
$CEPSNTYPE
  380
0
  9
$PSTYLEMODE
  290
0
  9
$FINGERPRINTGUID
  2
{FA9A02B2-7E04-C34E-BD13-02980AC2B394}
  9
$VERSIONGUID
  2
{964EB223-33A2-D549-8684-CDE005EE773C}
  9
$EXTNAMES
  290
0
  9
$PSVPSCALE
  40
0
  9
$OLESTARTUP
  290
0
  9
$SORTENTS
  280
127
  9
$INDEXCTL
  280
0
  9
$HIDETEXT
  280
1
  9
$XCLIPFRAME
  290
0
  9
$HALOGAP
  280
0
  9
$OBSCOLOR
  70
257
  9
$OBSLTYPE
  280
0
  9
$INTERSECTIONDISPLAY
  280
0
  9
$INTERSECTIONCOLOR
  70
257
  9
$DIMASSOC
  280
2
  9
$PROJECTNAME
  1

  9
$CAMERADISPLAY
  290
0
  9
$LENSLENGTH
  40
50
  9
$CAMERAHEIGHT
  40
60
  9
$STEPSPERSEC
  40
2
  9
$STEPSIZE
  40
6
  9
$3DDWFPREC
  40
2
  9
$PSOLWIDTH
  40
0.25
  9
$PSOLHEIGHT
  40
4
  9
$LOFTANG1
  40
1.570796326794896
  9
$LOFTANG2
  40
1.570796326794896
  9
$LOFTMAG1
  40
0
  9
$LOFTMAG2
  40
0
  9
$LOFTPARAM
  70
7
  9
$LOFTNORMALS
  280
1
  9
$LATITUDE
  40
37.795
  9
$LONGITUDE
  40
-122.394
  9
$NORTHDIRECTION
  40
0
  9
$TIMEZONE
  70
-8000
  9
$LIGHTGLYPHDISPLAY
  280
1
  9
$TILEMODELIGHTSYNCH
  280
1
  9
$CMATERIAL
  347
92
  9
$SOLIDHIST
  280
0
  9
$SHOWHIST
  280
1
  9
$DWFFRAME
  280
2
  9
$DGNFRAME
  280
0
  9
$REALWORLDSCALE
  290
0
  9
$INTERFERECOLOR
  62
1
  9
$INTERFEREOBJVS
  345
9F
  9
$INTERFEREVPVS
  346
9C
  9
$CSHADOW
  280
0
  9
$SHADOWPLANELOCATION
  40
0
  0
ENDSEC
  0
SECTION
  2
CLASSES
  0
CLASS
  1
ACDBDICTIONARYWDFLT
  2
AcDbDictionaryWithDefault
  3
ObjectDBX Classes
  90
0
  91
1
  280
0
  281
0
  0
CLASS
  1
DICTIONARYVAR
  2
AcDbDictionaryVar
  3
ObjectDBX Classes
  90
0
  91
15
  280
0
  281
0
  0
CLASS
  1
MATERIAL
  2
AcDbMaterial
  3
ObjectDBX Classes
  90
1153
  91
3
  280
0
  281
0
  0
CLASS
  1
VISUALSTYLE
  2
AcDbVisualStyle
  3
ObjectDBX Classes
  90
4095
  91
24
  280
0
  281
0
  0
CLASS
  1
TABLESTYLE
  2
AcDbTableStyle
  3
ObjectDBX Classes
  90
4095
  91
1
  280
0
  281
0
  0
CLASS
  1
SCALE
  2
AcDbScale
  3
ObjectDBX Classes
  90
1153
  91
33
  280
0
  281
0
  0
CLASS
  1
MLEADERSTYLE
  2
AcDbMLeaderStyle
  3
ACDB_MLEADERSTYLE_CLASS
  90
4095
  91
2
  280
0
  281
0
  0
CLASS
  1
CELLSTYLEMAP
  2
AcDbCellStyleMap
  3
ObjectDBX Classes
  90
1152
  91
4
  280
0
  281
0
  0
CLASS
  1
EXACXREFPANELOBJECT
  2
ExAcXREFPanelObject
  3
EXAC_ESW
  90
1025
  91
0
  280
0
  281
0
  0
CLASS
  1
NPOCOLLECTION
  2
AcDbImpNonPersistentObjectsCollection
  3
ObjectDBX Classes
  90
1153
  91
0
  280
0
  281
0
  0
CLASS
  1
LAYER_INDEX
  2
AcDbLayerIndex
  3
ObjectDBX Classes
  90
0
  91
0
  280
0
  281
0
  0
CLASS
  1
SPATIAL_INDEX
  2
AcDbSpatialIndex
  3
ObjectDBX Classes
  90
0
  91
0
  280
0
  281
0
  0
CLASS
  1
IDBUFFER
  2
AcDbIdBuffer
  3
ObjectDBX Classes
  90
0
  91
0
  280
0
  281
0
  0
CLASS
  1
ACDBSECTIONVIEWSTYLE
  2
AcDbSectionViewStyle
  3
ObjectDBX Classes
  90
1025
  91
1
  280
0
  281
0
  0
CLASS
  1
ACDBDETAILVIEWSTYLE
  2
AcDbDetailViewStyle
  3
ObjectDBX Classes
  90
1025
  91
1
  280
0
  281
0
  0
ENDSEC
  0
SECTION
  2
TABLES
  0
TABLE
  2
VPORT
  5
8
  330
0
  100
AcDbSymbolTable
  70
1
  0
VPORT
  5
90
  330
8
  100
AcDbSymbolTableRecord
  100
AcDbViewportTableRecord
  2
*Active
  70
0
  10
0
  20
0
  11
1
  21
1
  12
97.5486911906951
  22
42.51345460271504
  13
0
  23
0
  14
0.5
  24
0.5
  15
0.5
  25
0.5
  16
0
  26
0
  36
1
  17
0
  27
0
  37
0
  40
78.45799938217576
  41
1.945409429280396
  42
50
  43
0
  44
0
  50
0
  51
0
  71
0
  72
1000
  73
1
  74
3
  75
0
  76
1
  77
0
  78
0
  281
0
  65
1
  110
0
  120
0
  130
0
  111
1
  121
0
  131
0
  112
0
  122
1
  132
0
  79
0
  146
0
  348
9B
  60
3
  61
5
  292
0
  282
1
  141
0
  142
0
  63
250
  421
3355443
  1001
ACAD_NAV_VCDISPLAY
  1070
3
  0
ENDTAB
  0
TABLE
  2
LTYPE
  5
5
  330
0
  100
AcDbSymbolTable
  70
1
  0
LTYPE
  5
14
  330
5
  100
AcDbSymbolTableRecord
  100
AcDbLinetypeTableRecord
  2
ByBlock
  70
0
  3

  72
65
  73
0
  40
0
  0
LTYPE
  5
15
  330
5
  100
AcDbSymbolTableRecord
  100
AcDbLinetypeTableRecord
  2
ByLayer
  70
0
  3

  72
65
  73
0
  40
0
  0
LTYPE
  5
16
  330
5
  100
AcDbSymbolTableRecord
  100
AcDbLinetypeTableRecord
  2
Continuous
  70
0
  3
Solid line
  72
65
  73
0
  40
0
  0
ENDTAB
  0
TABLE
  2
LAYER
  5
2
  102
{ACAD_XDICTIONARY
  360
18B
  102
}
  330
0
  100
AcDbSymbolTable
  70
1
  0
LAYER
  5
1024
  100
AcDbSymbolTableRecord
  100
AcDbLayerTableRecord
  2
Top-Layer
  70
0
  420
16711680
  6
Continuous
  370
-3
  390
F
  347
21
  0
LAYER
  5
1025
  100
AcDbSymbolTableRecord
  100
AcDbLayerTableRecord
  2
Bottom-Layer
  70
0
  420
255
  6
Continuous
  370
-3
  390
F
  347
21
  0
LAYER
  5
1026
  100
AcDbSymbolTableRecord
  100
AcDbLayerTableRecord
  2
Top-Silkscreen-Layer
  70
0
  420
16763904
  6
Continuous
  370
-3
  390
F
  347
21
  0
LAYER
  5
1027
  100
AcDbSymbolTableRecord
  100
AcDbLayerTableRecord
  2
Bottom-Silkscreen-Layer
  70
0
  420
6736947
  6
Continuous
  370
-3
  390
F
  347
21
  0
LAYER
  5
1028
  100
AcDbSymbolTableRecord
  100
AcDbLayerTableRecord
  2
Top-Solder-Mask-Layer
  70
0
  420
8388736
  6
Continuous
  370
-3
  390
F
  347
21
  0
LAYER
  5
1029
  100
AcDbSymbolTableRecord
  100
AcDbLayerTableRecord
  2
Bottom-Solder-Mask-Layer
  70
0
  420
11141375
  6
Continuous
  370
-3
  390
F
  347
21
  0
LAYER
  5
1030
  100
AcDbSymbolTableRecord
  100
AcDbLayerTableRecord
  2
Top-Paste-Mask-Layer
  70
0
  420
8421504
  6
Continuous
  370
-3
  390
F
  347
21
  0
LAYER
  5
1031
  100
AcDbSymbolTableRecord
  100
AcDbLayerTableRecord
  2
Bottom-Paste-Mask-Layer
  70
0
  420
8388608
  6
Continuous
  370
-3
  390
F
  347
21
  0
LAYER
  5
1032
  100
AcDbSymbolTableRecord
  100
AcDbLayerTableRecord
  2
Top-Assembly-Layer
  70
0
  420
3394713
  6
Continuous
  370
-3
  390
F
  347
21
  0
LAYER
  5
1033
  100
AcDbSymbolTableRecord
  100
AcDbLayerTableRecord
  2
Bottom-Assembly-Layer
  70
0
  420
5592575
  6
Continuous
  370
-3
  390
F
  347
21
  0
LAYER
  5
1034
  100
AcDbSymbolTableRecord
  100
AcDbLayerTableRecord
  2
Board-Outline-Layer
  70
0
  420
16711935
  6
Continuous
  370
-3
  390
F
  347
21
  0
LAYER
  5
1035
  100
AcDbSymbolTableRecord
  100
AcDbLayerTableRecord
  2
Multi-Layer
  70
0
  420
12632256
  6
Continuous
  370
-3
  390
F
  347
21
  0
LAYER
  5
1036
  100
AcDbSymbolTableRecord
  100
AcDbLayerTableRecord
  2
Document-Layer
  70
0
  420
16777215
  6
Continuous
  370
-3
  390
F
  347
21
  0
LAYER
  5
1037
  100
AcDbSymbolTableRecord
  100
AcDbLayerTableRecord
  2
Mechanical-Layer
  70
0
  420
15737584
  6
Continuous
  370
-3
  390
F
  347
21
  0
LAYER
  5
1038
  100
AcDbSymbolTableRecord
  100
AcDbLayerTableRecord
  2
Hole-Layer
  70
0
  420
2236962
  6
Continuous
  370
-3
  390
F
  347
21
  0
LAYER
  5
1039
  100
AcDbSymbolTableRecord
  100
AcDbLayerTableRecord
  2
3D-Shell-Outline-Layer
  70
0
  420
6750105
  6
Continuous
  370
-3
  390
F
  347
21
  0
LAYER
  5
1040
  100
AcDbSymbolTableRecord
  100
AcDbLayerTableRecord
  2
3D-Shell-Top-Layer
  70
0
  420
16764159
  6
Continuous
  370
-3
  390
F
  347
21
  0
LAYER
  5
1041
  100
AcDbSymbolTableRecord
  100
AcDbLayerTableRecord
  2
3D-Shell-Bottom-Layer
  70
0
  420
26316
  6
Continuous
  370
-3
  390
F
  347
21
  0
LAYER
  5
1042
  100
AcDbSymbolTableRecord
  100
AcDbLayerTableRecord
  2
Drill-Drawing-Layer
  70
0
  420
32896
  6
Continuous
  370
-3
  390
F
  347
21
  0
LAYER
  5
1043
  100
AcDbSymbolTableRecord
  100
AcDbLayerTableRecord
  2
Ratline-Layer
  70
0
  420
6579455
  6
Continuous
  370
-3
  390
F
  347
21
  0
LAYER
  5
10
  102
{ACAD_XDICTIONARY
  360
E1
  102
}
  330
2
  100
AcDbSymbolTableRecord
  100
AcDbLayerTableRecord
  2
0
  70
0
  62
7
  6
Continuous
  370
-3
  390
F
  347
94
  0
ENDTAB
  0
TABLE
  2
STYLE
  5
3
  330
0
  100
AcDbSymbolTable
  70
2
  0
STYLE
  5
11
  330
3
  100
AcDbSymbolTableRecord
  100
AcDbTextStyleTableRecord
  2
Standard
  70
0
  40
0
  41
1
  50
0
  71
0
  42
0.2
  3
arial.ttf
  4

  1001
ACAD
  1000
Arial
  1071
34
  0
STYLE
  5
D7
  330
3
  100
AcDbSymbolTableRecord
  100
AcDbTextStyleTableRecord
  2
Annotative
  70
0
  40
0
  41
1
  50
0
  71
0
  42
0.2
  3
arial.ttf
  4

  1001
AcadAnnotative
  1000
AnnotativeData
  1002
{
  1070
1
  1070
1
  1002
}
  1001
ACAD
  1000
Arial
  1071
34
  0
ENDTAB
  0
TABLE
  2
VIEW
  5
6
  330
0
  100
AcDbSymbolTable
  70
0
  0
ENDTAB
  0
TABLE
  2
UCS
  5
7
  330
0
  100
AcDbSymbolTable
  70
0
  0
ENDTAB
  0
TABLE
  2
APPID
  5
9
  330
0
  100
AcDbSymbolTable
  70
7
  0
APPID
  5
12
  330
9
  100
AcDbSymbolTableRecord
  100
AcDbRegAppTableRecord
  2
ACAD
  70
0
  0
APPID
  5
D8
  330
9
  100
AcDbSymbolTableRecord
  100
AcDbRegAppTableRecord
  2
AcadAnnoPO
  70
0
  0
APPID
  5
D9
  330
9
  100
AcDbSymbolTableRecord
  100
AcDbRegAppTableRecord
  2
AcadAnnotative
  70
0
  0
APPID
  5
DA
  330
9
  100
AcDbSymbolTableRecord
  100
AcDbRegAppTableRecord
  2
ACAD_DSTYLE_DIMJAG
  70
0
  0
APPID
  5
DB
  330
9
  100
AcDbSymbolTableRecord
  100
AcDbRegAppTableRecord
  2
ACAD_DSTYLE_DIMTALN
  70
0
  0
APPID
  5
102
  330
9
  100
AcDbSymbolTableRecord
  100
AcDbRegAppTableRecord
  2
ACAD_MLEADERVER
  70
0
  0
APPID
  5
1A3
  330
9
  100
AcDbSymbolTableRecord
  100
AcDbRegAppTableRecord
  2
ACAD_NAV_VCDISPLAY
  70
0
  0
ENDTAB
  0
TABLE
  2
DIMSTYLE
  5
A
  330
0
  100
AcDbSymbolTable
  70
2
  100
AcDbDimStyleTable
  71
2
  340
DC
  340
27
  0
DIMSTYLE
  105
27
  330
A
  100
AcDbSymbolTableRecord
  100
AcDbDimStyleTableRecord
  2
Standard
  70
0
  340
11
  0
DIMSTYLE
  105
DC
  330
A
  100
AcDbSymbolTableRecord
  100
AcDbDimStyleTableRecord
  2
Annotative
  70
0
  40
0
  340
11
  1001
AcadAnnotative
  1000
AnnotativeData
  1002
{
  1070
1
  1070
1
  1002
}
  1001
ACAD_DSTYLE_DIMJAG
  1070
388
  1040
1.5
  1001
ACAD_DSTYLE_DIMTALN
  1070
392
  1070
0
  0
ENDTAB
  0
TABLE
  2
BLOCK_RECORD
  5
1
  330
0
  100
AcDbSymbolTable
  70
1
  0
BLOCK_RECORD
  5
1F
  102
{ACAD_XDICTIONARY
  360
15A
  102
}
  330
1
  100
AcDbSymbolTableRecord
  100
AcDbBlockTableRecord
  2
*Model_Space
  340
22
  70
0
  280
1
  281
0
  0
BLOCK_RECORD
  5
73
  330
1
  100
AcDbSymbolTableRecord
  100
AcDbBlockTableRecord
  2
*Paper_Space
  340
74
  70
0
  280
1
  281
0
  0
BLOCK_RECORD
  5
78
  330
1
  100
AcDbSymbolTableRecord
  100
AcDbBlockTableRecord
  2
*Paper_Space0
  340
79
  70
0
  280
1
  281
0
  0
ENDTAB
  0
ENDSEC
  0
SECTION
  2
BLOCKS
  0
BLOCK
  5
20
  330
1F
  100
AcDbEntity
  8
0
  100
AcDbBlockBegin
  2
*Model_Space
  70
0
  10
0
  20
0
  3
*Model_Space
  1

  0
ENDBLK
  5
21
  330
1F
  100
AcDbEntity
  8
0
  100
AcDbBlockEnd
  0
BLOCK
  5
75
  330
73
  100
AcDbEntity
  67
1
  8
0
  100
AcDbBlockBegin
  2
*Paper_Space
  70
0
  10
0
  20
0
  3
*Paper_Space
  1

  0
ENDBLK
  5
76
  330
73
  100
AcDbEntity
  67
1
  8
0
  100
AcDbBlockEnd
  0
BLOCK
  5
7A
  330
78
  100
AcDbEntity
  67
1
  8
0
  100
AcDbBlockBegin
  2
*Paper_Space0
  70
0
  10
0
  20
0
  3
*Paper_Space0
  1

  0
ENDBLK
  5
7B
  330
78
  100
AcDbEntity
  67
1
  8
0
  100
AcDbBlockEnd
  0
ENDSEC
  0
SECTION
  2
ENTITIES
  0
LWPOLYLINE
  5
1114
  100
AcDbEntity
  8
Bottom-Layer
  100
AcDbPolyline
  90
2
  70
0
  43
0.25400050800101603
  10
10.16002032004064
  20
-22.860045720091442
  10
10.16002032004064
  20
-10.16002032004064
  0
LWPOLYLINE
  5
1115
  100
AcDbEntity
  8
Bottom-Layer
  100
AcDbPolyline
  90
2
  70
0
  43
0.25400050800101603
  10
10.16002032004064
  20
-10.16002032004064
  10
3.8100076200152406
  20
-3.8100076200152406
  0
LWPOLYLINE
  5
1121
  100
AcDbEntity
  8
Bottom-Layer
  100
AcDbPolyline
  90
2
  70
0
  43
0.5080010160020321
  10
2.54000508001016
  20
-22.860045720091442
  10
6.985013970027941
  20
-18.415036830073664
  0
LWPOLYLINE
  5
1122
  100
AcDbEntity
  8
Bottom-Layer
  100
AcDbPolyline
  90
2
  70
0
  43
0.5080010160020321
  10
6.985013970027941
  20
-18.415036830073664
  10
6.985013970027941
  20
-12.700025400050801
  0
LWPOLYLINE
  5
1123
  100
AcDbEntity
  8
Bottom-Layer
  100
AcDbPolyline
  90
2
  70
0
  43
0.5080010160020321
  10
6.985013970027941
  20
-12.700025400050801
  10
6.985013970027941
  20
-9.525019050038102
  0
LWPOLYLINE
  5
1124
  100
AcDbEntity
  8
Bottom-Layer
  100
AcDbPolyline
  90
2
  70
0
  43
0.5080010160020321
  10
6.985013970027941
  20
-9.525019050038102
  10
1.27000254000508
  20
-3.8100076200152406
  0
HATCH
  5
1131
  100
AcDbEntity
  8
Bottom-Layer
  100
AcDbHatch
  10
0
  20
0
  30
0
  210
0
  220
0
  230
1
  2
SOLID
  70
1
  71
0
  91
1
  92
7
  72
1
  73
1
  93
2
  10
0.6350012700025398
  20
-22.860045720091442
  42
1
  10
4.44500889001778
  20
-22.860045720091442
  42
1
  97
1
  330
1130
  75
0
  76
1
  47
0.8681437583925616
  98
1
  10
3.629517071192367
  20
33.92795499968543
  450
0
  451
0
  460
0
  461
0
  452
1
  462
1
  453
2
  463
0
  63
5
  421
255
  463
1
  63
7
  421
16777215
  470
LINEAR
  1001
ACAD
  1010
0
  1020
0
  1030
0
  0
LWPOLYLINE
  5
1132
  100
AcDbEntity
  8
Bottom-Layer
  100
AcDbPolyline
  90
2
  70
1
  43
0
  10
0.63500127000254
  20
-22.860045720091442
  42
1
  10
4.445008890017781
  20
-22.860045720091442
  42
1
  0
HATCH
  5
1161
  100
AcDbEntity
  8
Bottom-Layer
  100
AcDbHatch
  10
0
  20
0
  30
0
  210
0
  220
0
  230
1
  2
SOLID
  70
1
  71
0
  91
1
  92
7
  72
1
  73
1
  93
2
  10
8.25501651003302
  20
-22.860045720091442
  42
1
  10
12.065024130048261
  20
-22.860045720091442
  42
1
  97
1
  330
1160
  75
0
  76
1
  47
0.8681437583925616
  98
1
  10
3.629517071192367
  20
33.92795499968543
  450
0
  451
0
  460
0
  461
0
  452
1
  462
1
  453
2
  463
0
  63
5
  421
255
  463
1
  63
7
  421
16777215
  470
LINEAR
  1001
ACAD
  1010
0
  1020
0
  1030
0
  0
LWPOLYLINE
  5
1162
  100
AcDbEntity
  8
Bottom-Layer
  100
AcDbPolyline
  90
2
  70
1
  43
0
  10
8.255016510033022
  20
-22.860045720091442
  42
1
  10
12.065024130048261
  20
-22.860045720091442
  42
1
  0
HATCH
  5
1215
  100
AcDbEntity
  8
Bottom-Layer
  100
AcDbHatch
  10
0
  20
0
  30
0
  210
0
  220
0
  230
1
  2
SOLID
  70
1
  71
0
  91
1
  92
7
  72
1
  73
1
  93
2
  10
7.74701549403099
  20
-12.700025400050801
  42
1
  10
8.763017526035053
  20
-12.700025400050801
  42
1
  97
1
  330
1214
  75
0
  76
1
  47
0.8681437583925616
  98
1
  10
3.629517071192367
  20
33.92795499968543
  450
0
  451
0
  460
0
  461
0
  452
1
  462
1
  453
2
  463
0
  63
5
  421
255
  463
1
  63
7
  421
16777215
  470
LINEAR
  1001
ACAD
  1010
0
  1020
0
  1030
0
  0
LWPOLYLINE
  5
1216
  100
AcDbEntity
  8
Bottom-Layer
  100
AcDbPolyline
  90
2
  70
1
  43
0
  10
7.747015494030989
  20
-12.700025400050801
  42
1
  10
8.763017526035053
  20
-12.700025400050801
  42
1
  0
HATCH
  5
1245
  100
AcDbEntity
  8
Bottom-Layer
  100
AcDbHatch
  10
0
  20
0
  30
0
  210
0
  220
0
  230
1
  2
SOLID
  70
1
  71
0
  91
1
  92
7
  72
1
  73
1
  93
2
  10
6.477012954025909
  20
-12.700025400050801
  42
1
  10
7.493014986029973
  20
-12.700025400050801
  42
1
  97
1
  330
1244
  75
0
  76
1
  47
0.8681437583925616
  98
1
  10
3.629517071192367
  20
33.92795499968543
  450
0
  451
0
  460
0
  461
0
  452
1
  462
1
  453
2
  463
0
  63
5
  421
255
  463
1
  63
7
  421
16777215
  470
LINEAR
  1001
ACAD
  1010
0
  1020
0
  1030
0
  0
LWPOLYLINE
  5
1246
  100
AcDbEntity
  8
Bottom-Layer
  100
AcDbPolyline
  90
2
  70
1
  43
0
  10
6.477012954025909
  20
-12.700025400050801
  42
1
  10
7.493014986029973
  20
-12.700025400050801
  42
1
  0
HATCH
  5
1275
  100
AcDbEntity
  8
Bottom-Layer
  100
AcDbHatch
  10
0
  20
0
  30
0
  210
0
  220
0
  230
1
  2
SOLID
  70
1
  71
0
  91
1
  92
7
  72
1
  73
1
  93
2
  10
5.216916433832869
  20
-12.700025400050801
  42
1
  10
6.232918465836932
  20
-12.700025400050801
  42
1
  97
1
  330
1274
  75
0
  76
1
  47
0.8681437583925616
  98
1
  10
3.629517071192367
  20
33.92795499968543
  450
0
  451
0
  460
0
  461
0
  452
1
  462
1
  453
2
  463
0
  63
5
  421
255
  463
1
  63
7
  421
16777215
  470
LINEAR
  1001
ACAD
  1010
0
  1020
0
  1030
0
  0
LWPOLYLINE
  5
1276
  100
AcDbEntity
  8
Bottom-Layer
  100
AcDbPolyline
  90
2
  70
1
  43
0
  10
5.216916433832869
  20
-12.700025400050801
  42
1
  10
6.232918465836933
  20
-12.700025400050801
  42
1
  0
HATCH
  5
1305
  100
AcDbEntity
  8
Bottom-Layer
  100
AcDbHatch
  10
0
  20
0
  30
0
  210
0
  220
0
  230
1
  2
SOLID
  70
1
  71
0
  91
1
  92
7
  72
1
  73
1
  93
2
  10
3.966979933959869
  20
-12.700025400050801
  42
1
  10
4.9829819659639325
  20
-12.700025400050801
  42
1
  97
1
  330
1304
  75
0
  76
1
  47
0.8681437583925616
  98
1
  10
3.629517071192367
  20
33.92795499968543
  450
0
  451
0
  460
0
  461
0
  452
1
  462
1
  453
2
  463
0
  63
5
  421
255
  463
1
  63
7
  421
16777215
  470
LINEAR
  1001
ACAD
  1010
0
  1020
0
  1030
0
  0
LWPOLYLINE
  5
1306
  100
AcDbEntity
  8
Bottom-Layer
  100
AcDbPolyline
  90
2
  70
1
  43
0
  10
3.966979933959869
  20
-12.700025400050801
  42
1
  10
4.982981965963933
  20
-12.700025400050801
  42
1
  0
HATCH
  5
1335
  100
AcDbEntity
  8
Bottom-Layer
  100
AcDbHatch
  10
0
  20
0
  30
0
  210
0
  220
0
  230
1
  2
SOLID
  70
1
  71
0
  91
1
  92
7
  72
1
  73
1
  93
2
  10
0.40640081280162554
  20
-3.8100076200152406
  42
1
  10
2.1336042672085345
  20
-3.8100076200152406
  42
1
  97
1
  330
1334
  75
0
  76
1
  47
0.8681437583925616
  98
1
  10
3.629517071192367
  20
33.92795499968543
  450
0
  451
0
  460
0
  461
0
  452
1
  462
1
  453
2
  463
0
  63
5
  421
255
  463
1
  63
7
  421
16777215
  470
LINEAR
  1001
ACAD
  1010
0
  1020
0
  1030
0
  0
LWPOLYLINE
  5
1336
  100
AcDbEntity
  8
Bottom-Layer
  100
AcDbPolyline
  90
2
  70
1
  43
0
  10
0.40640081280162565
  20
-3.8100076200152406
  42
1
  10
2.133604267208535
  20
-3.8100076200152406
  42
1
  0
HATCH
  5
1365
  100
AcDbEntity
  8
Bottom-Layer
  100
AcDbHatch
  10
0
  20
0
  30
0
  210
0
  220
0
  230
1
  2
SOLID
  70
1
  71
0
  91
1
  92
7
  72
1
  73
1
  93
2
  10
2.946405892811786
  20
-3.8100076200152406
  42
1
  10
4.6736093472186955
  20
-3.8100076200152406
  42
1
  97
1
  330
1364
  75
0
  76
1
  47
0.8681437583925616
  98
1
  10
3.629517071192367
  20
33.92795499968543
  450
0
  451
0
  460
0
  461
0
  452
1
  462
1
  453
2
  463
0
  63
5
  421
255
  463
1
  63
7
  421
16777215
  470
LINEAR
  1001
ACAD
  1010
0
  1020
0
  1030
0
  0
LWPOLYLINE
  5
1366
  100
AcDbEntity
  8
Bottom-Layer
  100
AcDbPolyline
  90
4
  70
0
  43
0
  10
2.946405892811786
  20
-3.8100076202894133
  42
1
  10
4.673609347218695
  20
-3.810007620289414
  10
4.673609347218695
  20
-3.8100076197410675
  42
1
  10
2.946405892811786
  20
-3.8100076197410675
  0
HATCH
  5
1395
  100
AcDbEntity
  8
Bottom-Layer
  100
AcDbHatch
  10
0
  20
0
  30
0
  210
0
  220
0
  230
1
  2
SOLID
  70
1
  71
0
  91
1
  92
7
  72
1
  73
1
  93
2
  10
5.486410972821946
  20
-3.8100076200152406
  42
1
  10
7.213614427228856
  20
-3.8100076200152406
  42
1
  97
1
  330
1394
  75
0
  76
1
  47
0.8681437583925616
  98
1
  10
3.629517071192367
  20
33.92795499968543
  450
0
  451
0
  460
0
  461
0
  452
1
  462
1
  453
2
  463
0
  63
5
  421
255
  463
1
  63
7
  421
16777215
  470
LINEAR
  1001
ACAD
  1010
0
  1020
0
  1030
0
  0
LWPOLYLINE
  5
1396
  100
AcDbEntity
  8
Bottom-Layer
  100
AcDbPolyline
  90
4
  70
0
  43
0
  10
5.486410972821947
  20
-3.810007620563587
  42
1
  10
7.213614427228855
  20
-3.8100076205635873
  10
7.213614427228855
  20
-3.810007619466894
  42
1
  10
5.486410972821947
  20
-3.8100076194668935
  0
HATCH
  5
1425
  100
AcDbEntity
  8
Bottom-Layer
  100
AcDbHatch
  10
0
  20
0
  30
0
  210
0
  220
0
  230
1
  2
SOLID
  70
1
  71
0
  91
1
  92
7
  72
1
  73
1
  93
2
  10
8.026416052832108
  20
-3.8100076200152406
  42
1
  10
9.753619507239016
  20
-3.8100076200152406
  42
1
  97
1
  330
1424
  75
0
  76
1
  47
0.8681437583925616
  98
1
  10
3.629517071192367
  20
33.92795499968543
  450
0
  451
0
  460
0
  461
0
  452
1
  462
1
  453
2
  463
0
  63
5
  421
255
  463
1
  63
7
  421
16777215
  470
LINEAR
  1001
ACAD
  1010
0
  1020
0
  1030
0
  0
LWPOLYLINE
  5
1426
  100
AcDbEntity
  8
Bottom-Layer
  100
AcDbPolyline
  90
4
  70
0
  43
0
  10
8.026416052832108
  20
-3.810007620563587
  42
1
  10
9.753619507239016
  20
-3.8100076205635873
  10
9.753619507239016
  20
-3.810007619466894
  42
1
  10
8.026416052832108
  20
-3.8100076194668935
  0
HATCH
  5
1455
  100
AcDbEntity
  8
Bottom-Layer
  100
AcDbHatch
  10
0
  20
0
  30
0
  210
0
  220
0
  230
1
  2
SOLID
  70
1
  71
0
  91
1
  92
7
  72
1
  73
1
  93
2
  10
10.566421132842267
  20
-3.8100076200152406
  42
1
  10
12.293624587249175
  20
-3.8100076200152406
  42
1
  97
1
  330
1454
  75
0
  76
1
  47
0.8681437583925616
  98
1
  10
3.629517071192367
  20
33.92795499968543
  450
0
  451
0
  460
0
  461
0
  452
1
  462
1
  453
2
  463
0
  63
5
  421
255
  463
1
  63
7
  421
16777215
  470
LINEAR
  1001
ACAD
  1010
0
  1020
0
  1030
0
  0
LWPOLYLINE
  5
1456
  100
AcDbEntity
  8
Bottom-Layer
  100
AcDbPolyline
  90
4
  70
0
  43
0
  10
10.566421132842267
  20
-3.810007620563587
  42
1
  10
12.293624587249175
  20
-3.8100076205635873
  10
12.293624587249175
  20
-3.810007619466894
  42
1
  10
10.566421132842267
  20
-3.8100076194668935
  0
HATCH
  5
1152
  100
AcDbEntity
  8
Bottom-Solder-Mask-Layer
  100
AcDbHatch
  10
0
  20
0
  30
0
  210
0
  220
0
  230
1
  2
SOLID
  70
1
  71
0
  91
1
  92
7
  72
1
  73
1
  93
2
  10
0.5849885699771398
  20
-22.860045720091442
  42
1
  10
4.49502159004318
  20
-22.860045720091442
  42
1
  97
1
  330
1151
  75
0
  76
1
  47
0.8681437583925616
  98
1
  10
3.629517071192367
  20
33.92795499968543
  450
0
  451
0
  460
0
  461
0
  452
1
  462
1
  453
2
  463
0
  63
5
  421
255
  463
1
  63
7
  421
16777215
  470
LINEAR
  1001
ACAD
  1010
0
  1020
0
  1030
0
  0
LWPOLYLINE
  5
1153
  100
AcDbEntity
  8
Bottom-Solder-Mask-Layer
  100
AcDbPolyline
  90
4
  70
0
  43
0
  10
0.58498856997714
  20
-22.86004569783766
  42
1
  10
4.495021590043181
  20
-22.86004573903655
  10
4.495021590043181
  20
-22.860045742345225
  42
1
  10
0.5849885699771404
  20
-22.860045701146333
  0
HATCH
  5
1182
  100
AcDbEntity
  8
Bottom-Solder-Mask-Layer
  100
AcDbHatch
  10
0
  20
0
  30
0
  210
0
  220
0
  230
1
  2
SOLID
  70
1
  71
0
  91
1
  92
7
  72
1
  73
1
  93
2
  10
8.20500381000762
  20
-22.860045720091442
  42
1
  10
12.115036830073661
  20
-22.860045720091442
  42
1
  97
1
  330
1181
  75
0
  76
1
  47
0.8681437583925616
  98
1
  10
3.629517071192367
  20
33.92795499968543
  450
0
  451
0
  460
0
  461
0
  452
1
  462
1
  453
2
  463
0
  63
5
  421
255
  463
1
  63
7
  421
16777215
  470
LINEAR
  1001
ACAD
  1010
0
  1020
0
  1030
0
  0
LWPOLYLINE
  5
1183
  100
AcDbEntity
  8
Bottom-Solder-Mask-Layer
  100
AcDbPolyline
  90
4
  70
0
  43
0
  10
8.205003810007621
  20
-22.86004569783766
  42
1
  10
12.115036830073661
  20
-22.86004573903655
  10
12.115036830073661
  20
-22.860045742345225
  42
1
  10
8.205003810007621
  20
-22.860045701146333
  0
HATCH
  5
1236
  100
AcDbEntity
  8
Bottom-Solder-Mask-Layer
  100
AcDbHatch
  10
0
  20
0
  30
0
  210
0
  220
0
  230
1
  2
SOLID
  70
1
  71
0
  91
1
  92
7
  72
1
  73
1
  93
2
  10
7.696215392430786
  20
-12.700025400050801
  42
1
  10
8.813817627635256
  20
-12.700025400050801
  42
1
  97
1
  330
1235
  75
0
  76
1
  47
0.8681437583925616
  98
1
  10
3.629517071192367
  20
33.92795499968543
  450
0
  451
0
  460
0
  461
0
  452
1
  462
1
  453
2
  463
0
  63
5
  421
255
  463
1
  63
7
  421
16777215
  470
LINEAR
  1001
ACAD
  1010
0
  1020
0
  1030
0
  0
LWPOLYLINE
  5
1237
  100
AcDbEntity
  8
Bottom-Solder-Mask-Layer
  100
AcDbPolyline
  90
2
  70
1
  43
0
  10
7.696215392430786
  20
-12.700025400050801
  42
1
  10
8.813817627635258
  20
-12.700025400050801
  42
1
  0
HATCH
  5
1266
  100
AcDbEntity
  8
Bottom-Solder-Mask-Layer
  100
AcDbHatch
  10
0
  20
0
  30
0
  210
0
  220
0
  230
1
  2
SOLID
  70
1
  71
0
  91
1
  92
7
  72
1
  73
1
  93
2
  10
6.426212852425706
  20
-12.700025400050801
  42
1
  10
7.543815087630176
  20
-12.700025400050801
  42
1
  97
1
  330
1265
  75
0
  76
1
  47
0.8681437583925616
  98
1
  10
3.629517071192367
  20
33.92795499968543
  450
0
  451
0
  460
0
  461
0
  452
1
  462
1
  453
2
  463
0
  63
5
  421
255
  463
1
  63
7
  421
16777215
  470
LINEAR
  1001
ACAD
  1010
0
  1020
0
  1030
0
  0
LWPOLYLINE
  5
1267
  100
AcDbEntity
  8
Bottom-Solder-Mask-Layer
  100
AcDbPolyline
  90
4
  70
0
  43
0
  10
6.426212852425706
  20
-12.7000253990854
  42
1
  10
7.543815087630176
  20
-12.700025401396548
  10
7.543815087630176
  20
-12.700025401016203
  42
1
  10
6.426212852425706
  20
-12.700025398705055
  0
HATCH
  5
1296
  100
AcDbEntity
  8
Bottom-Solder-Mask-Layer
  100
AcDbHatch
  10
0
  20
0
  30
0
  210
0
  220
0
  230
1
  2
SOLID
  70
1
  71
0
  91
1
  92
7
  72
1
  73
1
  93
2
  10
5.166116332232665
  20
-12.700025400050801
  42
1
  10
6.283718567437136
  20
-12.700025400050801
  42
1
  97
1
  330
1295
  75
0
  76
1
  47
0.8681437583925616
  98
1
  10
3.629517071192367
  20
33.92795499968543
  450
0
  451
0
  460
0
  461
0
  452
1
  462
1
  453
2
  463
0
  63
5
  421
255
  463
1
  63
7
  421
16777215
  470
LINEAR
  1001
ACAD
  1010
0
  1020
0
  1030
0
  0
LWPOLYLINE
  5
1297
  100
AcDbEntity
  8
Bottom-Solder-Mask-Layer
  100
AcDbPolyline
  90
4
  70
0
  43
0
  10
5.166116332232666
  20
-12.7000253990854
  42
1
  10
6.283718567437136
  20
-12.700025401396548
  10
6.283718567437136
  20
-12.700025401016203
  42
1
  10
5.166116332232666
  20
-12.700025398705055
  0
HATCH
  5
1326
  100
AcDbEntity
  8
Bottom-Solder-Mask-Layer
  100
AcDbHatch
  10
0
  20
0
  30
0
  210
0
  220
0
  230
1
  2
SOLID
  70
1
  71
0
  91
1
  92
7
  72
1
  73
1
  93
2
  10
3.9161798323596653
  20
-12.700025400050801
  42
1
  10
5.033782067564136
  20
-12.700025400050801
  42
1
  97
1
  330
1325
  75
0
  76
1
  47
0.8681437583925616
  98
1
  10
3.629517071192367
  20
33.92795499968543
  450
0
  451
0
  460
0
  461
0
  452
1
  462
1
  453
2
  463
0
  63
5
  421
255
  463
1
  63
7
  421
16777215
  470
LINEAR
  1001
ACAD
  1010
0
  1020
0
  1030
0
  0
LWPOLYLINE
  5
1327
  100
AcDbEntity
  8
Bottom-Solder-Mask-Layer
  100
AcDbPolyline
  90
4
  70
0
  43
0
  10
3.9161798323596657
  20
-12.7000253990854
  42
1
  10
5.033782067564136
  20
-12.700025401396548
  10
5.033782067564136
  20
-12.700025401016203
  42
1
  10
3.9161798323596657
  20
-12.700025398705055
  0
HATCH
  5
1356
  100
AcDbEntity
  8
Bottom-Solder-Mask-Layer
  100
AcDbHatch
  10
0
  20
0
  30
0
  210
0
  220
0
  230
1
  2
SOLID
  70
1
  71
0
  91
1
  92
7
  72
1
  73
1
  93
2
  10
0.35560071120142234
  20
-3.8100076200152406
  42
1
  10
2.184404368808738
  20
-3.8100076200152406
  42
1
  97
1
  330
1355
  75
0
  76
1
  47
0.8681437583925616
  98
1
  10
3.629517071192367
  20
33.92795499968543
  450
0
  451
0
  460
0
  461
0
  452
1
  462
1
  453
2
  463
0
  63
5
  421
255
  463
1
  63
7
  421
16777215
  470
LINEAR
  1001
ACAD
  1010
0
  1020
0
  1030
0
  0
LWPOLYLINE
  5
1357
  100
AcDbEntity
  8
Bottom-Solder-Mask-Layer
  100
AcDbPolyline
  90
4
  70
0
  43
0
  10
0.35560071120142256
  20
-3.8100076168191004
  42
1
  10
2.184404368808738
  20
-3.810007625617882
  10
2.184404368808738
  20
-3.8100076232113804
  42
1
  10
0.35560071120142267
  20
-3.8100076144125996
  0
HATCH
  5
1386
  100
AcDbEntity
  8
Bottom-Solder-Mask-Layer
  100
AcDbHatch
  10
0
  20
0
  30
0
  210
0
  220
0
  230
1
  2
SOLID
  70
1
  71
0
  91
1
  92
7
  72
1
  73
1
  93
2
  10
2.895605791211583
  20
-3.8100076200152406
  42
1
  10
4.724409448818898
  20
-3.8100076200152406
  42
1
  97
1
  330
1385
  75
0
  76
1
  47
0.8681437583925616
  98
1
  10
3.629517071192367
  20
33.92795499968543
  450
0
  451
0
  460
0
  461
0
  452
1
  462
1
  453
2
  463
0
  63
5
  421
255
  463
1
  63
7
  421
16777215
  470
LINEAR
  1001
ACAD
  1010
0
  1020
0
  1030
0
  0
LWPOLYLINE
  5
1387
  100
AcDbEntity
  8
Bottom-Solder-Mask-Layer
  100
AcDbPolyline
  90
2
  70
1
  43
0
  10
2.8956057912115827
  20
-3.8100076200152406
  42
1
  10
4.724409448818899
  20
-3.8100076200152406
  42
1
  0
HATCH
  5
1416
  100
AcDbEntity
  8
Bottom-Solder-Mask-Layer
  100
AcDbHatch
  10
0
  20
0
  30
0
  210
0
  220
0
  230
1
  2
SOLID
  70
1
  71
0
  91
1
  92
7
  72
1
  73
1
  93
2
  10
5.435610871221743
  20
-3.8100076200152406
  42
1
  10
7.264414528829058
  20
-3.8100076200152406
  42
1
  97
1
  330
1415
  75
0
  76
1
  47
0.8681437583925616
  98
1
  10
3.629517071192367
  20
33.92795499968543
  450
0
  451
0
  460
0
  461
0
  452
1
  462
1
  453
2
  463
0
  63
5
  421
255
  463
1
  63
7
  421
16777215
  470
LINEAR
  1001
ACAD
  1010
0
  1020
0
  1030
0
  0
LWPOLYLINE
  5
1417
  100
AcDbEntity
  8
Bottom-Solder-Mask-Layer
  100
AcDbPolyline
  90
2
  70
1
  43
0
  10
5.435610871221742
  20
-3.8100076200152406
  42
1
  10
7.264414528829059
  20
-3.8100076200152406
  42
1
  0
HATCH
  5
1446
  100
AcDbEntity
  8
Bottom-Solder-Mask-Layer
  100
AcDbHatch
  10
0
  20
0
  30
0
  210
0
  220
0
  230
1
  2
SOLID
  70
1
  71
0
  91
1
  92
7
  72
1
  73
1
  93
2
  10
7.975615951231904
  20
-3.8100076200152406
  42
1
  10
9.80441960883922
  20
-3.8100076200152406
  42
1
  97
1
  330
1445
  75
0
  76
1
  47
0.8681437583925616
  98
1
  10
3.629517071192367
  20
33.92795499968543
  450
0
  451
0
  460
0
  461
0
  452
1
  462
1
  453
2
  463
0
  63
5
  421
255
  463
1
  63
7
  421
16777215
  470
LINEAR
  1001
ACAD
  1010
0
  1020
0
  1030
0
  0
LWPOLYLINE
  5
1447
  100
AcDbEntity
  8
Bottom-Solder-Mask-Layer
  100
AcDbPolyline
  90
2
  70
1
  43
0
  10
7.975615951231903
  20
-3.8100076200152406
  42
1
  10
9.80441960883922
  20
-3.8100076200152406
  42
1
  0
HATCH
  5
1476
  100
AcDbEntity
  8
Bottom-Solder-Mask-Layer
  100
AcDbHatch
  10
0
  20
0
  30
0
  210
0
  220
0
  230
1
  2
SOLID
  70
1
  71
0
  91
1
  92
7
  72
1
  73
1
  93
2
  10
10.515621031242063
  20
-3.8100076200152406
  42
1
  10
12.34442468884938
  20
-3.8100076200152406
  42
1
  97
1
  330
1475
  75
0
  76
1
  47
0.8681437583925616
  98
1
  10
3.629517071192367
  20
33.92795499968543
  450
0
  451
0
  460
0
  461
0
  452
1
  462
1
  453
2
  463
0
  63
5
  421
255
  463
1
  63
7
  421
16777215
  470
LINEAR
  1001
ACAD
  1010
0
  1020
0
  1030
0
  0
LWPOLYLINE
  5
1477
  100
AcDbEntity
  8
Bottom-Solder-Mask-Layer
  100
AcDbPolyline
  90
2
  70
1
  43
0
  10
10.515621031242063
  20
-3.8100076200152406
  42
1
  10
12.34442468884938
  20
-3.8100076200152406
  42
1
  0
HATCH
  5
1155
  100
AcDbEntity
  8
Bottom-Paste-Mask-Layer
  100
AcDbHatch
  10
0
  20
0
  30
0
  210
0
  220
0
  230
1
  2
SOLID
  70
1
  71
0
  91
1
  92
7
  72
1
  73
1
  93
2
  10
0.6350012700025398
  20
-22.860045720091442
  42
1
  10
4.44500889001778
  20
-22.860045720091442
  42
1
  97
1
  330
1154
  75
0
  76
1
  47
0.8681437583925616
  98
1
  10
3.629517071192367
  20
33.92795499968543
  450
0
  451
0
  460
0
  461
0
  452
1
  462
1
  453
2
  463
0
  63
5
  421
255
  463
1
  63
7
  421
16777215
  470
LINEAR
  1001
ACAD
  1010
0
  1020
0
  1030
0
  0
LWPOLYLINE
  5
1156
  100
AcDbEntity
  8
Bottom-Paste-Mask-Layer
  100
AcDbPolyline
  90
2
  70
1
  43
0
  10
0.63500127000254
  20
-22.860045720091442
  42
1
  10
4.445008890017781
  20
-22.860045720091442
  42
1
  0
HATCH
  5
1185
  100
AcDbEntity
  8
Bottom-Paste-Mask-Layer
  100
AcDbHatch
  10
0
  20
0
  30
0
  210
0
  220
0
  230
1
  2
SOLID
  70
1
  71
0
  91
1
  92
7
  72
1
  73
1
  93
2
  10
8.25501651003302
  20
-22.860045720091442
  42
1
  10
12.065024130048261
  20
-22.860045720091442
  42
1
  97
1
  330
1184
  75
0
  76
1
  47
0.8681437583925616
  98
1
  10
3.629517071192367
  20
33.92795499968543
  450
0
  451
0
  460
0
  461
0
  452
1
  462
1
  453
2
  463
0
  63
5
  421
255
  463
1
  63
7
  421
16777215
  470
LINEAR
  1001
ACAD
  1010
0
  1020
0
  1030
0
  0
LWPOLYLINE
  5
1186
  100
AcDbEntity
  8
Bottom-Paste-Mask-Layer
  100
AcDbPolyline
  90
2
  70
1
  43
0
  10
8.255016510033022
  20
-22.860045720091442
  42
1
  10
12.065024130048261
  20
-22.860045720091442
  42
1
  0
HATCH
  5
1239
  100
AcDbEntity
  8
Bottom-Paste-Mask-Layer
  100
AcDbHatch
  10
0
  20
0
  30
0
  210
0
  220
0
  230
1
  2
SOLID
  70
1
  71
0
  91
1
  92
7
  72
1
  73
1
  93
2
  10
7.74701549403099
  20
-12.700025400050801
  42
1
  10
8.763017526035053
  20
-12.700025400050801
  42
1
  97
1
  330
1238
  75
0
  76
1
  47
0.8681437583925616
  98
1
  10
3.629517071192367
  20
33.92795499968543
  450
0
  451
0
  460
0
  461
0
  452
1
  462
1
  453
2
  463
0
  63
5
  421
255
  463
1
  63
7
  421
16777215
  470
LINEAR
  1001
ACAD
  1010
0
  1020
0
  1030
0
  0
LWPOLYLINE
  5
1240
  100
AcDbEntity
  8
Bottom-Paste-Mask-Layer
  100
AcDbPolyline
  90
2
  70
1
  43
0
  10
7.747015494030989
  20
-12.700025400050801
  42
1
  10
8.763017526035053
  20
-12.700025400050801
  42
1
  0
HATCH
  5
1269
  100
AcDbEntity
  8
Bottom-Paste-Mask-Layer
  100
AcDbHatch
  10
0
  20
0
  30
0
  210
0
  220
0
  230
1
  2
SOLID
  70
1
  71
0
  91
1
  92
7
  72
1
  73
1
  93
2
  10
6.477012954025909
  20
-12.700025400050801
  42
1
  10
7.493014986029973
  20
-12.700025400050801
  42
1
  97
1
  330
1268
  75
0
  76
1
  47
0.8681437583925616
  98
1
  10
3.629517071192367
  20
33.92795499968543
  450
0
  451
0
  460
0
  461
0
  452
1
  462
1
  453
2
  463
0
  63
5
  421
255
  463
1
  63
7
  421
16777215
  470
LINEAR
  1001
ACAD
  1010
0
  1020
0
  1030
0
  0
LWPOLYLINE
  5
1270
  100
AcDbEntity
  8
Bottom-Paste-Mask-Layer
  100
AcDbPolyline
  90
2
  70
1
  43
0
  10
6.477012954025909
  20
-12.700025400050801
  42
1
  10
7.493014986029973
  20
-12.700025400050801
  42
1
  0
HATCH
  5
1299
  100
AcDbEntity
  8
Bottom-Paste-Mask-Layer
  100
AcDbHatch
  10
0
  20
0
  30
0
  210
0
  220
0
  230
1
  2
SOLID
  70
1
  71
0
  91
1
  92
7
  72
1
  73
1
  93
2
  10
5.216916433832869
  20
-12.700025400050801
  42
1
  10
6.232918465836932
  20
-12.700025400050801
  42
1
  97
1
  330
1298
  75
0
  76
1
  47
0.8681437583925616
  98
1
  10
3.629517071192367
  20
33.92795499968543
  450
0
  451
0
  460
0
  461
0
  452
1
  462
1
  453
2
  463
0
  63
5
  421
255
  463
1
  63
7
  421
16777215
  470
LINEAR
  1001
ACAD
  1010
0
  1020
0
  1030
0
  0
LWPOLYLINE
  5
1300
  100
AcDbEntity
  8
Bottom-Paste-Mask-Layer
  100
AcDbPolyline
  90
2
  70
1
  43
0
  10
5.216916433832869
  20
-12.700025400050801
  42
1
  10
6.232918465836933
  20
-12.700025400050801
  42
1
  0
HATCH
  5
1329
  100
AcDbEntity
  8
Bottom-Paste-Mask-Layer
  100
AcDbHatch
  10
0
  20
0
  30
0
  210
0
  220
0
  230
1
  2
SOLID
  70
1
  71
0
  91
1
  92
7
  72
1
  73
1
  93
2
  10
3.966979933959869
  20
-12.700025400050801
  42
1
  10
4.9829819659639325
  20
-12.700025400050801
  42
1
  97
1
  330
1328
  75
0
  76
1
  47
0.8681437583925616
  98
1
  10
3.629517071192367
  20
33.92795499968543
  450
0
  451
0
  460
0
  461
0
  452
1
  462
1
  453
2
  463
0
  63
5
  421
255
  463
1
  63
7
  421
16777215
  470
LINEAR
  1001
ACAD
  1010
0
  1020
0
  1030
0
  0
LWPOLYLINE
  5
1330
  100
AcDbEntity
  8
Bottom-Paste-Mask-Layer
  100
AcDbPolyline
  90
2
  70
1
  43
0
  10
3.966979933959869
  20
-12.700025400050801
  42
1
  10
4.982981965963933
  20
-12.700025400050801
  42
1
  0
HATCH
  5
1359
  100
AcDbEntity
  8
Bottom-Paste-Mask-Layer
  100
AcDbHatch
  10
0
  20
0
  30
0
  210
0
  220
0
  230
1
  2
SOLID
  70
1
  71
0
  91
1
  92
7
  72
1
  73
1
  93
2
  10
0.40640081280162554
  20
-3.8100076200152406
  42
1
  10
2.1336042672085345
  20
-3.8100076200152406
  42
1
  97
1
  330
1358
  75
0
  76
1
  47
0.8681437583925616
  98
1
  10
3.629517071192367
  20
33.92795499968543
  450
0
  451
0
  460
0
  461
0
  452
1
  462
1
  453
2
  463
0
  63
5
  421
255
  463
1
  63
7
  421
16777215
  470
LINEAR
  1001
ACAD
  1010
0
  1020
0
  1030
0
  0
LWPOLYLINE
  5
1360
  100
AcDbEntity
  8
Bottom-Paste-Mask-Layer
  100
AcDbPolyline
  90
2
  70
1
  43
0
  10
0.40640081280162565
  20
-3.8100076200152406
  42
1
  10
2.133604267208535
  20
-3.8100076200152406
  42
1
  0
HATCH
  5
1389
  100
AcDbEntity
  8
Bottom-Paste-Mask-Layer
  100
AcDbHatch
  10
0
  20
0
  30
0
  210
0
  220
0
  230
1
  2
SOLID
  70
1
  71
0
  91
1
  92
7
  72
1
  73
1
  93
2
  10
2.946405892811786
  20
-3.8100076200152406
  42
1
  10
4.6736093472186955
  20
-3.8100076200152406
  42
1
  97
1
  330
1388
  75
0
  76
1
  47
0.8681437583925616
  98
1
  10
3.629517071192367
  20
33.92795499968543
  450
0
  451
0
  460
0
  461
0
  452
1
  462
1
  453
2
  463
0
  63
5
  421
255
  463
1
  63
7
  421
16777215
  470
LINEAR
  1001
ACAD
  1010
0
  1020
0
  1030
0
  0
LWPOLYLINE
  5
1390
  100
AcDbEntity
  8
Bottom-Paste-Mask-Layer
  100
AcDbPolyline
  90
4
  70
0
  43
0
  10
2.946405892811786
  20
-3.8100076202894133
  42
1
  10
4.673609347218695
  20
-3.810007620289414
  10
4.673609347218695
  20
-3.8100076197410675
  42
1
  10
2.946405892811786
  20
-3.8100076197410675
  0
HATCH
  5
1419
  100
AcDbEntity
  8
Bottom-Paste-Mask-Layer
  100
AcDbHatch
  10
0
  20
0
  30
0
  210
0
  220
0
  230
1
  2
SOLID
  70
1
  71
0
  91
1
  92
7
  72
1
  73
1
  93
2
  10
5.486410972821946
  20
-3.8100076200152406
  42
1
  10
7.213614427228856
  20
-3.8100076200152406
  42
1
  97
1
  330
1418
  75
0
  76
1
  47
0.8681437583925616
  98
1
  10
3.629517071192367
  20
33.92795499968543
  450
0
  451
0
  460
0
  461
0
  452
1
  462
1
  453
2
  463
0
  63
5
  421
255
  463
1
  63
7
  421
16777215
  470
LINEAR
  1001
ACAD
  1010
0
  1020
0
  1030
0
  0
LWPOLYLINE
  5
1420
  100
AcDbEntity
  8
Bottom-Paste-Mask-Layer
  100
AcDbPolyline
  90
4
  70
0
  43
0
  10
5.486410972821947
  20
-3.810007620563587
  42
1
  10
7.213614427228855
  20
-3.8100076205635873
  10
7.213614427228855
  20
-3.810007619466894
  42
1
  10
5.486410972821947
  20
-3.8100076194668935
  0
HATCH
  5
1449
  100
AcDbEntity
  8
Bottom-Paste-Mask-Layer
  100
AcDbHatch
  10
0
  20
0
  30
0
  210
0
  220
0
  230
1
  2
SOLID
  70
1
  71
0
  91
1
  92
7
  72
1
  73
1
  93
2
  10
8.026416052832108
  20
-3.8100076200152406
  42
1
  10
9.753619507239016
  20
-3.8100076200152406
  42
1
  97
1
  330
1448
  75
0
  76
1
  47
0.8681437583925616
  98
1
  10
3.629517071192367
  20
33.92795499968543
  450
0
  451
0
  460
0
  461
0
  452
1
  462
1
  453
2
  463
0
  63
5
  421
255
  463
1
  63
7
  421
16777215
  470
LINEAR
  1001
ACAD
  1010
0
  1020
0
  1030
0
  0
LWPOLYLINE
  5
1450
  100
AcDbEntity
  8
Bottom-Paste-Mask-Layer
  100
AcDbPolyline
  90
4
  70
0
  43
0
  10
8.026416052832108
  20
-3.810007620563587
  42
1
  10
9.753619507239016
  20
-3.8100076205635873
  10
9.753619507239016
  20
-3.810007619466894
  42
1
  10
8.026416052832108
  20
-3.8100076194668935
  0
HATCH
  5
1479
  100
AcDbEntity
  8
Bottom-Paste-Mask-Layer
  100
AcDbHatch
  10
0
  20
0
  30
0
  210
0
  220
0
  230
1
  2
SOLID
  70
1
  71
0
  91
1
  92
7
  72
1
  73
1
  93
2
  10
10.566421132842267
  20
-3.8100076200152406
  42
1
  10
12.293624587249175
  20
-3.8100076200152406
  42
1
  97
1
  330
1478
  75
0
  76
1
  47
0.8681437583925616
  98
1
  10
3.629517071192367
  20
33.92795499968543
  450
0
  451
0
  460
0
  461
0
  452
1
  462
1
  453
2
  463
0
  63
5
  421
255
  463
1
  63
7
  421
16777215
  470
LINEAR
  1001
ACAD
  1010
0
  1020
0
  1030
0
  0
LWPOLYLINE
  5
1480
  100
AcDbEntity
  8
Bottom-Paste-Mask-Layer
  100
AcDbPolyline
  90
4
  70
0
  43
0
  10
10.566421132842267
  20
-3.810007620563587
  42
1
  10
12.293624587249175
  20
-3.8100076205635873
  10
12.293624587249175
  20
-3.810007619466894
  42
1
  10
10.566421132842267
  20
-3.8100076194668935
  0
LWPOLYLINE
  5
1107
  100
AcDbEntity
  8
Top-Layer
  100
AcDbPolyline
  90
2
  70
0
  43
0.25400050800101603
  10
-0.7533655067310137
  20
-13.970027940055882
  10
0.5166370332740665
  20
-12.700025400050801
  0
LWPOLYLINE
  5
1108
  100
AcDbEntity
  8
Top-Layer
  100
AcDbPolyline
  90
2
  70
0
  43
0.25400050800101603
  10
0.5166370332740665
  20
-12.700025400050801
  10
4.474980949961901
  20
-12.700025400050801
  0
LWPOLYLINE
  5
1109
  100
AcDbEntity
  8
Top-Layer
  100
AcDbPolyline
  90
2
  70
0
  43
0.25400050800101603
  10
10.676657353314708
  20
-8.890017780035562
  10
10.676657353314708
  20
-10.278384556769115
  0
LWPOLYLINE
  5
1110
  100
AcDbEntity
  8
Top-Layer
  100
AcDbPolyline
  90
2
  70
0
  43
0.25400050800101603
  10
10.676657353314708
  20
-10.278384556769115
  10
8.255016510033022
  20
-12.700025400050801
  0
LWPOLYLINE
  5
1111
  100
AcDbEntity
  8
Top-Layer
  100
AcDbPolyline
  90
2
  70
0
  43
0.25400050800101603
  10
-0.7533655067310137
  20
-8.890017780035562
  10
2.040640081280163
  20
-11.684023368046738
  0
LWPOLYLINE
  5
1112
  100
AcDbEntity
  8
Top-Layer
  100
AcDbPolyline
  90
2
  70
0
  43
0.25400050800101603
  10
2.040640081280163
  20
-11.684023368046738
  10
4.708915417830836
  20
-11.684023368046738
  0
LWPOLYLINE
  5
1113
  100
AcDbEntity
  8
Top-Layer
  100
AcDbPolyline
  90
2
  70
0
  43
0.25400050800101603
  10
4.708915417830836
  20
-11.684023368046738
  10
5.7249174498349
  20
-12.700025400050801
  0
LWPOLYLINE
  5
1116
  100
AcDbEntity
  8
Top-Layer
  100
AcDbPolyline
  90
2
  70
0
  43
0.25400050800101603
  10
0.7533655067310137
  20
-13.970027940055882
  10
8.11938023876048
  20
-13.970027940055882
  0
LWPOLYLINE
  5
1117
  100
AcDbEntity
  8
Top-Layer
  100
AcDbPolyline
  90
2
  70
0
  43
0.25400050800101603
  10
8.11938023876048
  20
-13.970027940055882
  10
11.421386842773687
  20
-10.668021336042674
  0
LWPOLYLINE
  5
1118
  100
AcDbEntity
  8
Top-Layer
  100
AcDbPolyline
  90
2
  70
0
  43
0.25400050800101603
  10
11.421386842773687
  20
-10.668021336042674
  10
11.430022860045721
  20
-3.8100076200152406
  0
LWPOLYLINE
  5
1119
  100
AcDbEntity
  8
Top-Layer
  100
AcDbPolyline
  90
2
  70
0
  43
0.25400050800101603
  10
0.7533655067310137
  20
-8.890017780035562
  10
3.8100076200152406
  20
-8.890017780035562
  0
LWPOLYLINE
  5
1120
  100
AcDbEntity
  8
Top-Layer
  100
AcDbPolyline
  90
2
  70
0
  43
0.25400050800101603
  10
3.8100076200152406
  20
-8.890017780035562
  10
8.890017780035562
  20
-3.8100076200152406
  0
LWPOLYLINE
  5
1125
  100
AcDbEntity
  8
Top-Layer
  100
AcDbPolyline
  90
2
  70
0
  43
0.25400050800101603
  10
12.183388366776736
  20
-8.890017780035562
  10
12.691389382778768
  20
-8.38201676403353
  0
LWPOLYLINE
  5
1126
  100
AcDbEntity
  8
Top-Layer
  100
AcDbPolyline
  90
2
  70
0
  43
0.25400050800101603
  10
12.691389382778768
  20
-8.38201676403353
  10
12.691389382778768
  20
-3.3020066040132083
  0
LWPOLYLINE
  5
1127
  100
AcDbEntity
  8
Top-Layer
  100
AcDbPolyline
  90
2
  70
0
  43
0.25400050800101603
  10
12.691389382778768
  20
-3.3020066040132083
  10
11.92938785877572
  20
-2.54000508001016
  0
LWPOLYLINE
  5
1128
  100
AcDbEntity
  8
Top-Layer
  100
AcDbPolyline
  90
2
  70
0
  43
0.25400050800101603
  10
11.92938785877572
  20
-2.54000508001016
  10
7.620015240030481
  20
-2.54000508001016
  0
LWPOLYLINE
  5
1129
  100
AcDbEntity
  8
Top-Layer
  100
AcDbPolyline
  90
2
  70
0
  43
0.25400050800101603
  10
7.620015240030481
  20
-2.54000508001016
  10
6.350012700025401
  20
-3.8100076200152406
  0
HATCH
  5
1134
  100
AcDbEntity
  8
Top-Layer
  100
AcDbHatch
  10
0
  20
0
  30
0
  210
0
  220
0
  230
1
  2
SOLID
  70
1
  71
0
  91
1
  92
7
  72
1
  73
1
  93
2
  10
0.6350012700025398
  20
-22.860045720091442
  42
1
  10
4.44500889001778
  20
-22.860045720091442
  42
1
  97
1
  330
1133
  75
0
  76
1
  47
0.8681437583925616
  98
1
  10
3.629517071192367
  20
33.92795499968543
  450
0
  451
0
  460
0
  461
0
  452
1
  462
1
  453
2
  463
0
  63
5
  421
255
  463
1
  63
7
  421
16777215
  470
LINEAR
  1001
ACAD
  1010
0
  1020
0
  1030
0
  0
LWPOLYLINE
  5
1135
  100
AcDbEntity
  8
Top-Layer
  100
AcDbPolyline
  90
2
  70
1
  43
0
  10
0.63500127000254
  20
-22.860045720091442
  42
1
  10
4.445008890017781
  20
-22.860045720091442
  42
1
  0
HATCH
  5
1164
  100
AcDbEntity
  8
Top-Layer
  100
AcDbHatch
  10
0
  20
0
  30
0
  210
0
  220
0
  230
1
  2
SOLID
  70
1
  71
0
  91
1
  92
7
  72
1
  73
1
  93
2
  10
8.25501651003302
  20
-22.860045720091442
  42
1
  10
12.065024130048261
  20
-22.860045720091442
  42
1
  97
1
  330
1163
  75
0
  76
1
  47
0.8681437583925616
  98
1
  10
3.629517071192367
  20
33.92795499968543
  450
0
  451
0
  460
0
  461
0
  452
1
  462
1
  453
2
  463
0
  63
5
  421
255
  463
1
  63
7
  421
16777215
  470
LINEAR
  1001
ACAD
  1010
0
  1020
0
  1030
0
  0
LWPOLYLINE
  5
1165
  100
AcDbEntity
  8
Top-Layer
  100
AcDbPolyline
  90
2
  70
1
  43
0
  10
8.255016510033022
  20
-22.860045720091442
  42
1
  10
12.065024130048261
  20
-22.860045720091442
  42
1
  0
HATCH
  5
1191
  100
AcDbEntity
  8
Top-Layer
  100
AcDbHatch
  10
0
  20
0
  30
0
  210
0
  220
0
  230
1
  2
SOLID
  70
1
  71
0
  91
1
  92
7
  72
0
  73
1
  93
4
  10
0.3501270002540006
  20
-14.40203200406401
  10
0.3501270002540006
  20
-13.538023876047754
  10
1.1566040132080266
  20
-13.538023876047754
  10
1.1566040132080266
  20
-14.40203200406401
  97
1
  330
1190
  75
0
  76
1
  47
0.4128176842155181
  98
1
  10
34.90568961886538
  20
22.81183545379326
  450
0
  451
0
  460
0
  461
0
  452
1
  462
1
  453
2
  463
0
  63
5
  421
255
  463
1
  63
7
  421
16777215
  470
LINEAR
  1001
ACAD
  1010
0
  1020
0
  1030
0
  0
LWPOLYLINE
  5
1190
  100
AcDbEntity
  8
Top-Layer
  100
AcDbPolyline
  90
4
  70
1
  43
0
  10
0.3501270002540006
  20
-14.40203200406401
  10
0.3501270002540006
  20
-13.538023876047754
  10
1.1566040132080266
  20
-13.538023876047754
  10
1.1566040132080266
  20
-14.40203200406401
  0
HATCH
  5
1195
  100
AcDbEntity
  8
Top-Layer
  100
AcDbHatch
  10
0
  20
0
  30
0
  210
0
  220
0
  230
1
  2
SOLID
  70
1
  71
0
  91
1
  92
7
  72
0
  73
1
  93
4
  10
-1.1566040132080266
  20
-14.40203200406401
  10
-1.1566040132080266
  20
-13.538023876047754
  10
-0.3501270002540006
  20
-13.538023876047754
  10
-0.3501270002540006
  20
-14.40203200406401
  97
1
  330
1194
  75
0
  76
1
  47
0.4128176842155181
  98
1
  10
34.90568961886538
  20
22.81183545379326
  450
0
  451
0
  460
0
  461
0
  452
1
  462
1
  453
2
  463
0
  63
5
  421
255
  463
1
  63
7
  421
16777215
  470
LINEAR
  1001
ACAD
  1010
0
  1020
0
  1030
0
  0
LWPOLYLINE
  5
1194
  100
AcDbEntity
  8
Top-Layer
  100
AcDbPolyline
  90
4
  70
1
  43
0
  10
-1.1566040132080266
  20
-14.40203200406401
  10
-1.1566040132080266
  20
-13.538023876047754
  10
-0.3501270002540006
  20
-13.538023876047754
  10
-0.3501270002540006
  20
-14.40203200406401
  0
HATCH
  5
1199
  100
AcDbEntity
  8
Top-Layer
  100
AcDbHatch
  10
0
  20
0
  30
0
  210
0
  220
0
  230
1
  2
SOLID
  70
1
  71
0
  91
1
  92
7
  72
0
  73
1
  93
4
  10
0.3501270002540006
  20
-9.32202184404369
  10
0.3501270002540006
  20
-8.458013716027432
  10
1.1566040132080266
  20
-8.458013716027432
  10
1.1566040132080266
  20
-9.32202184404369
  97
1
  330
1198
  75
0
  76
1
  47
0.4128176842155181
  98
1
  10
34.90568961886538
  20
22.81183545379326
  450
0
  451
0
  460
0
  461
0
  452
1
  462
1
  453
2
  463
0
  63
5
  421
255
  463
1
  63
7
  421
16777215
  470
LINEAR
  1001
ACAD
  1010
0
  1020
0
  1030
0
  0
LWPOLYLINE
  5
1198
  100
AcDbEntity
  8
Top-Layer
  100
AcDbPolyline
  90
4
  70
1
  43
0
  10
0.3501270002540006
  20
-9.32202184404369
  10
0.3501270002540006
  20
-8.458013716027432
  10
1.1566040132080266
  20
-8.458013716027432
  10
1.1566040132080266
  20
-9.32202184404369
  0
HATCH
  5
1203
  100
AcDbEntity
  8
Top-Layer
  100
AcDbHatch
  10
0
  20
0
  30
0
  210
0
  220
0
  230
1
  2
SOLID
  70
1
  71
0
  91
1
  92
7
  72
0
  73
1
  93
4
  10
-1.1566040132080266
  20
-9.32202184404369
  10
-1.1566040132080266
  20
-8.458013716027432
  10
-0.3501270002540006
  20
-8.458013716027432
  10
-0.3501270002540006
  20
-9.32202184404369
  97
1
  330
1202
  75
0
  76
1
  47
0.4128176842155181
  98
1
  10
34.90568961886538
  20
22.81183545379326
  450
0
  451
0
  460
0
  461
0
  452
1
  462
1
  453
2
  463
0
  63
5
  421
255
  463
1
  63
7
  421
16777215
  470
LINEAR
  1001
ACAD
  1010
0
  1020
0
  1030
0
  0
LWPOLYLINE
  5
1202
  100
AcDbEntity
  8
Top-Layer
  100
AcDbPolyline
  90
4
  70
1
  43
0
  10
-1.1566040132080266
  20
-9.32202184404369
  10
-1.1566040132080266
  20
-8.458013716027432
  10
-0.3501270002540006
  20
-8.458013716027432
  10
-0.3501270002540006
  20
-9.32202184404369
  0
HATCH
  5
1207
  100
AcDbEntity
  8
Top-Layer
  100
AcDbHatch
  10
0
  20
0
  30
0
  210
0
  220
0
  230
1
  2
SOLID
  70
1
  71
0
  91
1
  92
7
  72
0
  73
1
  93
4
  10
11.780149860299723
  20
-9.32202184404369
  10
11.780149860299723
  20
-8.458013716027432
  10
12.58662687325375
  20
-8.458013716027432
  10
12.58662687325375
  20
-9.32202184404369
  97
1
  330
1206
  75
0
  76
1
  47
0.4128176842155181
  98
1
  10
34.90568961886538
  20
22.81183545379326
  450
0
  451
0
  460
0
  461
0
  452
1
  462
1
  453
2
  463
0
  63
5
  421
255
  463
1
  63
7
  421
16777215
  470
LINEAR
  1001
ACAD
  1010
0
  1020
0
  1030
0
  0
LWPOLYLINE
  5
1206
  100
AcDbEntity
  8
Top-Layer
  100
AcDbPolyline
  90
4
  70
1
  43
0
  10
11.780149860299723
  20
-9.32202184404369
  10
11.780149860299723
  20
-8.458013716027432
  10
12.58662687325375
  20
-8.458013716027432
  10
12.58662687325375
  20
-9.32202184404369
  0
HATCH
  5
1211
  100
AcDbEntity
  8
Top-Layer
  100
AcDbHatch
  10
0
  20
0
  30
0
  210
0
  220
0
  230
1
  2
SOLID
  70
1
  71
0
  91
1
  92
7
  72
0
  73
1
  93
4
  10
10.273418846837695
  20
-9.32202184404369
  10
10.273418846837695
  20
-8.458013716027432
  10
11.079895859791721
  20
-8.458013716027432
  10
11.079895859791721
  20
-9.32202184404369
  97
1
  330
1210
  75
0
  76
1
  47
0.4128176842155181
  98
1
  10
34.90568961886538
  20
22.81183545379326
  450
0
  451
0
  460
0
  461
0
  452
1
  462
1
  453
2
  463
0
  63
5
  421
255
  463
1
  63
7
  421
16777215
  470
LINEAR
  1001
ACAD
  1010
0
  1020
0
  1030
0
  0
LWPOLYLINE
  5
1210
  100
AcDbEntity
  8
Top-Layer
  100
AcDbPolyline
  90
4
  70
1
  43
0
  10
10.273418846837695
  20
-9.32202184404369
  10
10.273418846837695
  20
-8.458013716027432
  10
11.079895859791721
  20
-8.458013716027432
  10
11.079895859791721
  20
-9.32202184404369
  0
HATCH
  5
1218
  100
AcDbEntity
  8
Top-Layer
  100
AcDbHatch
  10
0
  20
0
  30
0
  210
0
  220
0
  230
1
  2
SOLID
  70
1
  71
0
  91
1
  92
7
  72
1
  73
1
  93
2
  10
7.74701549403099
  20
-12.700025400050801
  42
1
  10
8.763017526035053
  20
-12.700025400050801
  42
1
  97
1
  330
1217
  75
0
  76
1
  47
0.8681437583925616
  98
1
  10
3.629517071192367
  20
33.92795499968543
  450
0
  451
0
  460
0
  461
0
  452
1
  462
1
  453
2
  463
0
  63
5
  421
255
  463
1
  63
7
  421
16777215
  470
LINEAR
  1001
ACAD
  1010
0
  1020
0
  1030
0
  0
LWPOLYLINE
  5
1219
  100
AcDbEntity
  8
Top-Layer
  100
AcDbPolyline
  90
2
  70
1
  43
0
  10
7.747015494030989
  20
-12.700025400050801
  42
1
  10
8.763017526035053
  20
-12.700025400050801
  42
1
  0
HATCH
  5
1248
  100
AcDbEntity
  8
Top-Layer
  100
AcDbHatch
  10
0
  20
0
  30
0
  210
0
  220
0
  230
1
  2
SOLID
  70
1
  71
0
  91
1
  92
7
  72
1
  73
1
  93
2
  10
6.477012954025909
  20
-12.700025400050801
  42
1
  10
7.493014986029973
  20
-12.700025400050801
  42
1
  97
1
  330
1247
  75
0
  76
1
  47
0.8681437583925616
  98
1
  10
3.629517071192367
  20
33.92795499968543
  450
0
  451
0
  460
0
  461
0
  452
1
  462
1
  453
2
  463
0
  63
5
  421
255
  463
1
  63
7
  421
16777215
  470
LINEAR
  1001
ACAD
  1010
0
  1020
0
  1030
0
  0
LWPOLYLINE
  5
1249
  100
AcDbEntity
  8
Top-Layer
  100
AcDbPolyline
  90
2
  70
1
  43
0
  10
6.477012954025909
  20
-12.700025400050801
  42
1
  10
7.493014986029973
  20
-12.700025400050801
  42
1
  0
HATCH
  5
1278
  100
AcDbEntity
  8
Top-Layer
  100
AcDbHatch
  10
0
  20
0
  30
0
  210
0
  220
0
  230
1
  2
SOLID
  70
1
  71
0
  91
1
  92
7
  72
1
  73
1
  93
2
  10
5.216916433832869
  20
-12.700025400050801
  42
1
  10
6.232918465836932
  20
-12.700025400050801
  42
1
  97
1
  330
1277
  75
0
  76
1
  47
0.8681437583925616
  98
1
  10
3.629517071192367
  20
33.92795499968543
  450
0
  451
0
  460
0
  461
0
  452
1
  462
1
  453
2
  463
0
  63
5
  421
255
  463
1
  63
7
  421
16777215
  470
LINEAR
  1001
ACAD
  1010
0
  1020
0
  1030
0
  0
LWPOLYLINE
  5
1279
  100
AcDbEntity
  8
Top-Layer
  100
AcDbPolyline
  90
2
  70
1
  43
0
  10
5.216916433832869
  20
-12.700025400050801
  42
1
  10
6.232918465836933
  20
-12.700025400050801
  42
1
  0
HATCH
  5
1308
  100
AcDbEntity
  8
Top-Layer
  100
AcDbHatch
  10
0
  20
0
  30
0
  210
0
  220
0
  230
1
  2
SOLID
  70
1
  71
0
  91
1
  92
7
  72
1
  73
1
  93
2
  10
3.966979933959869
  20
-12.700025400050801
  42
1
  10
4.9829819659639325
  20
-12.700025400050801
  42
1
  97
1
  330
1307
  75
0
  76
1
  47
0.8681437583925616
  98
1
  10
3.629517071192367
  20
33.92795499968543
  450
0
  451
0
  460
0
  461
0
  452
1
  462
1
  453
2
  463
0
  63
5
  421
255
  463
1
  63
7
  421
16777215
  470
LINEAR
  1001
ACAD
  1010
0
  1020
0
  1030
0
  0
LWPOLYLINE
  5
1309
  100
AcDbEntity
  8
Top-Layer
  100
AcDbPolyline
  90
2
  70
1
  43
0
  10
3.966979933959869
  20
-12.700025400050801
  42
1
  10
4.982981965963933
  20
-12.700025400050801
  42
1
  0
HATCH
  5
1338
  100
AcDbEntity
  8
Top-Layer
  100
AcDbHatch
  10
0
  20
0
  30
0
  210
0
  220
0
  230
1
  2
SOLID
  70
1
  71
0
  91
1
  92
7
  72
1
  73
1
  93
2
  10
0.40640081280162554
  20
-3.8100076200152406
  42
1
  10
2.1336042672085345
  20
-3.8100076200152406
  42
1
  97
1
  330
1337
  75
0
  76
1
  47
0.8681437583925616
  98
1
  10
3.629517071192367
  20
33.92795499968543
  450
0
  451
0
  460
0
  461
0
  452
1
  462
1
  453
2
  463
0
  63
5
  421
255
  463
1
  63
7
  421
16777215
  470
LINEAR
  1001
ACAD
  1010
0
  1020
0
  1030
0
  0
LWPOLYLINE
  5
1339
  100
AcDbEntity
  8
Top-Layer
  100
AcDbPolyline
  90
2
  70
1
  43
0
  10
0.40640081280162565
  20
-3.8100076200152406
  42
1
  10
2.133604267208535
  20
-3.8100076200152406
  42
1
  0
HATCH
  5
1368
  100
AcDbEntity
  8
Top-Layer
  100
AcDbHatch
  10
0
  20
0
  30
0
  210
0
  220
0
  230
1
  2
SOLID
  70
1
  71
0
  91
1
  92
7
  72
1
  73
1
  93
2
  10
2.946405892811786
  20
-3.8100076200152406
  42
1
  10
4.6736093472186955
  20
-3.8100076200152406
  42
1
  97
1
  330
1367
  75
0
  76
1
  47
0.8681437583925616
  98
1
  10
3.629517071192367
  20
33.92795499968543
  450
0
  451
0
  460
0
  461
0
  452
1
  462
1
  453
2
  463
0
  63
5
  421
255
  463
1
  63
7
  421
16777215
  470
LINEAR
  1001
ACAD
  1010
0
  1020
0
  1030
0
  0
LWPOLYLINE
  5
1369
  100
AcDbEntity
  8
Top-Layer
  100
AcDbPolyline
  90
4
  70
0
  43
0
  10
2.946405892811786
  20
-3.8100076202894133
  42
1
  10
4.673609347218695
  20
-3.810007620289414
  10
4.673609347218695
  20
-3.8100076197410675
  42
1
  10
2.946405892811786
  20
-3.8100076197410675
  0
HATCH
  5
1398
  100
AcDbEntity
  8
Top-Layer
  100
AcDbHatch
  10
0
  20
0
  30
0
  210
0
  220
0
  230
1
  2
SOLID
  70
1
  71
0
  91
1
  92
7
  72
1
  73
1
  93
2
  10
5.486410972821946
  20
-3.8100076200152406
  42
1
  10
7.213614427228856
  20
-3.8100076200152406
  42
1
  97
1
  330
1397
  75
0
  76
1
  47
0.8681437583925616
  98
1
  10
3.629517071192367
  20
33.92795499968543
  450
0
  451
0
  460
0
  461
0
  452
1
  462
1
  453
2
  463
0
  63
5
  421
255
  463
1
  63
7
  421
16777215
  470
LINEAR
  1001
ACAD
  1010
0
  1020
0
  1030
0
  0
LWPOLYLINE
  5
1399
  100
AcDbEntity
  8
Top-Layer
  100
AcDbPolyline
  90
4
  70
0
  43
0
  10
5.486410972821947
  20
-3.810007620563587
  42
1
  10
7.213614427228855
  20
-3.8100076205635873
  10
7.213614427228855
  20
-3.810007619466894
  42
1
  10
5.486410972821947
  20
-3.8100076194668935
  0
HATCH
  5
1428
  100
AcDbEntity
  8
Top-Layer
  100
AcDbHatch
  10
0
  20
0
  30
0
  210
0
  220
0
  230
1
  2
SOLID
  70
1
  71
0
  91
1
  92
7
  72
1
  73
1
  93
2
  10
8.026416052832108
  20
-3.8100076200152406
  42
1
  10
9.753619507239016
  20
-3.8100076200152406
  42
1
  97
1
  330
1427
  75
0
  76
1
  47
0.8681437583925616
  98
1
  10
3.629517071192367
  20
33.92795499968543
  450
0
  451
0
  460
0
  461
0
  452
1
  462
1
  453
2
  463
0
  63
5
  421
255
  463
1
  63
7
  421
16777215
  470
LINEAR
  1001
ACAD
  1010
0
  1020
0
  1030
0
  0
LWPOLYLINE
  5
1429
  100
AcDbEntity
  8
Top-Layer
  100
AcDbPolyline
  90
4
  70
0
  43
0
  10
8.026416052832108
  20
-3.810007620563587
  42
1
  10
9.753619507239016
  20
-3.8100076205635873
  10
9.753619507239016
  20
-3.810007619466894
  42
1
  10
8.026416052832108
  20
-3.8100076194668935
  0
HATCH
  5
1458
  100
AcDbEntity
  8
Top-Layer
  100
AcDbHatch
  10
0
  20
0
  30
0
  210
0
  220
0
  230
1
  2
SOLID
  70
1
  71
0
  91
1
  92
7
  72
1
  73
1
  93
2
  10
10.566421132842267
  20
-3.8100076200152406
  42
1
  10
12.293624587249175
  20
-3.8100076200152406
  42
1
  97
1
  330
1457
  75
0
  76
1
  47
0.8681437583925616
  98
1
  10
3.629517071192367
  20
33.92795499968543
  450
0
  451
0
  460
0
  461
0
  452
1
  462
1
  453
2
  463
0
  63
5
  421
255
  463
1
  63
7
  421
16777215
  470
LINEAR
  1001
ACAD
  1010
0
  1020
0
  1030
0
  0
LWPOLYLINE
  5
1459
  100
AcDbEntity
  8
Top-Layer
  100
AcDbPolyline
  90
4
  70
0
  43
0
  10
10.566421132842267
  20
-3.810007620563587
  42
1
  10
12.293624587249175
  20
-3.8100076205635873
  10
12.293624587249175
  20
-3.810007619466894
  42
1
  10
10.566421132842267
  20
-3.8100076194668935
  0
LWPOLYLINE
  5
1044
  100
AcDbEntity
  8
Top-Silkscreen-Layer
  100
AcDbPolyline
  90
2
  70
1
  43
0.25400050800101603
  10
-0.6731013462026921
  20
-22.860045720091442
  42
1
  10
13.373126746253494
  20
-22.860045720091442
  42
1
  0
LWPOLYLINE
  5
1045
  100
AcDbEntity
  8
Top-Silkscreen-Layer
  100
AcDbPolyline
  90
2
  70
1
  43
0.25400050800101603
  10
0.63500127000254
  20
-2.54000508001016
  42
1
  10
1.9050038100076203
  20
-2.54000508001016
  42
1
  0
LWPOLYLINE
  5
1046
  100
AcDbEntity
  8
Top-Silkscreen-Layer
  100
AcDbPolyline
  90
2
  70
1
  43
0.25400050800101603
  10
3.1750063500127004
  20
-2.54000508001016
  42
1
  10
4.445008890017781
  20
-2.54000508001016
  42
1
  0
LWPOLYLINE
  5
1047
  100
AcDbEntity
  8
Top-Silkscreen-Layer
  100
AcDbPolyline
  90
2
  70
1
  43
0.25400050800101603
  10
5.7150114300228605
  20
-2.54000508001016
  42
1
  10
6.985013970027941
  20
-2.54000508001016
  42
1
  0
LWPOLYLINE
  5
1048
  100
AcDbEntity
  8
Top-Silkscreen-Layer
  100
AcDbPolyline
  90
2
  70
1
  43
0.25400050800101603
  10
8.255016510033022
  20
-2.54000508001016
  42
1
  10
9.525019050038102
  20
-2.54000508001016
  42
1
  0
LWPOLYLINE
  5
1049
  100
AcDbEntity
  8
Top-Silkscreen-Layer
  100
AcDbPolyline
  90
2
  70
1
  43
0.25400050800101603
  10
10.79502159004318
  20
-2.54000508001016
  42
1
  10
12.065024130048261
  20
-2.54000508001016
  42
1
  0
LWPOLYLINE
  5
1054
  100
AcDbEntity
  8
Top-Silkscreen-Layer
  100
AcDbPolyline
  90
2
  70
0
  43
0.25400050800101603
  10
1.9558039116078232
  20
-19.354838709677423
  10
4.876809753619508
  20
-19.354838709677423
  0
LWPOLYLINE
  5
1055
  100
AcDbEntity
  8
Top-Silkscreen-Layer
  100
AcDbPolyline
  90
2
  70
0
  43
0.25400050800101603
  10
7.921717043434088
  20
-19.308026416052833
  10
10.842722885445772
  20
-19.308026416052833
  0
LWPOLYLINE
  5
1056
  100
AcDbEntity
  8
Top-Silkscreen-Layer
  100
AcDbPolyline
  90
2
  70
0
  43
0.25400050800101603
  10
9.37261874523749
  20
-20.815341630683264
  10
9.37261874523749
  20
-17.89433578867158
  0
LWPOLYLINE
  5
1057
  100
AcDbEntity
  8
Top-Silkscreen-Layer
  100
AcDbPolyline
  90
2
  70
0
  43
0.15240030480060962
  10
0.42621285242570495
  20
-14.630632461264923
  10
1.3850901701803406
  20
-14.630632461264923
  0
LWPOLYLINE
  5
1058
  100
AcDbEntity
  8
Top-Silkscreen-Layer
  100
AcDbPolyline
  90
2
  70
0
  43
0.15240030480060962
  10
1.3850901701803406
  20
-14.630632461264923
  10
1.3850901701803406
  20
-13.309423418846839
  0
LWPOLYLINE
  5
1059
  100
AcDbEntity
  8
Top-Silkscreen-Layer
  100
AcDbPolyline
  90
2
  70
0
  43
0.15240030480060962
  10
1.3850901701803406
  20
-13.309423418846839
  10
0.42621285242570495
  20
-13.309423418846839
  0
LWPOLYLINE
  5
1060
  100
AcDbEntity
  8
Top-Silkscreen-Layer
  100
AcDbPolyline
  90
2
  70
0
  43
0.15240030480060962
  10
-0.42621285242570495
  20
-14.630632461264923
  10
-1.3850901701803406
  20
-14.630632461264923
  0
LWPOLYLINE
  5
1061
  100
AcDbEntity
  8
Top-Silkscreen-Layer
  100
AcDbPolyline
  90
2
  70
0
  43
0.15240030480060962
  10
-1.3850901701803406
  20
-14.630632461264923
  10
-1.3850901701803406
  20
-13.309423418846839
  0
LWPOLYLINE
  5
1062
  100
AcDbEntity
  8
Top-Silkscreen-Layer
  100
AcDbPolyline
  90
2
  70
0
  43
0.15240030480060962
  10
-1.3850901701803406
  20
-13.309423418846839
  10
-0.42621285242570495
  20
-13.309423418846839
  0
LWPOLYLINE
  5
1067
  100
AcDbEntity
  8
Top-Silkscreen-Layer
  100
AcDbPolyline
  90
2
  70
0
  43
0.15240030480060962
  10
0.42621285242570495
  20
-9.550622301244603
  10
1.3850901701803406
  20
-9.550622301244603
  0
LWPOLYLINE
  5
1068
  100
AcDbEntity
  8
Top-Silkscreen-Layer
  100
AcDbPolyline
  90
2
  70
0
  43
0.15240030480060962
  10
1.3850901701803406
  20
-9.550622301244603
  10
1.3850901701803406
  20
-8.229413258826519
  0
LWPOLYLINE
  5
1069
  100
AcDbEntity
  8
Top-Silkscreen-Layer
  100
AcDbPolyline
  90
2
  70
0
  43
0.15240030480060962
  10
1.3850901701803406
  20
-8.229413258826519
  10
0.42621285242570495
  20
-8.229413258826519
  0
LWPOLYLINE
  5
1070
  100
AcDbEntity
  8
Top-Silkscreen-Layer
  100
AcDbPolyline
  90
2
  70
0
  43
0.15240030480060962
  10
-0.42621285242570495
  20
-9.550622301244603
  10
-1.3850901701803406
  20
-9.550622301244603
  0
LWPOLYLINE
  5
1071
  100
AcDbEntity
  8
Top-Silkscreen-Layer
  100
AcDbPolyline
  90
2
  70
0
  43
0.15240030480060962
  10
-1.3850901701803406
  20
-9.550622301244603
  10
-1.3850901701803406
  20
-8.229413258826519
  0
LWPOLYLINE
  5
1072
  100
AcDbEntity
  8
Top-Silkscreen-Layer
  100
AcDbPolyline
  90
2
  70
0
  43
0.15240030480060962
  10
-1.3850901701803406
  20
-8.229413258826519
  10
-0.42621285242570495
  20
-8.229413258826519
  0
LWPOLYLINE
  5
1077
  100
AcDbEntity
  8
Top-Silkscreen-Layer
  100
AcDbPolyline
  90
2
  70
0
  43
0.15240030480060962
  10
11.856235712471426
  20
-9.550622301244603
  10
12.815113030226062
  20
-9.550622301244603
  0
LWPOLYLINE
  5
1078
  100
AcDbEntity
  8
Top-Silkscreen-Layer
  100
AcDbPolyline
  90
2
  70
0
  43
0.15240030480060962
  10
12.815113030226062
  20
-9.550622301244603
  10
12.815113030226062
  20
-8.229413258826519
  0
LWPOLYLINE
  5
1079
  100
AcDbEntity
  8
Top-Silkscreen-Layer
  100
AcDbPolyline
  90
2
  70
0
  43
0.15240030480060962
  10
12.815113030226062
  20
-8.229413258826519
  10
11.856235712471426
  20
-8.229413258826519
  0
LWPOLYLINE
  5
1080
  100
AcDbEntity
  8
Top-Silkscreen-Layer
  100
AcDbPolyline
  90
2
  70
0
  43
0.15240030480060962
  10
11.003810007620018
  20
-9.550622301244603
  10
10.044932689865382
  20
-9.550622301244603
  0
LWPOLYLINE
  5
1081
  100
AcDbEntity
  8
Top-Silkscreen-Layer
  100
AcDbPolyline
  90
2
  70
0
  43
0.15240030480060962
  10
10.044932689865382
  20
-9.550622301244603
  10
10.044932689865382
  20
-8.229413258826519
  0
LWPOLYLINE
  5
1082
  100
AcDbEntity
  8
Top-Silkscreen-Layer
  100
AcDbPolyline
  90
2
  70
0
  43
0.15240030480060962
  10
10.044932689865382
  20
-8.229413258826519
  10
11.003810007620018
  20
-8.229413258826519
  0
LWPOLYLINE
  5
1087
  100
AcDbEntity
  8
Top-Silkscreen-Layer
  100
AcDbPolyline
  90
2
  70
0
  43
0.25400050800101603
  10
6.980137160274321
  20
-14.435179070358142
  10
6.980137160274321
  20
-13.545186690373383
  0
LWPOLYLINE
  5
1088
  100
AcDbEntity
  8
Top-Silkscreen-Layer
  100
AcDbPolyline
  90
2
  70
0
  43
0.25400050800101603
  10
6.535077470154941
  20
-13.989992379984763
  10
7.425069850139701
  20
-13.989992379984763
  0
LWPOLYLINE
  5
1089
  100
AcDbEntity
  8
Top-Silkscreen-Layer
  100
AcDbPolyline
  90
2
  70
0
  43
0.25400050800101603
  10
8.853619507239017
  20
-13.176225552451106
  10
8.8497840995682
  20
-14.171196342392687
  0
LWPOLYLINE
  5
1090
  100
AcDbEntity
  8
Top-Silkscreen-Layer
  100
AcDbPolyline
  90
2
  70
0
  43
0.25400050800101603
  10
8.860934721869445
  20
-11.250495300990604
  10
8.857200914401831
  20
-12.228041656083315
  0
LWPOLYLINE
  5
1091
  100
AcDbEntity
  8
Top-Silkscreen-Layer
  100
AcDbPolyline
  90
2
  70
0
  43
0.25400050800101603
  10
8.780010160020321
  20
-12.020015240030482
  42
0.781
  10
3.8858013716027435
  20
-12.15689611379223
  0
LWPOLYLINE
  5
1092
  100
AcDbEntity
  8
Top-Silkscreen-Layer
  100
AcDbPolyline
  90
2
  70
0
  43
0.25400050800101603
  10
3.92001524003048
  20
-13.21003302006604
  42
0.761
  10
8.696672593345188
  20
-13.511328422656849
  0
LWPOLYLINE
  5
1093
  100
AcDbEntity
  8
Top-Silkscreen-Layer
  100
AcDbPolyline
  90
2
  70
0
  43
0.25400050800101603
  10
8.860960121920247
  20
-11.250520701041404
  42
3.705
  10
8.8497840995682
  20
-14.171221742443487
  0
LWPOLYLINE
  5
1102
  100
AcDbEntity
  8
Top-Silkscreen-Layer
  100
AcDbPolyline
  90
4
  70
1
  43
0.25400050800101603
  10
0
  20
-5.08001016002032
  10
0
  20
-2.3938811277622563
  10
2.54000508001016
  20
-2.3938811277622563
  10
2.54000508001016
  20
-5.08001016002032
  0
LWPOLYLINE
  5
1103
  100
AcDbEntity
  8
Top-Silkscreen-Layer
  100
AcDbPolyline
  90
4
  70
1
  43
0.25400050800101603
  10
2.54000508001016
  20
-5.08001016002032
  10
2.54000508001016
  20
-2.3938811277622563
  10
5.08001016002032
  20
-2.3938811277622563
  10
5.08001016002032
  20
-5.08001016002032
  0
LWPOLYLINE
  5
1104
  100
AcDbEntity
  8
Top-Silkscreen-Layer
  100
AcDbPolyline
  90
4
  70
1
  43
0.25400050800101603
  10
5.08001016002032
  20
-5.08001016002032
  10
5.08001016002032
  20
-2.3938811277622563
  10
7.620015240030481
  20
-2.3938811277622563
  10
7.620015240030481
  20
-5.08001016002032
  0
LWPOLYLINE
  5
1105
  100
AcDbEntity
  8
Top-Silkscreen-Layer
  100
AcDbPolyline
  90
4
  70
1
  43
0.25400050800101603
  10
7.620015240030481
  20
-5.08001016002032
  10
7.620015240030481
  20
-2.3938811277622563
  10
10.16002032004064
  20
-2.3938811277622563
  10
10.16002032004064
  20
-5.08001016002032
  0
LWPOLYLINE
  5
1106
  100
AcDbEntity
  8
Top-Silkscreen-Layer
  100
AcDbPolyline
  90
4
  70
1
  43
0.25400050800101603
  10
10.16002032004064
  20
-5.08001016002032
  10
10.16002032004064
  20
-2.3938811277622563
  10
12.700025400050801
  20
-2.3938811277622563
  10
12.700025400050801
  20
-5.08001016002032
  0
TEXT
  5
1484
  100
AcDbEntity
  8
Top-Silkscreen-Layer
  7
default
  461
0.8001016002032005
  100
AcDbText
  10
0.22834645669291342
  20
-16.611379222758448
  11
0.22834645669291342
  21
-16.611379222758448
  40
0.8001016002032005
  1
B1
  50
0
  71
1
  72
0
  41
1.1
  100
AcDbText
  73
1
  0
TEXT
  5
1485
  100
AcDbEntity
  8
Top-Silkscreen-Layer
  7
default
  461
0.8001016002032005
  100
AcDbText
  10
-1.4612903225806453
  20
-13.106223012446026
  11
-1.4612903225806453
  21
-13.106223012446026
  40
0.8001016002032005
  1
R1-240
  50
360
  71
1
  72
0
  41
1.1
  100
AcDbText
  73
1
  0
TEXT
  5
1486
  100
AcDbEntity
  8
Top-Silkscreen-Layer
  7
default
  461
0.8001016002032005
  100
AcDbText
  10
-1.4612903225806453
  20
-8.026212852425706
  11
-1.4612903225806453
  21
-8.026212852425706
  40
0.8001016002032005
  1
R2-240
  50
360
  71
1
  72
0
  41
1.1
  100
AcDbText
  73
1
  0
TEXT
  5
1487
  100
AcDbEntity
  8
Top-Silkscreen-Layer
  7
default
  461
0.8001016002032005
  100
AcDbText
  10
9.968732537465076
  20
-8.026212852425706
  11
9.968732537465076
  21
-8.026212852425706
  40
0.8001016002032005
  1
R3-240
  50
360
  71
1
  72
0
  41
1.1
  100
AcDbText
  73
1
  0
TEXT
  5
1488
  100
AcDbEntity
  8
Top-Silkscreen-Layer
  7
default
  461
1.0500017780035562
  100
AcDbText
  10
4.152908305816613
  20
-12.458724917449835
  11
4.152908305816613
  21
-12.458724917449835
  40
1.0500017780035562
  1
B
  50
0
  71
1
  72
0
  41
1.1
  100
AcDbText
  73
1
  0
TEXT
  5
1489
  100
AcDbEntity
  8
Top-Silkscreen-Layer
  7
default
  461
1.0500017780035562
  100
AcDbText
  10
5.295910591821185
  20
-12.382524765049531
  11
5.295910591821185
  21
-12.382524765049531
  40
1.0500017780035562
  1
G
  50
0
  71
1
  72
0
  41
1.1
  100
AcDbText
  73
1
  0
TEXT
  5
1490
  100
AcDbEntity
  8
Top-Silkscreen-Layer
  7
default
  461
1.0500017780035562
  100
AcDbText
  10
6.578613157226315
  20
-12.395224790449582
  11
6.578613157226315
  21
-12.395224790449582
  40
1.0500017780035562
  1
G
  50
0
  71
1
  72
0
  41
1.1
  100
AcDbText
  73
1
  0
TEXT
  5
1491
  100
AcDbEntity
  8
Top-Silkscreen-Layer
  7
default
  461
1.0500017780035562
  100
AcDbText
  10
7.874015748031497
  20
-12.52222504445009
  11
7.874015748031497
  21
-12.52222504445009
  40
1.0500017780035562
  1
R
  50
0
  71
1
  72
0
  41
1.1
  100
AcDbText
  73
1
  0
TEXT
  5
1492
  100
AcDbEntity
  8
Top-Silkscreen-Layer
  7
default
  461
0.8001016002032005
  100
AcDbText
  10
3.3174472948945906
  20
-9.54473202946406
  11
3.3174472948945906
  21
-9.54473202946406
  40
0.8001016002032005
  1
RGB-LED
  50
0
  71
1
  72
0
  41
1.1
  100
AcDbText
  73
1
  0
TEXT
  5
1493
  100
AcDbEntity
  8
Top-Silkscreen-Layer
  7
default
  461
1.0668021336042672
  100
AcDbText
  10
-0.63500127000254
  20
0
  11
-0.63500127000254
  21
0
  40
1.0668021336042672
  1
GND
  50
0
  71
1
  72
0
  41
1.1
  100
AcDbText
  73
1
  0
TEXT
  5
1494
  100
AcDbEntity
  8
Top-Silkscreen-Layer
  7
default
  461
1.0668021336042672
  100
AcDbText
  10
2.54000508001016
  20
0
  11
2.54000508001016
  21
0
  40
1.0668021336042672
  1
AMP
  50
0
  71
1
  72
0
  41
1.1
  100
AcDbText
  73
1
  0
TEXT
  5
1495
  100
AcDbEntity
  8
Top-Silkscreen-Layer
  7
default
  461
1.0668021336042672
  100
AcDbText
  10
6.096012192024385
  20
0
  11
6.096012192024385
  21
0
  40
1.0668021336042672
  1
R
  50
0
  71
1
  72
0
  41
1.1
  100
AcDbText
  73
1
  0
TEXT
  5
1496
  100
AcDbEntity
  8
Top-Silkscreen-Layer
  7
default
  461
1.0668021336042672
  100
AcDbText
  10
8.53441706883414
  20
0
  11
8.53441706883414
  21
0
  40
1.0668021336042672
  1
G
  50
0
  71
1
  72
0
  41
1.1
  100
AcDbText
  73
1
  0
TEXT
  5
1497
  100
AcDbEntity
  8
Top-Silkscreen-Layer
  7
default
  461
1.0668021336042672
  100
AcDbText
  10
11.277622555245111
  20
0
  11
11.277622555245111
  21
0
  40
1.0668021336042672
  1
B
  50
0
  71
1
  72
0
  41
1.1
  100
AcDbText
  73
1
  0
LWPOLYLINE
  5
1498
  100
AcDbEntity
  8
Top-Silkscreen-Layer
  100
AcDbPolyline
  90
4
  70
0
  43
0.25400050800101603
  10
13.373126746253494
  20
-13.557900685801373
  10
13.446786893573789
  20
-13.707760985521974
  10
13.67030734061468
  20
-13.931281432562866
  10
12.105664211328424
  20
-13.931281432562868
  0
LWPOLYLINE
  5
1499
  100
AcDbEntity
  8
Top-Silkscreen-Layer
  100
AcDbPolyline
  90
16
  70
1
  43
0.25400050800101603
  10
13.67030734061468
  20
-14.888863347726698
  10
13.59664719329439
  20
-14.665342900685802
  10
13.373126746253494
  20
-14.515482600965203
  10
12.999745999492001
  20
-14.44182245364491
  10
12.776225552451105
  20
-14.44182245364491
  10
12.402844805689613
  20
-14.515482600965203
  10
12.179324358648717
  20
-14.665342900685802
  10
12.105664211328424
  20
-14.888863347726698
  10
12.105664211328424
  20
-15.038723647447297
  10
12.179324358648717
  20
-15.26224409448819
  10
12.402844805689613
  20
-15.412104394208791
  10
12.776225552451105
  20
-15.485764541529086
  10
12.999745999492001
  20
-15.485764541529086
  10
13.373126746253494
  20
-15.412104394208791
  10
13.59664719329439
  20
-15.26224409448819
  10
13.67030734061468
  20
-15.038723647447295
  0
LWPOLYLINE
  5
1500
  100
AcDbEntity
  8
Top-Silkscreen-Layer
  100
AcDbPolyline
  90
4
  70
1
  43
0.25400050800101603
  10
12.476504953009908
  20
-16.06996570993142
  10
12.402844805689613
  20
-15.996305562611127
  10
12.329184658369318
  20
-16.06996570993142
  10
12.402844805689613
  20
-16.146165862331728
  0
LWPOLYLINE
  5
1501
  100
AcDbEntity
  8
Top-Silkscreen-Layer
  100
AcDbPolyline
  90
14
  70
0
  43
0.25400050800101603
  10
13.299466598933199
  20
-16.730367030734065
  10
13.373126746253494
  20
-16.730367030734065
  10
13.522987045974093
  20
-16.80656718313437
  10
13.59664719329439
  20
-16.880227330454662
  10
13.67030734061468
  20
-17.030087630175263
  10
13.670307340614682
  20
-17.32726822453645
  10
13.59664719329439
  20
-17.47712852425705
  10
13.522987045974093
  20
-17.553328676657355
  10
13.373126746253494
  20
-17.62698882397765
  10
13.223266446532893
  20
-17.62698882397765
  10
13.073406146812294
  20
-17.553328676657355
  10
12.8498856997714
  20
-17.403468376936754
  10
12.105664211328424
  20
-16.65670688341377
  10
12.105664211328424
  20
-17.700648971297944
  0
LWPOLYLINE
  5
1502
  100
AcDbEntity
  8
Top-Silkscreen-Layer
  100
AcDbPolyline
  90
2
  70
0
  43
0.25400050800101603
  10
13.1496062992126
  20
-18.21118999237999
  10
12.105664211328424
  20
-18.21118999237999
  0
LWPOLYLINE
  5
1503
  100
AcDbEntity
  8
Top-Silkscreen-Layer
  100
AcDbPolyline
  90
7
  70
0
  43
0.25400050800101603
  10
12.8498856997714
  20
-18.21118999237999
  10
13.073406146812294
  20
-18.434710439420883
  10
13.1496062992126
  20
-18.584570739141483
  10
13.1496062992126
  20
-18.808091186182374
  10
13.073406146812294
  20
-18.957951485902974
  10
12.8498856997714
  20
-19.03161163322327
  10
12.105664211328424
  20
-19.03161163322327
  0
LWPOLYLINE
  5
1504
  100
AcDbEntity
  8
Top-Silkscreen-Layer
  100
AcDbPolyline
  90
7
  70
0
  43
0.25400050800101603
  10
12.8498856997714
  20
-19.03161163322327
  10
13.073406146812294
  20
-19.255132080264165
  10
13.1496062992126
  20
-19.404992379984765
  10
13.1496062992126
  20
-19.628512827025656
  10
13.073406146812294
  20
-19.778373126746256
  10
12.8498856997714
  20
-19.85203327406655
  10
12.105664211328424
  20
-19.85203327406655
  0
LWPOLYLINE
  5
1505
  100
AcDbEntity
  8
Top-Silkscreen-Layer
  100
AcDbPolyline
  90
2
  70
0
  43
0.25400050800101603
  10
13.1496062992126
  20
-20.362574295148594
  10
12.105664211328424
  20
-20.362574295148594
  0
LWPOLYLINE
  5
1506
  100
AcDbEntity
  8
Top-Silkscreen-Layer
  100
AcDbPolyline
  90
7
  70
0
  43
0.25400050800101603
  10
12.8498856997714
  20
-20.362574295148594
  10
13.073406146812294
  20
-20.586094742189488
  10
13.1496062992126
  20
-20.73595504191009
  10
13.1496062992126
  20
-20.95947548895098
  10
13.073406146812294
  20
-21.10933578867158
  10
12.8498856997714
  20
-21.182995935991876
  10
12.105664211328424
  20
-21.182995935991876
  0
LWPOLYLINE
  5
1507
  100
AcDbEntity
  8
Top-Silkscreen-Layer
  100
AcDbPolyline
  90
7
  70
0
  43
0.25400050800101603
  10
12.8498856997714
  20
-21.182995935991876
  10
13.073406146812294
  20
-21.40651638303277
  10
13.1496062992126
  20
-21.55637668275337
  10
13.1496062992126
  20
-21.779897129794264
  10
13.073406146812294
  20
-21.929757429514865
  10
12.8498856997714
  20
-22.003417576835155
  10
12.105664211328424
  20
-22.003417576835155
  0
LWPOLYLINE
  5
1508
  100
AcDbEntity
  8
Top-Silkscreen-Layer
  100
AcDbPolyline
  90
2
  70
0
  43
0.25400050800101603
  10
11.506223012446025
  20
-22.860045720091442
  10
14.046228092456186
  20
-22.860045720091442
  0
LWPOLYLINE
  5
1509
  100
AcDbEntity
  8
Top-Silkscreen-Layer
  100
AcDbPolyline
  90
2
  70
0
  43
0.25400050800101603
  10
4.445008890017781
  20
-12.701272542545087
  10
14.046228092456186
  20
-12.701272542545087
  0
LWPOLYLINE
  5
1510
  100
AcDbEntity
  8
Top-Silkscreen-Layer
  100
AcDbPolyline
  90
2
  70
0
  43
0.25400050800101603
  10
11.506223012446025
  20
-22.860045720091442
  10
11.309002505636892
  20
-22.12400876838527
  0
LWPOLYLINE
  5
1511
  100
AcDbEntity
  8
Top-Silkscreen-Layer
  100
AcDbPolyline
  90
2
  70
0
  43
0.25400050800101603
  10
11.506223012446025
  20
-22.860045720091442
  10
11.70344351925516
  20
-22.12400876838527
  0
LWPOLYLINE
  5
1512
  100
AcDbEntity
  8
Top-Silkscreen-Layer
  100
AcDbPolyline
  90
2
  70
0
  43
0.25400050800101603
  10
11.506223012446025
  20
-12.701272542545087
  10
11.309002505636892
  20
-13.437309494251261
  0
LWPOLYLINE
  5
1513
  100
AcDbEntity
  8
Top-Silkscreen-Layer
  100
AcDbPolyline
  90
2
  70
0
  43
0.25400050800101603
  10
11.506223012446025
  20
-12.701272542545087
  10
11.70344351925516
  20
-13.437309494251261
  0
LWPOLYLINE
  5
1514
  100
AcDbEntity
  8
Top-Silkscreen-Layer
  100
AcDbPolyline
  90
2
  70
0
  43
0.25400050800101603
  10
11.506223012446025
  20
-22.860045720091442
  10
11.506223012446025
  20
-22.07961772923546
  0
LWPOLYLINE
  5
1515
  100
AcDbEntity
  8
Top-Silkscreen-Layer
  100
AcDbPolyline
  90
2
  70
0
  43
0.25400050800101603
  10
11.506223012446025
  20
-13.481700533401069
  10
11.506223012446025
  20
-12.701272542545087
  0
LWPOLYLINE
  5
1516
  100
AcDbEntity
  8
Top-Silkscreen-Layer
  100
AcDbPolyline
  90
2
  70
0
  43
0.25400050800101603
  10
1.9558039116078232
  20
-19.354838709677423
  10
4.876809753619508
  20
-19.354838709677423
  0
LWPOLYLINE
  5
1517
  100
AcDbEntity
  8
Top-Silkscreen-Layer
  100
AcDbPolyline
  90
2
  70
0
  43
0.25400050800101603
  10
7.921717043434088
  20
-19.308026416052833
  10
10.842722885445772
  20
-19.308026416052833
  0
LWPOLYLINE
  5
1518
  100
AcDbEntity
  8
Top-Silkscreen-Layer
  100
AcDbPolyline
  90
2
  70
0
  43
0.25400050800101603
  10
9.37261874523749
  20
-20.815341630683264
  10
9.37261874523749
  20
-17.89433578867158
  0
LWPOLYLINE
  5
1519
  100
AcDbEntity
  8
Top-Silkscreen-Layer
  100
AcDbPolyline
  90
2
  70
1
  43
0.25400050800101603
  10
-0.6731013462026921
  20
-22.860045720091442
  42
1
  10
13.373126746253494
  20
-22.860045720091442
  42
1
  0
LWPOLYLINE
  5
1520
  100
AcDbEntity
  8
Top-Silkscreen-Layer
  100
AcDbPolyline
  90
2
  70
0
  43
0.15240030480060962
  10
0.42621285242570495
  20
-14.630632461264923
  10
1.3850901701803406
  20
-14.630632461264923
  0
LWPOLYLINE
  5
1521
  100
AcDbEntity
  8
Top-Silkscreen-Layer
  100
AcDbPolyline
  90
2
  70
0
  43
0.15240030480060962
  10
1.3850901701803406
  20
-14.630632461264923
  10
1.3850901701803406
  20
-13.309423418846839
  0
LWPOLYLINE
  5
1522
  100
AcDbEntity
  8
Top-Silkscreen-Layer
  100
AcDbPolyline
  90
2
  70
0
  43
0.15240030480060962
  10
1.3850901701803406
  20
-13.309423418846839
  10
0.42621285242570495
  20
-13.309423418846839
  0
LWPOLYLINE
  5
1523
  100
AcDbEntity
  8
Top-Silkscreen-Layer
  100
AcDbPolyline
  90
2
  70
0
  43
0.15240030480060962
  10
-0.42621285242570495
  20
-14.630632461264923
  10
-1.3850901701803406
  20
-14.630632461264923
  0
LWPOLYLINE
  5
1524
  100
AcDbEntity
  8
Top-Silkscreen-Layer
  100
AcDbPolyline
  90
2
  70
0
  43
0.15240030480060962
  10
-1.3850901701803406
  20
-14.630632461264923
  10
-1.3850901701803406
  20
-13.309423418846839
  0
LWPOLYLINE
  5
1525
  100
AcDbEntity
  8
Top-Silkscreen-Layer
  100
AcDbPolyline
  90
2
  70
0
  43
0.15240030480060962
  10
-1.3850901701803406
  20
-13.309423418846839
  10
-0.42621285242570495
  20
-13.309423418846839
  0
LWPOLYLINE
  5
1530
  100
AcDbEntity
  8
Top-Silkscreen-Layer
  100
AcDbPolyline
  90
2
  70
0
  43
0.15240030480060962
  10
0.42621285242570495
  20
-9.550622301244603
  10
1.3850901701803406
  20
-9.550622301244603
  0
LWPOLYLINE
  5
1531
  100
AcDbEntity
  8
Top-Silkscreen-Layer
  100
AcDbPolyline
  90
2
  70
0
  43
0.15240030480060962
  10
1.3850901701803406
  20
-9.550622301244603
  10
1.3850901701803406
  20
-8.229413258826519
  0
LWPOLYLINE
  5
1532
  100
AcDbEntity
  8
Top-Silkscreen-Layer
  100
AcDbPolyline
  90
2
  70
0
  43
0.15240030480060962
  10
1.3850901701803406
  20
-8.229413258826519
  10
0.42621285242570495
  20
-8.229413258826519
  0
LWPOLYLINE
  5
1533
  100
AcDbEntity
  8
Top-Silkscreen-Layer
  100
AcDbPolyline
  90
2
  70
0
  43
0.15240030480060962
  10
-0.42621285242570495
  20
-9.550622301244603
  10
-1.3850901701803406
  20
-9.550622301244603
  0
LWPOLYLINE
  5
1534
  100
AcDbEntity
  8
Top-Silkscreen-Layer
  100
AcDbPolyline
  90
2
  70
0
  43
0.15240030480060962
  10
-1.3850901701803406
  20
-9.550622301244603
  10
-1.3850901701803406
  20
-8.229413258826519
  0
LWPOLYLINE
  5
1535
  100
AcDbEntity
  8
Top-Silkscreen-Layer
  100
AcDbPolyline
  90
2
  70
0
  43
0.15240030480060962
  10
-1.3850901701803406
  20
-8.229413258826519
  10
-0.42621285242570495
  20
-8.229413258826519
  0
LWPOLYLINE
  5
1540
  100
AcDbEntity
  8
Top-Silkscreen-Layer
  100
AcDbPolyline
  90
2
  70
0
  43
0.15240030480060962
  10
11.856235712471426
  20
-9.550622301244603
  10
12.815113030226062
  20
-9.550622301244603
  0
LWPOLYLINE
  5
1541
  100
AcDbEntity
  8
Top-Silkscreen-Layer
  100
AcDbPolyline
  90
2
  70
0
  43
0.15240030480060962
  10
12.815113030226062
  20
-9.550622301244603
  10
12.815113030226062
  20
-8.229413258826519
  0
LWPOLYLINE
  5
1542
  100
AcDbEntity
  8
Top-Silkscreen-Layer
  100
AcDbPolyline
  90
2
  70
0
  43
0.15240030480060962
  10
12.815113030226062
  20
-8.229413258826519
  10
11.856235712471426
  20
-8.229413258826519
  0
LWPOLYLINE
  5
1543
  100
AcDbEntity
  8
Top-Silkscreen-Layer
  100
AcDbPolyline
  90
2
  70
0
  43
0.15240030480060962
  10
11.003810007620018
  20
-9.550622301244603
  10
10.044932689865382
  20
-9.550622301244603
  0
LWPOLYLINE
  5
1544
  100
AcDbEntity
  8
Top-Silkscreen-Layer
  100
AcDbPolyline
  90
2
  70
0
  43
0.15240030480060962
  10
10.044932689865382
  20
-9.550622301244603
  10
10.044932689865382
  20
-8.229413258826519
  0
LWPOLYLINE
  5
1545
  100
AcDbEntity
  8
Top-Silkscreen-Layer
  100
AcDbPolyline
  90
2
  70
0
  43
0.15240030480060962
  10
10.044932689865382
  20
-8.229413258826519
  10
11.003810007620018
  20
-8.229413258826519
  0
LWPOLYLINE
  5
1550
  100
AcDbEntity
  8
Top-Silkscreen-Layer
  100
AcDbPolyline
  90
2
  70
0
  43
0.25400050800101603
  10
6.980137160274321
  20
-14.435179070358142
  10
6.980137160274321
  20
-13.545186690373383
  0
LWPOLYLINE
  5
1551
  100
AcDbEntity
  8
Top-Silkscreen-Layer
  100
AcDbPolyline
  90
2
  70
0
  43
0.25400050800101603
  10
6.535077470154941
  20
-13.989992379984763
  10
7.425069850139701
  20
-13.989992379984763
  0
LWPOLYLINE
  5
1552
  100
AcDbEntity
  8
Top-Silkscreen-Layer
  100
AcDbPolyline
  90
2
  70
0
  43
0.25400050800101603
  10
8.853619507239017
  20
-13.176225552451106
  10
8.8497840995682
  20
-14.171196342392687
  0
LWPOLYLINE
  5
1553
  100
AcDbEntity
  8
Top-Silkscreen-Layer
  100
AcDbPolyline
  90
2
  70
0
  43
0.25400050800101603
  10
8.860934721869445
  20
-11.250495300990604
  10
8.857200914401831
  20
-12.228041656083315
  0
LWPOLYLINE
  5
1554
  100
AcDbEntity
  8
Top-Silkscreen-Layer
  100
AcDbPolyline
  90
2
  70
0
  43
0.25400050800101603
  10
8.780010160020321
  20
-12.020015240030482
  42
0.781
  10
3.8858013716027435
  20
-12.15689611379223
  0
LWPOLYLINE
  5
1555
  100
AcDbEntity
  8
Top-Silkscreen-Layer
  100
AcDbPolyline
  90
2
  70
0
  43
0.25400050800101603
  10
3.92001524003048
  20
-13.21003302006604
  42
0.761
  10
8.696672593345188
  20
-13.511328422656849
  0
LWPOLYLINE
  5
1556
  100
AcDbEntity
  8
Top-Silkscreen-Layer
  100
AcDbPolyline
  90
2
  70
0
  43
0.25400050800101603
  10
8.860960121920247
  20
-11.250520701041404
  42
3.705
  10
8.8497840995682
  20
-14.171221742443487
  0
TEXT
  5
1565
  100
AcDbEntity
  8
Top-Silkscreen-Layer
  7
default
  461
1.0500017780035562
  100
AcDbText
  10
4.152908305816613
  20
-12.458724917449835
  11
4.152908305816613
  21
-12.458724917449835
  40
1.0500017780035562
  1
B
  50
0
  71
1
  72
0
  41
1.1
  100
AcDbText
  73
1
  0
TEXT
  5
1566
  100
AcDbEntity
  8
Top-Silkscreen-Layer
  7
default
  461
1.0500017780035562
  100
AcDbText
  10
5.295910591821185
  20
-12.382524765049531
  11
5.295910591821185
  21
-12.382524765049531
  40
1.0500017780035562
  1
G
  50
0
  71
1
  72
0
  41
1.1
  100
AcDbText
  73
1
  0
TEXT
  5
1567
  100
AcDbEntity
  8
Top-Silkscreen-Layer
  7
default
  461
1.0500017780035562
  100
AcDbText
  10
6.578613157226315
  20
-12.395224790449582
  11
6.578613157226315
  21
-12.395224790449582
  40
1.0500017780035562
  1
G
  50
0
  71
1
  72
0
  41
1.1
  100
AcDbText
  73
1
  0
TEXT
  5
1568
  100
AcDbEntity
  8
Top-Silkscreen-Layer
  7
default
  461
1.0500017780035562
  100
AcDbText
  10
7.874015748031497
  20
-12.52222504445009
  11
7.874015748031497
  21
-12.52222504445009
  40
1.0500017780035562
  1
R
  50
0
  71
1
  72
0
  41
1.1
  100
AcDbText
  73
1
  0
LWPOLYLINE
  5
1569
  100
AcDbEntity
  8
Top-Silkscreen-Layer
  100
AcDbPolyline
  90
4
  70
1
  43
0.25400050800101603
  10
0
  20
-5.08001016002032
  10
0
  20
-2.3938811277622563
  10
2.54000508001016
  20
-2.3938811277622563
  10
2.54000508001016
  20
-5.08001016002032
  0
LWPOLYLINE
  5
1570
  100
AcDbEntity
  8
Top-Silkscreen-Layer
  100
AcDbPolyline
  90
2
  70
1
  43
0.25400050800101603
  10
0.63500127000254
  20
-2.54000508001016
  42
1
  10
1.9050038100076203
  20
-2.54000508001016
  42
1
  0
LWPOLYLINE
  5
1571
  100
AcDbEntity
  8
Top-Silkscreen-Layer
  100
AcDbPolyline
  90
4
  70
1
  43
0.25400050800101603
  10
2.54000508001016
  20
-5.08001016002032
  10
2.54000508001016
  20
-2.3938811277622563
  10
5.08001016002032
  20
-2.3938811277622563
  10
5.08001016002032
  20
-5.08001016002032
  0
LWPOLYLINE
  5
1572
  100
AcDbEntity
  8
Top-Silkscreen-Layer
  100
AcDbPolyline
  90
2
  70
1
  43
0.25400050800101603
  10
3.1750063500127004
  20
-2.54000508001016
  42
1
  10
4.445008890017781
  20
-2.54000508001016
  42
1
  0
LWPOLYLINE
  5
1573
  100
AcDbEntity
  8
Top-Silkscreen-Layer
  100
AcDbPolyline
  90
4
  70
1
  43
0.25400050800101603
  10
5.08001016002032
  20
-5.08001016002032
  10
5.08001016002032
  20
-2.3938811277622563
  10
7.620015240030481
  20
-2.3938811277622563
  10
7.620015240030481
  20
-5.08001016002032
  0
LWPOLYLINE
  5
1574
  100
AcDbEntity
  8
Top-Silkscreen-Layer
  100
AcDbPolyline
  90
2
  70
1
  43
0.25400050800101603
  10
5.7150114300228605
  20
-2.54000508001016
  42
1
  10
6.985013970027941
  20
-2.54000508001016
  42
1
  0
LWPOLYLINE
  5
1575
  100
AcDbEntity
  8
Top-Silkscreen-Layer
  100
AcDbPolyline
  90
4
  70
1
  43
0.25400050800101603
  10
7.620015240030481
  20
-5.08001016002032
  10
7.620015240030481
  20
-2.3938811277622563
  10
10.16002032004064
  20
-2.3938811277622563
  10
10.16002032004064
  20
-5.08001016002032
  0
LWPOLYLINE
  5
1576
  100
AcDbEntity
  8
Top-Silkscreen-Layer
  100
AcDbPolyline
  90
2
  70
1
  43
0.25400050800101603
  10
8.255016510033022
  20
-2.54000508001016
  42
1
  10
9.525019050038102
  20
-2.54000508001016
  42
1
  0
LWPOLYLINE
  5
1577
  100
AcDbEntity
  8
Top-Silkscreen-Layer
  100
AcDbPolyline
  90
4
  70
1
  43
0.25400050800101603
  10
10.16002032004064
  20
-5.08001016002032
  10
10.16002032004064
  20
-2.3938811277622563
  10
12.700025400050801
  20
-2.3938811277622563
  10
12.700025400050801
  20
-5.08001016002032
  0
LWPOLYLINE
  5
1578
  100
AcDbEntity
  8
Top-Silkscreen-Layer
  100
AcDbPolyline
  90
2
  70
1
  43
0.25400050800101603
  10
10.79502159004318
  20
-2.54000508001016
  42
1
  10
12.065024130048261
  20
-2.54000508001016
  42
1
  0
HATCH
  5
1146
  100
AcDbEntity
  8
Top-Solder-Mask-Layer
  100
AcDbHatch
  10
0
  20
0
  30
0
  210
0
  220
0
  230
1
  2
SOLID
  70
1
  71
0
  91
1
  92
7
  72
1
  73
1
  93
2
  10
0.5849885699771398
  20
-22.860045720091442
  42
1
  10
4.49502159004318
  20
-22.860045720091442
  42
1
  97
1
  330
1145
  75
0
  76
1
  47
0.8681437583925616
  98
1
  10
3.629517071192367
  20
33.92795499968543
  450
0
  451
0
  460
0
  461
0
  452
1
  462
1
  453
2
  463
0
  63
5
  421
255
  463
1
  63
7
  421
16777215
  470
LINEAR
  1001
ACAD
  1010
0
  1020
0
  1030
0
  0
LWPOLYLINE
  5
1147
  100
AcDbEntity
  8
Top-Solder-Mask-Layer
  100
AcDbPolyline
  90
4
  70
0
  43
0
  10
0.58498856997714
  20
-22.86004569783766
  42
1
  10
4.495021590043181
  20
-22.86004573903655
  10
4.495021590043181
  20
-22.860045742345225
  42
1
  10
0.5849885699771404
  20
-22.860045701146333
  0
HATCH
  5
1176
  100
AcDbEntity
  8
Top-Solder-Mask-Layer
  100
AcDbHatch
  10
0
  20
0
  30
0
  210
0
  220
0
  230
1
  2
SOLID
  70
1
  71
0
  91
1
  92
7
  72
1
  73
1
  93
2
  10
8.20500381000762
  20
-22.860045720091442
  42
1
  10
12.115036830073661
  20
-22.860045720091442
  42
1
  97
1
  330
1175
  75
0
  76
1
  47
0.8681437583925616
  98
1
  10
3.629517071192367
  20
33.92795499968543
  450
0
  451
0
  460
0
  461
0
  452
1
  462
1
  453
2
  463
0
  63
5
  421
255
  463
1
  63
7
  421
16777215
  470
LINEAR
  1001
ACAD
  1010
0
  1020
0
  1030
0
  0
LWPOLYLINE
  5
1177
  100
AcDbEntity
  8
Top-Solder-Mask-Layer
  100
AcDbPolyline
  90
4
  70
0
  43
0
  10
8.205003810007621
  20
-22.86004569783766
  42
1
  10
12.115036830073661
  20
-22.86004573903655
  10
12.115036830073661
  20
-22.860045742345225
  42
1
  10
8.205003810007621
  20
-22.860045701146333
  0
HATCH
  5
1193
  100
AcDbEntity
  8
Top-Solder-Mask-Layer
  100
AcDbHatch
  10
0
  20
0
  30
0
  210
0
  220
0
  230
1
  2
SOLID
  70
1
  71
0
  91
1
  92
7
  72
0
  73
1
  93
4
  10
0.2993268986537974
  20
-14.452832105664212
  10
0.2993268986537974
  20
-13.487223774447552
  10
1.20740411480823
  20
-13.487223774447552
  10
1.20740411480823
  20
-14.452832105664212
  97
1
  330
1192
  75
0
  76
1
  47
0.4128176842155181
  98
1
  10
34.90568961886538
  20
22.81183545379326
  450
0
  451
0
  460
0
  461
0
  452
1
  462
1
  453
2
  463
0
  63
5
  421
255
  463
1
  63
7
  421
16777215
  470
LINEAR
  1001
ACAD
  1010
0
  1020
0
  1030
0
  0
LWPOLYLINE
  5
1192
  100
AcDbEntity
  8
Top-Solder-Mask-Layer
  100
AcDbPolyline
  90
4
  70
1
  43
0
  10
0.2993268986537974
  20
-14.452832105664212
  10
0.2993268986537974
  20
-13.487223774447552
  10
1.20740411480823
  20
-13.487223774447552
  10
1.20740411480823
  20
-14.452832105664212
  0
HATCH
  5
1197
  100
AcDbEntity
  8
Top-Solder-Mask-Layer
  100
AcDbHatch
  10
0
  20
0
  30
0
  210
0
  220
0
  230
1
  2
SOLID
  70
1
  71
0
  91
1
  92
7
  72
0
  73
1
  93
4
  10
-1.20740411480823
  20
-14.452832105664212
  10
-1.20740411480823
  20
-13.487223774447552
  10
-0.2993268986537974
  20
-13.487223774447552
  10
-0.2993268986537974
  20
-14.452832105664212
  97
1
  330
1196
  75
0
  76
1
  47
0.4128176842155181
  98
1
  10
34.90568961886538
  20
22.81183545379326
  450
0
  451
0
  460
0
  461
0
  452
1
  462
1
  453
2
  463
0
  63
5
  421
255
  463
1
  63
7
  421
16777215
  470
LINEAR
  1001
ACAD
  1010
0
  1020
0
  1030
0
  0
LWPOLYLINE
  5
1196
  100
AcDbEntity
  8
Top-Solder-Mask-Layer
  100
AcDbPolyline
  90
4
  70
1
  43
0
  10
-1.20740411480823
  20
-14.452832105664212
  10
-1.20740411480823
  20
-13.487223774447552
  10
-0.2993268986537974
  20
-13.487223774447552
  10
-0.2993268986537974
  20
-14.452832105664212
  0
HATCH
  5
1201
  100
AcDbEntity
  8
Top-Solder-Mask-Layer
  100
AcDbHatch
  10
0
  20
0
  30
0
  210
0
  220
0
  230
1
  2
SOLID
  70
1
  71
0
  91
1
  92
7
  72
0
  73
1
  93
4
  10
0.2993268986537974
  20
-9.372821945643892
  10
0.2993268986537974
  20
-8.407213614427231
  10
1.20740411480823
  20
-8.407213614427231
  10
1.20740411480823
  20
-9.372821945643892
  97
1
  330
1200
  75
0
  76
1
  47
0.4128176842155181
  98
1
  10
34.90568961886538
  20
22.81183545379326
  450
0
  451
0
  460
0
  461
0
  452
1
  462
1
  453
2
  463
0
  63
5
  421
255
  463
1
  63
7
  421
16777215
  470
LINEAR
  1001
ACAD
  1010
0
  1020
0
  1030
0
  0
LWPOLYLINE
  5
1200
  100
AcDbEntity
  8
Top-Solder-Mask-Layer
  100
AcDbPolyline
  90
4
  70
1
  43
0
  10
0.2993268986537974
  20
-9.372821945643892
  10
0.2993268986537974
  20
-8.407213614427231
  10
1.20740411480823
  20
-8.407213614427231
  10
1.20740411480823
  20
-9.372821945643892
  0
HATCH
  5
1205
  100
AcDbEntity
  8
Top-Solder-Mask-Layer
  100
AcDbHatch
  10
0
  20
0
  30
0
  210
0
  220
0
  230
1
  2
SOLID
  70
1
  71
0
  91
1
  92
7
  72
0
  73
1
  93
4
  10
-1.20740411480823
  20
-9.372821945643892
  10
-1.20740411480823
  20
-8.407213614427231
  10
-0.2993268986537974
  20
-8.407213614427231
  10
-0.2993268986537974
  20
-9.372821945643892
  97
1
  330
1204
  75
0
  76
1
  47
0.4128176842155181
  98
1
  10
34.90568961886538
  20
22.81183545379326
  450
0
  451
0
  460
0
  461
0
  452
1
  462
1
  453
2
  463
0
  63
5
  421
255
  463
1
  63
7
  421
16777215
  470
LINEAR
  1001
ACAD
  1010
0
  1020
0
  1030
0
  0
LWPOLYLINE
  5
1204
  100
AcDbEntity
  8
Top-Solder-Mask-Layer
  100
AcDbPolyline
  90
4
  70
1
  43
0
  10
-1.20740411480823
  20
-9.372821945643892
  10
-1.20740411480823
  20
-8.407213614427231
  10
-0.2993268986537974
  20
-8.407213614427231
  10
-0.2993268986537974
  20
-9.372821945643892
  0
HATCH
  5
1209
  100
AcDbEntity
  8
Top-Solder-Mask-Layer
  100
AcDbHatch
  10
0
  20
0
  30
0
  210
0
  220
0
  230
1
  2
SOLID
  70
1
  71
0
  91
1
  92
7
  72
0
  73
1
  93
4
  10
11.729349758699518
  20
-9.372821945643892
  10
11.729349758699518
  20
-8.407213614427231
  10
12.637426974853952
  20
-8.407213614427231
  10
12.637426974853952
  20
-9.372821945643892
  97
1
  330
1208
  75
0
  76
1
  47
0.4128176842155181
  98
1
  10
34.90568961886538
  20
22.81183545379326
  450
0
  451
0
  460
0
  461
0
  452
1
  462
1
  453
2
  463
0
  63
5
  421
255
  463
1
  63
7
  421
16777215
  470
LINEAR
  1001
ACAD
  1010
0
  1020
0
  1030
0
  0
LWPOLYLINE
  5
1208
  100
AcDbEntity
  8
Top-Solder-Mask-Layer
  100
AcDbPolyline
  90
4
  70
1
  43
0
  10
11.729349758699518
  20
-9.372821945643892
  10
11.729349758699518
  20
-8.407213614427231
  10
12.637426974853952
  20
-8.407213614427231
  10
12.637426974853952
  20
-9.372821945643892
  0
HATCH
  5
1213
  100
AcDbEntity
  8
Top-Solder-Mask-Layer
  100
AcDbHatch
  10
0
  20
0
  30
0
  210
0
  220
0
  230
1
  2
SOLID
  70
1
  71
0
  91
1
  92
7
  72
0
  73
1
  93
4
  10
10.22261874523749
  20
-9.372821945643892
  10
10.22261874523749
  20
-8.407213614427231
  10
11.130695961391925
  20
-8.407213614427231
  10
11.130695961391925
  20
-9.372821945643892
  97
1
  330
1212
  75
0
  76
1
  47
0.4128176842155181
  98
1
  10
34.90568961886538
  20
22.81183545379326
  450
0
  451
0
  460
0
  461
0
  452
1
  462
1
  453
2
  463
0
  63
5
  421
255
  463
1
  63
7
  421
16777215
  470
LINEAR
  1001
ACAD
  1010
0
  1020
0
  1030
0
  0
LWPOLYLINE
  5
1212
  100
AcDbEntity
  8
Top-Solder-Mask-Layer
  100
AcDbPolyline
  90
4
  70
1
  43
0
  10
10.22261874523749
  20
-9.372821945643892
  10
10.22261874523749
  20
-8.407213614427231
  10
11.130695961391925
  20
-8.407213614427231
  10
11.130695961391925
  20
-9.372821945643892
  0
HATCH
  5
1230
  100
AcDbEntity
  8
Top-Solder-Mask-Layer
  100
AcDbHatch
  10
0
  20
0
  30
0
  210
0
  220
0
  230
1
  2
SOLID
  70
1
  71
0
  91
1
  92
7
  72
1
  73
1
  93
2
  10
7.696215392430786
  20
-12.700025400050801
  42
1
  10
8.813817627635256
  20
-12.700025400050801
  42
1
  97
1
  330
1229
  75
0
  76
1
  47
0.8681437583925616
  98
1
  10
3.629517071192367
  20
33.92795499968543
  450
0
  451
0
  460
0
  461
0
  452
1
  462
1
  453
2
  463
0
  63
5
  421
255
  463
1
  63
7
  421
16777215
  470
LINEAR
  1001
ACAD
  1010
0
  1020
0
  1030
0
  0
LWPOLYLINE
  5
1231
  100
AcDbEntity
  8
Top-Solder-Mask-Layer
  100
AcDbPolyline
  90
2
  70
1
  43
0
  10
7.696215392430786
  20
-12.700025400050801
  42
1
  10
8.813817627635258
  20
-12.700025400050801
  42
1
  0
HATCH
  5
1260
  100
AcDbEntity
  8
Top-Solder-Mask-Layer
  100
AcDbHatch
  10
0
  20
0
  30
0
  210
0
  220
0
  230
1
  2
SOLID
  70
1
  71
0
  91
1
  92
7
  72
1
  73
1
  93
2
  10
6.426212852425706
  20
-12.700025400050801
  42
1
  10
7.543815087630176
  20
-12.700025400050801
  42
1
  97
1
  330
1259
  75
0
  76
1
  47
0.8681437583925616
  98
1
  10
3.629517071192367
  20
33.92795499968543
  450
0
  451
0
  460
0
  461
0
  452
1
  462
1
  453
2
  463
0
  63
5
  421
255
  463
1
  63
7
  421
16777215
  470
LINEAR
  1001
ACAD
  1010
0
  1020
0
  1030
0
  0
LWPOLYLINE
  5
1261
  100
AcDbEntity
  8
Top-Solder-Mask-Layer
  100
AcDbPolyline
  90
4
  70
0
  43
0
  10
6.426212852425706
  20
-12.7000253990854
  42
1
  10
7.543815087630176
  20
-12.700025401396548
  10
7.543815087630176
  20
-12.700025401016203
  42
1
  10
6.426212852425706
  20
-12.700025398705055
  0
HATCH
  5
1290
  100
AcDbEntity
  8
Top-Solder-Mask-Layer
  100
AcDbHatch
  10
0
  20
0
  30
0
  210
0
  220
0
  230
1
  2
SOLID
  70
1
  71
0
  91
1
  92
7
  72
1
  73
1
  93
2
  10
5.166116332232665
  20
-12.700025400050801
  42
1
  10
6.283718567437136
  20
-12.700025400050801
  42
1
  97
1
  330
1289
  75
0
  76
1
  47
0.8681437583925616
  98
1
  10
3.629517071192367
  20
33.92795499968543
  450
0
  451
0
  460
0
  461
0
  452
1
  462
1
  453
2
  463
0
  63
5
  421
255
  463
1
  63
7
  421
16777215
  470
LINEAR
  1001
ACAD
  1010
0
  1020
0
  1030
0
  0
LWPOLYLINE
  5
1291
  100
AcDbEntity
  8
Top-Solder-Mask-Layer
  100
AcDbPolyline
  90
4
  70
0
  43
0
  10
5.166116332232666
  20
-12.7000253990854
  42
1
  10
6.283718567437136
  20
-12.700025401396548
  10
6.283718567437136
  20
-12.700025401016203
  42
1
  10
5.166116332232666
  20
-12.700025398705055
  0
HATCH
  5
1320
  100
AcDbEntity
  8
Top-Solder-Mask-Layer
  100
AcDbHatch
  10
0
  20
0
  30
0
  210
0
  220
0
  230
1
  2
SOLID
  70
1
  71
0
  91
1
  92
7
  72
1
  73
1
  93
2
  10
3.9161798323596653
  20
-12.700025400050801
  42
1
  10
5.033782067564136
  20
-12.700025400050801
  42
1
  97
1
  330
1319
  75
0
  76
1
  47
0.8681437583925616
  98
1
  10
3.629517071192367
  20
33.92795499968543
  450
0
  451
0
  460
0
  461
0
  452
1
  462
1
  453
2
  463
0
  63
5
  421
255
  463
1
  63
7
  421
16777215
  470
LINEAR
  1001
ACAD
  1010
0
  1020
0
  1030
0
  0
LWPOLYLINE
  5
1321
  100
AcDbEntity
  8
Top-Solder-Mask-Layer
  100
AcDbPolyline
  90
4
  70
0
  43
0
  10
3.9161798323596657
  20
-12.7000253990854
  42
1
  10
5.033782067564136
  20
-12.700025401396548
  10
5.033782067564136
  20
-12.700025401016203
  42
1
  10
3.9161798323596657
  20
-12.700025398705055
  0
HATCH
  5
1350
  100
AcDbEntity
  8
Top-Solder-Mask-Layer
  100
AcDbHatch
  10
0
  20
0
  30
0
  210
0
  220
0
  230
1
  2
SOLID
  70
1
  71
0
  91
1
  92
7
  72
1
  73
1
  93
2
  10
0.35560071120142234
  20
-3.8100076200152406
  42
1
  10
2.184404368808738
  20
-3.8100076200152406
  42
1
  97
1
  330
1349
  75
0
  76
1
  47
0.8681437583925616
  98
1
  10
3.629517071192367
  20
33.92795499968543
  450
0
  451
0
  460
0
  461
0
  452
1
  462
1
  453
2
  463
0
  63
5
  421
255
  463
1
  63
7
  421
16777215
  470
LINEAR
  1001
ACAD
  1010
0
  1020
0
  1030
0
  0
LWPOLYLINE
  5
1351
  100
AcDbEntity
  8
Top-Solder-Mask-Layer
  100
AcDbPolyline
  90
4
  70
0
  43
0
  10
0.35560071120142256
  20
-3.8100076168191004
  42
1
  10
2.184404368808738
  20
-3.810007625617882
  10
2.184404368808738
  20
-3.8100076232113804
  42
1
  10
0.35560071120142267
  20
-3.8100076144125996
  0
HATCH
  5
1380
  100
AcDbEntity
  8
Top-Solder-Mask-Layer
  100
AcDbHatch
  10
0
  20
0
  30
0
  210
0
  220
0
  230
1
  2
SOLID
  70
1
  71
0
  91
1
  92
7
  72
1
  73
1
  93
2
  10
2.895605791211583
  20
-3.8100076200152406
  42
1
  10
4.724409448818898
  20
-3.8100076200152406
  42
1
  97
1
  330
1379
  75
0
  76
1
  47
0.8681437583925616
  98
1
  10
3.629517071192367
  20
33.92795499968543
  450
0
  451
0
  460
0
  461
0
  452
1
  462
1
  453
2
  463
0
  63
5
  421
255
  463
1
  63
7
  421
16777215
  470
LINEAR
  1001
ACAD
  1010
0
  1020
0
  1030
0
  0
LWPOLYLINE
  5
1381
  100
AcDbEntity
  8
Top-Solder-Mask-Layer
  100
AcDbPolyline
  90
2
  70
1
  43
0
  10
2.8956057912115827
  20
-3.8100076200152406
  42
1
  10
4.724409448818899
  20
-3.8100076200152406
  42
1
  0
HATCH
  5
1410
  100
AcDbEntity
  8
Top-Solder-Mask-Layer
  100
AcDbHatch
  10
0
  20
0
  30
0
  210
0
  220
0
  230
1
  2
SOLID
  70
1
  71
0
  91
1
  92
7
  72
1
  73
1
  93
2
  10
5.435610871221743
  20
-3.8100076200152406
  42
1
  10
7.264414528829058
  20
-3.8100076200152406
  42
1
  97
1
  330
1409
  75
0
  76
1
  47
0.8681437583925616
  98
1
  10
3.629517071192367
  20
33.92795499968543
  450
0
  451
0
  460
0
  461
0
  452
1
  462
1
  453
2
  463
0
  63
5
  421
255
  463
1
  63
7
  421
16777215
  470
LINEAR
  1001
ACAD
  1010
0
  1020
0
  1030
0
  0
LWPOLYLINE
  5
1411
  100
AcDbEntity
  8
Top-Solder-Mask-Layer
  100
AcDbPolyline
  90
2
  70
1
  43
0
  10
5.435610871221742
  20
-3.8100076200152406
  42
1
  10
7.264414528829059
  20
-3.8100076200152406
  42
1
  0
HATCH
  5
1440
  100
AcDbEntity
  8
Top-Solder-Mask-Layer
  100
AcDbHatch
  10
0
  20
0
  30
0
  210
0
  220
0
  230
1
  2
SOLID
  70
1
  71
0
  91
1
  92
7
  72
1
  73
1
  93
2
  10
7.975615951231904
  20
-3.8100076200152406
  42
1
  10
9.80441960883922
  20
-3.8100076200152406
  42
1
  97
1
  330
1439
  75
0
  76
1
  47
0.8681437583925616
  98
1
  10
3.629517071192367
  20
33.92795499968543
  450
0
  451
0
  460
0
  461
0
  452
1
  462
1
  453
2
  463
0
  63
5
  421
255
  463
1
  63
7
  421
16777215
  470
LINEAR
  1001
ACAD
  1010
0
  1020
0
  1030
0
  0
LWPOLYLINE
  5
1441
  100
AcDbEntity
  8
Top-Solder-Mask-Layer
  100
AcDbPolyline
  90
2
  70
1
  43
0
  10
7.975615951231903
  20
-3.8100076200152406
  42
1
  10
9.80441960883922
  20
-3.8100076200152406
  42
1
  0
HATCH
  5
1470
  100
AcDbEntity
  8
Top-Solder-Mask-Layer
  100
AcDbHatch
  10
0
  20
0
  30
0
  210
0
  220
0
  230
1
  2
SOLID
  70
1
  71
0
  91
1
  92
7
  72
1
  73
1
  93
2
  10
10.515621031242063
  20
-3.8100076200152406
  42
1
  10
12.34442468884938
  20
-3.8100076200152406
  42
1
  97
1
  330
1469
  75
0
  76
1
  47
0.8681437583925616
  98
1
  10
3.629517071192367
  20
33.92795499968543
  450
0
  451
0
  460
0
  461
0
  452
1
  462
1
  453
2
  463
0
  63
5
  421
255
  463
1
  63
7
  421
16777215
  470
LINEAR
  1001
ACAD
  1010
0
  1020
0
  1030
0
  0
LWPOLYLINE
  5
1471
  100
AcDbEntity
  8
Top-Solder-Mask-Layer
  100
AcDbPolyline
  90
2
  70
1
  43
0
  10
10.515621031242063
  20
-3.8100076200152406
  42
1
  10
12.34442468884938
  20
-3.8100076200152406
  42
1
  0
HATCH
  5
1064
  100
AcDbEntity
  8
Top-Paste-Mask-Layer
  100
AcDbHatch
  10
0
  20
0
  30
0
  210
0
  220
0
  230
1
  2
SOLID
  70
1
  71
0
  91
1
  92
7
  72
0
  73
1
  93
12
  10
1.1950215900431804
  20
-13.520040640081282
  10
1.2450088900177803
  20
-13.570053340106682
  10
1.2450088900177803
  20
-14.370053340106683
  10
1.1950215900431804
  20
-14.420040640081282
  10
0.3950215900431801
  20
-14.420040640081282
  10
0.34500889001778007
  20
-14.370053340106683
  10
0.34500889001778007
  20
-14.128016256032513
  10
0.7150114300228602
  20
-14.128016256032513
  10
0.7150114300228602
  20
-13.798018796037594
  10
0.34500889001778007
  20
-13.798018796037594
  10
0.34500889001778007
  20
-13.570053340106682
  10
0.3950215900431801
  20
-13.520040640081282
  97
1
  330
1063
  75
0
  76
1
  47
0.4128176842155181
  98
1
  10
34.90568961886538
  20
22.81183545379326
  450
0
  451
0
  460
0
  461
0
  452
1
  462
1
  453
2
  463
0
  63
5
  421
255
  463
1
  63
7
  421
16777215
  470
LINEAR
  1001
ACAD
  1010
0
  1020
0
  1030
0
  0
LWPOLYLINE
  5
1063
  100
AcDbEntity
  8
Top-Paste-Mask-Layer
  100
AcDbPolyline
  90
12
  70
1
  43
0.005080010160020321
  10
1.1950215900431804
  20
-13.520040640081282
  10
1.2450088900177803
  20
-13.570053340106682
  10
1.2450088900177803
  20
-14.370053340106683
  10
1.1950215900431804
  20
-14.420040640081282
  10
0.3950215900431801
  20
-14.420040640081282
  10
0.34500889001778007
  20
-14.370053340106683
  10
0.34500889001778007
  20
-14.128016256032513
  10
0.7150114300228602
  20
-14.128016256032513
  10
0.7150114300228602
  20
-13.798018796037594
  10
0.34500889001778007
  20
-13.798018796037594
  10
0.34500889001778007
  20
-13.570053340106682
  10
0.3950215900431801
  20
-13.520040640081282
  0
HATCH
  5
1066
  100
AcDbEntity
  8
Top-Paste-Mask-Layer
  100
AcDbHatch
  10
0
  20
0
  30
0
  210
0
  220
0
  230
1
  2
SOLID
  70
1
  71
0
  91
1
  92
7
  72
0
  73
1
  93
12
  10
-1.1950215900431804
  20
-14.420015240030482
  10
-1.2450088900177803
  20
-14.370002540005082
  10
-1.2450088900177803
  20
-13.570002540005081
  10
-1.1950215900431804
  20
-13.520015240030482
  10
-0.3950215900431801
  20
-13.520015240030482
  10
-0.34500889001778007
  20
-13.570002540005081
  10
-0.34500889001778007
  20
-13.81203962407925
  10
-0.7150114300228602
  20
-13.81203962407925
  10
-0.7150114300228602
  20
-14.14203708407417
  10
-0.34500889001778007
  20
-14.14203708407417
  10
-0.34500889001778007
  20
-14.370002540005082
  10
-0.3950215900431801
  20
-14.420015240030482
  97
1
  330
1065
  75
0
  76
1
  47
0.4128176842155181
  98
1
  10
34.90568961886538
  20
22.81183545379326
  450
0
  451
0
  460
0
  461
0
  452
1
  462
1
  453
2
  463
0
  63
5
  421
255
  463
1
  63
7
  421
16777215
  470
LINEAR
  1001
ACAD
  1010
0
  1020
0
  1030
0
  0
LWPOLYLINE
  5
1065
  100
AcDbEntity
  8
Top-Paste-Mask-Layer
  100
AcDbPolyline
  90
12
  70
1
  43
0.005080010160020321
  10
-1.1950215900431804
  20
-14.420015240030482
  10
-1.2450088900177803
  20
-14.370002540005082
  10
-1.2450088900177803
  20
-13.570002540005081
  10
-1.1950215900431804
  20
-13.520015240030482
  10
-0.3950215900431801
  20
-13.520015240030482
  10
-0.34500889001778007
  20
-13.570002540005081
  10
-0.34500889001778007
  20
-13.81203962407925
  10
-0.7150114300228602
  20
-13.81203962407925
  10
-0.7150114300228602
  20
-14.14203708407417
  10
-0.34500889001778007
  20
-14.14203708407417
  10
-0.34500889001778007
  20
-14.370002540005082
  10
-0.3950215900431801
  20
-14.420015240030482
  0
HATCH
  5
1074
  100
AcDbEntity
  8
Top-Paste-Mask-Layer
  100
AcDbHatch
  10
0
  20
0
  30
0
  210
0
  220
0
  230
1
  2
SOLID
  70
1
  71
0
  91
1
  92
7
  72
0
  73
1
  93
12
  10
1.1950215900431804
  20
-8.440030480060962
  10
1.2450088900177803
  20
-8.490043180086362
  10
1.2450088900177803
  20
-9.29004318008636
  10
1.1950215900431804
  20
-9.340030480060962
  10
0.3950215900431801
  20
-9.340030480060962
  10
0.34500889001778007
  20
-9.29004318008636
  10
0.34500889001778007
  20
-9.048006096012193
  10
0.7150114300228602
  20
-9.048006096012193
  10
0.7150114300228602
  20
-8.718008636017274
  10
0.34500889001778007
  20
-8.718008636017274
  10
0.34500889001778007
  20
-8.490043180086362
  10
0.3950215900431801
  20
-8.440030480060962
  97
1
  330
1073
  75
0
  76
1
  47
0.4128176842155181
  98
1
  10
34.90568961886538
  20
22.81183545379326
  450
0
  451
0
  460
0
  461
0
  452
1
  462
1
  453
2
  463
0
  63
5
  421
255
  463
1
  63
7
  421
16777215
  470
LINEAR
  1001
ACAD
  1010
0
  1020
0
  1030
0
  0
LWPOLYLINE
  5
1073
  100
AcDbEntity
  8
Top-Paste-Mask-Layer
  100
AcDbPolyline
  90
12
  70
1
  43
0.005080010160020321
  10
1.1950215900431804
  20
-8.440030480060962
  10
1.2450088900177803
  20
-8.490043180086362
  10
1.2450088900177803
  20
-9.29004318008636
  10
1.1950215900431804
  20
-9.340030480060962
  10
0.3950215900431801
  20
-9.340030480060962
  10
0.34500889001778007
  20
-9.29004318008636
  10
0.34500889001778007
  20
-9.048006096012193
  10
0.7150114300228602
  20
-9.048006096012193
  10
0.7150114300228602
  20
-8.718008636017274
  10
0.34500889001778007
  20
-8.718008636017274
  10
0.34500889001778007
  20
-8.490043180086362
  10
0.3950215900431801
  20
-8.440030480060962
  0
HATCH
  5
1076
  100
AcDbEntity
  8
Top-Paste-Mask-Layer
  100
AcDbHatch
  10
0
  20
0
  30
0
  210
0
  220
0
  230
1
  2
SOLID
  70
1
  71
0
  91
1
  92
7
  72
0
  73
1
  93
12
  10
-1.1950215900431804
  20
-9.340005080010162
  10
-1.2450088900177803
  20
-9.289992379984762
  10
-1.2450088900177803
  20
-8.489992379984761
  10
-1.1950215900431804
  20
-8.44000508001016
  10
-0.3950215900431801
  20
-8.44000508001016
  10
-0.34500889001778007
  20
-8.489992379984761
  10
-0.34500889001778007
  20
-8.732029464058929
  10
-0.7150114300228602
  20
-8.732029464058929
  10
-0.7150114300228602
  20
-9.06202692405385
  10
-0.34500889001778007
  20
-9.06202692405385
  10
-0.34500889001778007
  20
-9.289992379984762
  10
-0.3950215900431801
  20
-9.340005080010162
  97
1
  330
1075
  75
0
  76
1
  47
0.4128176842155181
  98
1
  10
34.90568961886538
  20
22.81183545379326
  450
0
  451
0
  460
0
  461
0
  452
1
  462
1
  453
2
  463
0
  63
5
  421
255
  463
1
  63
7
  421
16777215
  470
LINEAR
  1001
ACAD
  1010
0
  1020
0
  1030
0
  0
LWPOLYLINE
  5
1075
  100
AcDbEntity
  8
Top-Paste-Mask-Layer
  100
AcDbPolyline
  90
12
  70
1
  43
0.005080010160020321
  10
-1.1950215900431804
  20
-9.340005080010162
  10
-1.2450088900177803
  20
-9.289992379984762
  10
-1.2450088900177803
  20
-8.489992379984761
  10
-1.1950215900431804
  20
-8.44000508001016
  10
-0.3950215900431801
  20
-8.44000508001016
  10
-0.34500889001778007
  20
-8.489992379984761
  10
-0.34500889001778007
  20
-8.732029464058929
  10
-0.7150114300228602
  20
-8.732029464058929
  10
-0.7150114300228602
  20
-9.06202692405385
  10
-0.34500889001778007
  20
-9.06202692405385
  10
-0.34500889001778007
  20
-9.289992379984762
  10
-0.3950215900431801
  20
-9.340005080010162
  0
HATCH
  5
1084
  100
AcDbEntity
  8
Top-Paste-Mask-Layer
  100
AcDbHatch
  10
0
  20
0
  30
0
  210
0
  220
0
  230
1
  2
SOLID
  70
1
  71
0
  91
1
  92
7
  72
0
  73
1
  93
12
  10
12.625044450088902
  20
-8.440030480060962
  10
12.675031750063502
  20
-8.490043180086362
  10
12.675031750063502
  20
-9.29004318008636
  10
12.625044450088902
  20
-9.340030480060962
  10
11.825044450088901
  20
-9.340030480060962
  10
11.775031750063501
  20
-9.29004318008636
  10
11.775031750063501
  20
-9.048006096012193
  10
12.145034290068581
  20
-9.048006096012193
  10
12.145034290068581
  20
-8.718008636017274
  10
11.775031750063501
  20
-8.718008636017274
  10
11.775031750063501
  20
-8.490043180086362
  10
11.825044450088901
  20
-8.440030480060962
  97
1
  330
1083
  75
0
  76
1
  47
0.4128176842155181
  98
1
  10
34.90568961886538
  20
22.81183545379326
  450
0
  451
0
  460
0
  461
0
  452
1
  462
1
  453
2
  463
0
  63
5
  421
255
  463
1
  63
7
  421
16777215
  470
LINEAR
  1001
ACAD
  1010
0
  1020
0
  1030
0
  0
LWPOLYLINE
  5
1083
  100
AcDbEntity
  8
Top-Paste-Mask-Layer
  100
AcDbPolyline
  90
12
  70
1
  43
0.005080010160020321
  10
12.625044450088902
  20
-8.440030480060962
  10
12.675031750063502
  20
-8.490043180086362
  10
12.675031750063502
  20
-9.29004318008636
  10
12.625044450088902
  20
-9.340030480060962
  10
11.825044450088901
  20
-9.340030480060962
  10
11.775031750063501
  20
-9.29004318008636
  10
11.775031750063501
  20
-9.048006096012193
  10
12.145034290068581
  20
-9.048006096012193
  10
12.145034290068581
  20
-8.718008636017274
  10
11.775031750063501
  20
-8.718008636017274
  10
11.775031750063501
  20
-8.490043180086362
  10
11.825044450088901
  20
-8.440030480060962
  0
HATCH
  5
1086
  100
AcDbEntity
  8
Top-Paste-Mask-Layer
  100
AcDbHatch
  10
0
  20
0
  30
0
  210
0
  220
0
  230
1
  2
SOLID
  70
1
  71
0
  91
1
  92
7
  72
0
  73
1
  93
12
  10
10.235001270002542
  20
-9.340005080010162
  10
10.18501397002794
  20
-9.289992379984762
  10
10.18501397002794
  20
-8.489992379984761
  10
10.235001270002542
  20
-8.44000508001016
  10
11.035001270002542
  20
-8.44000508001016
  10
11.08501397002794
  20
-8.489992379984761
  10
11.08501397002794
  20
-8.732029464058929
  10
10.715011430022862
  20
-8.732029464058929
  10
10.715011430022862
  20
-9.06202692405385
  10
11.08501397002794
  20
-9.06202692405385
  10
11.08501397002794
  20
-9.289992379984762
  10
11.035001270002542
  20
-9.340005080010162
  97
1
  330
1085
  75
0
  76
1
  47
0.4128176842155181
  98
1
  10
34.90568961886538
  20
22.81183545379326
  450
0
  451
0
  460
0
  461
0
  452
1
  462
1
  453
2
  463
0
  63
5
  421
255
  463
1
  63
7
  421
16777215
  470
LINEAR
  1001
ACAD
  1010
0
  1020
0
  1030
0
  0
LWPOLYLINE
  5
1085
  100
AcDbEntity
  8
Top-Paste-Mask-Layer
  100
AcDbPolyline
  90
12
  70
1
  43
0.005080010160020321
  10
10.235001270002542
  20
-9.340005080010162
  10
10.18501397002794
  20
-9.289992379984762
  10
10.18501397002794
  20
-8.489992379984761
  10
10.235001270002542
  20
-8.44000508001016
  10
11.035001270002542
  20
-8.44000508001016
  10
11.08501397002794
  20
-8.489992379984761
  10
11.08501397002794
  20
-8.732029464058929
  10
10.715011430022862
  20
-8.732029464058929
  10
10.715011430022862
  20
-9.06202692405385
  10
11.08501397002794
  20
-9.06202692405385
  10
11.08501397002794
  20
-9.289992379984762
  10
11.035001270002542
  20
-9.340005080010162
  0
HATCH
  5
1149
  100
AcDbEntity
  8
Top-Paste-Mask-Layer
  100
AcDbHatch
  10
0
  20
0
  30
0
  210
0
  220
0
  230
1
  2
SOLID
  70
1
  71
0
  91
1
  92
7
  72
1
  73
1
  93
2
  10
0.6350012700025398
  20
-22.860045720091442
  42
1
  10
4.44500889001778
  20
-22.860045720091442
  42
1
  97
1
  330
1148
  75
0
  76
1
  47
0.8681437583925616
  98
1
  10
3.629517071192367
  20
33.92795499968543
  450
0
  451
0
  460
0
  461
0
  452
1
  462
1
  453
2
  463
0
  63
5
  421
255
  463
1
  63
7
  421
16777215
  470
LINEAR
  1001
ACAD
  1010
0
  1020
0
  1030
0
  0
LWPOLYLINE
  5
1150
  100
AcDbEntity
  8
Top-Paste-Mask-Layer
  100
AcDbPolyline
  90
2
  70
1
  43
0
  10
0.63500127000254
  20
-22.860045720091442
  42
1
  10
4.445008890017781
  20
-22.860045720091442
  42
1
  0
HATCH
  5
1179
  100
AcDbEntity
  8
Top-Paste-Mask-Layer
  100
AcDbHatch
  10
0
  20
0
  30
0
  210
0
  220
0
  230
1
  2
SOLID
  70
1
  71
0
  91
1
  92
7
  72
1
  73
1
  93
2
  10
8.25501651003302
  20
-22.860045720091442
  42
1
  10
12.065024130048261
  20
-22.860045720091442
  42
1
  97
1
  330
1178
  75
0
  76
1
  47
0.8681437583925616
  98
1
  10
3.629517071192367
  20
33.92795499968543
  450
0
  451
0
  460
0
  461
0
  452
1
  462
1
  453
2
  463
0
  63
5
  421
255
  463
1
  63
7
  421
16777215
  470
LINEAR
  1001
ACAD
  1010
0
  1020
0
  1030
0
  0
LWPOLYLINE
  5
1180
  100
AcDbEntity
  8
Top-Paste-Mask-Layer
  100
AcDbPolyline
  90
2
  70
1
  43
0
  10
8.255016510033022
  20
-22.860045720091442
  42
1
  10
12.065024130048261
  20
-22.860045720091442
  42
1
  0
HATCH
  5
1233
  100
AcDbEntity
  8
Top-Paste-Mask-Layer
  100
AcDbHatch
  10
0
  20
0
  30
0
  210
0
  220
0
  230
1
  2
SOLID
  70
1
  71
0
  91
1
  92
7
  72
1
  73
1
  93
2
  10
7.74701549403099
  20
-12.700025400050801
  42
1
  10
8.763017526035053
  20
-12.700025400050801
  42
1
  97
1
  330
1232
  75
0
  76
1
  47
0.8681437583925616
  98
1
  10
3.629517071192367
  20
33.92795499968543
  450
0
  451
0
  460
0
  461
0
  452
1
  462
1
  453
2
  463
0
  63
5
  421
255
  463
1
  63
7
  421
16777215
  470
LINEAR
  1001
ACAD
  1010
0
  1020
0
  1030
0
  0
LWPOLYLINE
  5
1234
  100
AcDbEntity
  8
Top-Paste-Mask-Layer
  100
AcDbPolyline
  90
2
  70
1
  43
0
  10
7.747015494030989
  20
-12.700025400050801
  42
1
  10
8.763017526035053
  20
-12.700025400050801
  42
1
  0
HATCH
  5
1263
  100
AcDbEntity
  8
Top-Paste-Mask-Layer
  100
AcDbHatch
  10
0
  20
0
  30
0
  210
0
  220
0
  230
1
  2
SOLID
  70
1
  71
0
  91
1
  92
7
  72
1
  73
1
  93
2
  10
6.477012954025909
  20
-12.700025400050801
  42
1
  10
7.493014986029973
  20
-12.700025400050801
  42
1
  97
1
  330
1262
  75
0
  76
1
  47
0.8681437583925616
  98
1
  10
3.629517071192367
  20
33.92795499968543
  450
0
  451
0
  460
0
  461
0
  452
1
  462
1
  453
2
  463
0
  63
5
  421
255
  463
1
  63
7
  421
16777215
  470
LINEAR
  1001
ACAD
  1010
0
  1020
0
  1030
0
  0
LWPOLYLINE
  5
1264
  100
AcDbEntity
  8
Top-Paste-Mask-Layer
  100
AcDbPolyline
  90
2
  70
1
  43
0
  10
6.477012954025909
  20
-12.700025400050801
  42
1
  10
7.493014986029973
  20
-12.700025400050801
  42
1
  0
HATCH
  5
1293
  100
AcDbEntity
  8
Top-Paste-Mask-Layer
  100
AcDbHatch
  10
0
  20
0
  30
0
  210
0
  220
0
  230
1
  2
SOLID
  70
1
  71
0
  91
1
  92
7
  72
1
  73
1
  93
2
  10
5.216916433832869
  20
-12.700025400050801
  42
1
  10
6.232918465836932
  20
-12.700025400050801
  42
1
  97
1
  330
1292
  75
0
  76
1
  47
0.8681437583925616
  98
1
  10
3.629517071192367
  20
33.92795499968543
  450
0
  451
0
  460
0
  461
0
  452
1
  462
1
  453
2
  463
0
  63
5
  421
255
  463
1
  63
7
  421
16777215
  470
LINEAR
  1001
ACAD
  1010
0
  1020
0
  1030
0
  0
LWPOLYLINE
  5
1294
  100
AcDbEntity
  8
Top-Paste-Mask-Layer
  100
AcDbPolyline
  90
2
  70
1
  43
0
  10
5.216916433832869
  20
-12.700025400050801
  42
1
  10
6.232918465836933
  20
-12.700025400050801
  42
1
  0
HATCH
  5
1323
  100
AcDbEntity
  8
Top-Paste-Mask-Layer
  100
AcDbHatch
  10
0
  20
0
  30
0
  210
0
  220
0
  230
1
  2
SOLID
  70
1
  71
0
  91
1
  92
7
  72
1
  73
1
  93
2
  10
3.966979933959869
  20
-12.700025400050801
  42
1
  10
4.9829819659639325
  20
-12.700025400050801
  42
1
  97
1
  330
1322
  75
0
  76
1
  47
0.8681437583925616
  98
1
  10
3.629517071192367
  20
33.92795499968543
  450
0
  451
0
  460
0
  461
0
  452
1
  462
1
  453
2
  463
0
  63
5
  421
255
  463
1
  63
7
  421
16777215
  470
LINEAR
  1001
ACAD
  1010
0
  1020
0
  1030
0
  0
LWPOLYLINE
  5
1324
  100
AcDbEntity
  8
Top-Paste-Mask-Layer
  100
AcDbPolyline
  90
2
  70
1
  43
0
  10
3.966979933959869
  20
-12.700025400050801
  42
1
  10
4.982981965963933
  20
-12.700025400050801
  42
1
  0
HATCH
  5
1353
  100
AcDbEntity
  8
Top-Paste-Mask-Layer
  100
AcDbHatch
  10
0
  20
0
  30
0
  210
0
  220
0
  230
1
  2
SOLID
  70
1
  71
0
  91
1
  92
7
  72
1
  73
1
  93
2
  10
0.40640081280162554
  20
-3.8100076200152406
  42
1
  10
2.1336042672085345
  20
-3.8100076200152406
  42
1
  97
1
  330
1352
  75
0
  76
1
  47
0.8681437583925616
  98
1
  10
3.629517071192367
  20
33.92795499968543
  450
0
  451
0
  460
0
  461
0
  452
1
  462
1
  453
2
  463
0
  63
5
  421
255
  463
1
  63
7
  421
16777215
  470
LINEAR
  1001
ACAD
  1010
0
  1020
0
  1030
0
  0
LWPOLYLINE
  5
1354
  100
AcDbEntity
  8
Top-Paste-Mask-Layer
  100
AcDbPolyline
  90
2
  70
1
  43
0
  10
0.40640081280162565
  20
-3.8100076200152406
  42
1
  10
2.133604267208535
  20
-3.8100076200152406
  42
1
  0
HATCH
  5
1383
  100
AcDbEntity
  8
Top-Paste-Mask-Layer
  100
AcDbHatch
  10
0
  20
0
  30
0
  210
0
  220
0
  230
1
  2
SOLID
  70
1
  71
0
  91
1
  92
7
  72
1
  73
1
  93
2
  10
2.946405892811786
  20
-3.8100076200152406
  42
1
  10
4.6736093472186955
  20
-3.8100076200152406
  42
1
  97
1
  330
1382
  75
0
  76
1
  47
0.8681437583925616
  98
1
  10
3.629517071192367
  20
33.92795499968543
  450
0
  451
0
  460
0
  461
0
  452
1
  462
1
  453
2
  463
0
  63
5
  421
255
  463
1
  63
7
  421
16777215
  470
LINEAR
  1001
ACAD
  1010
0
  1020
0
  1030
0
  0
LWPOLYLINE
  5
1384
  100
AcDbEntity
  8
Top-Paste-Mask-Layer
  100
AcDbPolyline
  90
4
  70
0
  43
0
  10
2.946405892811786
  20
-3.8100076202894133
  42
1
  10
4.673609347218695
  20
-3.810007620289414
  10
4.673609347218695
  20
-3.8100076197410675
  42
1
  10
2.946405892811786
  20
-3.8100076197410675
  0
HATCH
  5
1413
  100
AcDbEntity
  8
Top-Paste-Mask-Layer
  100
AcDbHatch
  10
0
  20
0
  30
0
  210
0
  220
0
  230
1
  2
SOLID
  70
1
  71
0
  91
1
  92
7
  72
1
  73
1
  93
2
  10
5.486410972821946
  20
-3.8100076200152406
  42
1
  10
7.213614427228856
  20
-3.8100076200152406
  42
1
  97
1
  330
1412
  75
0
  76
1
  47
0.8681437583925616
  98
1
  10
3.629517071192367
  20
33.92795499968543
  450
0
  451
0
  460
0
  461
0
  452
1
  462
1
  453
2
  463
0
  63
5
  421
255
  463
1
  63
7
  421
16777215
  470
LINEAR
  1001
ACAD
  1010
0
  1020
0
  1030
0
  0
LWPOLYLINE
  5
1414
  100
AcDbEntity
  8
Top-Paste-Mask-Layer
  100
AcDbPolyline
  90
4
  70
0
  43
0
  10
5.486410972821947
  20
-3.810007620563587
  42
1
  10
7.213614427228855
  20
-3.8100076205635873
  10
7.213614427228855
  20
-3.810007619466894
  42
1
  10
5.486410972821947
  20
-3.8100076194668935
  0
HATCH
  5
1443
  100
AcDbEntity
  8
Top-Paste-Mask-Layer
  100
AcDbHatch
  10
0
  20
0
  30
0
  210
0
  220
0
  230
1
  2
SOLID
  70
1
  71
0
  91
1
  92
7
  72
1
  73
1
  93
2
  10
8.026416052832108
  20
-3.8100076200152406
  42
1
  10
9.753619507239016
  20
-3.8100076200152406
  42
1
  97
1
  330
1442
  75
0
  76
1
  47
0.8681437583925616
  98
1
  10
3.629517071192367
  20
33.92795499968543
  450
0
  451
0
  460
0
  461
0
  452
1
  462
1
  453
2
  463
0
  63
5
  421
255
  463
1
  63
7
  421
16777215
  470
LINEAR
  1001
ACAD
  1010
0
  1020
0
  1030
0
  0
LWPOLYLINE
  5
1444
  100
AcDbEntity
  8
Top-Paste-Mask-Layer
  100
AcDbPolyline
  90
4
  70
0
  43
0
  10
8.026416052832108
  20
-3.810007620563587
  42
1
  10
9.753619507239016
  20
-3.8100076205635873
  10
9.753619507239016
  20
-3.810007619466894
  42
1
  10
8.026416052832108
  20
-3.8100076194668935
  0
HATCH
  5
1473
  100
AcDbEntity
  8
Top-Paste-Mask-Layer
  100
AcDbHatch
  10
0
  20
0
  30
0
  210
0
  220
0
  230
1
  2
SOLID
  70
1
  71
0
  91
1
  92
7
  72
1
  73
1
  93
2
  10
10.566421132842267
  20
-3.8100076200152406
  42
1
  10
12.293624587249175
  20
-3.8100076200152406
  42
1
  97
1
  330
1472
  75
0
  76
1
  47
0.8681437583925616
  98
1
  10
3.629517071192367
  20
33.92795499968543
  450
0
  451
0
  460
0
  461
0
  452
1
  462
1
  453
2
  463
0
  63
5
  421
255
  463
1
  63
7
  421
16777215
  470
LINEAR
  1001
ACAD
  1010
0
  1020
0
  1030
0
  0
LWPOLYLINE
  5
1474
  100
AcDbEntity
  8
Top-Paste-Mask-Layer
  100
AcDbPolyline
  90
4
  70
0
  43
0
  10
10.566421132842267
  20
-3.810007620563587
  42
1
  10
12.293624587249175
  20
-3.8100076205635873
  10
12.293624587249175
  20
-3.810007619466894
  42
1
  10
10.566421132842267
  20
-3.8100076194668935
  0
HATCH
  5
1527
  100
AcDbEntity
  8
Top-Paste-Mask-Layer
  100
AcDbHatch
  10
0
  20
0
  30
0
  210
0
  220
0
  230
1
  2
SOLID
  70
1
  71
0
  91
1
  92
7
  72
0
  73
1
  93
12
  10
1.1950215900431804
  20
-13.520040640081282
  10
1.2450088900177803
  20
-13.570053340106682
  10
1.2450088900177803
  20
-14.370053340106683
  10
1.1950215900431804
  20
-14.420040640081282
  10
0.3950215900431801
  20
-14.420040640081282
  10
0.34500889001778007
  20
-14.370053340106683
  10
0.34500889001778007
  20
-14.128016256032513
  10
0.7150114300228602
  20
-14.128016256032513
  10
0.7150114300228602
  20
-13.798018796037594
  10
0.34500889001778007
  20
-13.798018796037594
  10
0.34500889001778007
  20
-13.570053340106682
  10
0.3950215900431801
  20
-13.520040640081282
  97
1
  330
1526
  75
0
  76
1
  47
0.4128176842155181
  98
1
  10
34.90568961886538
  20
22.81183545379326
  450
0
  451
0
  460
0
  461
0
  452
1
  462
1
  453
2
  463
0
  63
5
  421
255
  463
1
  63
7
  421
16777215
  470
LINEAR
  1001
ACAD
  1010
0
  1020
0
  1030
0
  0
LWPOLYLINE
  5
1526
  100
AcDbEntity
  8
Top-Paste-Mask-Layer
  100
AcDbPolyline
  90
12
  70
1
  43
0.005080010160020321
  10
1.1950215900431804
  20
-13.520040640081282
  10
1.2450088900177803
  20
-13.570053340106682
  10
1.2450088900177803
  20
-14.370053340106683
  10
1.1950215900431804
  20
-14.420040640081282
  10
0.3950215900431801
  20
-14.420040640081282
  10
0.34500889001778007
  20
-14.370053340106683
  10
0.34500889001778007
  20
-14.128016256032513
  10
0.7150114300228602
  20
-14.128016256032513
  10
0.7150114300228602
  20
-13.798018796037594
  10
0.34500889001778007
  20
-13.798018796037594
  10
0.34500889001778007
  20
-13.570053340106682
  10
0.3950215900431801
  20
-13.520040640081282
  0
HATCH
  5
1529
  100
AcDbEntity
  8
Top-Paste-Mask-Layer
  100
AcDbHatch
  10
0
  20
0
  30
0
  210
0
  220
0
  230
1
  2
SOLID
  70
1
  71
0
  91
1
  92
7
  72
0
  73
1
  93
12
  10
-1.1950215900431804
  20
-14.420015240030482
  10
-1.2450088900177803
  20
-14.370002540005082
  10
-1.2450088900177803
  20
-13.570002540005081
  10
-1.1950215900431804
  20
-13.520015240030482
  10
-0.3950215900431801
  20
-13.520015240030482
  10
-0.34500889001778007
  20
-13.570002540005081
  10
-0.34500889001778007
  20
-13.81203962407925
  10
-0.7150114300228602
  20
-13.81203962407925
  10
-0.7150114300228602
  20
-14.14203708407417
  10
-0.34500889001778007
  20
-14.14203708407417
  10
-0.34500889001778007
  20
-14.370002540005082
  10
-0.3950215900431801
  20
-14.420015240030482
  97
1
  330
1528
  75
0
  76
1
  47
0.4128176842155181
  98
1
  10
34.90568961886538
  20
22.81183545379326
  450
0
  451
0
  460
0
  461
0
  452
1
  462
1
  453
2
  463
0
  63
5
  421
255
  463
1
  63
7
  421
16777215
  470
LINEAR
  1001
ACAD
  1010
0
  1020
0
  1030
0
  0
LWPOLYLINE
  5
1528
  100
AcDbEntity
  8
Top-Paste-Mask-Layer
  100
AcDbPolyline
  90
12
  70
1
  43
0.005080010160020321
  10
-1.1950215900431804
  20
-14.420015240030482
  10
-1.2450088900177803
  20
-14.370002540005082
  10
-1.2450088900177803
  20
-13.570002540005081
  10
-1.1950215900431804
  20
-13.520015240030482
  10
-0.3950215900431801
  20
-13.520015240030482
  10
-0.34500889001778007
  20
-13.570002540005081
  10
-0.34500889001778007
  20
-13.81203962407925
  10
-0.7150114300228602
  20
-13.81203962407925
  10
-0.7150114300228602
  20
-14.14203708407417
  10
-0.34500889001778007
  20
-14.14203708407417
  10
-0.34500889001778007
  20
-14.370002540005082
  10
-0.3950215900431801
  20
-14.420015240030482
  0
HATCH
  5
1537
  100
AcDbEntity
  8
Top-Paste-Mask-Layer
  100
AcDbHatch
  10
0
  20
0
  30
0
  210
0
  220
0
  230
1
  2
SOLID
  70
1
  71
0
  91
1
  92
7
  72
0
  73
1
  93
12
  10
1.1950215900431804
  20
-8.440030480060962
  10
1.2450088900177803
  20
-8.490043180086362
  10
1.2450088900177803
  20
-9.29004318008636
  10
1.1950215900431804
  20
-9.340030480060962
  10
0.3950215900431801
  20
-9.340030480060962
  10
0.34500889001778007
  20
-9.29004318008636
  10
0.34500889001778007
  20
-9.048006096012193
  10
0.7150114300228602
  20
-9.048006096012193
  10
0.7150114300228602
  20
-8.718008636017274
  10
0.34500889001778007
  20
-8.718008636017274
  10
0.34500889001778007
  20
-8.490043180086362
  10
0.3950215900431801
  20
-8.440030480060962
  97
1
  330
1536
  75
0
  76
1
  47
0.4128176842155181
  98
1
  10
34.90568961886538
  20
22.81183545379326
  450
0
  451
0
  460
0
  461
0
  452
1
  462
1
  453
2
  463
0
  63
5
  421
255
  463
1
  63
7
  421
16777215
  470
LINEAR
  1001
ACAD
  1010
0
  1020
0
  1030
0
  0
LWPOLYLINE
  5
1536
  100
AcDbEntity
  8
Top-Paste-Mask-Layer
  100
AcDbPolyline
  90
12
  70
1
  43
0.005080010160020321
  10
1.1950215900431804
  20
-8.440030480060962
  10
1.2450088900177803
  20
-8.490043180086362
  10
1.2450088900177803
  20
-9.29004318008636
  10
1.1950215900431804
  20
-9.340030480060962
  10
0.3950215900431801
  20
-9.340030480060962
  10
0.34500889001778007
  20
-9.29004318008636
  10
0.34500889001778007
  20
-9.048006096012193
  10
0.7150114300228602
  20
-9.048006096012193
  10
0.7150114300228602
  20
-8.718008636017274
  10
0.34500889001778007
  20
-8.718008636017274
  10
0.34500889001778007
  20
-8.490043180086362
  10
0.3950215900431801
  20
-8.440030480060962
  0
HATCH
  5
1539
  100
AcDbEntity
  8
Top-Paste-Mask-Layer
  100
AcDbHatch
  10
0
  20
0
  30
0
  210
0
  220
0
  230
1
  2
SOLID
  70
1
  71
0
  91
1
  92
7
  72
0
  73
1
  93
12
  10
-1.1950215900431804
  20
-9.340005080010162
  10
-1.2450088900177803
  20
-9.289992379984762
  10
-1.2450088900177803
  20
-8.489992379984761
  10
-1.1950215900431804
  20
-8.44000508001016
  10
-0.3950215900431801
  20
-8.44000508001016
  10
-0.34500889001778007
  20
-8.489992379984761
  10
-0.34500889001778007
  20
-8.732029464058929
  10
-0.7150114300228602
  20
-8.732029464058929
  10
-0.7150114300228602
  20
-9.06202692405385
  10
-0.34500889001778007
  20
-9.06202692405385
  10
-0.34500889001778007
  20
-9.289992379984762
  10
-0.3950215900431801
  20
-9.340005080010162
  97
1
  330
1538
  75
0
  76
1
  47
0.4128176842155181
  98
1
  10
34.90568961886538
  20
22.81183545379326
  450
0
  451
0
  460
0
  461
0
  452
1
  462
1
  453
2
  463
0
  63
5
  421
255
  463
1
  63
7
  421
16777215
  470
LINEAR
  1001
ACAD
  1010
0
  1020
0
  1030
0
  0
LWPOLYLINE
  5
1538
  100
AcDbEntity
  8
Top-Paste-Mask-Layer
  100
AcDbPolyline
  90
12
  70
1
  43
0.005080010160020321
  10
-1.1950215900431804
  20
-9.340005080010162
  10
-1.2450088900177803
  20
-9.289992379984762
  10
-1.2450088900177803
  20
-8.489992379984761
  10
-1.1950215900431804
  20
-8.44000508001016
  10
-0.3950215900431801
  20
-8.44000508001016
  10
-0.34500889001778007
  20
-8.489992379984761
  10
-0.34500889001778007
  20
-8.732029464058929
  10
-0.7150114300228602
  20
-8.732029464058929
  10
-0.7150114300228602
  20
-9.06202692405385
  10
-0.34500889001778007
  20
-9.06202692405385
  10
-0.34500889001778007
  20
-9.289992379984762
  10
-0.3950215900431801
  20
-9.340005080010162
  0
HATCH
  5
1547
  100
AcDbEntity
  8
Top-Paste-Mask-Layer
  100
AcDbHatch
  10
0
  20
0
  30
0
  210
0
  220
0
  230
1
  2
SOLID
  70
1
  71
0
  91
1
  92
7
  72
0
  73
1
  93
12
  10
12.625044450088902
  20
-8.440030480060962
  10
12.675031750063502
  20
-8.490043180086362
  10
12.675031750063502
  20
-9.29004318008636
  10
12.625044450088902
  20
-9.340030480060962
  10
11.825044450088901
  20
-9.340030480060962
  10
11.775031750063501
  20
-9.29004318008636
  10
11.775031750063501
  20
-9.048006096012193
  10
12.145034290068581
  20
-9.048006096012193
  10
12.145034290068581
  20
-8.718008636017274
  10
11.775031750063501
  20
-8.718008636017274
  10
11.775031750063501
  20
-8.490043180086362
  10
11.825044450088901
  20
-8.440030480060962
  97
1
  330
1546
  75
0
  76
1
  47
0.4128176842155181
  98
1
  10
34.90568961886538
  20
22.81183545379326
  450
0
  451
0
  460
0
  461
0
  452
1
  462
1
  453
2
  463
0
  63
5
  421
255
  463
1
  63
7
  421
16777215
  470
LINEAR
  1001
ACAD
  1010
0
  1020
0
  1030
0
  0
LWPOLYLINE
  5
1546
  100
AcDbEntity
  8
Top-Paste-Mask-Layer
  100
AcDbPolyline
  90
12
  70
1
  43
0.005080010160020321
  10
12.625044450088902
  20
-8.440030480060962
  10
12.675031750063502
  20
-8.490043180086362
  10
12.675031750063502
  20
-9.29004318008636
  10
12.625044450088902
  20
-9.340030480060962
  10
11.825044450088901
  20
-9.340030480060962
  10
11.775031750063501
  20
-9.29004318008636
  10
11.775031750063501
  20
-9.048006096012193
  10
12.145034290068581
  20
-9.048006096012193
  10
12.145034290068581
  20
-8.718008636017274
  10
11.775031750063501
  20
-8.718008636017274
  10
11.775031750063501
  20
-8.490043180086362
  10
11.825044450088901
  20
-8.440030480060962
  0
HATCH
  5
1549
  100
AcDbEntity
  8
Top-Paste-Mask-Layer
  100
AcDbHatch
  10
0
  20
0
  30
0
  210
0
  220
0
  230
1
  2
SOLID
  70
1
  71
0
  91
1
  92
7
  72
0
  73
1
  93
12
  10
10.235001270002542
  20
-9.340005080010162
  10
10.18501397002794
  20
-9.289992379984762
  10
10.18501397002794
  20
-8.489992379984761
  10
10.235001270002542
  20
-8.44000508001016
  10
11.035001270002542
  20
-8.44000508001016
  10
11.08501397002794
  20
-8.489992379984761
  10
11.08501397002794
  20
-8.732029464058929
  10
10.715011430022862
  20
-8.732029464058929
  10
10.715011430022862
  20
-9.06202692405385
  10
11.08501397002794
  20
-9.06202692405385
  10
11.08501397002794
  20
-9.289992379984762
  10
11.035001270002542
  20
-9.340005080010162
  97
1
  330
1548
  75
0
  76
1
  47
0.4128176842155181
  98
1
  10
34.90568961886538
  20
22.81183545379326
  450
0
  451
0
  460
0
  461
0
  452
1
  462
1
  453
2
  463
0
  63
5
  421
255
  463
1
  63
7
  421
16777215
  470
LINEAR
  1001
ACAD
  1010
0
  1020
0
  1030
0
  0
LWPOLYLINE
  5
1548
  100
AcDbEntity
  8
Top-Paste-Mask-Layer
  100
AcDbPolyline
  90
12
  70
1
  43
0.005080010160020321
  10
10.235001270002542
  20
-9.340005080010162
  10
10.18501397002794
  20
-9.289992379984762
  10
10.18501397002794
  20
-8.489992379984761
  10
10.235001270002542
  20
-8.44000508001016
  10
11.035001270002542
  20
-8.44000508001016
  10
11.08501397002794
  20
-8.489992379984761
  10
11.08501397002794
  20
-8.732029464058929
  10
10.715011430022862
  20
-8.732029464058929
  10
10.715011430022862
  20
-9.06202692405385
  10
11.08501397002794
  20
-9.06202692405385
  10
11.08501397002794
  20
-9.289992379984762
  10
11.035001270002542
  20
-9.340005080010162
  0
LWPOLYLINE
  5
1050
  100
AcDbEntity
  8
Board-Outline-Layer
  100
AcDbPolyline
  90
2
  70
0
  43
0.25400050800101603
  10
-1.9050038100076203
  20
-27.639832359664723
  10
-1.9050038100076203
  20
0.8026517653035307
  0
LWPOLYLINE
  5
1051
  100
AcDbEntity
  8
Board-Outline-Layer
  100
AcDbPolyline
  90
2
  70
0
  43
0.25400050800101603
  10
14.605029210058422
  20
-27.55626873253747
  10
14.605029210058422
  20
0.8862153924307851
  0
LWPOLYLINE
  5
1052
  100
AcDbEntity
  8
Board-Outline-Layer
  100
AcDbPolyline
  90
2
  70
0
  43
0.25400050800101603
  10
-1.9050038100076203
  20
0.8026517653035312
  42
-0.288
  10
14.60502921005842
  20
0.8862153924307867
  0
LWPOLYLINE
  5
1053
  100
AcDbEntity
  8
Board-Outline-Layer
  100
AcDbPolyline
  90
2
  70
0
  43
0.25400050800101603
  10
14.605029210058404
  20
-27.686055372110754
  42
-0.288
  10
-1.9050038100076203
  20
-27.686055372110747
  0
HATCH
  5
1137
  100
AcDbEntity
  8
Multi-Layer
  100
AcDbHatch
  10
0
  20
0
  30
0
  210
0
  220
0
  230
1
  2
SOLID
  70
1
  71
0
  91
1
  92
7
  72
1
  73
1
  93
2
  10
0.6350012700025398
  20
-22.860045720091442
  42
1
  10
4.44500889001778
  20
-22.860045720091442
  42
1
  97
1
  330
1136
  75
0
  76
1
  47
0.8681437583925616
  98
1
  10
3.629517071192367
  20
33.92795499968543
  450
0
  451
0
  460
0
  461
0
  452
1
  462
1
  453
2
  463
0
  63
5
  421
255
  463
1
  63
7
  421
16777215
  470
LINEAR
  1001
ACAD
  1010
0
  1020
0
  1030
0
  0
LWPOLYLINE
  5
1138
  100
AcDbEntity
  8
Multi-Layer
  100
AcDbPolyline
  90
2
  70
1
  43
0
  10
0.63500127000254
  20
-22.860045720091442
  42
1
  10
4.445008890017781
  20
-22.860045720091442
  42
1
  0
HATCH
  5
1140
  100
AcDbEntity
  8
Multi-Layer
  100
AcDbHatch
  10
0
  20
0
  30
0
  210
0
  220
0
  230
1
  2
SOLID
  70
1
  71
0
  91
1
  92
7
  72
1
  73
1
  93
2
  10
0.6350012700025398
  20
-22.860045720091442
  42
1
  10
4.44500889001778
  20
-22.860045720091442
  42
1
  97
1
  330
1139
  75
0
  76
1
  47
0.8681437583925616
  98
1
  10
3.629517071192367
  20
33.92795499968543
  450
0
  451
0
  460
0
  461
0
  452
1
  462
1
  453
2
  463
0
  63
5
  421
255
  463
1
  63
7
  421
16777215
  470
LINEAR
  1001
ACAD
  1010
0
  1020
0
  1030
0
  0
LWPOLYLINE
  5
1141
  100
AcDbEntity
  8
Multi-Layer
  100
AcDbPolyline
  90
2
  70
1
  43
0
  10
0.63500127000254
  20
-22.860045720091442
  42
1
  10
4.445008890017781
  20
-22.860045720091442
  42
1
  0
HATCH
  5
1143
  100
AcDbEntity
  8
Multi-Layer
  100
AcDbHatch
  10
0
  20
0
  30
0
  210
0
  220
0
  230
1
  2
SOLID
  70
1
  71
0
  91
1
  92
7
  72
1
  73
1
  93
2
  10
0.6350012700025398
  20
-22.860045720091442
  42
1
  10
4.44500889001778
  20
-22.860045720091442
  42
1
  97
1
  330
1142
  75
0
  76
1
  47
0.8681437583925616
  98
1
  10
3.629517071192367
  20
33.92795499968543
  450
0
  451
0
  460
0
  461
0
  452
1
  462
1
  453
2
  463
0
  63
5
  421
255
  463
1
  63
7
  421
16777215
  470
LINEAR
  1001
ACAD
  1010
0
  1020
0
  1030
0
  0
LWPOLYLINE
  5
1144
  100
AcDbEntity
  8
Multi-Layer
  100
AcDbPolyline
  90
2
  70
1
  43
0
  10
0.63500127000254
  20
-22.860045720091442
  42
1
  10
4.445008890017781
  20
-22.860045720091442
  42
1
  0
HATCH
  5
1167
  100
AcDbEntity
  8
Multi-Layer
  100
AcDbHatch
  10
0
  20
0
  30
0
  210
0
  220
0
  230
1
  2
SOLID
  70
1
  71
0
  91
1
  92
7
  72
1
  73
1
  93
2
  10
8.25501651003302
  20
-22.860045720091442
  42
1
  10
12.065024130048261
  20
-22.860045720091442
  42
1
  97
1
  330
1166
  75
0
  76
1
  47
0.8681437583925616
  98
1
  10
3.629517071192367
  20
33.92795499968543
  450
0
  451
0
  460
0
  461
0
  452
1
  462
1
  453
2
  463
0
  63
5
  421
255
  463
1
  63
7
  421
16777215
  470
LINEAR
  1001
ACAD
  1010
0
  1020
0
  1030
0
  0
LWPOLYLINE
  5
1168
  100
AcDbEntity
  8
Multi-Layer
  100
AcDbPolyline
  90
2
  70
1
  43
0
  10
8.255016510033022
  20
-22.860045720091442
  42
1
  10
12.065024130048261
  20
-22.860045720091442
  42
1
  0
HATCH
  5
1170
  100
AcDbEntity
  8
Multi-Layer
  100
AcDbHatch
  10
0
  20
0
  30
0
  210
0
  220
0
  230
1
  2
SOLID
  70
1
  71
0
  91
1
  92
7
  72
1
  73
1
  93
2
  10
8.25501651003302
  20
-22.860045720091442
  42
1
  10
12.065024130048261
  20
-22.860045720091442
  42
1
  97
1
  330
1169
  75
0
  76
1
  47
0.8681437583925616
  98
1
  10
3.629517071192367
  20
33.92795499968543
  450
0
  451
0
  460
0
  461
0
  452
1
  462
1
  453
2
  463
0
  63
5
  421
255
  463
1
  63
7
  421
16777215
  470
LINEAR
  1001
ACAD
  1010
0
  1020
0
  1030
0
  0
LWPOLYLINE
  5
1171
  100
AcDbEntity
  8
Multi-Layer
  100
AcDbPolyline
  90
2
  70
1
  43
0
  10
8.255016510033022
  20
-22.860045720091442
  42
1
  10
12.065024130048261
  20
-22.860045720091442
  42
1
  0
HATCH
  5
1173
  100
AcDbEntity
  8
Multi-Layer
  100
AcDbHatch
  10
0
  20
0
  30
0
  210
0
  220
0
  230
1
  2
SOLID
  70
1
  71
0
  91
1
  92
7
  72
1
  73
1
  93
2
  10
8.25501651003302
  20
-22.860045720091442
  42
1
  10
12.065024130048261
  20
-22.860045720091442
  42
1
  97
1
  330
1172
  75
0
  76
1
  47
0.8681437583925616
  98
1
  10
3.629517071192367
  20
33.92795499968543
  450
0
  451
0
  460
0
  461
0
  452
1
  462
1
  453
2
  463
0
  63
5
  421
255
  463
1
  63
7
  421
16777215
  470
LINEAR
  1001
ACAD
  1010
0
  1020
0
  1030
0
  0
LWPOLYLINE
  5
1174
  100
AcDbEntity
  8
Multi-Layer
  100
AcDbPolyline
  90
2
  70
1
  43
0
  10
8.255016510033022
  20
-22.860045720091442
  42
1
  10
12.065024130048261
  20
-22.860045720091442
  42
1
  0
HATCH
  5
1221
  100
AcDbEntity
  8
Multi-Layer
  100
AcDbHatch
  10
0
  20
0
  30
0
  210
0
  220
0
  230
1
  2
SOLID
  70
1
  71
0
  91
1
  92
7
  72
1
  73
1
  93
2
  10
7.74701549403099
  20
-12.700025400050801
  42
1
  10
8.763017526035053
  20
-12.700025400050801
  42
1
  97
1
  330
1220
  75
0
  76
1
  47
0.8681437583925616
  98
1
  10
3.629517071192367
  20
33.92795499968543
  450
0
  451
0
  460
0
  461
0
  452
1
  462
1
  453
2
  463
0
  63
5
  421
255
  463
1
  63
7
  421
16777215
  470
LINEAR
  1001
ACAD
  1010
0
  1020
0
  1030
0
  0
LWPOLYLINE
  5
1222
  100
AcDbEntity
  8
Multi-Layer
  100
AcDbPolyline
  90
2
  70
1
  43
0
  10
7.747015494030989
  20
-12.700025400050801
  42
1
  10
8.763017526035053
  20
-12.700025400050801
  42
1
  0
HATCH
  5
1224
  100
AcDbEntity
  8
Multi-Layer
  100
AcDbHatch
  10
0
  20
0
  30
0
  210
0
  220
0
  230
1
  2
SOLID
  70
1
  71
0
  91
1
  92
7
  72
1
  73
1
  93
2
  10
7.74701549403099
  20
-12.700025400050801
  42
1
  10
8.763017526035053
  20
-12.700025400050801
  42
1
  97
1
  330
1223
  75
0
  76
1
  47
0.8681437583925616
  98
1
  10
3.629517071192367
  20
33.92795499968543
  450
0
  451
0
  460
0
  461
0
  452
1
  462
1
  453
2
  463
0
  63
5
  421
255
  463
1
  63
7
  421
16777215
  470
LINEAR
  1001
ACAD
  1010
0
  1020
0
  1030
0
  0
LWPOLYLINE
  5
1225
  100
AcDbEntity
  8
Multi-Layer
  100
AcDbPolyline
  90
2
  70
1
  43
0
  10
7.747015494030989
  20
-12.700025400050801
  42
1
  10
8.763017526035053
  20
-12.700025400050801
  42
1
  0
HATCH
  5
1227
  100
AcDbEntity
  8
Multi-Layer
  100
AcDbHatch
  10
0
  20
0
  30
0
  210
0
  220
0
  230
1
  2
SOLID
  70
1
  71
0
  91
1
  92
7
  72
1
  73
1
  93
2
  10
7.74701549403099
  20
-12.700025400050801
  42
1
  10
8.763017526035053
  20
-12.700025400050801
  42
1
  97
1
  330
1226
  75
0
  76
1
  47
0.8681437583925616
  98
1
  10
3.629517071192367
  20
33.92795499968543
  450
0
  451
0
  460
0
  461
0
  452
1
  462
1
  453
2
  463
0
  63
5
  421
255
  463
1
  63
7
  421
16777215
  470
LINEAR
  1001
ACAD
  1010
0
  1020
0
  1030
0
  0
LWPOLYLINE
  5
1228
  100
AcDbEntity
  8
Multi-Layer
  100
AcDbPolyline
  90
2
  70
1
  43
0
  10
7.747015494030989
  20
-12.700025400050801
  42
1
  10
8.763017526035053
  20
-12.700025400050801
  42
1
  0
HATCH
  5
1251
  100
AcDbEntity
  8
Multi-Layer
  100
AcDbHatch
  10
0
  20
0
  30
0
  210
0
  220
0
  230
1
  2
SOLID
  70
1
  71
0
  91
1
  92
7
  72
1
  73
1
  93
2
  10
6.477012954025909
  20
-12.700025400050801
  42
1
  10
7.493014986029973
  20
-12.700025400050801
  42
1
  97
1
  330
1250
  75
0
  76
1
  47
0.8681437583925616
  98
1
  10
3.629517071192367
  20
33.92795499968543
  450
0
  451
0
  460
0
  461
0
  452
1
  462
1
  453
2
  463
0
  63
5
  421
255
  463
1
  63
7
  421
16777215
  470
LINEAR
  1001
ACAD
  1010
0
  1020
0
  1030
0
  0
LWPOLYLINE
  5
1252
  100
AcDbEntity
  8
Multi-Layer
  100
AcDbPolyline
  90
2
  70
1
  43
0
  10
6.477012954025909
  20
-12.700025400050801
  42
1
  10
7.493014986029973
  20
-12.700025400050801
  42
1
  0
HATCH
  5
1254
  100
AcDbEntity
  8
Multi-Layer
  100
AcDbHatch
  10
0
  20
0
  30
0
  210
0
  220
0
  230
1
  2
SOLID
  70
1
  71
0
  91
1
  92
7
  72
1
  73
1
  93
2
  10
6.477012954025909
  20
-12.700025400050801
  42
1
  10
7.493014986029973
  20
-12.700025400050801
  42
1
  97
1
  330
1253
  75
0
  76
1
  47
0.8681437583925616
  98
1
  10
3.629517071192367
  20
33.92795499968543
  450
0
  451
0
  460
0
  461
0
  452
1
  462
1
  453
2
  463
0
  63
5
  421
255
  463
1
  63
7
  421
16777215
  470
LINEAR
  1001
ACAD
  1010
0
  1020
0
  1030
0
  0
LWPOLYLINE
  5
1255
  100
AcDbEntity
  8
Multi-Layer
  100
AcDbPolyline
  90
2
  70
1
  43
0
  10
6.477012954025909
  20
-12.700025400050801
  42
1
  10
7.493014986029973
  20
-12.700025400050801
  42
1
  0
HATCH
  5
1257
  100
AcDbEntity
  8
Multi-Layer
  100
AcDbHatch
  10
0
  20
0
  30
0
  210
0
  220
0
  230
1
  2
SOLID
  70
1
  71
0
  91
1
  92
7
  72
1
  73
1
  93
2
  10
6.477012954025909
  20
-12.700025400050801
  42
1
  10
7.493014986029973
  20
-12.700025400050801
  42
1
  97
1
  330
1256
  75
0
  76
1
  47
0.8681437583925616
  98
1
  10
3.629517071192367
  20
33.92795499968543
  450
0
  451
0
  460
0
  461
0
  452
1
  462
1
  453
2
  463
0
  63
5
  421
255
  463
1
  63
7
  421
16777215
  470
LINEAR
  1001
ACAD
  1010
0
  1020
0
  1030
0
  0
LWPOLYLINE
  5
1258
  100
AcDbEntity
  8
Multi-Layer
  100
AcDbPolyline
  90
2
  70
1
  43
0
  10
6.477012954025909
  20
-12.700025400050801
  42
1
  10
7.493014986029973
  20
-12.700025400050801
  42
1
  0
HATCH
  5
1281
  100
AcDbEntity
  8
Multi-Layer
  100
AcDbHatch
  10
0
  20
0
  30
0
  210
0
  220
0
  230
1
  2
SOLID
  70
1
  71
0
  91
1
  92
7
  72
1
  73
1
  93
2
  10
5.216916433832869
  20
-12.700025400050801
  42
1
  10
6.232918465836932
  20
-12.700025400050801
  42
1
  97
1
  330
1280
  75
0
  76
1
  47
0.8681437583925616
  98
1
  10
3.629517071192367
  20
33.92795499968543
  450
0
  451
0
  460
0
  461
0
  452
1
  462
1
  453
2
  463
0
  63
5
  421
255
  463
1
  63
7
  421
16777215
  470
LINEAR
  1001
ACAD
  1010
0
  1020
0
  1030
0
  0
LWPOLYLINE
  5
1282
  100
AcDbEntity
  8
Multi-Layer
  100
AcDbPolyline
  90
2
  70
1
  43
0
  10
5.216916433832869
  20
-12.700025400050801
  42
1
  10
6.232918465836933
  20
-12.700025400050801
  42
1
  0
HATCH
  5
1284
  100
AcDbEntity
  8
Multi-Layer
  100
AcDbHatch
  10
0
  20
0
  30
0
  210
0
  220
0
  230
1
  2
SOLID
  70
1
  71
0
  91
1
  92
7
  72
1
  73
1
  93
2
  10
5.216916433832869
  20
-12.700025400050801
  42
1
  10
6.232918465836932
  20
-12.700025400050801
  42
1
  97
1
  330
1283
  75
0
  76
1
  47
0.8681437583925616
  98
1
  10
3.629517071192367
  20
33.92795499968543
  450
0
  451
0
  460
0
  461
0
  452
1
  462
1
  453
2
  463
0
  63
5
  421
255
  463
1
  63
7
  421
16777215
  470
LINEAR
  1001
ACAD
  1010
0
  1020
0
  1030
0
  0
LWPOLYLINE
  5
1285
  100
AcDbEntity
  8
Multi-Layer
  100
AcDbPolyline
  90
2
  70
1
  43
0
  10
5.216916433832869
  20
-12.700025400050801
  42
1
  10
6.232918465836933
  20
-12.700025400050801
  42
1
  0
HATCH
  5
1287
  100
AcDbEntity
  8
Multi-Layer
  100
AcDbHatch
  10
0
  20
0
  30
0
  210
0
  220
0
  230
1
  2
SOLID
  70
1
  71
0
  91
1
  92
7
  72
1
  73
1
  93
2
  10
5.216916433832869
  20
-12.700025400050801
  42
1
  10
6.232918465836932
  20
-12.700025400050801
  42
1
  97
1
  330
1286
  75
0
  76
1
  47
0.8681437583925616
  98
1
  10
3.629517071192367
  20
33.92795499968543
  450
0
  451
0
  460
0
  461
0
  452
1
  462
1
  453
2
  463
0
  63
5
  421
255
  463
1
  63
7
  421
16777215
  470
LINEAR
  1001
ACAD
  1010
0
  1020
0
  1030
0
  0
LWPOLYLINE
  5
1288
  100
AcDbEntity
  8
Multi-Layer
  100
AcDbPolyline
  90
2
  70
1
  43
0
  10
5.216916433832869
  20
-12.700025400050801
  42
1
  10
6.232918465836933
  20
-12.700025400050801
  42
1
  0
HATCH
  5
1311
  100
AcDbEntity
  8
Multi-Layer
  100
AcDbHatch
  10
0
  20
0
  30
0
  210
0
  220
0
  230
1
  2
SOLID
  70
1
  71
0
  91
1
  92
7
  72
1
  73
1
  93
2
  10
3.966979933959869
  20
-12.700025400050801
  42
1
  10
4.9829819659639325
  20
-12.700025400050801
  42
1
  97
1
  330
1310
  75
0
  76
1
  47
0.8681437583925616
  98
1
  10
3.629517071192367
  20
33.92795499968543
  450
0
  451
0
  460
0
  461
0
  452
1
  462
1
  453
2
  463
0
  63
5
  421
255
  463
1
  63
7
  421
16777215
  470
LINEAR
  1001
ACAD
  1010
0
  1020
0
  1030
0
  0
LWPOLYLINE
  5
1312
  100
AcDbEntity
  8
Multi-Layer
  100
AcDbPolyline
  90
2
  70
1
  43
0
  10
3.966979933959869
  20
-12.700025400050801
  42
1
  10
4.982981965963933
  20
-12.700025400050801
  42
1
  0
HATCH
  5
1314
  100
AcDbEntity
  8
Multi-Layer
  100
AcDbHatch
  10
0
  20
0
  30
0
  210
0
  220
0
  230
1
  2
SOLID
  70
1
  71
0
  91
1
  92
7
  72
1
  73
1
  93
2
  10
3.966979933959869
  20
-12.700025400050801
  42
1
  10
4.9829819659639325
  20
-12.700025400050801
  42
1
  97
1
  330
1313
  75
0
  76
1
  47
0.8681437583925616
  98
1
  10
3.629517071192367
  20
33.92795499968543
  450
0
  451
0
  460
0
  461
0
  452
1
  462
1
  453
2
  463
0
  63
5
  421
255
  463
1
  63
7
  421
16777215
  470
LINEAR
  1001
ACAD
  1010
0
  1020
0
  1030
0
  0
LWPOLYLINE
  5
1315
  100
AcDbEntity
  8
Multi-Layer
  100
AcDbPolyline
  90
2
  70
1
  43
0
  10
3.966979933959869
  20
-12.700025400050801
  42
1
  10
4.982981965963933
  20
-12.700025400050801
  42
1
  0
HATCH
  5
1317
  100
AcDbEntity
  8
Multi-Layer
  100
AcDbHatch
  10
0
  20
0
  30
0
  210
0
  220
0
  230
1
  2
SOLID
  70
1
  71
0
  91
1
  92
7
  72
1
  73
1
  93
2
  10
3.966979933959869
  20
-12.700025400050801
  42
1
  10
4.9829819659639325
  20
-12.700025400050801
  42
1
  97
1
  330
1316
  75
0
  76
1
  47
0.8681437583925616
  98
1
  10
3.629517071192367
  20
33.92795499968543
  450
0
  451
0
  460
0
  461
0
  452
1
  462
1
  453
2
  463
0
  63
5
  421
255
  463
1
  63
7
  421
16777215
  470
LINEAR
  1001
ACAD
  1010
0
  1020
0
  1030
0
  0
LWPOLYLINE
  5
1318
  100
AcDbEntity
  8
Multi-Layer
  100
AcDbPolyline
  90
2
  70
1
  43
0
  10
3.966979933959869
  20
-12.700025400050801
  42
1
  10
4.982981965963933
  20
-12.700025400050801
  42
1
  0
HATCH
  5
1341
  100
AcDbEntity
  8
Multi-Layer
  100
AcDbHatch
  10
0
  20
0
  30
0
  210
0
  220
0
  230
1
  2
SOLID
  70
1
  71
0
  91
1
  92
7
  72
1
  73
1
  93
2
  10
0.40640081280162554
  20
-3.8100076200152406
  42
1
  10
2.1336042672085345
  20
-3.8100076200152406
  42
1
  97
1
  330
1340
  75
0
  76
1
  47
0.8681437583925616
  98
1
  10
3.629517071192367
  20
33.92795499968543
  450
0
  451
0
  460
0
  461
0
  452
1
  462
1
  453
2
  463
0
  63
5
  421
255
  463
1
  63
7
  421
16777215
  470
LINEAR
  1001
ACAD
  1010
0
  1020
0
  1030
0
  0
LWPOLYLINE
  5
1342
  100
AcDbEntity
  8
Multi-Layer
  100
AcDbPolyline
  90
2
  70
1
  43
0
  10
0.40640081280162565
  20
-3.8100076200152406
  42
1
  10
2.133604267208535
  20
-3.8100076200152406
  42
1
  0
HATCH
  5
1344
  100
AcDbEntity
  8
Multi-Layer
  100
AcDbHatch
  10
0
  20
0
  30
0
  210
0
  220
0
  230
1
  2
SOLID
  70
1
  71
0
  91
1
  92
7
  72
1
  73
1
  93
2
  10
0.40640081280162554
  20
-3.8100076200152406
  42
1
  10
2.1336042672085345
  20
-3.8100076200152406
  42
1
  97
1
  330
1343
  75
0
  76
1
  47
0.8681437583925616
  98
1
  10
3.629517071192367
  20
33.92795499968543
  450
0
  451
0
  460
0
  461
0
  452
1
  462
1
  453
2
  463
0
  63
5
  421
255
  463
1
  63
7
  421
16777215
  470
LINEAR
  1001
ACAD
  1010
0
  1020
0
  1030
0
  0
LWPOLYLINE
  5
1345
  100
AcDbEntity
  8
Multi-Layer
  100
AcDbPolyline
  90
2
  70
1
  43
0
  10
0.40640081280162565
  20
-3.8100076200152406
  42
1
  10
2.133604267208535
  20
-3.8100076200152406
  42
1
  0
HATCH
  5
1347
  100
AcDbEntity
  8
Multi-Layer
  100
AcDbHatch
  10
0
  20
0
  30
0
  210
0
  220
0
  230
1
  2
SOLID
  70
1
  71
0
  91
1
  92
7
  72
1
  73
1
  93
2
  10
0.40640081280162554
  20
-3.8100076200152406
  42
1
  10
2.1336042672085345
  20
-3.8100076200152406
  42
1
  97
1
  330
1346
  75
0
  76
1
  47
0.8681437583925616
  98
1
  10
3.629517071192367
  20
33.92795499968543
  450
0
  451
0
  460
0
  461
0
  452
1
  462
1
  453
2
  463
0
  63
5
  421
255
  463
1
  63
7
  421
16777215
  470
LINEAR
  1001
ACAD
  1010
0
  1020
0
  1030
0
  0
LWPOLYLINE
  5
1348
  100
AcDbEntity
  8
Multi-Layer
  100
AcDbPolyline
  90
2
  70
1
  43
0
  10
0.40640081280162565
  20
-3.8100076200152406
  42
1
  10
2.133604267208535
  20
-3.8100076200152406
  42
1
  0
HATCH
  5
1371
  100
AcDbEntity
  8
Multi-Layer
  100
AcDbHatch
  10
0
  20
0
  30
0
  210
0
  220
0
  230
1
  2
SOLID
  70
1
  71
0
  91
1
  92
7
  72
1
  73
1
  93
2
  10
2.946405892811786
  20
-3.8100076200152406
  42
1
  10
4.6736093472186955
  20
-3.8100076200152406
  42
1
  97
1
  330
1370
  75
0
  76
1
  47
0.8681437583925616
  98
1
  10
3.629517071192367
  20
33.92795499968543
  450
0
  451
0
  460
0
  461
0
  452
1
  462
1
  453
2
  463
0
  63
5
  421
255
  463
1
  63
7
  421
16777215
  470
LINEAR
  1001
ACAD
  1010
0
  1020
0
  1030
0
  0
LWPOLYLINE
  5
1372
  100
AcDbEntity
  8
Multi-Layer
  100
AcDbPolyline
  90
4
  70
0
  43
0
  10
2.946405892811786
  20
-3.8100076202894133
  42
1
  10
4.673609347218695
  20
-3.810007620289414
  10
4.673609347218695
  20
-3.8100076197410675
  42
1
  10
2.946405892811786
  20
-3.8100076197410675
  0
HATCH
  5
1374
  100
AcDbEntity
  8
Multi-Layer
  100
AcDbHatch
  10
0
  20
0
  30
0
  210
0
  220
0
  230
1
  2
SOLID
  70
1
  71
0
  91
1
  92
7
  72
1
  73
1
  93
2
  10
2.946405892811786
  20
-3.8100076200152406
  42
1
  10
4.6736093472186955
  20
-3.8100076200152406
  42
1
  97
1
  330
1373
  75
0
  76
1
  47
0.8681437583925616
  98
1
  10
3.629517071192367
  20
33.92795499968543
  450
0
  451
0
  460
0
  461
0
  452
1
  462
1
  453
2
  463
0
  63
5
  421
255
  463
1
  63
7
  421
16777215
  470
LINEAR
  1001
ACAD
  1010
0
  1020
0
  1030
0
  0
LWPOLYLINE
  5
1375
  100
AcDbEntity
  8
Multi-Layer
  100
AcDbPolyline
  90
4
  70
0
  43
0
  10
2.946405892811786
  20
-3.8100076202894133
  42
1
  10
4.673609347218695
  20
-3.810007620289414
  10
4.673609347218695
  20
-3.8100076197410675
  42
1
  10
2.946405892811786
  20
-3.8100076197410675
  0
HATCH
  5
1377
  100
AcDbEntity
  8
Multi-Layer
  100
AcDbHatch
  10
0
  20
0
  30
0
  210
0
  220
0
  230
1
  2
SOLID
  70
1
  71
0
  91
1
  92
7
  72
1
  73
1
  93
2
  10
2.946405892811786
  20
-3.8100076200152406
  42
1
  10
4.6736093472186955
  20
-3.8100076200152406
  42
1
  97
1
  330
1376
  75
0
  76
1
  47
0.8681437583925616
  98
1
  10
3.629517071192367
  20
33.92795499968543
  450
0
  451
0
  460
0
  461
0
  452
1
  462
1
  453
2
  463
0
  63
5
  421
255
  463
1
  63
7
  421
16777215
  470
LINEAR
  1001
ACAD
  1010
0
  1020
0
  1030
0
  0
LWPOLYLINE
  5
1378
  100
AcDbEntity
  8
Multi-Layer
  100
AcDbPolyline
  90
4
  70
0
  43
0
  10
2.946405892811786
  20
-3.8100076202894133
  42
1
  10
4.673609347218695
  20
-3.810007620289414
  10
4.673609347218695
  20
-3.8100076197410675
  42
1
  10
2.946405892811786
  20
-3.8100076197410675
  0
HATCH
  5
1401
  100
AcDbEntity
  8
Multi-Layer
  100
AcDbHatch
  10
0
  20
0
  30
0
  210
0
  220
0
  230
1
  2
SOLID
  70
1
  71
0
  91
1
  92
7
  72
1
  73
1
  93
2
  10
5.486410972821946
  20
-3.8100076200152406
  42
1
  10
7.213614427228856
  20
-3.8100076200152406
  42
1
  97
1
  330
1400
  75
0
  76
1
  47
0.8681437583925616
  98
1
  10
3.629517071192367
  20
33.92795499968543
  450
0
  451
0
  460
0
  461
0
  452
1
  462
1
  453
2
  463
0
  63
5
  421
255
  463
1
  63
7
  421
16777215
  470
LINEAR
  1001
ACAD
  1010
0
  1020
0
  1030
0
  0
LWPOLYLINE
  5
1402
  100
AcDbEntity
  8
Multi-Layer
  100
AcDbPolyline
  90
4
  70
0
  43
0
  10
5.486410972821947
  20
-3.810007620563587
  42
1
  10
7.213614427228855
  20
-3.8100076205635873
  10
7.213614427228855
  20
-3.810007619466894
  42
1
  10
5.486410972821947
  20
-3.8100076194668935
  0
HATCH
  5
1404
  100
AcDbEntity
  8
Multi-Layer
  100
AcDbHatch
  10
0
  20
0
  30
0
  210
0
  220
0
  230
1
  2
SOLID
  70
1
  71
0
  91
1
  92
7
  72
1
  73
1
  93
2
  10
5.486410972821946
  20
-3.8100076200152406
  42
1
  10
7.213614427228856
  20
-3.8100076200152406
  42
1
  97
1
  330
1403
  75
0
  76
1
  47
0.8681437583925616
  98
1
  10
3.629517071192367
  20
33.92795499968543
  450
0
  451
0
  460
0
  461
0
  452
1
  462
1
  453
2
  463
0
  63
5
  421
255
  463
1
  63
7
  421
16777215
  470
LINEAR
  1001
ACAD
  1010
0
  1020
0
  1030
0
  0
LWPOLYLINE
  5
1405
  100
AcDbEntity
  8
Multi-Layer
  100
AcDbPolyline
  90
4
  70
0
  43
0
  10
5.486410972821947
  20
-3.810007620563587
  42
1
  10
7.213614427228855
  20
-3.8100076205635873
  10
7.213614427228855
  20
-3.810007619466894
  42
1
  10
5.486410972821947
  20
-3.8100076194668935
  0
HATCH
  5
1407
  100
AcDbEntity
  8
Multi-Layer
  100
AcDbHatch
  10
0
  20
0
  30
0
  210
0
  220
0
  230
1
  2
SOLID
  70
1
  71
0
  91
1
  92
7
  72
1
  73
1
  93
2
  10
5.486410972821946
  20
-3.8100076200152406
  42
1
  10
7.213614427228856
  20
-3.8100076200152406
  42
1
  97
1
  330
1406
  75
0
  76
1
  47
0.8681437583925616
  98
1
  10
3.629517071192367
  20
33.92795499968543
  450
0
  451
0
  460
0
  461
0
  452
1
  462
1
  453
2
  463
0
  63
5
  421
255
  463
1
  63
7
  421
16777215
  470
LINEAR
  1001
ACAD
  1010
0
  1020
0
  1030
0
  0
LWPOLYLINE
  5
1408
  100
AcDbEntity
  8
Multi-Layer
  100
AcDbPolyline
  90
4
  70
0
  43
0
  10
5.486410972821947
  20
-3.810007620563587
  42
1
  10
7.213614427228855
  20
-3.8100076205635873
  10
7.213614427228855
  20
-3.810007619466894
  42
1
  10
5.486410972821947
  20
-3.8100076194668935
  0
HATCH
  5
1431
  100
AcDbEntity
  8
Multi-Layer
  100
AcDbHatch
  10
0
  20
0
  30
0
  210
0
  220
0
  230
1
  2
SOLID
  70
1
  71
0
  91
1
  92
7
  72
1
  73
1
  93
2
  10
8.026416052832108
  20
-3.8100076200152406
  42
1
  10
9.753619507239016
  20
-3.8100076200152406
  42
1
  97
1
  330
1430
  75
0
  76
1
  47
0.8681437583925616
  98
1
  10
3.629517071192367
  20
33.92795499968543
  450
0
  451
0
  460
0
  461
0
  452
1
  462
1
  453
2
  463
0
  63
5
  421
255
  463
1
  63
7
  421
16777215
  470
LINEAR
  1001
ACAD
  1010
0
  1020
0
  1030
0
  0
LWPOLYLINE
  5
1432
  100
AcDbEntity
  8
Multi-Layer
  100
AcDbPolyline
  90
4
  70
0
  43
0
  10
8.026416052832108
  20
-3.810007620563587
  42
1
  10
9.753619507239016
  20
-3.8100076205635873
  10
9.753619507239016
  20
-3.810007619466894
  42
1
  10
8.026416052832108
  20
-3.8100076194668935
  0
HATCH
  5
1434
  100
AcDbEntity
  8
Multi-Layer
  100
AcDbHatch
  10
0
  20
0
  30
0
  210
0
  220
0
  230
1
  2
SOLID
  70
1
  71
0
  91
1
  92
7
  72
1
  73
1
  93
2
  10
8.026416052832108
  20
-3.8100076200152406
  42
1
  10
9.753619507239016
  20
-3.8100076200152406
  42
1
  97
1
  330
1433
  75
0
  76
1
  47
0.8681437583925616
  98
1
  10
3.629517071192367
  20
33.92795499968543
  450
0
  451
0
  460
0
  461
0
  452
1
  462
1
  453
2
  463
0
  63
5
  421
255
  463
1
  63
7
  421
16777215
  470
LINEAR
  1001
ACAD
  1010
0
  1020
0
  1030
0
  0
LWPOLYLINE
  5
1435
  100
AcDbEntity
  8
Multi-Layer
  100
AcDbPolyline
  90
4
  70
0
  43
0
  10
8.026416052832108
  20
-3.810007620563587
  42
1
  10
9.753619507239016
  20
-3.8100076205635873
  10
9.753619507239016
  20
-3.810007619466894
  42
1
  10
8.026416052832108
  20
-3.8100076194668935
  0
HATCH
  5
1437
  100
AcDbEntity
  8
Multi-Layer
  100
AcDbHatch
  10
0
  20
0
  30
0
  210
0
  220
0
  230
1
  2
SOLID
  70
1
  71
0
  91
1
  92
7
  72
1
  73
1
  93
2
  10
8.026416052832108
  20
-3.8100076200152406
  42
1
  10
9.753619507239016
  20
-3.8100076200152406
  42
1
  97
1
  330
1436
  75
0
  76
1
  47
0.8681437583925616
  98
1
  10
3.629517071192367
  20
33.92795499968543
  450
0
  451
0
  460
0
  461
0
  452
1
  462
1
  453
2
  463
0
  63
5
  421
255
  463
1
  63
7
  421
16777215
  470
LINEAR
  1001
ACAD
  1010
0
  1020
0
  1030
0
  0
LWPOLYLINE
  5
1438
  100
AcDbEntity
  8
Multi-Layer
  100
AcDbPolyline
  90
4
  70
0
  43
0
  10
8.026416052832108
  20
-3.810007620563587
  42
1
  10
9.753619507239016
  20
-3.8100076205635873
  10
9.753619507239016
  20
-3.810007619466894
  42
1
  10
8.026416052832108
  20
-3.8100076194668935
  0
HATCH
  5
1461
  100
AcDbEntity
  8
Multi-Layer
  100
AcDbHatch
  10
0
  20
0
  30
0
  210
0
  220
0
  230
1
  2
SOLID
  70
1
  71
0
  91
1
  92
7
  72
1
  73
1
  93
2
  10
10.566421132842267
  20
-3.8100076200152406
  42
1
  10
12.293624587249175
  20
-3.8100076200152406
  42
1
  97
1
  330
1460
  75
0
  76
1
  47
0.8681437583925616
  98
1
  10
3.629517071192367
  20
33.92795499968543
  450
0
  451
0
  460
0
  461
0
  452
1
  462
1
  453
2
  463
0
  63
5
  421
255
  463
1
  63
7
  421
16777215
  470
LINEAR
  1001
ACAD
  1010
0
  1020
0
  1030
0
  0
LWPOLYLINE
  5
1462
  100
AcDbEntity
  8
Multi-Layer
  100
AcDbPolyline
  90
4
  70
0
  43
0
  10
10.566421132842267
  20
-3.810007620563587
  42
1
  10
12.293624587249175
  20
-3.8100076205635873
  10
12.293624587249175
  20
-3.810007619466894
  42
1
  10
10.566421132842267
  20
-3.8100076194668935
  0
HATCH
  5
1464
  100
AcDbEntity
  8
Multi-Layer
  100
AcDbHatch
  10
0
  20
0
  30
0
  210
0
  220
0
  230
1
  2
SOLID
  70
1
  71
0
  91
1
  92
7
  72
1
  73
1
  93
2
  10
10.566421132842267
  20
-3.8100076200152406
  42
1
  10
12.293624587249175
  20
-3.8100076200152406
  42
1
  97
1
  330
1463
  75
0
  76
1
  47
0.8681437583925616
  98
1
  10
3.629517071192367
  20
33.92795499968543
  450
0
  451
0
  460
0
  461
0
  452
1
  462
1
  453
2
  463
0
  63
5
  421
255
  463
1
  63
7
  421
16777215
  470
LINEAR
  1001
ACAD
  1010
0
  1020
0
  1030
0
  0
LWPOLYLINE
  5
1465
  100
AcDbEntity
  8
Multi-Layer
  100
AcDbPolyline
  90
4
  70
0
  43
0
  10
10.566421132842267
  20
-3.810007620563587
  42
1
  10
12.293624587249175
  20
-3.8100076205635873
  10
12.293624587249175
  20
-3.810007619466894
  42
1
  10
10.566421132842267
  20
-3.8100076194668935
  0
HATCH
  5
1467
  100
AcDbEntity
  8
Multi-Layer
  100
AcDbHatch
  10
0
  20
0
  30
0
  210
0
  220
0
  230
1
  2
SOLID
  70
1
  71
0
  91
1
  92
7
  72
1
  73
1
  93
2
  10
10.566421132842267
  20
-3.8100076200152406
  42
1
  10
12.293624587249175
  20
-3.8100076200152406
  42
1
  97
1
  330
1466
  75
0
  76
1
  47
0.8681437583925616
  98
1
  10
3.629517071192367
  20
33.92795499968543
  450
0
  451
0
  460
0
  461
0
  452
1
  462
1
  453
2
  463
0
  63
5
  421
255
  463
1
  63
7
  421
16777215
  470
LINEAR
  1001
ACAD
  1010
0
  1020
0
  1030
0
  0
LWPOLYLINE
  5
1468
  100
AcDbEntity
  8
Multi-Layer
  100
AcDbPolyline
  90
4
  70
0
  43
0
  10
10.566421132842267
  20
-3.810007620563587
  42
1
  10
12.293624587249175
  20
-3.8100076205635873
  10
12.293624587249175
  20
-3.810007619466894
  42
1
  10
10.566421132842267
  20
-3.8100076194668935
  0
HATCH
  5
1095
  100
AcDbEntity
  8
Document-Layer
  100
AcDbHatch
  10
0
  20
0
  30
0
  210
0
  220
0
  230
1
  2
SOLID
  70
1
  71
0
  91
1
  92
7
  72
0
  73
1
  93
4
  10
8.8500127000254
  20
-11.250038100076202
  10
8.8500127000254
  20
-14.150038100076202
  10
8.600025400050802
  20
-14.5000254000508
  10
8.600025400050802
  20
-10.850038100076201
  97
1
  330
1094
  75
0
  76
1
  47
0.4128176842155181
  98
1
  10
34.90568961886538
  20
22.81183545379326
  450
0
  451
0
  460
0
  461
0
  452
1
  462
1
  453
2
  463
0
  63
5
  421
255
  463
1
  63
7
  421
16777215
  470
LINEAR
  1001
ACAD
  1010
0
  1020
0
  1030
0
  0
LWPOLYLINE
  5
1094
  100
AcDbEntity
  8
Document-Layer
  100
AcDbPolyline
  90
4
  70
1
  43
0.005080010160020321
  10
8.8500127000254
  20
-11.250038100076202
  10
8.8500127000254
  20
-14.150038100076202
  10
8.600025400050802
  20
-14.5000254000508
  10
8.600025400050802
  20
-10.850038100076201
  0
HATCH
  5
1097
  100
AcDbEntity
  8
Document-Layer
  100
AcDbHatch
  10
0
  20
0
  30
0
  210
0
  220
0
  230
1
  2
SOLID
  70
1
  71
0
  91
1
  92
7
  72
0
  73
1
  93
30
  10
6.350012700025401
  20
-9.800025400050801
  10
6.350012700025401
  20
-10.000025400050802
  10
5.664145517512168
  20
-10.0903215276419
  10
5.025019050038102
  20
-10.355056378541265
  10
4.476188710155132
  20
-10.776188710155132
  10
4.055056378541263
  20
-11.325019050038103
  10
3.7903215276418982
  20
-11.964145517512168
  10
3.7000254000508006
  20
-12.650012700025401
  10
3.7000254000508006
  20
-12.700025400050801
  10
3.7000254000508006
  20
-12.7000508001016
  10
3.7903215276418982
  20
-13.385917982614833
  10
4.055056378541264
  20
-14.025044450088902
  10
4.476188710155132
  20
-14.573874789971871
  10
5.0250190500381
  20
-14.995007121585738
  10
5.664145517512169
  20
-15.259741972485104
  10
6.350012700025401
  20
-15.350038100076201
  10
6.350012700025401
  20
-15.600025400050802
  10
6.300025400050801
  20
-15.600025400050802
  10
5.549450169253491
  20
-15.5012102962891
  10
4.850025400050799
  20
-15.211499071025672
  10
4.249415734609813
  20
-14.75063506549179
  10
3.7885517290759285
  20
-14.150025400050803
  10
3.498840503812502
  20
-13.450600630848111
  10
3.4000254000508003
  20
-12.700025400050801
  10
3.4988405038125023
  20
-11.949450169253492
  10
3.7885517290759285
  20
-11.250025400050802
  10
4.249415734609814
  20
-10.649415734609814
  10
4.850025400050801
  20
-10.188551729075929
  10
5.5494501692534906
  20
-9.898840503812503
  10
6.300025400050801
  20
-9.800025400050801
  97
1
  330
1096
  75
0
  76
1
  47
0.4128176842155181
  98
1
  10
34.90568961886538
  20
22.81183545379326
  450
0
  451
0
  460
0
  461
0
  452
1
  462
1
  453
2
  463
0
  63
5
  421
255
  463
1
  63
7
  421
16777215
  470
LINEAR
  1001
ACAD
  1010
0
  1020
0
  1030
0
  0
LWPOLYLINE
  5
1096
  100
AcDbEntity
  8
Document-Layer
  100
AcDbPolyline
  90
30
  70
1
  43
0.005080010160020321
  10
6.350012700025401
  20
-9.800025400050801
  10
6.350012700025401
  20
-10.000025400050802
  10
5.664145517512168
  20
-10.0903215276419
  10
5.025019050038102
  20
-10.355056378541265
  10
4.476188710155132
  20
-10.776188710155132
  10
4.055056378541263
  20
-11.325019050038103
  10
3.7903215276418982
  20
-11.964145517512168
  10
3.7000254000508006
  20
-12.650012700025401
  10
3.7000254000508006
  20
-12.700025400050801
  10
3.7000254000508006
  20
-12.7000508001016
  10
3.7903215276418982
  20
-13.385917982614833
  10
4.055056378541264
  20
-14.025044450088902
  10
4.476188710155132
  20
-14.573874789971871
  10
5.0250190500381
  20
-14.995007121585738
  10
5.664145517512169
  20
-15.259741972485104
  10
6.350012700025401
  20
-15.350038100076201
  10
6.350012700025401
  20
-15.600025400050802
  10
6.300025400050801
  20
-15.600025400050802
  10
5.549450169253491
  20
-15.5012102962891
  10
4.850025400050799
  20
-15.211499071025672
  10
4.249415734609813
  20
-14.75063506549179
  10
3.7885517290759285
  20
-14.150025400050803
  10
3.498840503812502
  20
-13.450600630848111
  10
3.4000254000508003
  20
-12.700025400050801
  10
3.4988405038125023
  20
-11.949450169253492
  10
3.7885517290759285
  20
-11.250025400050802
  10
4.249415734609814
  20
-10.649415734609814
  10
4.850025400050801
  20
-10.188551729075929
  10
5.5494501692534906
  20
-9.898840503812503
  10
6.300025400050801
  20
-9.800025400050801
  0
HATCH
  5
1099
  100
AcDbEntity
  8
Document-Layer
  100
AcDbHatch
  10
0
  20
0
  30
0
  210
0
  220
0
  230
1
  2
SOLID
  70
1
  71
0
  91
1
  92
7
  72
0
  73
1
  93
5
  10
6.892532385064771
  20
-14.448869697739397
  10
6.892532385064771
  20
-13.518872237744477
  10
7.082550165100331
  20
-13.518872237744477
  10
7.082550165100331
  20
-14.438887477774957
  10
7.072567945135891
  20
-14.448869697739397
  97
1
  330
1098
  75
0
  76
1
  47
0.4128176842155181
  98
1
  10
34.90568961886538
  20
22.81183545379326
  450
0
  451
0
  460
0
  461
0
  452
1
  462
1
  453
2
  463
0
  63
5
  421
255
  463
1
  63
7
  421
16777215
  470
LINEAR
  1001
ACAD
  1010
0
  1020
0
  1030
0
  0
LWPOLYLINE
  5
1098
  100
AcDbEntity
  8
Document-Layer
  100
AcDbPolyline
  90
5
  70
1
  43
0.005080010160020321
  10
6.892532385064771
  20
-14.448869697739397
  10
6.892532385064771
  20
-13.518872237744477
  10
7.082550165100331
  20
-13.518872237744477
  10
7.082550165100331
  20
-14.438887477774957
  10
7.072567945135891
  20
-14.448869697739397
  0
HATCH
  5
1101
  100
AcDbEntity
  8
Document-Layer
  100
AcDbHatch
  10
0
  20
0
  30
0
  210
0
  220
0
  230
1
  2
SOLID
  70
1
  71
0
  91
1
  92
7
  72
0
  73
1
  93
5
  10
6.520116840233681
  20
-13.890017780035562
  10
7.450114300228601
  20
-13.890017780035562
  10
7.450114300228601
  20
-14.080035560071122
  10
6.530099060198121
  20
-14.080035560071122
  10
6.520116840233681
  20
-14.070053340106682
  97
1
  330
1100
  75
0
  76
1
  47
0.4128176842155181
  98
1
  10
34.90568961886538
  20
22.81183545379326
  450
0
  451
0
  460
0
  461
0
  452
1
  462
1
  453
2
  463
0
  63
5
  421
255
  463
1
  63
7
  421
16777215
  470
LINEAR
  1001
ACAD
  1010
0
  1020
0
  1030
0
  0
LWPOLYLINE
  5
1100
  100
AcDbEntity
  8
Document-Layer
  100
AcDbPolyline
  90
5
  70
1
  43
0.005080010160020321
  10
6.520116840233681
  20
-13.890017780035562
  10
7.450114300228601
  20
-13.890017780035562
  10
7.450114300228601
  20
-14.080035560071122
  10
6.530099060198121
  20
-14.080035560071122
  10
6.520116840233681
  20
-14.070053340106682
  0
HATCH
  5
1558
  100
AcDbEntity
  8
Document-Layer
  100
AcDbHatch
  10
0
  20
0
  30
0
  210
0
  220
0
  230
1
  2
SOLID
  70
1
  71
0
  91
1
  92
7
  72
0
  73
1
  93
4
  10
8.8500127000254
  20
-11.250038100076202
  10
8.8500127000254
  20
-14.150038100076202
  10
8.600025400050802
  20
-14.5000254000508
  10
8.600025400050802
  20
-10.850038100076201
  97
1
  330
1557
  75
0
  76
1
  47
0.4128176842155181
  98
1
  10
34.90568961886538
  20
22.81183545379326
  450
0
  451
0
  460
0
  461
0
  452
1
  462
1
  453
2
  463
0
  63
5
  421
255
  463
1
  63
7
  421
16777215
  470
LINEAR
  1001
ACAD
  1010
0
  1020
0
  1030
0
  0
LWPOLYLINE
  5
1557
  100
AcDbEntity
  8
Document-Layer
  100
AcDbPolyline
  90
4
  70
1
  43
0.005080010160020321
  10
8.8500127000254
  20
-11.250038100076202
  10
8.8500127000254
  20
-14.150038100076202
  10
8.600025400050802
  20
-14.5000254000508
  10
8.600025400050802
  20
-10.850038100076201
  0
HATCH
  5
1560
  100
AcDbEntity
  8
Document-Layer
  100
AcDbHatch
  10
0
  20
0
  30
0
  210
0
  220
0
  230
1
  2
SOLID
  70
1
  71
0
  91
1
  92
7
  72
0
  73
1
  93
30
  10
6.350012700025401
  20
-9.800025400050801
  10
6.350012700025401
  20
-10.000025400050802
  10
5.664145517512168
  20
-10.0903215276419
  10
5.025019050038102
  20
-10.355056378541265
  10
4.476188710155132
  20
-10.776188710155132
  10
4.055056378541263
  20
-11.325019050038103
  10
3.7903215276418982
  20
-11.964145517512168
  10
3.7000254000508006
  20
-12.650012700025401
  10
3.7000254000508006
  20
-12.700025400050801
  10
3.7000254000508006
  20
-12.7000508001016
  10
3.7903215276418982
  20
-13.385917982614833
  10
4.055056378541264
  20
-14.025044450088902
  10
4.476188710155132
  20
-14.573874789971871
  10
5.0250190500381
  20
-14.995007121585738
  10
5.664145517512169
  20
-15.259741972485104
  10
6.350012700025401
  20
-15.350038100076201
  10
6.350012700025401
  20
-15.600025400050802
  10
6.300025400050801
  20
-15.600025400050802
  10
5.549450169253491
  20
-15.5012102962891
  10
4.850025400050799
  20
-15.211499071025672
  10
4.249415734609813
  20
-14.75063506549179
  10
3.7885517290759285
  20
-14.150025400050803
  10
3.498840503812502
  20
-13.450600630848111
  10
3.4000254000508003
  20
-12.700025400050801
  10
3.4988405038125023
  20
-11.949450169253492
  10
3.7885517290759285
  20
-11.250025400050802
  10
4.249415734609814
  20
-10.649415734609814
  10
4.850025400050801
  20
-10.188551729075929
  10
5.5494501692534906
  20
-9.898840503812503
  10
6.300025400050801
  20
-9.800025400050801
  97
1
  330
1559
  75
0
  76
1
  47
0.4128176842155181
  98
1
  10
34.90568961886538
  20
22.81183545379326
  450
0
  451
0
  460
0
  461
0
  452
1
  462
1
  453
2
  463
0
  63
5
  421
255
  463
1
  63
7
  421
16777215
  470
LINEAR
  1001
ACAD
  1010
0
  1020
0
  1030
0
  0
LWPOLYLINE
  5
1559
  100
AcDbEntity
  8
Document-Layer
  100
AcDbPolyline
  90
30
  70
1
  43
0.005080010160020321
  10
6.350012700025401
  20
-9.800025400050801
  10
6.350012700025401
  20
-10.000025400050802
  10
5.664145517512168
  20
-10.0903215276419
  10
5.025019050038102
  20
-10.355056378541265
  10
4.476188710155132
  20
-10.776188710155132
  10
4.055056378541263
  20
-11.325019050038103
  10
3.7903215276418982
  20
-11.964145517512168
  10
3.7000254000508006
  20
-12.650012700025401
  10
3.7000254000508006
  20
-12.700025400050801
  10
3.7000254000508006
  20
-12.7000508001016
  10
3.7903215276418982
  20
-13.385917982614833
  10
4.055056378541264
  20
-14.025044450088902
  10
4.476188710155132
  20
-14.573874789971871
  10
5.0250190500381
  20
-14.995007121585738
  10
5.664145517512169
  20
-15.259741972485104
  10
6.350012700025401
  20
-15.350038100076201
  10
6.350012700025401
  20
-15.600025400050802
  10
6.300025400050801
  20
-15.600025400050802
  10
5.549450169253491
  20
-15.5012102962891
  10
4.850025400050799
  20
-15.211499071025672
  10
4.249415734609813
  20
-14.75063506549179
  10
3.7885517290759285
  20
-14.150025400050803
  10
3.498840503812502
  20
-13.450600630848111
  10
3.4000254000508003
  20
-12.700025400050801
  10
3.4988405038125023
  20
-11.949450169253492
  10
3.7885517290759285
  20
-11.250025400050802
  10
4.249415734609814
  20
-10.649415734609814
  10
4.850025400050801
  20
-10.188551729075929
  10
5.5494501692534906
  20
-9.898840503812503
  10
6.300025400050801
  20
-9.800025400050801
  0
HATCH
  5
1562
  100
AcDbEntity
  8
Document-Layer
  100
AcDbHatch
  10
0
  20
0
  30
0
  210
0
  220
0
  230
1
  2
SOLID
  70
1
  71
0
  91
1
  92
7
  72
0
  73
1
  93
5
  10
6.892532385064771
  20
-14.448869697739397
  10
6.892532385064771
  20
-13.518872237744477
  10
7.082550165100331
  20
-13.518872237744477
  10
7.082550165100331
  20
-14.438887477774957
  10
7.072567945135891
  20
-14.448869697739397
  97
1
  330
1561
  75
0
  76
1
  47
0.4128176842155181
  98
1
  10
34.90568961886538
  20
22.81183545379326
  450
0
  451
0
  460
0
  461
0
  452
1
  462
1
  453
2
  463
0
  63
5
  421
255
  463
1
  63
7
  421
16777215
  470
LINEAR
  1001
ACAD
  1010
0
  1020
0
  1030
0
  0
LWPOLYLINE
  5
1561
  100
AcDbEntity
  8
Document-Layer
  100
AcDbPolyline
  90
5
  70
1
  43
0.005080010160020321
  10
6.892532385064771
  20
-14.448869697739397
  10
6.892532385064771
  20
-13.518872237744477
  10
7.082550165100331
  20
-13.518872237744477
  10
7.082550165100331
  20
-14.438887477774957
  10
7.072567945135891
  20
-14.448869697739397
  0
HATCH
  5
1564
  100
AcDbEntity
  8
Document-Layer
  100
AcDbHatch
  10
0
  20
0
  30
0
  210
0
  220
0
  230
1
  2
SOLID
  70
1
  71
0
  91
1
  92
7
  72
0
  73
1
  93
5
  10
6.520116840233681
  20
-13.890017780035562
  10
7.450114300228601
  20
-13.890017780035562
  10
7.450114300228601
  20
-14.080035560071122
  10
6.530099060198121
  20
-14.080035560071122
  10
6.520116840233681
  20
-14.070053340106682
  97
1
  330
1563
  75
0
  76
1
  47
0.4128176842155181
  98
1
  10
34.90568961886538
  20
22.81183545379326
  450
0
  451
0
  460
0
  461
0
  452
1
  462
1
  453
2
  463
0
  63
5
  421
255
  463
1
  63
7
  421
16777215
  470
LINEAR
  1001
ACAD
  1010
0
  1020
0
  1030
0
  0
LWPOLYLINE
  5
1563
  100
AcDbEntity
  8
Document-Layer
  100
AcDbPolyline
  90
5
  70
1
  43
0.005080010160020321
  10
6.520116840233681
  20
-13.890017780035562
  10
7.450114300228601
  20
-13.890017780035562
  10
7.450114300228601
  20
-14.080035560071122
  10
6.530099060198121
  20
-14.080035560071122
  10
6.520116840233681
  20
-14.070053340106682
  0
HATCH
  5
1158
  100
AcDbEntity
  8
Hole-Layer
  100
AcDbHatch
  10
0
  20
0
  30
0
  210
0
  220
0
  230
1
  2
SOLID
  70
1
  71
0
  91
1
  92
7
  72
1
  73
1
  93
2
  10
1.524003048006096
  20
-22.860045720091442
  42
1
  10
3.5560071120142243
  20
-22.860045720091442
  42
1
  97
1
  330
1157
  75
0
  76
1
  47
0.8681437583925616
  98
1
  10
3.629517071192367
  20
33.92795499968543
  450
0
  451
0
  460
0
  461
0
  452
1
  462
1
  453
2
  463
0
  63
5
  421
255
  463
1
  63
7
  421
16777215
  470
LINEAR
  1001
ACAD
  1010
0
  1020
0
  1030
0
  0
LWPOLYLINE
  5
1159
  100
AcDbEntity
  8
Hole-Layer
  100
AcDbPolyline
  90
2
  70
1
  43
0
  10
1.5240030480060962
  20
-22.860045720091442
  42
1
  10
3.5560071120142247
  20
-22.860045720091442
  42
1
  0
HATCH
  5
1188
  100
AcDbEntity
  8
Hole-Layer
  100
AcDbHatch
  10
0
  20
0
  30
0
  210
0
  220
0
  230
1
  2
SOLID
  70
1
  71
0
  91
1
  92
7
  72
1
  73
1
  93
2
  10
9.144018288036577
  20
-22.860045720091442
  42
1
  10
11.176022352044704
  20
-22.860045720091442
  42
1
  97
1
  330
1187
  75
0
  76
1
  47
0.8681437583925616
  98
1
  10
3.629517071192367
  20
33.92795499968543
  450
0
  451
0
  460
0
  461
0
  452
1
  462
1
  453
2
  463
0
  63
5
  421
255
  463
1
  63
7
  421
16777215
  470
LINEAR
  1001
ACAD
  1010
0
  1020
0
  1030
0
  0
LWPOLYLINE
  5
1189
  100
AcDbEntity
  8
Hole-Layer
  100
AcDbPolyline
  90
2
  70
1
  43
0
  10
9.144018288036577
  20
-22.860045720091442
  42
1
  10
11.176022352044706
  20
-22.860045720091442
  42
1
  0
HATCH
  5
1242
  100
AcDbEntity
  8
Hole-Layer
  100
AcDbHatch
  10
0
  20
0
  30
0
  210
0
  220
0
  230
1
  2
SOLID
  70
1
  71
0
  91
1
  92
7
  72
1
  73
1
  93
2
  10
7.873990347980695
  20
-12.700025400050801
  42
1
  10
8.635991871983743
  20
-12.700025400050801
  42
1
  97
1
  330
1241
  75
0
  76
1
  47
0.8681437583925616
  98
1
  10
3.629517071192367
  20
33.92795499968543
  450
0
  451
0
  460
0
  461
0
  452
1
  462
1
  453
2
  463
0
  63
5
  421
255
  463
1
  63
7
  421
16777215
  470
LINEAR
  1001
ACAD
  1010
0
  1020
0
  1030
0
  0
LWPOLYLINE
  5
1243
  100
AcDbEntity
  8
Hole-Layer
  100
AcDbPolyline
  90
2
  70
1
  43
0
  10
7.873990347980696
  20
-12.700025400050801
  42
1
  10
8.635991871983745
  20
-12.700025400050801
  42
1
  0
HATCH
  5
1272
  100
AcDbEntity
  8
Hole-Layer
  100
AcDbHatch
  10
0
  20
0
  30
0
  210
0
  220
0
  230
1
  2
SOLID
  70
1
  71
0
  91
1
  92
7
  72
1
  73
1
  93
2
  10
6.603911607823217
  20
-12.700025400050801
  42
1
  10
7.365913131826265
  20
-12.700025400050801
  42
1
  97
1
  330
1271
  75
0
  76
1
  47
0.8681437583925616
  98
1
  10
3.629517071192367
  20
33.92795499968543
  450
0
  451
0
  460
0
  461
0
  452
1
  462
1
  453
2
  463
0
  63
5
  421
255
  463
1
  63
7
  421
16777215
  470
LINEAR
  1001
ACAD
  1010
0
  1020
0
  1030
0
  0
LWPOLYLINE
  5
1273
  100
AcDbEntity
  8
Hole-Layer
  100
AcDbPolyline
  90
2
  70
1
  43
0
  10
6.603911607823217
  20
-12.700025400050801
  42
1
  10
7.3659131318262645
  20
-12.700025400050801
  42
1
  0
HATCH
  5
1302
  100
AcDbEntity
  8
Hole-Layer
  100
AcDbHatch
  10
0
  20
0
  30
0
  210
0
  220
0
  230
1
  2
SOLID
  70
1
  71
0
  91
1
  92
7
  72
1
  73
1
  93
2
  10
5.344018288036577
  20
-12.700025400050801
  42
1
  10
6.106019812039626
  20
-12.700025400050801
  42
1
  97
1
  330
1301
  75
0
  76
1
  47
0.8681437583925616
  98
1
  10
3.629517071192367
  20
33.92795499968543
  450
0
  451
0
  460
0
  461
0
  452
1
  462
1
  453
2
  463
0
  63
5
  421
255
  463
1
  63
7
  421
16777215
  470
LINEAR
  1001
ACAD
  1010
0
  1020
0
  1030
0
  0
LWPOLYLINE
  5
1303
  100
AcDbEntity
  8
Hole-Layer
  100
AcDbPolyline
  90
2
  70
1
  43
0
  10
5.344018288036577
  20
-12.700025400050801
  42
1
  10
6.106019812039625
  20
-12.700025400050801
  42
1
  0
HATCH
  5
1332
  100
AcDbEntity
  8
Hole-Layer
  100
AcDbHatch
  10
0
  20
0
  30
0
  210
0
  220
0
  230
1
  2
SOLID
  70
1
  71
0
  91
1
  92
7
  72
1
  73
1
  93
2
  10
4.094030988061977
  20
-12.700025400050801
  42
1
  10
4.856032512065026
  20
-12.700025400050801
  42
1
  97
1
  330
1331
  75
0
  76
1
  47
0.8681437583925616
  98
1
  10
3.629517071192367
  20
33.92795499968543
  450
0
  451
0
  460
0
  461
0
  452
1
  462
1
  453
2
  463
0
  63
5
  421
255
  463
1
  63
7
  421
16777215
  470
LINEAR
  1001
ACAD
  1010
0
  1020
0
  1030
0
  0
LWPOLYLINE
  5
1333
  100
AcDbEntity
  8
Hole-Layer
  100
AcDbPolyline
  90
2
  70
1
  43
0
  10
4.094030988061977
  20
-12.700025400050801
  42
1
  10
4.856032512065025
  20
-12.700025400050801
  42
1
  0
HATCH
  5
1362
  100
AcDbEntity
  8
Hole-Layer
  100
AcDbHatch
  10
0
  20
0
  30
0
  210
0
  220
0
  230
1
  2
SOLID
  70
1
  71
0
  91
1
  92
7
  72
1
  73
1
  93
2
  10
0.7366014732029463
  20
-3.8100076200152406
  42
1
  10
1.8034036068072137
  20
-3.8100076200152406
  42
1
  97
1
  330
1361
  75
0
  76
1
  47
0.8681437583925616
  98
1
  10
3.629517071192367
  20
33.92795499968543
  450
0
  451
0
  460
0
  461
0
  452
1
  462
1
  453
2
  463
0
  63
5
  421
255
  463
1
  63
7
  421
16777215
  470
LINEAR
  1001
ACAD
  1010
0
  1020
0
  1030
0
  0
LWPOLYLINE
  5
1363
  100
AcDbEntity
  8
Hole-Layer
  100
AcDbPolyline
  90
4
  70
0
  43
0
  10
0.7366014732029466
  20
-3.8100076177679916
  42
1
  10
1.8034036068072137
  20
-3.8100076213406693
  10
1.8034036068072137
  20
-3.810007622262489
  42
1
  10
0.7366014732029466
  20
-3.8100076186898115
  0
HATCH
  5
1392
  100
AcDbEntity
  8
Hole-Layer
  100
AcDbHatch
  10
0
  20
0
  30
0
  210
0
  220
0
  230
1
  2
SOLID
  70
1
  71
0
  91
1
  92
7
  72
1
  73
1
  93
2
  10
3.276606553213107
  20
-3.8100076200152406
  42
1
  10
4.343408686817375
  20
-3.8100076200152406
  42
1
  97
1
  330
1391
  75
0
  76
1
  47
0.8681437583925616
  98
1
  10
3.629517071192367
  20
33.92795499968543
  450
0
  451
0
  460
0
  461
0
  452
1
  462
1
  453
2
  463
0
  63
5
  421
255
  463
1
  63
7
  421
16777215
  470
LINEAR
  1001
ACAD
  1010
0
  1020
0
  1030
0
  0
LWPOLYLINE
  5
1393
  100
AcDbEntity
  8
Hole-Layer
  100
AcDbPolyline
  90
2
  70
1
  43
0
  10
3.2766065532131066
  20
-3.8100076200152406
  42
1
  10
4.343408686817375
  20
-3.8100076200152406
  42
1
  0
HATCH
  5
1422
  100
AcDbEntity
  8
Hole-Layer
  100
AcDbHatch
  10
0
  20
0
  30
0
  210
0
  220
0
  230
1
  2
SOLID
  70
1
  71
0
  91
1
  92
7
  72
1
  73
1
  93
2
  10
5.816611633223267
  20
-3.8100076200152406
  42
1
  10
6.883413766827535
  20
-3.8100076200152406
  42
1
  97
1
  330
1421
  75
0
  76
1
  47
0.8681437583925616
  98
1
  10
3.629517071192367
  20
33.92795499968543
  450
0
  451
0
  460
0
  461
0
  452
1
  462
1
  453
2
  463
0
  63
5
  421
255
  463
1
  63
7
  421
16777215
  470
LINEAR
  1001
ACAD
  1010
0
  1020
0
  1030
0
  0
LWPOLYLINE
  5
1423
  100
AcDbEntity
  8
Hole-Layer
  100
AcDbPolyline
  90
2
  70
1
  43
0
  10
5.816611633223267
  20
-3.8100076200152406
  42
1
  10
6.883413766827535
  20
-3.8100076200152406
  42
1
  0
HATCH
  5
1452
  100
AcDbEntity
  8
Hole-Layer
  100
AcDbHatch
  10
0
  20
0
  30
0
  210
0
  220
0
  230
1
  2
SOLID
  70
1
  71
0
  91
1
  92
7
  72
1
  73
1
  93
2
  10
8.356616713233429
  20
-3.8100076200152406
  42
1
  10
9.423418846837695
  20
-3.8100076200152406
  42
1
  97
1
  330
1451
  75
0
  76
1
  47
0.8681437583925616
  98
1
  10
3.629517071192367
  20
33.92795499968543
  450
0
  451
0
  460
0
  461
0
  452
1
  462
1
  453
2
  463
0
  63
5
  421
255
  463
1
  63
7
  421
16777215
  470
LINEAR
  1001
ACAD
  1010
0
  1020
0
  1030
0
  0
LWPOLYLINE
  5
1453
  100
AcDbEntity
  8
Hole-Layer
  100
AcDbPolyline
  90
2
  70
1
  43
0
  10
8.356616713233427
  20
-3.8100076200152406
  42
1
  10
9.423418846837695
  20
-3.8100076200152406
  42
1
  0
HATCH
  5
1482
  100
AcDbEntity
  8
Hole-Layer
  100
AcDbHatch
  10
0
  20
0
  30
0
  210
0
  220
0
  230
1
  2
SOLID
  70
1
  71
0
  91
1
  92
7
  72
1
  73
1
  93
2
  10
10.896621793243588
  20
-3.8100076200152406
  42
1
  10
11.963423926847854
  20
-3.8100076200152406
  42
1
  97
1
  330
1481
  75
0
  76
1
  47
0.8681437583925616
  98
1
  10
3.629517071192367
  20
33.92795499968543
  450
0
  451
0
  460
0
  461
0
  452
1
  462
1
  453
2
  463
0
  63
5
  421
255
  463
1
  63
7
  421
16777215
  470
LINEAR
  1001
ACAD
  1010
0
  1020
0
  1030
0
  0
LWPOLYLINE
  5
1483
  100
AcDbEntity
  8
Hole-Layer
  100
AcDbPolyline
  90
2
  70
1
  43
0
  10
10.896621793243588
  20
-3.8100076200152406
  42
1
  10
11.963423926847856
  20
-3.8100076200152406
  42
1
  0
ENDSEC
  0
SECTION
  2
OBJECTS
  0
DICTIONARY
  5
C
  330
0
  100
AcDbDictionary
  281
1
  3
ACAD_CIP_PREVIOUS_PRODUCT_INFO
  350
1A2
  3
ACAD_COLOR
  350
6C
  3
ACAD_DETAILVIEWSTYLE
  350
1A8
  3
ACAD_GROUP
  350
D
  3
ACAD_LAYOUT
  350
1A
  3
ACAD_MATERIAL
  350
6B
  3
ACAD_MLEADERSTYLE
  350
D2
  3
ACAD_MLINESTYLE
  350
17
  3
ACAD_PLOTSETTINGS
  350
19
  3
ACAD_PLOTSTYLENAME
  350
E
  3
ACAD_SCALELIST
  350
B1
  3
ACAD_SECTIONVIEWSTYLE
  350
1A5
  3
ACAD_TABLESTYLE
  350
A6
  3
ACAD_VISUALSTYLE
  350
95
  3
ACDB_RECOMPOSE_DATA
  350
301
  3
AcDbVariableDictionary
  350
59
  3
AcDsDecomposeData
  350
307
  0
DICTIONARY
  5
18B
  330
2
  100
AcDbDictionary
  280
1
  281
1
  3
ACAD_LAYERSTATES
  360
18C
  0
DICTIONARY
  5
E1
  330
10
  100
AcDbDictionary
  280
1
  281
1
  0
DICTIONARY
  5
15A
  330
1F
  100
AcDbDictionary
  280
1
  281
1
  0
XRECORD
  5
1A2
  102
{ACAD_REACTORS
  330
C
  102
}
  330
C
  100
AcDbXrecord
  280
1
  300
ACD
  300
2021
  300

  0
DICTIONARY
  5
6C
  102
{ACAD_REACTORS
  330
C
  102
}
  330
C
  100
AcDbDictionary
  281
1
  0
DICTIONARY
  5
1A8
  102
{ACAD_REACTORS
  330
C
  102
}
  330
C
  100
AcDbDictionary
  281
1
  3
Imperial24
  350
1A9
  0
DICTIONARY
  5
D
  102
{ACAD_REACTORS
  330
C
  102
}
  330
C
  100
AcDbDictionary
  281
1
  0
DICTIONARY
  5
1A
  102
{ACAD_REACTORS
  330
C
  102
}
  330
C
  100
AcDbDictionary
  281
1
  3
Model
  350
22
  3
布局1
  350
74
  3
布局2
  350
79
  0
DICTIONARY
  5
6B
  102
{ACAD_REACTORS
  330
C
  102
}
  330
C
  100
AcDbDictionary
  281
1
  3
ByBlock
  350
93
  3
ByLayer
  350
92
  3
Global
  350
94
  0
DICTIONARY
  5
D2
  102
{ACAD_REACTORS
  330
C
  102
}
  330
C
  100
AcDbDictionary
  281
1
  3
Annotative
  350
E0
  3
Standard
  350
D3
  0
DICTIONARY
  5
17
  102
{ACAD_REACTORS
  330
C
  102
}
  330
C
  100
AcDbDictionary
  281
1
  3
Standard
  350
18
  0
DICTIONARY
  5
19
  102
{ACAD_REACTORS
  330
C
  102
}
  330
C
  100
AcDbDictionary
  281
1
  0
ACDBDICTIONARYWDFLT
  5
E
  102
{ACAD_REACTORS
  330
C
  102
}
  330
C
  100
AcDbDictionary
  281
1
  3
Normal
  350
F
  100
AcDbDictionaryWithDefault
  340
F
  0
DICTIONARY
  5
B1
  102
{ACAD_REACTORS
  330
C
  102
}
  330
C
  100
AcDbDictionary
  281
1
  3
A0
  350
B2
  3
A1
  350
124
  3
A2
  350
125
  3
A3
  350
126
  3
A4
  350
127
  3
A5
  350
128
  3
A6
  350
129
  3
A7
  350
12A
  3
A8
  350
12B
  3
A9
  350
12C
  3
B0
  350
12D
  3
B1
  350
12E
  3
B2
  350
12F
  3
B3
  350
130
  3
B4
  350
131
  3
B5
  350
132
  3
B6
  350
133
  3
B7
  350
134
  3
B8
  350
135
  3
B9
  350
136
  3
C0
  350
137
  3
C1
  350
138
  3
C2
  350
139
  3
C3
  350
13A
  3
C4
  350
13B
  3
C5
  350
13C
  3
C6
  350
13D
  3
C7
  350
13E
  3
C8
  350
13F
  3
C9
  350
140
  3
D0
  350
141
  3
D1
  350
142
  3
D2
  350
143
  0
DICTIONARY
  5
1A5
  102
{ACAD_REACTORS
  330
C
  102
}
  330
C
  100
AcDbDictionary
  281
1
  3
Imperial24
  350
1A7
  0
DICTIONARY
  5
A6
  102
{ACAD_REACTORS
  330
C
  102
}
  330
C
  100
AcDbDictionary
  281
1
  3
Standard
  350
A7
  0
DICTIONARY
  5
95
  102
{ACAD_REACTORS
  330
C
  102
}
  330
C
  100
AcDbDictionary
  281
1
  3
2dWireframe
  350
9B
  3
Basic
  350
9A
  3
Brighten
  350
A1
  3
ColorChange
  350
A5
  3
Conceptual
  350
9E
  3
Dim
  350
A0
  3
EdgeColorOff
  350
172
  3
Facepattern
  350
A4
  3
Flat
  350
96
  3
FlatWithEdges
  350
97
  3
Gouraud
  350
98
  3
GouraudWithEdges
  350
99
  3
Hidden
  350
9D
  3
JitterOff
  350
170
  3
Linepattern
  350
A3
  3
OverhangOff
  350
171
  3
Realistic
  350
9F
  3
Shaded
  350
17F
  3
Shaded with edges
  350
17E
  3
Shades of Gray
  350
17B
  3
Sketchy
  350
17C
  3
Thicken
  350
A2
  3
Wireframe
  350
9C
  3
X-Ray
  350
17D
  0
XRECORD
  5
301
  102
{ACAD_REACTORS
  330
C
  102
}
  330
C
  100
AcDbXrecord
  280
1
  90
1
  330
A7
  0
DICTIONARY
  5
59
  102
{ACAD_REACTORS
  330
C
  102
}
  330
C
  100
AcDbDictionary
  281
1
  3
CAMERAHEIGHT
  350
227
  3
CANNOSCALE
  350
EB
  3
CMLEADERSTYLE
  350
EA
  3
CTABLESTYLE
  350
AB
  3
CVIEWDETAILSTYLE
  350
1B4
  3
CVIEWSECTIONSTYLE
  350
1B5
  3
DIMASSOC
  350
5A
  3
HIDETEXT
  350
5E
  3
INDEXCTL
  350
226
  3
LAYEREVAL
  350
14A
  3
LAYERNOTIFY
  350
14B
  3
LIGHTINGUNITS
  350
224
  3
MSLTSCALE
  350
223
  3
SORTENTS
  350
225
  3
XCLIPFRAME
  350
228
  0
DICTIONARY
  5
307
  102
{ACAD_REACTORS
  330
C
  102
}
  330
C
  100
AcDbDictionary
  281
1
  3
AcDsRecords
  350
309
  3
AcDsSchemas
  350
308
  1001
ACAD
  1070
2
  0
DICTIONARY
  5
18C
  102
{ACAD_REACTORS
  330
18B
  102
}
  330
18B
  100
AcDbDictionary
  281
1
  0
ACDBDETAILVIEWSTYLE
  5
1A9
  102
{ACAD_XDICTIONARY
  360
33C
  102
}
  102
{ACAD_REACTORS
  330
1A8
  102
}
  330
1A8
  100
AcDbModelDocViewStyle
  70
0
  3
Imperial24
  290
0
  100
AcDbDetailViewStyle
  70
0
  71
0
  90
3
  71
1
  340
11
  62
256
  40
0.24
  340
0
  62
256
  40
0.24
  300

  40
0.36
  280
3
  71
2
  340
16
  90
25
  62
256
  71
3
  340
11
  62
256
  40
0.24
  90
1
  40
0.75
  90
1
  300
%<\AcVar ViewType \f "%tc1">% %<\AcVar ViewDetailId>%\PSCALE %<\AcVar ViewScale \f "%sn">%
  71
4
  340
16
  90
25
  62
256
  340
16
  90
25
  62
256
  280
0
  0
LAYOUT
  5
22
  102
{ACAD_XDICTIONARY
  360
191
  102
}
  102
{ACAD_REACTORS
  330
1A
  102
}
  330
1A
  100
AcDbPlotSettings
  1

  2
none_device
  4
Letter_(8.50_x_11.00_Inches)
  6

  40
6.349999904632568
  41
6.349999904632568
  42
6.350006103515625
  43
6.350006103515625
  44
215.8999938964844
  45
279.3999938964844
  46
0
  47
0
  48
0
  49
0
  140
0
  141
0
  142
1
  143
3.560208697428376
  70
11952
  72
0
  73
1
  74
0
  7

  75
0
  147
0.28088241027059
  76
0
  77
2
  78
300
  148
0.1311165230791651
  149
0.096403374003771
  100
AcDbLayout
  1
Model
  70
1
  71
0
  10
0
  20
0
  11
12
  21
9
  12
0
  22
0
  32
0
  14
0
  24
0
  34
0
  15
0
  25
0
  35
0
  146
0
  13
0
  23
0
  33
0
  16
1
  26
0
  36
0
  17
0
  27
1
  37
0
  76
0
  330
1F
  331
90
  0
LAYOUT
  5
74
  102
{ACAD_REACTORS
  330
1A
  102
}
  330
1A
  100
AcDbPlotSettings
  1

  2
\\ADSCCNDC1\hq601xrx1
  4

  6

  40
0
  41
0
  42
0
  43
0
  44
0
  45
0
  46
0
  47
0
  48
0
  49
0
  140
0
  141
0
  142
1
  143
1
  70
688
  72
0
  73
0
  74
5
  7

  75
16
  147
1
  76
0
  77
2
  78
300
  148
0
  149
0
  100
AcDbLayout
  1
布局1
  70
1
  71
1
  10
0
  20
0
  11
12
  21
9
  12
0
  22
0
  32
0
  14
0
  24
0
  34
0
  15
0
  25
0
  35
0
  146
0
  13
0
  23
0
  33
0
  16
1
  26
0
  36
0
  17
0
  27
1
  37
0
  76
0
  330
73
  0
LAYOUT
  5
79
  102
{ACAD_REACTORS
  330
1A
  102
}
  330
1A
  100
AcDbPlotSettings
  1

  2
\\ADSCCNDC1\hq601xrx1
  4

  6

  40
0
  41
0
  42
0
  43
0
  44
0
  45
0
  46
0
  47
0
  48
0
  49
0
  140
0
  141
0
  142
1
  143
1
  70
688
  72
0
  73
0
  74
5
  7

  75
16
  147
1
  76
0
  77
2
  78
300
  148
0
  149
0
  100
AcDbLayout
  1
布局2
  70
1
  71
2
  10
0
  20
0
  11
12
  21
9
  12
0
  22
0
  32
0
  14
0
  24
0
  34
0
  15
0
  25
0
  35
0
  146
0
  13
0
  23
0
  33
0
  16
1
  26
0
  36
0
  17
0
  27
1
  37
0
  76
0
  330
78
  0
MATERIAL
  5
93
  102
{ACAD_XDICTIONARY
  360
185
  102
}
  102
{ACAD_REACTORS
  330
6B
  102
}
  330
6B
  100
AcDbMaterial
  1
ByBlock
  94
63
  0
MATERIAL
  5
92
  102
{ACAD_XDICTIONARY
  360
183
  102
}
  102
{ACAD_REACTORS
  330
6B
  102
}
  330
6B
  100
AcDbMaterial
  1
ByLayer
  94
63
  0
MATERIAL
  5
94
  102
{ACAD_XDICTIONARY
  360
10B
  102
}
  102
{ACAD_REACTORS
  330
6B
  102
}
  330
6B
  100
AcDbMaterial
  1
Global
  43
0.0208000000566244
  43
0
  43
0
  43
0
  43
0
  43
0.0208000000566244
  43
0
  43
0
  43
0
  43
0
  43
1
  43
0
  43
0
  43
0
  43
0
  43
1
  49
0.0208000000566244
  49
0
  49
0
  49
0
  49
0
  49
0.0208000000566244
  49
0
  49
0
  49
0
  49
0
  49
1
  49
0
  49
0
  49
0
  49
0
  49
1
  142
0.0208000000566244
  142
0
  142
0
  142
0
  142
0
  142
0.0208000000566244
  142
0
  142
0
  142
0
  142
0
  142
1
  142
0
  142
0
  142
0
  142
0
  142
1
  144
0.0208000000566244
  144
0
  144
0
  144
0
  144
0
  144
0.0208000000566244
  144
0
  144
0
  144
0
  144
0
  144
1
  144
0
  144
0
  144
0
  144
0
  144
1
  94
63
  1001
ACAD
  1070
-1
  1070
3
  1070
0
  1000

  1071
0
  1070
0
  0
MLEADERSTYLE
  5
E0
  102
{ACAD_REACTORS
  330
D2
  102
}
  330
D2
  100
AcDbMLeaderStyle
  170
2
  171
1
  172
0
  90
2
  40
0
  41
0
  173
1
  91
-1056964608
  340
14
  92
-2
  290
0
  42
0.09
  291
0
  43
0.36
  3
Standard
  44
0.18
  300

  342
11
  174
1
  178
1
  175
1
  176
0
  93
-1056964608
  45
0.18
  292
0
  297
0
  46
0.18
  94
-1056964608
  47
1
  49
1
  140
1
  293
0
  141
0
  294
0
  177
0
  142
1
  295
0
  296
0
  143
0.125
  1001
ACAD_MLEADERVER
  1070
2
  0
MLEADERSTYLE
  5
D3
  102
{ACAD_REACTORS
  330
D2
  102
}
  330
D2
  100
AcDbMLeaderStyle
  170
2
  171
1
  172
0
  90
2
  40
0
  41
0
  173
1
  91
-1056964608
  340
14
  92
-2
  290
0
  42
0.09
  291
0
  43
0.36
  3
Standard
  44
0.18
  300

  342
11
  174
1
  178
1
  175
1
  176
0
  93
-1056964608
  45
0.18
  292
0
  297
0
  46
0.18
  94
-1056964608
  47
1
  49
1
  140
1
  293
0
  141
0
  294
0
  177
0
  142
1
  295
0
  296
0
  143
0.125
  1001
ACAD_MLEADERVER
  1070
2
  0
MLINESTYLE
  5
18
  102
{ACAD_REACTORS
  330
17
  102
}
  330
17
  100
AcDbMlineStyle
  2
STANDARD
  70
0
  3

  62
256
  51
90
  52
90
  71
2
  49
0.5
  62
256
  6
BYLAYER
  49
-0.5
  62
256
  6
BYLAYER
  0
ACDBPLACEHOLDER
  5
F
  102
{ACAD_REACTORS
  330
E
  102
}
  330
E
  0
SCALE
  5
B2
  102
{ACAD_REACTORS
  330
B1
  102
}
  330
B1
  100
AcDbScale
  70
0
  300
1:1
  140
1
  141
1
  290
0
  0
SCALE
  5
124
  102
{ACAD_REACTORS
  330
B1
  102
}
  330
B1
  100
AcDbScale
  70
0
  300
1:2
  140
1
  141
2
  290
0
  0
SCALE
  5
125
  102
{ACAD_REACTORS
  330
B1
  102
}
  330
B1
  100
AcDbScale
  70
0
  300
1:4
  140
1
  141
4
  290
0
  0
SCALE
  5
126
  102
{ACAD_REACTORS
  330
B1
  102
}
  330
B1
  100
AcDbScale
  70
0
  300
1:5
  140
1
  141
5
  290
0
  0
SCALE
  5
127
  102
{ACAD_REACTORS
  330
B1
  102
}
  330
B1
  100
AcDbScale
  70
0
  300
1:8
  140
1
  141
8
  290
0
  0
SCALE
  5
128
  102
{ACAD_REACTORS
  330
B1
  102
}
  330
B1
  100
AcDbScale
  70
0
  300
1:10
  140
1
  141
10
  290
0
  0
SCALE
  5
129
  102
{ACAD_REACTORS
  330
B1
  102
}
  330
B1
  100
AcDbScale
  70
0
  300
1:16
  140
1
  141
16
  290
0
  0
SCALE
  5
12A
  102
{ACAD_REACTORS
  330
B1
  102
}
  330
B1
  100
AcDbScale
  70
0
  300
1:20
  140
1
  141
20
  290
0
  0
SCALE
  5
12B
  102
{ACAD_REACTORS
  330
B1
  102
}
  330
B1
  100
AcDbScale
  70
0
  300
1:30
  140
1
  141
30
  290
0
  0
SCALE
  5
12C
  102
{ACAD_REACTORS
  330
B1
  102
}
  330
B1
  100
AcDbScale
  70
0
  300
1:40
  140
1
  141
40
  290
0
  0
SCALE
  5
12D
  102
{ACAD_REACTORS
  330
B1
  102
}
  330
B1
  100
AcDbScale
  70
0
  300
1:50
  140
1
  141
50
  290
0
  0
SCALE
  5
12E
  102
{ACAD_REACTORS
  330
B1
  102
}
  330
B1
  100
AcDbScale
  70
0
  300
1:100
  140
1
  141
100
  290
0
  0
SCALE
  5
12F
  102
{ACAD_REACTORS
  330
B1
  102
}
  330
B1
  100
AcDbScale
  70
0
  300
2:1
  140
2
  141
1
  290
0
  0
SCALE
  5
130
  102
{ACAD_REACTORS
  330
B1
  102
}
  330
B1
  100
AcDbScale
  70
0
  300
4:1
  140
4
  141
1
  290
0
  0
SCALE
  5
131
  102
{ACAD_REACTORS
  330
B1
  102
}
  330
B1
  100
AcDbScale
  70
0
  300
8:1
  140
8
  141
1
  290
0
  0
SCALE
  5
132
  102
{ACAD_REACTORS
  330
B1
  102
}
  330
B1
  100
AcDbScale
  70
0
  300
10:1
  140
10
  141
1
  290
0
  0
SCALE
  5
133
  102
{ACAD_REACTORS
  330
B1
  102
}
  330
B1
  100
AcDbScale
  70
0
  300
100:1
  140
100
  141
1
  290
0
  0
SCALE
  5
134
  102
{ACAD_REACTORS
  330
B1
  102
}
  330
B1
  100
AcDbScale
  70
0
  300
1/128" = 1'-0"
  140
0.0078125
  141
12
  290
0
  0
SCALE
  5
135
  102
{ACAD_REACTORS
  330
B1
  102
}
  330
B1
  100
AcDbScale
  70
0
  300
1/64" = 1'-0"
  140
0.015625
  141
12
  290
0
  0
SCALE
  5
136
  102
{ACAD_REACTORS
  330
B1
  102
}
  330
B1
  100
AcDbScale
  70
0
  300
1/32" = 1'-0"
  140
0.03125
  141
12
  290
0
  0
SCALE
  5
137
  102
{ACAD_REACTORS
  330
B1
  102
}
  330
B1
  100
AcDbScale
  70
0
  300
1/16" = 1'-0"
  140
0.0625
  141
12
  290
0
  0
SCALE
  5
138
  102
{ACAD_REACTORS
  330
B1
  102
}
  330
B1
  100
AcDbScale
  70
0
  300
3/32" = 1'-0"
  140
0.09375
  141
12
  290
0
  0
SCALE
  5
139
  102
{ACAD_REACTORS
  330
B1
  102
}
  330
B1
  100
AcDbScale
  70
0
  300
1/8" = 1'-0"
  140
0.125
  141
12
  290
0
  0
SCALE
  5
13A
  102
{ACAD_REACTORS
  330
B1
  102
}
  330
B1
  100
AcDbScale
  70
0
  300
3/16" = 1'-0"
  140
0.1875
  141
12
  290
0
  0
SCALE
  5
13B
  102
{ACAD_REACTORS
  330
B1
  102
}
  330
B1
  100
AcDbScale
  70
0
  300
1/4" = 1'-0"
  140
0.25
  141
12
  290
0
  0
SCALE
  5
13C
  102
{ACAD_REACTORS
  330
B1
  102
}
  330
B1
  100
AcDbScale
  70
0
  300
3/8" = 1'-0"
  140
0.375
  141
12
  290
0
  0
SCALE
  5
13D
  102
{ACAD_REACTORS
  330
B1
  102
}
  330
B1
  100
AcDbScale
  70
0
  300
1/2" = 1'-0"
  140
0.5
  141
12
  290
0
  0
SCALE
  5
13E
  102
{ACAD_REACTORS
  330
B1
  102
}
  330
B1
  100
AcDbScale
  70
0
  300
3/4" = 1'-0"
  140
0.75
  141
12
  290
0
  0
SCALE
  5
13F
  102
{ACAD_REACTORS
  330
B1
  102
}
  330
B1
  100
AcDbScale
  70
0
  300
1" = 1'-0"
  140
1
  141
12
  290
0
  0
SCALE
  5
140
  102
{ACAD_REACTORS
  330
B1
  102
}
  330
B1
  100
AcDbScale
  70
0
  300
1-1/2" = 1'-0"
  140
1.5
  141
12
  290
0
  0
SCALE
  5
141
  102
{ACAD_REACTORS
  330
B1
  102
}
  330
B1
  100
AcDbScale
  70
0
  300
3" = 1'-0"
  140
3
  141
12
  290
0
  0
SCALE
  5
142
  102
{ACAD_REACTORS
  330
B1
  102
}
  330
B1
  100
AcDbScale
  70
0
  300
6" = 1'-0"
  140
6
  141
12
  290
0
  0
SCALE
  5
143
  102
{ACAD_REACTORS
  330
B1
  102
}
  330
B1
  100
AcDbScale
  70
0
  300
1'-0" = 1'-0"
  140
12
  141
12
  290
0
  0
ACDBSECTIONVIEWSTYLE
  5
1A7
  102
{ACAD_XDICTIONARY
  360
33A
  102
}
  102
{ACAD_REACTORS
  330
1A5
  102
}
  330
1A5
  100
AcDbModelDocViewStyle
  70
0
  3
Imperial24
  290
0
  100
AcDbSectionViewStyle
  70
0
  71
0
  90
78
  71
1
  340
11
  62
256
  40
0.24
  340
0
  340
0
  62
256
  40
0.24
  300
I, O, Q, S, X, Z
  40
0.48
  90
3
  40
0.18
  90
1
  71
2
  340
16
  90
25
  62
256
  340
16
  90
50
  62
256
  40
0.24
  40
0
  40
0.24
  71
3
  340
11
  62
256
  40
0.24
  90
1
  40
0.75
  90
1
  300
%<\AcVar ViewType \f "%tc1">% %<\AcVar ViewSectionStartId>%-%<\AcVar ViewSectionEndId>%\PSCALE %<\AcVar ViewScale \f "%sn">%
  71
4
  62
256
  62
257
  300
ANSI31
  40
1
  90
0
  290
0
  290
0
  90
6
  40
0
  40
1.570796326794896
  40
0.2617993877991494
  40
1.308996938995747
  40
-0.2617993877991494
  40
1.832595714594046
  0
TABLESTYLE
  5
A7
  102
{ACAD_XDICTIONARY
  360
FF
  102
}
  102
{ACAD_REACTORS
  330
A6
  102
}
  330
A6
  100
AcDbTableStyle
  3
Standard
  70
0
  71
0
  40
0.06
  41
0.06
  280
0
  281
0
  7
Standard
  140
0.18
  170
2
  62
0
  63
7
  283
0
  90
512
  91
0
  1

  274
-2
  284
1
  64
0
  275
-2
  285
1
  65
0
  276
-2
  286
1
  66
0
  277
-2
  287
1
  67
0
  278
-2
  288
1
  68
0
  279
-2
  289
1
  69
0
  7
Standard
  140
0.25
  170
5
  62
0
  63
7
  283
0
  90
512
  91
0
  1

  274
-2
  284
1
  64
0
  275
-2
  285
1
  65
0
  276
-2
  286
1
  66
0
  277
-2
  287
1
  67
0
  278
-2
  288
1
  68
0
  279
-2
  289
1
  69
0
  7
Standard
  140
0.18
  170
5
  62
0
  63
7
  283
0
  90
512
  91
0
  1

  274
-2
  284
1
  64
0
  275
-2
  285
1
  65
0
  276
-2
  286
1
  66
0
  277
-2
  287
1
  67
0
  278
-2
  288
1
  68
0
  279
-2
  289
1
  69
0
  0
VISUALSTYLE
  5
9B
  102
{ACAD_XDICTIONARY
  360
314
  102
}
  102
{ACAD_REACTORS
  330
95
  102
}
  330
95
  100
AcDbVisualStyle
  2
2dWireframe
  70
4
  71
0
  72
2
  73
1
  90
0
  40
-0.6
  41
-30
  62
5
  63
7
  421
16777215
  74
1
  91
4
  64
7
  65
257
  75
1
  175
1
  42
1
  92
0
  66
257
  43
1
  76
1
  77
6
  78
2
  67
7
  79
5
  170
0
  171
0
  290
0
  174
0
  93
1
  44
0
  173
0
  291
0
  45
0
  1001
ACAD
  1000
AcDbSavedByObjectVersion
  1070
0
  0
VISUALSTYLE
  5
9A
  102
{ACAD_XDICTIONARY
  360
312
  102
}
  102
{ACAD_REACTORS
  330
95
  102
}
  330
95
  100
AcDbVisualStyle
  2
Basic
  70
7
  71
1
  72
0
  73
1
  90
0
  40
-0.6
  41
-30
  62
5
  63
7
  421
16777215
  74
0
  91
4
  64
7
  65
257
  75
1
  175
1
  42
1
  92
8
  66
7
  43
1
  76
1
  77
6
  78
2
  67
7
  79
5
  170
0
  171
0
  290
0
  174
0
  93
1
  44
0
  173
0
  291
0
  45
0
  1001
ACAD
  1000
AcDbSavedByObjectVersion
  1070
0
  0
VISUALSTYLE
  5
A1
  102
{ACAD_XDICTIONARY
  360
320
  102
}
  102
{ACAD_REACTORS
  330
95
  102
}
  330
95
  100
AcDbVisualStyle
  2
Brighten
  70
12
  71
2
  72
2
  73
1
  90
0
  40
-0.6
  41
-30
  62
5
  63
7
  421
16777215
  74
1
  91
4
  64
7
  65
257
  75
1
  175
1
  42
1
  92
8
  66
7
  43
1
  76
1
  77
6
  78
2
  67
7
  79
5
  170
0
  171
0
  290
0
  174
0
  93
1
  44
50
  173
0
  291
0
  45
0
  1001
ACAD
  1000
AcDbSavedByObjectVersion
  1070
0
  0
VISUALSTYLE
  5
A5
  102
{ACAD_XDICTIONARY
  360
328
  102
}
  102
{ACAD_REACTORS
  330
95
  102
}
  330
95
  100
AcDbVisualStyle
  2
ColorChange
  70
16
  71
2
  72
2
  73
3
  90
0
  40
-0.6
  41
-30
  62
5
  63
8
  421
8421504
  74
1
  91
4
  64
7
  65
257
  75
1
  175
1
  42
1
  92
8
  66
8
  424
8421504
  43
1
  76
1
  77
6
  78
2
  67
7
  79
5
  170
0
  171
0
  290
0
  174
0
  93
1
  44
0
  173
0
  291
0
  45
0
  1001
ACAD
  1000
AcDbSavedByObjectVersion
  1070
0
  0
VISUALSTYLE
  5
9E
  102
{ACAD_XDICTIONARY
  360
31A
  102
}
  102
{ACAD_REACTORS
  330
95
  102
}
  330
95
  100
AcDbVisualStyle
  2
Conceptual
  70
9
  71
3
  72
2
  73
1
  90
0
  40
-0.6
  41
-30
  62
5
  63
7
  421
16777215
  74
2
  91
2
  64
7
  65
257
  75
1
  175
1
  42
40
  92
8
  66
7
  43
1
  76
1
  77
6
  78
2
  67
7
  79
3
  170
0
  171
0
  290
0
  174
0
  93
1
  44
0
  173
0
  291
0
  45
0
  1001
ACAD
  1000
AcDbSavedByObjectVersion
  1070
0
  0
VISUALSTYLE
  5
A0
  102
{ACAD_XDICTIONARY
  360
31E
  102
}
  102
{ACAD_REACTORS
  330
95
  102
}
  330
95
  100
AcDbVisualStyle
  2
Dim
  70
11
  71
2
  72
2
  73
1
  90
0
  40
-0.6
  41
-30
  62
5
  63
7
  421
16777215
  74
1
  91
4
  64
7
  65
257
  75
1
  175
1
  42
1
  92
8
  66
7
  43
1
  76
1
  77
6
  78
2
  67
7
  79
5
  170
0
  171
0
  290
0
  174
0
  93
1
  44
-50
  173
0
  291
0
  45
0
  1001
ACAD
  1000
AcDbSavedByObjectVersion
  1070
0
  0
VISUALSTYLE
  5
172
  102
{ACAD_XDICTIONARY
  360
32E
  102
}
  102
{ACAD_REACTORS
  330
95
  102
}
  330
95
  100
AcDbVisualStyle
  2
EdgeColorOff
  70
22
  71
2
  72
2
  73
0
  90
0
  40
-0.6
  41
-30
  62
5
  63
7
  421
16777215
  74
1
  91
4
  64
7
  65
257
  75
1
  175
1
  42
1
  92
8
  66
7
  43
1
  76
1
  77
6
  78
2
  67
7
  79
5
  170
0
  171
0
  290
0
  174
0
  93
1
  44
0
  173
0
  291
0
  45
0
  1001
ACAD
  1000
AcDbSavedByObjectVersion
  1070
0
  0
VISUALSTYLE
  5
A4
  102
{ACAD_XDICTIONARY
  360
326
  102
}
  102
{ACAD_REACTORS
  330
95
  102
}
  330
95
  100
AcDbVisualStyle
  2
Facepattern
  70
15
  71
2
  72
2
  73
1
  90
0
  40
-0.6
  41
-30
  62
5
  63
7
  421
16777215
  74
1
  91
4
  64
7
  65
257
  75
1
  175
1
  42
1
  92
8
  66
7
  43
1
  76
1
  77
6
  78
2
  67
7
  79
5
  170
0
  171
0
  290
0
  174
0
  93
1
  44
0
  173
0
  291
0
  45
0
  1001
ACAD
  1000
AcDbSavedByObjectVersion
  1070
0
  0
VISUALSTYLE
  5
96
  102
{ACAD_XDICTIONARY
  360
30A
  102
}
  102
{ACAD_REACTORS
  330
95
  102
}
  330
95
  100
AcDbVisualStyle
  2
Flat
  70
0
  71
2
  72
1
  73
1
  90
2
  40
-0.6
  41
30
  62
5
  63
7
  421
16777215
  74
0
  91
0
  64
7
  65
257
  75
1
  175
1
  42
1
  92
8
  66
7
  43
1
  76
1
  77
6
  78
2
  67
7
  79
5
  170
0
  171
0
  290
0
  174
0
  93
13
  44
0
  173
0
  291
0
  45
0
  1001
ACAD
  1000
AcDbSavedByObjectVersion
  1070
0
  0
VISUALSTYLE
  5
97
  102
{ACAD_XDICTIONARY
  360
30C
  102
}
  102
{ACAD_REACTORS
  330
95
  102
}
  330
95
  100
AcDbVisualStyle
  2
FlatWithEdges
  70
1
  71
2
  72
1
  73
1
  90
2
  40
-0.6
  41
30
  62
5
  63
7
  421
16777215
  74
1
  91
0
  64
7
  65
257
  75
1
  175
1
  42
1
  92
0
  66
257
  43
1
  76
1
  77
6
  78
2
  67
7
  79
5
  170
0
  171
0
  290
0
  174
0
  93
13
  44
0
  173
0
  291
0
  45
0
  1001
ACAD
  1000
AcDbSavedByObjectVersion
  1070
0
  0
VISUALSTYLE
  5
98
  102
{ACAD_XDICTIONARY
  360
30E
  102
}
  102
{ACAD_REACTORS
  330
95
  102
}
  330
95
  100
AcDbVisualStyle
  2
Gouraud
  70
2
  71
2
  72
2
  73
1
  90
2
  40
-0.6
  41
30
  62
5
  63
7
  421
16777215
  74
0
  91
0
  64
7
  65
257
  75
1
  175
1
  42
1
  92
0
  66
7
  43
1
  76
1
  77
6
  78
2
  67
7
  79
5
  170
0
  171
0
  290
0
  174
0
  93
13
  44
0
  173
0
  291
0
  45
0
  1001
ACAD
  1000
AcDbSavedByObjectVersion
  1070
0
  0
VISUALSTYLE
  5
99
  102
{ACAD_XDICTIONARY
  360
310
  102
}
  102
{ACAD_REACTORS
  330
95
  102
}
  330
95
  100
AcDbVisualStyle
  2
GouraudWithEdges
  70
3
  71
2
  72
2
  73
1
  90
2
  40
-0.6
  41
30
  62
5
  63
7
  421
16777215
  74
1
  91
0
  64
7
  65
257
  75
1
  175
1
  42
1
  92
0
  66
257
  43
1
  76
1
  77
6
  78
2
  67
7
  79
5
  170
0
  171
0
  290
0
  174
0
  93
13
  44
0
  173
0
  291
0
  45
0
  1001
ACAD
  1000
AcDbSavedByObjectVersion
  1070
0
  0
VISUALSTYLE
  5
9D
  102
{ACAD_XDICTIONARY
  360
318
  102
}
  102
{ACAD_REACTORS
  330
95
  102
}
  330
95
  100
AcDbVisualStyle
  2
Hidden
  70
6
  71
1
  72
2
  73
2
  90
0
  40
-0.6
  41
-30
  62
5
  63
7
  421
16777215
  74
2
  91
2
  64
7
  65
257
  75
2
  175
1
  42
40
  92
0
  66
257
  43
1
  76
1
  77
6
  78
2
  67
7
  79
3
  170
0
  171
0
  290
0
  174
0
  93
1
  44
0
  173
0
  291
0
  45
0
  1001
ACAD
  1000
AcDbSavedByObjectVersion
  1070
0
  0
VISUALSTYLE
  5
170
  102
{ACAD_XDICTIONARY
  360
32A
  102
}
  102
{ACAD_REACTORS
  330
95
  102
}
  330
95
  100
AcDbVisualStyle
  2
JitterOff
  70
20
  71
2
  72
2
  73
0
  90
0
  40
-0.6
  41
-30
  62
5
  63
7
  421
16777215
  74
1
  91
4
  64
7
  65
257
  75
1
  175
1
  42
1
  92
10
  66
7
  43
1
  76
1
  77
6
  78
2
  67
7
  79
5
  170
0
  171
0
  290
0
  174
0
  93
1
  44
0
  173
0
  291
0
  45
0
  1001
ACAD
  1000
AcDbSavedByObjectVersion
  1070
0
  0
VISUALSTYLE
  5
A3
  102
{ACAD_XDICTIONARY
  360
324
  102
}
  102
{ACAD_REACTORS
  330
95
  102
}
  330
95
  100
AcDbVisualStyle
  2
Linepattern
  70
14
  71
2
  72
2
  73
1
  90
0
  40
-0.6
  41
-30
  62
5
  63
7
  421
16777215
  74
1
  91
4
  64
7
  65
257
  75
7
  175
7
  42
1
  92
8
  66
7
  43
1
  76
1
  77
6
  78
2
  67
7
  79
5
  170
0
  171
0
  290
0
  174
0
  93
1
  44
0
  173
0
  291
0
  45
0
  1001
ACAD
  1000
AcDbSavedByObjectVersion
  1070
0
  0
VISUALSTYLE
  5
171
  102
{ACAD_XDICTIONARY
  360
32C
  102
}
  102
{ACAD_REACTORS
  330
95
  102
}
  330
95
  100
AcDbVisualStyle
  2
OverhangOff
  70
21
  71
2
  72
2
  73
0
  90
0
  40
-0.6
  41
-30
  62
5
  63
7
  421
16777215
  74
1
  91
4
  64
7
  65
257
  75
1
  175
1
  42
1
  92
9
  66
7
  43
1
  76
1
  77
6
  78
2
  67
7
  79
5
  170
0
  171
0
  290
0
  174
0
  93
1
  44
0
  173
0
  291
0
  45
0
  1001
ACAD
  1000
AcDbSavedByObjectVersion
  1070
0
  0
VISUALSTYLE
  5
9F
  102
{ACAD_XDICTIONARY
  360
31C
  102
}
  102
{ACAD_REACTORS
  330
95
  102
}
  330
95
  100
AcDbVisualStyle
  2
Realistic
  70
8
  71
2
  72
3
  73
0
  90
2
  40
-0.6
  41
30
  62
5
  63
7
  421
16777215
  74
0
  91
0
  64
7
  65
257
  75
1
  175
1
  42
1
  92
8
  66
257
  43
1
  76
1
  77
6
  78
2
  67
7
  79
3
  170
0
  171
0
  290
0
  174
0
  93
13
  44
0
  173
0
  291
0
  45
0
  1001
ACAD
  1000
AcDbSavedByObjectVersion
  1070
0
  0
VISUALSTYLE
  5
17F
  102
{ACAD_XDICTIONARY
  360
338
  102
}
  102
{ACAD_REACTORS
  330
95
  102
}
  330
95
  100
AcDbVisualStyle
  2
Shaded
  70
27
  71
2
  72
2
  73
1
  90
2
  40
-0.6
  41
30
  62
5
  63
7
  421
16777215
  74
0
  91
4
  64
7
  65
257
  75
1
  175
1
  42
1
  92
8
  66
257
  43
1
  76
1
  77
6
  78
2
  67
8
  425
7895160
  79
3
  170
0
  171
0
  290
0
  174
0
  93
5
  44
0
  173
0
  291
0
  45
0
  1001
ACAD
  1000
AcDbSavedByObjectVersion
  1070
0
  0
VISUALSTYLE
  5
17E
  102
{ACAD_XDICTIONARY
  360
336
  102
}
  102
{ACAD_REACTORS
  330
95
  102
}
  330
95
  100
AcDbVisualStyle
  2
Shaded with edges
  70
26
  71
2
  72
2
  73
1
  90
2
  40
-0.6
  41
30
  62
5
  63
7
  421
16777215
  74
1
  91
2
  64
7
  65
257
  75
2
  175
1
  42
1
  92
8
  66
257
  43
1
  76
1
  77
6
  78
2
  67
7
  79
3
  170
0
  171
0
  290
0
  174
0
  93
5
  44
0
  173
0
  291
0
  45
0
  1001
ACAD
  1000
AcDbSavedByObjectVersion
  1070
0
  0
VISUALSTYLE
  5
17B
  102
{ACAD_XDICTIONARY
  360
330
  102
}
  102
{ACAD_REACTORS
  330
95
  102
}
  330
95
  100
AcDbVisualStyle
  2
Shades of Gray
  70
23
  71
2
  72
2
  73
3
  90
0
  40
-0.6
  41
-30
  62
5
  63
7
  421
16777215
  74
2
  91
2
  64
7
  65
7
  75
1
  175
1
  42
40
  92
8
  66
7
  43
1
  76
1
  77
6
  78
2
  67
7
  79
3
  170
0
  171
0
  290
0
  174
0
  93
1
  44
0
  173
0
  291
0
  45
0
  1001
ACAD
  1000
AcDbSavedByObjectVersion
  1070
0
  0
VISUALSTYLE
  5
17C
  102
{ACAD_XDICTIONARY
  360
332
  102
}
  102
{ACAD_REACTORS
  330
95
  102
}
  330
95
  100
AcDbVisualStyle
  2
Sketchy
  70
24
  71
1
  72
2
  73
2
  90
0
  40
-0.6
  41
-30
  62
5
  63
7
  421
16777215
  74
2
  91
2
  64
7
  65
7
  75
1
  175
1
  42
40
  92
11
  66
7
  43
1
  76
1
  77
6
  78
2
  67
7
  79
6
  170
0
  171
0
  290
0
  174
0
  93
1
  44
0
  173
0
  291
0
  45
0
  1001
ACAD
  1000
AcDbSavedByObjectVersion
  1070
0
  0
VISUALSTYLE
  5
A2
  102
{ACAD_XDICTIONARY
  360
322
  102
}
  102
{ACAD_REACTORS
  330
95
  102
}
  330
95
  100
AcDbVisualStyle
  2
Thicken
  70
13
  71
2
  72
2
  73
1
  90
0
  40
-0.6
  41
-30
  62
5
  63
7
  421
16777215
  74
1
  91
4
  64
7
  65
257
  75
1
  175
1
  42
1
  92
12
  66
7
  43
1
  76
1
  77
6
  78
2
  67
7
  79
5
  170
0
  171
0
  290
0
  174
0
  93
1
  44
0
  173
0
  291
0
  45
0
  1001
ACAD
  1000
AcDbSavedByObjectVersion
  1070
0
  0
VISUALSTYLE
  5
9C
  102
{ACAD_XDICTIONARY
  360
316
  102
}
  102
{ACAD_REACTORS
  330
95
  102
}
  330
95
  100
AcDbVisualStyle
  2
Wireframe
  70
5
  71
0
  72
2
  73
0
  90
0
  40
-0.6
  41
-30
  62
5
  63
7
  421
16777215
  74
1
  91
4
  64
7
  65
257
  75
1
  175
1
  42
1
  92
0
  66
257
  43
1
  76
1
  77
6
  78
2
  67
7
  79
3
  170
0
  171
0
  290
0
  174
0
  93
1
  44
0
  173
0
  291
0
  45
0
  1001
ACAD
  1000
AcDbSavedByObjectVersion
  1070
0
  0
VISUALSTYLE
  5
17D
  102
{ACAD_XDICTIONARY
  360
334
  102
}
  102
{ACAD_REACTORS
  330
95
  102
}
  330
95
  100
AcDbVisualStyle
  2
X-Ray
  70
25
  71
2
  72
2
  73
1
  90
1
  40
0.5
  41
-30
  62
5
  63
7
  421
16777215
  74
1
  91
0
  64
7
  65
257
  75
1
  175
1
  42
1
  92
8
  66
7
  43
1
  76
1
  77
6
  78
2
  67
7
  79
3
  170
0
  171
0
  290
0
  174
0
  93
13
  44
0
  173
0
  291
0
  45
0
  1001
ACAD
  1000
AcDbSavedByObjectVersion
  1070
0
  0
DICTIONARYVAR
  5
227
  102
{ACAD_REACTORS
  330
59
  102
}
  330
59
  100
DictionaryVariables
  280
0
  1
60.000000
  0
DICTIONARYVAR
  5
EB
  102
{ACAD_REACTORS
  330
59
  102
}
  330
59
  100
DictionaryVariables
  280
0
  1
1:1
  0
DICTIONARYVAR
  5
EA
  102
{ACAD_REACTORS
  330
59
  102
}
  330
59
  100
DictionaryVariables
  280
0
  1
STANDARD
  0
DICTIONARYVAR
  5
AB
  102
{ACAD_REACTORS
  330
59
  102
}
  330
59
  100
DictionaryVariables
  280
0
  1
STANDARD
  0
DICTIONARYVAR
  5
1B4
  102
{ACAD_REACTORS
  330
59
  102
}
  330
59
  100
DictionaryVariables
  280
0
  1
Imperial24
  0
DICTIONARYVAR
  5
1B5
  102
{ACAD_REACTORS
  330
59
  102
}
  330
59
  100
DictionaryVariables
  280
0
  1
Imperial24
  0
DICTIONARYVAR
  5
5A
  102
{ACAD_REACTORS
  330
59
  102
}
  330
59
  100
DictionaryVariables
  280
0
  1
2
  0
DICTIONARYVAR
  5
5E
  102
{ACAD_REACTORS
  330
59
  102
}
  330
59
  100
DictionaryVariables
  280
0
  1
1
  0
DICTIONARYVAR
  5
226
  102
{ACAD_REACTORS
  330
59
  102
}
  330
59
  100
DictionaryVariables
  280
0
  1
0
  0
DICTIONARYVAR
  5
14A
  102
{ACAD_REACTORS
  330
59
  102
}
  330
59
  100
DictionaryVariables
  280
0
  1
0
  0
DICTIONARYVAR
  5
14B
  102
{ACAD_REACTORS
  330
59
  102
}
  330
59
  100
DictionaryVariables
  280
0
  1
0
  0
DICTIONARYVAR
  5
224
  102
{ACAD_REACTORS
  330
59
  102
}
  330
59
  100
DictionaryVariables
  280
0
  1
2
  0
DICTIONARYVAR
  5
223
  102
{ACAD_REACTORS
  330
59
  102
}
  330
59
  100
DictionaryVariables
  280
0
  1
1
  0
DICTIONARYVAR
  5
225
  102
{ACAD_REACTORS
  330
59
  102
}
  330
59
  100
DictionaryVariables
  280
0
  1
127
  0
DICTIONARYVAR
  5
228
  102
{ACAD_REACTORS
  330
59
  102
}
  330
59
  100
DictionaryVariables
  280
0
  1
2
  0
DICTIONARY
  5
309
  102
{ACAD_REACTORS
  330
307
  102
}
  330
307
  100
AcDbDictionary
  281
1
  0
DICTIONARY
  5
308
  102
{ACAD_REACTORS
  330
307
  102
}
  330
307
  100
AcDbDictionary
  281
1
  3
1654967913120
  350
302
  3
1654967913136
  350
303
  3
1654967913152
  350
304
  3
1654967913168
  350
305
  3
1654967913184
  350
306
  0
DICTIONARY
  5
33C
  330
1A9
  100
AcDbDictionary
  280
1
  281
1
  3
ACAD_XREC_ROUNDTRIP
  360
33D
  0
DICTIONARY
  5
191
  330
22
  100
AcDbDictionary
  280
1
  281
1
  0
DICTIONARY
  5
185
  330
93
  100
AcDbDictionary
  280
1
  281
1
  3
FBXASSET
  360
186
  0
DICTIONARY
  5
183
  330
92
  100
AcDbDictionary
  280
1
  281
1
  3
FBXASSET
  360
184
  0
DICTIONARY
  5
10B
  330
94
  100
AcDbDictionary
  280
1
  281
1
  3
BUMPTILE
  360
10D
  3
DIFFUSETILE
  360
10C
  3
FBXASSET
  360
187
  3
OPACITYTILE
  360
10E
  3
REFLECTIONTILE
  360
10F
  0
DICTIONARY
  5
33A
  330
1A7
  100
AcDbDictionary
  280
1
  281
1
  3
ACAD_XREC_ROUNDTRIP
  360
33B
  0
DICTIONARY
  5
FF
  330
A7
  100
AcDbDictionary
  280
1
  281
1
  3
ACAD_ROUNDTRIP_2008_TABLESTYLE_CELLSTYLEMAP
  360
300
  0
DICTIONARY
  5
314
  330
9B
  100
AcDbDictionary
  280
1
  281
1
  3
ACAD_XREC_ROUNDTRIP
  360
315
  0
DICTIONARY
  5
312
  330
9A
  100
AcDbDictionary
  280
1
  281
1
  3
ACAD_XREC_ROUNDTRIP
  360
313
  0
DICTIONARY
  5
320
  330
A1
  100
AcDbDictionary
  280
1
  281
1
  3
ACAD_XREC_ROUNDTRIP
  360
321
  0
DICTIONARY
  5
328
  330
A5
  100
AcDbDictionary
  280
1
  281
1
  3
ACAD_XREC_ROUNDTRIP
  360
329
  0
DICTIONARY
  5
31A
  330
9E
  100
AcDbDictionary
  280
1
  281
1
  3
ACAD_XREC_ROUNDTRIP
  360
31B
  0
DICTIONARY
  5
31E
  330
A0
  100
AcDbDictionary
  280
1
  281
1
  3
ACAD_XREC_ROUNDTRIP
  360
31F
  0
DICTIONARY
  5
32E
  330
172
  100
AcDbDictionary
  280
1
  281
1
  3
ACAD_XREC_ROUNDTRIP
  360
32F
  0
DICTIONARY
  5
326
  330
A4
  100
AcDbDictionary
  280
1
  281
1
  3
ACAD_XREC_ROUNDTRIP
  360
327
  0
DICTIONARY
  5
30A
  330
96
  100
AcDbDictionary
  280
1
  281
1
  3
ACAD_XREC_ROUNDTRIP
  360
30B
  0
DICTIONARY
  5
30C
  330
97
  100
AcDbDictionary
  280
1
  281
1
  3
ACAD_XREC_ROUNDTRIP
  360
30D
  0
DICTIONARY
  5
30E
  330
98
  100
AcDbDictionary
  280
1
  281
1
  3
ACAD_XREC_ROUNDTRIP
  360
30F
  0
DICTIONARY
  5
310
  330
99
  100
AcDbDictionary
  280
1
  281
1
  3
ACAD_XREC_ROUNDTRIP
  360
311
  0
DICTIONARY
  5
318
  330
9D
  100
AcDbDictionary
  280
1
  281
1
  3
ACAD_XREC_ROUNDTRIP
  360
319
  0
DICTIONARY
  5
32A
  330
170
  100
AcDbDictionary
  280
1
  281
1
  3
ACAD_XREC_ROUNDTRIP
  360
32B
  0
DICTIONARY
  5
324
  330
A3
  100
AcDbDictionary
  280
1
  281
1
  3
ACAD_XREC_ROUNDTRIP
  360
325
  0
DICTIONARY
  5
32C
  330
171
  100
AcDbDictionary
  280
1
  281
1
  3
ACAD_XREC_ROUNDTRIP
  360
32D
  0
DICTIONARY
  5
31C
  330
9F
  100
AcDbDictionary
  280
1
  281
1
  3
ACAD_XREC_ROUNDTRIP
  360
31D
  0
DICTIONARY
  5
338
  330
17F
  100
AcDbDictionary
  280
1
  281
1
  3
ACAD_XREC_ROUNDTRIP
  360
339
  0
DICTIONARY
  5
336
  330
17E
  100
AcDbDictionary
  280
1
  281
1
  3
ACAD_XREC_ROUNDTRIP
  360
337
  0
DICTIONARY
  5
330
  330
17B
  100
AcDbDictionary
  280
1
  281
1
  3
ACAD_XREC_ROUNDTRIP
  360
331
  0
DICTIONARY
  5
332
  330
17C
  100
AcDbDictionary
  280
1
  281
1
  3
ACAD_XREC_ROUNDTRIP
  360
333
  0
DICTIONARY
  5
322
  330
A2
  100
AcDbDictionary
  280
1
  281
1
  3
ACAD_XREC_ROUNDTRIP
  360
323
  0
DICTIONARY
  5
316
  330
9C
  100
AcDbDictionary
  280
1
  281
1
  3
ACAD_XREC_ROUNDTRIP
  360
317
  0
DICTIONARY
  5
334
  330
17D
  100
AcDbDictionary
  280
1
  281
1
  3
ACAD_XREC_ROUNDTRIP
  360
335
  0
XRECORD
  5
302
  102
{ACAD_REACTORS
  330
308
  102
}
  330
308
  100
AcDbXrecord
  280
1
  1
AcDb_Thumbnail_Schema
  102
{ATTRRECORD
  341
303
  2
AcDbDs::TreatedAsObjectData
  280
1
  291
0
  102
ATTRRECORD}
  102
{ATTRRECORD
  341
304
  2
AcDbDs::Legacy
  280
1
  291
0
  102
ATTRRECORD}
  2
AcDbDs::ID
  280
10
  91
8
  102
{ATTRRECORD
  341
305
  2
AcDs:Indexable
  280
1
  291
0
  102
ATTRRECORD}
  102
{ATTRRECORD
  341
306
  2
AcDbDs::HandleAttribute
  280
7
  282
1
  102
ATTRRECORD}
  2
Thumbnail_Data
  280
15
  91
0
  0
XRECORD
  5
303
  102
{ACAD_REACTORS
  330
308
  102
}
  330
308
  100
AcDbXrecord
  280
1
  1
AcDbDs::TreatedAsObjectDataSchema
  2
AcDbDs::TreatedAsObjectData
  280
1
  91
0
  0
XRECORD
  5
304
  102
{ACAD_REACTORS
  330
308
  102
}
  330
308
  100
AcDbXrecord
  280
1
  1
AcDbDs::LegacySchema
  2
AcDbDs::Legacy
  280
1
  91
0
  0
XRECORD
  5
305
  102
{ACAD_REACTORS
  330
308
  102
}
  330
308
  100
AcDbXrecord
  280
1
  1
AcDbDs::IndexedPropertySchema
  2
AcDs:Indexable
  280
1
  91
0
  0
XRECORD
  5
306
  102
{ACAD_REACTORS
  330
308
  102
}
  330
308
  100
AcDbXrecord
  280
1
  1
AcDbDs::HandleAttributeSchema
  2
AcDbDs::HandleAttribute
  280
7
  91
1
  284
1
  0
XRECORD
  5
33D
  102
{ACAD_REACTORS
  330
33C
  102
}
  330
33C
  100
AcDbXrecord
  280
1
  102
DISPLAYNAME
  1
Imperial24
  102
FLAGS
  90
0
  0
XRECORD
  5
186
  102
{ACAD_REACTORS
  330
185
  102
}
  330
185
  100
AcDbXrecord
  280
1
  70
1
  90
429727718
  1
7581DE8E-A623-425F-9BF4-B3F4BE6C4F9A
  310
504B03040A0000080000AC70623B3DEE336E79000000790000001B0000006175746F6465736B2D64657369676E2D7061636B6167652E786D6C3C3F786D6C2076657273696F6E3D22312E302220656E636F64696E673D227574662D3822203F3E3C666F726D6174733E3C666F726D61743E687474703A2F2F736368656D612E
  310
6175746F6465736B2E636F6D2F64657369676E2D7061636B6167652F323030393C2F666F726D61743E3C2F666F726D6174733E504B0304140006080800AC70623BD486FD9CA0000000F4000000130000005B436F6E74656E745F54797065735D2E786D6C7D8EC10E82300C865F65E91D8A1E8C310C0EEA1BF002731658846E
  310
D98AC1B77784ABF1D8FE5FBFBF75BBCE937A534CCEB38643598122B6FEE978D0B0485F9C41B54DDD7D022595594E1A469170414C76A4D9A4D207E29CF43ECE46F218070CC6BECC4078ACAA135ACF422C856C0E68EA1BF5669944DDD7BCDE7B1F8E415D77AECB980613C2E4AC91FC167A2B244592486606FC29C8FD7F045B9A
  310
EF7053A7E60B504B0304140006080800AC70623B9A2F3B5FEC0000007C01000008000000636F72652E786D6C8D90416E83301045AF62CDB632D8040820E328B4E204BD80653BC44AB011B6AB1EBF262152BBEB6A467FFE9B197D76FA9EEFE84BAFDE38DB03CD08206DA553C64E3DC470C10DA01367AB73E1970D9015B3EE61
  310
9381B3697571D925E96CD03624D53AA5775178AF0320794F4D0F5E5EF52C32114372F85BB608791393CEE8AB4B708C46A1E711A3D23E73317A055E0D4D53D6C71A9FC7A1C6657D18703354232ECFED4731B6B43CBED72CDF60CE82995FF7E5AA45D00A7841488B29C5A4F8A46547AAAEA8DE48D311C2F2CDFE078A8BFA2714
  310
8D0D87627FF78979E0343DF21870966F59A4F2082AD52D37FE03504B0304140006080800AC70623B55019EA25F0000007C00000007000000636E782E786D6C4DCB3B0E80201045D1AD90E915ED2CF8AC45050C11660C8261F98AB1B07AC9C97D42D718D865D3E909258CFD00CCE24AC6E326A164D74DC0B4128928FF326038
  310
472BA13128B1252AC747C6BAB984FC68F0B87FE8960A5C09FE86CFB69FBA01504B0304140006080800AC70623B6E137E0172010000D40300000C0000006662782F636F72652E786D6CC5535B6E833010BC8AE5DF0A6C0810121947A1554ED00B38E05014B091B1518EDFE511A5A9D22AFD2A1F60CDEC7A67C698ED2E6D8306
  310
69FA5AAB0C073EC548AA4297B5AA32ECECC94B31DA7166B4B65FCA3052A295191E61CC5965B4EB16A8D0CA4A650155BA940B28FA5E5A8C8A061619EE8B0FD90A5F380B15FDD9EF44711695F4031F68A8E3ACB70604A079C8F8C6FC74BC3032E39C3957970B5B9730AD3ED5D2601EE7691A25EBC4DB1FF2C48B9255EEA5797C
  310
F0A2FDE62D3C6C8268FD9A3032367366EBF6AAAE30525859621E52BAF182C0A3E17B106D69BC0DE3179A6E2965642CBF6B725DF96493AB955D858BDCB9ADC73C002113F1CD2D4464512F06D04338236388F09912BE0F1A028190AD3836571F67800659586D22604AED6ED4201A27612AF5E9F4A09F178CCC9D3075DA1C5C3F
  310
9C113E3DE3F71DE1A885AAC084B0B03C3A3BEA64B38625B44E1A6FB017A4B46945F39C8D5F1CFE89BA897F28A9D08D36FFA5882C074496DF838CF7917F02504B0304140006080800AC70623BE001BAC07D0000009D0000000B0000006662782F636E782E786D6C4DCCD10AC2201886E15B91FFDCA6536B037548D87D8CE686
  310
E4344CA3CB6F8B1D74F4C1C3C72B87CF1AD0DBE5974F51013D11402EDED3E4E3A2A096197780062D734AE5EF06288EAB53B03368B9E4549F074D6E1E6B289B061F1F07124689687987B9601C7373BD60C36E065B6A6DDF7341A93843A365F32B6DBB87F517504B0304140006080800AC70623B8E5068122901000012020000
  310
310000006662782F30333130353234382D343533342D344143372D413346412D4531454539393435313135362F636F72652E786D6C8D515B6EC32010BC0AE22B55850D364E93081345557A825E801892A2C460F1A872FC2EB523B57FF961D1EECCECECAED8DFC71BFA36215AEF7ACC2A8A917183D7D65D7A9CD3996C30DA4B
  310
11BC4F7F601839359A1E973496E2127C9E96D4E05D322E41D6796D96A48AD1248C861B7C7A1C872F33AA4AE5048878AD26355CD5C554AC8232E0A4882980013437292F96B465B46BF886F0AEE5841FDEDFC8A1FD3890233B1EB75BDE31D6AD453D13A5C8D9EA856E35D8B1676BC2B322852C45B2E3C3FE108C4A4663D950BA
  310
258C11DA7C32BEA3DDAEE95EE96647A9A80BFC1F294FFA4952B62EB5CD6277A6452C99A8E78214DAE7D3ED61C6DC271F122AFD56D10C2F305545CB6A60FC1908E383E29A2F8A31F900EB5D5D4F8065DD2CBBE652D4E542107ECF07B15C53FE00504B0304140006080800AC70623B503B51794E010000330300003000000066
  310
62782F30333130353234382D343533342D344143372D413346412D4531454539393435313135362F636E782E786D6CD593C16EC32010447F0571AD6CE3D489D20813A9877E410FBD62D82434182CC055F3F75D1292E692438FBD206B7698593D61BEFD1E2DF982108D773D6D6B460938E5B571FB9ECE6957AD29D90A1EBC4F
  310
77364A9C1CA1A759A682EF839FA72269D8C9D92654AD71C72206887E0E0A22CAF926B15E498B01E0AA19451807D01A34B919F16B070157417138917400F2F6FA41FCF0092A45DEE414C19BDC21783E4BD39D891265658C3D8DEA00A3ACE59CBC8678ACB54CB26EEB6BD7839D7E9348BE70AD9C8321B9BCA7F9A4A26C542347
  310
DEE050F09802D22BA6749A800A394DD62899107273365E3C82CFC6A55557BC06C10774B7ABE7AEC3B0F34CF06446280E154026D0542C187BA9DAB6628BF7B6DBB0E566B17C62EB0D63BCC976C107EF6DB9843110FC449477095CA2A2E54D1E3FC2577C449B80AC7D38FD01240228AD173AB78CFFCCA739BF6FC415F02F103F
  310
504B0304140006080800AC70623B38FA165F680500003C100000340000006662782F30333130353234382D343533342D344143372D413346412D4531454539393435313135362F6F626A656374732E786D6CAD575D6FA33814FD2B887D0E8424EDB42BCAA8499A2A1A756634D18CF6A15264C0A16CC146B6E9A4FBEBF7180C
  310
019276B21F7908D8D8F7F3DCE36BFFE33ECFAC172A64CAD98DED3963DBA22CE271CA921BBB54BBD1956D7D0C7CC1B9EA2CB32D46727A63EB693BF013C1CBC24CC57447CA4C0D6657F33F2C1951466D2BCA889437B68C9E684E1C522A1E53F9ECC4441127D9ED1DCFA917F6C52682144F03A105119429588A790629566D94D7
  310
1F8E6D37F05DFD3DF0F5BF59357D7B955BF9D3D79F32A9088B8E940DC44CBDD9F26E72713DBA98CDA6A3D9E5C41BCD57F3E5C8FB301D2F2E178BEBDBBB6B28964A4092B144D09D1DDC2336228D7CB7FED45A6C0C3F6552C419A351E53F3CAC6C3612635A5016238F2995D0D6F17ADC1F7A3A369DCF533D362ABBD3E779D5DD
  310
D111D4D8DE3CBB96F2F04FB820CF41859054A3AA8E8F71B4C6DFF810B590F3CC7C4BA5951345454A322B4B4341C4AB1D60A95E12F83D311A9D42235C7B6007DE415ED75694C6AFB17BCACA5D99651A9A7650217B0BFC53252BCBD2BFA838AD0D36215765CAD4957148BD16D40EAE7DB79A0C7CFD984ECCC73A90D62E230952
  310
0E37EBAF034717BAF6D64B3BF8B40AF71B5D8FA79517821754280D1F40AB495CF3D451326ABDB332A737C0995ECC0F41F986C87F46F91E4C41DE44BA9FED67468B1284C91D173972E38CAB9F356E5E46EDDBF10BF86CB0FA784D3BF3AF16FB6E6B6C9F30DECA1FC0A55373F5DFF3D78F5917A99DF405FE0B0A8C8BA909E526
  310
2219A8E72165488806A595714C81CB77E1DE0ED6604A303B76912C680372F4E2BB2FF88EFF5A36D8AA52DF79322474C0B767303F625995056C7B032C473C592936CEBD15F38BFFA5666E979B4F9B52EC48441F0CB12CE92E65A9C2D979006FD7A05E227A1E3DD3D79F5CC470F438099B6E1272A34A22DA3AE63AF0497358E8
  310
C141734F41847D09D79CE7FF42C3432A239A6584515E365ADA634863B52519D327A00AEB804E2703140BFA92EA4EA2B7A26716CEFA48A4850E597BE8B53CEDBCE1CBF7F56780D20EE6AF73A0F5F9B02A3CD07DC4332EB6E1EBB666421BE0C39E3EBA7FF4E16D22EA6A29407C85E586724C88B771BADB9512BC7B228A3FD68B
  310
6EA65A22397E690AA8D158D7E40CEC8CDA23C2C0B7D1898640101CEC9C6D531CE328CB93CABBBA870A6425F70DF96199175B92F392A973C2346EFC69AC6F8577BB18F993A8E8C90E36D573340765C7343EA4AA87027D049DF0A9979E0F1757DEF2EEEA6E747B39412B35B9588DAEE7ABD9683E5DCDE677978BD9EAFAB6B5A8
  310
B224F09B13AA5B8388264E44BF14A909F3F7F5A16CEDE08128E9DED705E526F5F3FBDA415BECBBD80380B71BD77991D19C3245347C1FF44BF68DA0ABE8C9A8E7D73949E81952BEDC6F063660E68C7D5F75A9D19F83BD6676A16BE1A410F554E621236936D8681C770A9618B79B50B6CF9AD19BA11E9978A20F953C4B63104E
  310
6C2594E7548176CE607B915309C474BBF2D8DC1ECED8FD52F7838A84196D2C79226889330954036E65A4FAF3D66F68E174177563E3B0739EF1670AD1B690EA1B1BFCA6D2884A27C4F1A81B9F4A3820802EAC2541408DB02443675D6F6AC7ED2E1D1BD00F4E40A3BF5D724EB764FCEA116F4E8A02A7768F562BDB8C82E81F39
  310
DE98631185D7B054AD2F8789D6994A0D2AAB76CADC0DD0423C1BD57BD4D7FB6E794EB5A61791B3EE49EF82A0963A524424D5BD40DB674CBA5D7E75D10A58EB2F569195097279BEA491A00073A90B1C28022A8CCC82284075F1FBE357C17117CDAD550A083C2E789E736606B7E62E6B6D9E70338D1F410B545F3FE464EC798F
  310
55D76F2E22DB9048EA90583E63A22938EDC1006B00E4D1716A52E0EA1C0C96AF9796393066105A81F6A829ADAFE1168A47DF1C75A974C9B278B7F177ABA5008340CB1EFC0D504B0304140006080000AC70623B000000000000000000000000350000006662782F30333130353234382D343533342D344143372D413346412D
  310
4531454539393435313135362F76657274696365732E62696E504B0304140006080800AC70623BF270F1330600000004000000360000006662782F30333130353234382D343533342D344143372D413346412D4531454539393435313135362F747269616E676C65732E62696E636660600000504B0304140006080000AC70
  310
623B000000000000000000000000370000006662782F30333130353234382D343533342D344143372D413346412D4531454539393435313135362F617474726962757465732E62696E504B0304140006080800AC70623B08DA0BD19000000041010000360000006662782F30333130353234382D343533342D344143372D41
  310
3346412D4531454539393435313135362F6469726563746F72792E786D6C858F410AC3201045AF22B36F53E9A60B35CBEEBAE80D244E44489C6234F4F835464A48035D0DF398FF9F8AF63D0E6CC63039F212F8F9020C7D47C6792B21C5FE7403D62A1188E2E60C98D7234A5830286103A55745067B9D86B8A3CF9C7F90C11D
  310
E607FB144396D7B6A82D282E9A152AD114D5EF2CB866EEE831B8EEA07A7BB5A8D7D61A2BAAEB7FD5F70921FF497D00504B0304140006080800AC70623BF2C5666EFF000000A00100003B0000006662782F30333130353234382D343533342D344143372D413346412D4531454539393435313135362F7265736F7572636573
  310
2F636F72652E786D6C8D504B6E833010BD0A9A6D65B00910888CA3D02A27E8052C33A156821DF953F5F8B5132AB5BB6E6646EFA3797AFCF8B5DE8A4F745E5B33022B291468949DB5594688E1427A288E823B6BC32F191446AE38428641F0C5D978DF20654D4013126AEC8C1B28BDC70085BAA56304AF3E7095A58C2129FCB5
  310
BC4B75950B96AC4C74D209EE834B018AE7933C4138F4363A859E574F56F018F5BC69F49C7EEA8B4607A29DFABEE9F62D399DA78E34DD6E22FDD49E49731ADEEAF3C09AFD6BC7AB6C163CE8F527A3722803CE206A4A07C218A1F53B6B0EB43DD4ED0BED0F94F22ACBFF98E27DFEA7296A1376F516F769F320580AF22004AF72
  310
5F693DCA4C3B772BBE01504B010214000A0000080000AC70623B3DEE336E79000000790000001B00000000000000000000000000000000006175746F6465736B2D64657369676E2D7061636B6167652E786D6C504B01021400140006080800AC70623BD486FD9CA0000000F40000001300000000000000000000000000B200
  310
00005B436F6E74656E745F54797065735D2E786D6C504B01021400140006080800AC70623B9A2F3B5FEC0000007C010000080000000000000000000000000083010000636F72652E786D6C504B01021400140006080800AC70623B55019EA25F0000007C000000070000000000000000000000000095020000636E782E786D
  310
6C504B01021400140006080800AC70623B6E137E0172010000D40300000C00000000000000000000000000190300006662782F636F72652E786D6C504B01021400140006080800AC70623BE001BAC07D0000009D0000000B00000000000000000000000000B50400006662782F636E782E786D6C504B010214001400060808
  310
00AC70623B8E506812290100001202000031000000000000000000000000005B0500006662782F30333130353234382D343533342D344143372D413346412D4531454539393435313135362F636F72652E786D6C504B01021400140006080800AC70623B503B51794E010000330300003000000000000000000000000000D3
  310
0600006662782F30333130353234382D343533342D344143372D413346412D4531454539393435313135362F636E782E786D6C504B01021400140006080800AC70623B38FA165F680500003C10000034000000000000000000000000006F0800006662782F30333130353234382D343533342D344143372D413346412D4531
  310
454539393435313135362F6F626A656374732E786D6C504B01021400140006080000AC70623B0000000000000000000000003500000000000000000000000000290E00006662782F30333130353234382D343533342D344143372D413346412D4531454539393435313135362F76657274696365732E62696E504B01021400
  310
140006080800AC70623BF270F133060000000400000036000000000000000000000000007C0E00006662782F30333130353234382D343533342D344143372D413346412D4531454539393435313135362F747269616E676C65732E62696E504B01021400140006080000AC70623B0000000000000000000000003700000000
  310
000000000000000000D60E00006662782F30333130353234382D343533342D344143372D413346412D4531454539393435313135362F617474726962757465732E62696E504B01021400140006080800AC70623B08DA0BD1900000004101000036000000000000000000000000002B0F00006662782F30333130353234382D
  310
343533342D344143372D413346412D4531454539393435313135362F6469726563746F72792E786D6C504B01021400140006080800AC70623BF2C5666EFF000000A00100003B000000000000000000000000000F1000006662782F30333130353234382D343533342D344143372D413346412D453145453939343531313536
  310
2F7265736F75726365732F636F72652E786D6C504B0506000000000E000E0080040000671100000000
  0
XRECORD
  5
184
  102
{ACAD_REACTORS
  330
183
  102
}
  330
183
  100
AcDbXrecord
  280
1
  70
1
  90
429727718
  1
778E3A9F-1AF3-452F-85C1-1BC15BD3F630
  310
504B03040A0000080000AC70623B3DEE336E79000000790000001B0000006175746F6465736B2D64657369676E2D7061636B6167652E786D6C3C3F786D6C2076657273696F6E3D22312E302220656E636F64696E673D227574662D3822203F3E3C666F726D6174733E3C666F726D61743E687474703A2F2F736368656D612E
  310
6175746F6465736B2E636F6D2F64657369676E2D7061636B6167652F323030393C2F666F726D61743E3C2F666F726D6174733E504B0304140006080800AC70623BD486FD9CA0000000F4000000130000005B436F6E74656E745F54797065735D2E786D6C7D8EC10E82300C865F65E91D8A1E8C310C0EEA1BF002731658846E
  310
D98AC1B77784ABF1D8FE5FBFBF75BBCE937A534CCEB38643598122B6FEE978D0B0485F9C41B54DDD7D022595594E1A469170414C76A4D9A4D207E29CF43ECE46F218070CC6BECC4078ACAA135ACF422C856C0E68EA1BF5669944DDD7BCDE7B1F8E415D77AECB980613C2E4AC91FC167A2B244592486606FC29C8FD7F045B9A
  310
EF7053A7E60B504B0304140006080800AC70623BFD5588D4EC0000007C01000008000000636F72652E786D6C8D90416EC3201045AF82665B6103891DC7C24471939CA01740405C94182C03558F5F9C3852BBEB6A467FFE9B197D7EF81EEFE8CBCCC17AD7012D0820E394D7D60D1DA478C50DA083E0B3F7F1970D9093A3E960
  310
9141F061F6695A25E55D342E66D5796D56518660222075CF4D07417D9A511632C5EC08B76292EA260753D05797E194AC46CF2356E77DF66ACD0C62C768BD63971E5727D2E06DDF9C71BF7B3FE10BABF79BFA488FE4DCF07281058F767CDD57B391D168108C903DA61413F641B72DA95A56BD91A62584978BFD0F9426FD4F28
  310
5917376C7DF7890510343FF218085E2E59E4F2082AD72537F103504B0304140006080800AC70623B55019EA25F0000007C00000007000000636E782E786D6C4DCB3B0E80201045D1AD90E915ED2CF8AC45050C11660C8261F98AB1B07AC9C97D42D718D865D3E909258CFD00CCE24AC6E326A164D74DC0B4128928FF326038
  310
472BA13128B1252AC747C6BAB984FC68F0B87FE8960A5C09FE86CFB69FBA01504B0304140006080800AC70623BB5D38BAD72010000D40300000C0000006662782F636F72652E786D6CC553DB8E823014FC95A6AF1B68C11B9A52A3AB7EC1FE4085CA36424B4A4BFCFC3D5C8CEBC635EED3F200CDCC393D3353CAD697AA44AD
  310
B48D323AC5514831923A33B9D2458ABD3B0509466BCEAC31EE5B19465A5432C51D8C392BACF1F50865463BA91DA0DAE4720445D348875156C222C54DF6292B110AEFA0A23987B5C8CEA2906114020D759C35CE8200340CE9DE989F8E1746069C33EF553EB22A8769EAA4A4C57C1147F3457CD806B31D4D82E936D907DBC5FB
  310
2E38C4F3E564BE8936749F30D23573E65475559759299CCC318F295D065114D0F8239AAEE86C15CFDE68B2A29491AEFCAEC9D7F98B4D5E69378947B9435B837904427AE2875B88C8A146B4A0877046BA10E1D3277C1F340402213B712CAF3ECE00B53273C64E81C98DBF51AD28BD84A934A4FD837E5F303274C2D47E7370FD
  310
7046FCF28CE73BC2510B5D8009E16079F4AED3C9060D6368B5B441EB2E481B5B89F2351B4F1CFE89BA897F282933A5B1FFA5888C0744C6DF8374F7917F01504B0304140006080800AC70623B09885E1C7E0000009D0000000B0000006662782F636E782E786D6C4DCCDF0A83201C86E15B91DFB9CBA6FD11D41063F711CB42
  310
663A9C8E5DFE6A74B0A30F1E3E5E317C368FDE36BD5C0C12EA0B0164C33DCE2EAC124A5E700F685022C598FF6E80C2B459090783126B8AE579D26C97A9F8BCAB77E17122E586D5843498B3EE8699D114F39E5E713D76EDA84DCBB569A052A2FA95F63DC2EA0B504B0304140006080800AC70623B961D28872A010000120200
  310
00310000006662782F33394334313030352D393437462D344341332D393833322D3144373644414336394143352F636F72652E786D6C8D515B6EC32010BC8AC557AA0A1BFC4A1C61A2C8514FD00B10435294182C1E558EDFA576A4F62F3F80666766875D76784CF7EC5B39AFADE911CD09CA9419ADD4E6DAA3182E7887B203
  310
67CEDAF08786322326D5A30423CEAECEC67985466B8232015063A55A41E1BD0A281BEFF0E8911FBFD42472110330FC2D9FC578135795D31CCAC0E3CC070701B2A5493A11AFBAA1A68434B8ABB71FB81E8E15EE765589E969DB9E8E43DB1D8786158B90B318B55CE55A421C7DD1CABD6A92C49C053D3DE38F4E89A024E22521
  310
1DA61493F293D67BD2ECCBE69DECF684B022D1FF89E22C5F14456D4255AE711799479CB2622970266D3CDF9F61D463B62E64A9DFC6ABF10D7192C35CCA0A040B11BE0F8E6DBD3AFA601D8C77733B0397C290926D5B7356A40DC1F5BB3EB8D336F90F504B0304140006080800AC70623B503B51794E01000033030000300000
  310
006662782F33394334313030352D393437462D344341332D393833322D3144373644414336394143352F636E782E786D6CD593C16EC32010447F0571AD6CE3D489D20813A9877E410FBD62D82434182CC055F3F75D1292E692438FBD206B7698593D61BEFD1E2DF982108D773D6D6B460938E5B571FB9ECE6957AD29D90A1E
  310
BC4F77364A9C1CA1A759A682EF839FA72269D8C9D92654AD71C72206887E0E0A22CAF926B15E498B01E0AA19451807D01A34B919F16B070157417138917400F2F6FA41FCF0092A45DEE414C19BDC21783E4BD39D891265658C3D8DEA00A3ACE59CBC8678ACB54CB26EEB6BD7839D7E9348BE70AD9C8321B9BCA7F9A4A26C54
  310
2347DEE050F09802D22BA6749A800A394DD62899107273365E3C82CFC6A55557BC06C10774B7ABE7AEC3B0F34CF06446280E154026D0542C187BA9DAB6628BF7B6DBB0E566B17C62EB0D63BCC976C107EF6DB9843110FC449477095CA2A2E54D1E3FC2577C449B80AC7D38FD01240228AD173AB78CFFCCA739BF6FC415F02F
  310
103F504B0304140006080800AC70623B2EA4D28F640500003C100000340000006662782F33394334313030352D393437462D344341332D393833322D3144373644414336394143352F6F626A656374732E786D6CAD575D739B3814FD2B0CFB6C30B1D3263B844E6CC71D4F376DA79E76F621331E01326103122389C4E9AFDF
  310
231018B09D7A3FFC609090EEE7B94757FE875D9E59CF54C894B31BDB73C6B64559C4E394253776A9B6A32BDBFA10F88273D559665B8CE4F4C6D6D376E027829785998AE99694991ACC2E677F5A32A28CDA569411296F6C193DD29C38A4543CA6F2C98989224EB2DD399E532FEC8B4D04291E07420B222853B014F30C52ACDA
  310
28AF3F1CDB6EE0BBFA7BE0EB7FB36A727A955BF9D3D79F32A9088B0E940DC44CBCE9E2EEE2F27A74399D4E46D37717DE68B69C2D46DEFBC978FE6E3EBFBEBDBB8662A90424194B04DDDAC147C446A491EFD69F5A8B8DE1C74C8A386334AAFC878795CD46624C0BCA62E431A512DA3A5E8FFB434FC7A6F379A2C7466577FA3C
  310
AFBA3B3A821ADB9B67D7521EFE0517E439A810926A54D5F1318ED6F81BEFA316729E996FA9B472A2A84849666569288878B5032CD54B02BF2746A35368846B0FECC0DBCBEBDA8AD2F835768F59B92DB34C43D30E2A646F807FAA646559FA938AE3DA60137255A64C5D1987D46B41EDE0DA77ABC9C0D78FC985F95807D2DA66
  310
2441CAE166FD75E0E85CD7DE6A61079F96E16EADEBF1B8F242F0820AA5E1036835896B9E3A4A46AD7756E6F40638D38BF93E28DF10F9CF28DFBD29C89B4877D3DDD468518230B9E522476E9C71F5B3C6CDCBA87D3B7C019F0D561FAE6967FED562DF6D8DED13C6A9FC015C3A3557FF3D7FFD987591DA495FE03FA3C0B89898
  310
50AE2392817AEE53868468505A19C714B87C1BEEEC6005A604B36317C9823620072FBEFB8CEFF8AF6583AD2AF59D274342077C7B06F323965559C0B6136039E0C94AB171EE54CC2FFF979AB95DAC3FAD4BB12511BD37C4B2A0DB94A50A67E71EBC5D837A89E879F4445F5FB888E1E86112D6DD24E4469544B475CC75E093E6
  310
B0D083BDE69E8208FB12AE39CFFF8586FB544634CB08A3BC6CB4B4C790C66A4B32A64F4015D6019D5C0C502CE873AA3B89DE8A9E5938EB2391163A64EDA1D7F2B473C297EFABCF00A51DCC5EFF20AF5DC20CF7741FF18C8B4DF8BAA999D006F8B0A78FEE1F7D789B88BA5A0A105F61B9A11C13E24D9C6EB7A504EF1E89E28F
  310
D5BC9BA996480E5F9A026A34D63539053BA3F68830F06D74A2211004073B679B14C738CAF2A8F2AEEEA10259C93D213F2CF36243725E32754E98C68D3F8DF5ADF06E17235F888A1EED605D3D473350764CE31309D547D0119F7AE979FFFEEA6E727BBD1C79B74BB4529717CBD1D5E5DC1B79B3B977395B4C96EF2638E6FA15
  310
D09C50DD1A44347122FAA5484D98BFAFF6656B07F74449F7635D506E523FBFAF1CB4C5BE8B3D0078BB71951719CD295344C3F75EBF64DF08BA8A9E8C7A7E9593849E21E5CBC7F5C006CC9CB1EFAB2E35FA32D86B66E7BA168E0A518F651E329266838DC671A7608971BB0965FBAC19BD19EA918927FA50C9B33406E1C45642
  310
794E1568E70CB6173995404CB72B8FCDEDE18CDDCF753FA84898D1C6924782963893403548A78C547FDEFA0D2D9CEEA26E6C1C76CE13FE4C21DA16527D6383DF541A51E984381E75E353090704D085B52408D0139664E8ACEB4DEDB8DDA56303FAC10968F4B74BCEE9968C5F3DE2CD4951E0D4EED16A659B5110FD23C71B73
  310
2CA2F01A96AAF5653FD13A53A909C03570A77DA0857832AA77A8AFB7DDF29C6A4D2F2267DD93DE04412D75A48848AA7B810EBA31E976F1D5452B60ADBE58455626C8E5F992468202CCA52E70A008A830320BA200D5F9EF0F5F05C75D34B7962920F030E779CE9919DC9ABBACB57EC4CD347E002D507DFD901763CF7BA8BA7E
  310
7311D984445287C4F209134DC1690F065803200F8E53733D73750E06CB570BCB1C185308AD407BD094D6D7700BC5A36F8EBA54BA6459BCD9F8BBD552A040A0650FFE06504B0304140006080000AC70623B000000000000000000000000350000006662782F33394334313030352D393437462D344341332D393833322D3144
  310
373644414336394143352F76657274696365732E62696E504B0304140006080800AC70623BF270F1330600000004000000360000006662782F33394334313030352D393437462D344341332D393833322D3144373644414336394143352F747269616E676C65732E62696E636660600000504B0304140006080000AC70623B
  310
000000000000000000000000370000006662782F33394334313030352D393437462D344341332D393833322D3144373644414336394143352F617474726962757465732E62696E504B0304140006080800AC70623B08DA0BD19000000041010000360000006662782F33394334313030352D393437462D344341332D393833
  310
322D3144373644414336394143352F6469726563746F72792E786D6C858F410AC3201045AF22B36F53E9A60B35CBEEBAE80D244E44489C6234F4F835464A48035D0DF398FF9F8AF63D0E6CC63039F212F8F9020C7D47C6792B21C5FE7403D62A1188E2E60C98D7234A5830286103A55745067B9D86B8A3CF9C7F90C11DE607
  310
FB144396D7B6A82D282E9A152AD114D5EF2CB866EEE831B8EEA07A7BB5A8D7D61A2BAAEB7FD5F70921FF497D00504B0304140006080800AC70623B95BFD5E5FE000000A00100003B0000006662782F33394334313030352D393437462D344341332D393833322D3144373644414336394143352F7265736F75726365732F63
  310
6F72652E786D6C8D50596E833010BD0A9ADFCA603B1B41C611699213F40296992456828DBC543D7E4DA052FBD79F99D15B344F4F1CBE8667F1893E18675B60258502AD76BDB1B71652BC921A8A8314DEB9F84B06855503B630C120C5CDBB342E907636A28D19B5AEC70554216084423FF3D142D0771C54A952CC8AF02847A5
  310
1FEA86252B339D755284E87380627E324D901E834B5E6310D5CC4A9192E9178DE9F34F7335E841EE38DBEEF8A5239B13ADC9FA589FC971F77E2217BEDDAFB61DEBE8B916D56496229AE127A3F6A822F62039A57BC218A1FC83AD1BBA69F8E68DD60DA5A29AE47F4C69ECFF694AC6C6155FE2CEB60092E5202F428A6AEA2BAF
  310
5799794FDDCA6F504B010214000A0000080000AC70623B3DEE336E79000000790000001B00000000000000000000000000000000006175746F6465736B2D64657369676E2D7061636B6167652E786D6C504B01021400140006080800AC70623BD486FD9CA0000000F40000001300000000000000000000000000B20000005B
  310
436F6E74656E745F54797065735D2E786D6C504B01021400140006080800AC70623BFD5588D4EC0000007C010000080000000000000000000000000083010000636F72652E786D6C504B01021400140006080800AC70623B55019EA25F0000007C000000070000000000000000000000000095020000636E782E786D6C504B
  310
01021400140006080800AC70623BB5D38BAD72010000D40300000C00000000000000000000000000190300006662782F636F72652E786D6C504B01021400140006080800AC70623B09885E1C7E0000009D0000000B00000000000000000000000000B50400006662782F636E782E786D6C504B01021400140006080800AC70
  310
623B961D28872A0100001202000031000000000000000000000000005C0500006662782F33394334313030352D393437462D344341332D393833322D3144373644414336394143352F636F72652E786D6C504B01021400140006080800AC70623B503B51794E010000330300003000000000000000000000000000D5060000
  310
6662782F33394334313030352D393437462D344341332D393833322D3144373644414336394143352F636E782E786D6C504B01021400140006080800AC70623B2EA4D28F640500003C1000003400000000000000000000000000710800006662782F33394334313030352D393437462D344341332D393833322D3144373644
  310
414336394143352F6F626A656374732E786D6C504B01021400140006080000AC70623B0000000000000000000000003500000000000000000000000000270E00006662782F33394334313030352D393437462D344341332D393833322D3144373644414336394143352F76657274696365732E62696E504B01021400140006
  310
080800AC70623BF270F133060000000400000036000000000000000000000000007A0E00006662782F33394334313030352D393437462D344341332D393833322D3144373644414336394143352F747269616E676C65732E62696E504B01021400140006080000AC70623B0000000000000000000000003700000000000000
  310
000000000000D40E00006662782F33394334313030352D393437462D344341332D393833322D3144373644414336394143352F617474726962757465732E62696E504B01021400140006080800AC70623B08DA0BD190000000410100003600000000000000000000000000290F00006662782F33394334313030352D393437
  310
462D344341332D393833322D3144373644414336394143352F6469726563746F72792E786D6C504B01021400140006080800AC70623B95BFD5E5FE000000A00100003B000000000000000000000000000D1000006662782F33394334313030352D393437462D344341332D393833322D3144373644414336394143352F7265
  310
736F75726365732F636F72652E786D6C504B0506000000000E000E0080040000641100000000
  0
XRECORD
  5
10D
  102
{ACAD_REACTORS
  330
10B
  102
}
  330
10B
  100
AcDbXrecord
  280
1
  270
1
  271
1
  0
XRECORD
  5
10C
  102
{ACAD_REACTORS
  330
10B
  102
}
  330
10B
  100
AcDbXrecord
  280
1
  270
1
  271
1
  0
XRECORD
  5
187
  102
{ACAD_REACTORS
  330
10B
  102
}
  330
10B
  100
AcDbXrecord
  280
1
  70
0
  90
1778669749
  1
7E355024-1ABF-47F9-966E-F2159FBE82AB
  310
504B03040A0000080000AC70623B3DEE336E79000000790000001B0000006175746F6465736B2D64657369676E2D7061636B6167652E786D6C3C3F786D6C2076657273696F6E3D22312E302220656E636F64696E673D227574662D3822203F3E3C666F726D6174733E3C666F726D61743E687474703A2F2F736368656D612E
  310
6175746F6465736B2E636F6D2F64657369676E2D7061636B6167652F323030393C2F666F726D61743E3C2F666F726D6174733E504B0304140006080800AC70623BD486FD9CA0000000F4000000130000005B436F6E74656E745F54797065735D2E786D6C7D8EC10E82300C865F65E91D8A1E8C310C0EEA1BF002731658846E
  310
D98AC1B77784ABF1D8FE5FBFBF75BBCE937A534CCEB38643598122B6FEE978D0B0485F9C41B54DDD7D022595594E1A469170414C76A4D9A4D207E29CF43ECE46F218070CC6BECC4078ACAA135ACF422C856C0E68EA1BF5669944DDD7BCDE7B1F8E415D77AECB980613C2E4AC91FC167A2B244592486606FC29C8FD7F045B9A
  310
EF7053A7E60B504B0304140006080800AC70623BDCE527C8EB0000007C01000008000000636F72652E786D6C8D90416EC3201045AF82665B6103B15DC7C24471249FA01740405C94182C03558F5F9C3852BBEB6A467FFE9B197D7EFA9EEFE8CBACC17AD7032D0820E394D7D64D3DA478C52DA093E0ABF7F1970D9093B3E961
  310
9341F069F569D925E55D342E66D5796D76518660222075CF4D0F417D9A591632C5EC08B76291EA262753D05797E194AC46CF2356E77DF66ACD0A621C9B73335C463C5E0E1457EC9DE2A1612D3E9233A92BD2D66333F07283058F767EDD57AB91D168108C9023A61413F641AB8ED41DABDF48DB11C2CBCDFE074A8BFE2794AC
  310
8B07B6BFFBC402089A1F790C042FB72C72790495EB969BF801504B0304140006080800AC70623B55019EA25F0000007C00000007000000636E782E786D6C4DCB3B0E80201045D1AD90E915ED2CF8AC45050C11660C8261F98AB1B07AC9C97D42D718D865D3E909258CFD00CCE24AC6E326A164D74DC0B4128928FF32603847
  310
2BA13128B1252AC747C6BAB984FC68F0B87FE8960A5C09FE86CFB69FBA01504B0304140006080800AC70623BB24894EB71010000D40300000C0000006662782F636F72652E786D6CC5535B6E833010BC8AE5DF0A6C085012194749244ED00B38E05014B091B1518EDFE511A5A9D228FD2A1F60CDEC7A67C6986D2F6D830669
  310
FA5AAB0C073EC548AA4297B5AA32ECECC94B31DA7266B4B6DFCA3052A295191E61CC5965B4EB16A8D0CA4A650155BA940B28FA5E5A8C8A061619EE8B4FD90A5F380B15FDD9EF44711695F4031F68A8E3ACB70604A079C8F8C6FC74BC3032E39C3957970B5B9730AD3ED5D2609EE7C92ED91F722F3FAC022F0ADF036F9F84A9
  310
B7A63B1A47348DF364CFC8D8CC99ADDBABBAC2486165897948E9DA0B028F861F41B4A1F1268CDF68BAA19491B1FCAEC975E58B4DAE5676152E72E7B61EF300844CC40FB7109145BD18400FE18C8C21C2674AF83E68080442B6E2D85C7D9C011A6461B5898029B5BB5183689C84A9D4A7D3837E5F303277C2D4697370FD7046
  310
F8F28CE73BC2510B5581096161797476D4C9660D4B689D34DE602F4869D38AE6351B4F1CFE89BA897F28A9D08D36FFA5882C074496DF838CF7917F01504B0304140006080800AC70623B3A54DFB77D0000009D0000000B0000006662782F636E782E786D6C4DCCD10A83201805E05791FFDEA5EBA76DA046A37C8F581632D3
  310
613AF6F8B3D1C52E0E073E0E47B49FD591B7899B0D5E023F3120C63FC264FD2221A7995E81B44AC410D2DF0C881F5723616750628921BF0E9ACC3C66978A3AEB9F07B2A6D77AB87514F95953EC39D20EEF9C6AD60C88BC2EB940A544F57B2ABD1FAB2F504B0304140006080800AC70623B4A17098729010000120200003100
  310
00006662782F30364446464539412D343132462D344431342D413442312D4630364534343133343431372F636F72652E786D6C8D515B6EC32010BC0AE22B55850D0E76930813A54A7C825E80DA244589C1E251E5F85D6A476AFFF2018B7667666759B1BF8F37F4AD7D30CEB6981514236D7B37187B69718A67B2C1682F8577
  310
2EFE816164D5A85B9CD3588A8B77695A52BDB351DB0859EB06BD2455083A62D4DFE0D1E2D07FE951152A4540846B31A9FEAA2EBA600594012745881E0CA0B949BEB1A4CDB1EB4EDB03E1ACEA083F324E0EFC9D918E3627CED91ACE9B2867A214299961A19B01EC98B3D1FE59914C96229AF161BFF75A453D605951BA258C11
  310
5A7D30BEA3F5AEAA5FE96647A92833FC1F294DC393A4646C5C578BDD9916B064A29C0B520C2E7DDE1E66F47D723EA2DC6F1574FF02531594D6AC69443903617C506CF8A218A2F3F0BDABEB2760593DCB365C8A326F08C2EFFA20E66DCA1F504B0304140006080800AC70623B503B51794E0100003303000030000000666278
  310
2F30364446464539412D343132462D344431342D413442312D4630364534343133343431372F636E782E786D6CD593C16EC32010447F0571AD6CE3D489D20813A9877E410FBD62D82434182CC055F3F75D1292E692438FBD206B7698593D61BEFD1E2DF982108D773D6D6B460938E5B571FB9ECE6957AD29D90A1EBC4F7736
  310
4A9C1CA1A759A682EF839FA72269D8C9D92654AD71C72206887E0E0A22CAF926B15E498B01E0AA19451807D01A34B919F16B070157417138917400F2F6FA41FCF0092A45DEE414C19BDC21783E4BD39D891265658C3D8DEA00A3ACE59CBC8678ACB54CB26EEB6BD7839D7E9348BE70AD9C8321B9BCA7F9A4A26C542347DEE0
  310
50F09802D22BA6749A800A394DD62899107273365E3C82CFC6A55557BC06C10774B7ABE7AEC3B0F34CF06446280E154026D0542C187BA9DAB6628BF7B6DBB0E566B17C62EB0D63BCC976C107EF6DB9843110FC449477095CA2A2E54D1E3FC2577C449B80AC7D38FD01240228AD173AB78CFFCCA739BF6FC415F02F103F504B
  310
0304140006080800AC70623BD8F6D0D5660500003B100000340000006662782F30364446464539412D343132462D344431342D413442312D4630364534343133343431372F6F626A656374732E786D6CAD575B8F9B3814FE2B887D064292B964C5504D92491555D3568D5AEDC348910187610730B2CD4C667FFD7E06438024
  310
6DF6928780CDF1B97EE762EFC33E4B8D57CA45C2F23BD3B547A641F39045491EDF99A5DC59B7A6F1C1F73863B243661A39C9E89DA9B64DDF8B392B0BBD15D11D295339D85DCDFF304448736A1A614A84B83345F84C33629352B2888A173B2292D8F16E6FBB764DD8671B73523C0F981684D35C4253ECE7E062D44AB9FDE5C8
  310
747CCF51DF7D4FFD6BAAC9792AA7B2A72F3FC985247978246CC066E24E970FE3AB9975359D4EACE9F5D8B5E6ABF9D2726F26A3C5F56231BB7F9841B0901C9CB4269CEE4CFF237CC393D073EA4FADC65AF1532A852CCF6958D90F0B2B9D35C78816348F10C7840A48EB583DEA2F5DE59BCEE7895A6B91DDEDCBACEA9EE8306A
  310
746F9E5D4D59F0274C1097A0820BAA5055FB471B5AE36F74F05AC058AABF25C2C888A43C21A991260127FCDDF441AA487CAFC746A1932B842B0B4CDF3DF0EBEA8AD4F835764F69B92BD35441D3F42B646F817F2A45A559F217E5A7A54127C4AA4C7279AB0D92EF0535FD99E7549BBEA71E93B1FE583BD2D8A52446C86166FD
  310
7560E842E5DE7A69FA9F56C17EA3F2F1B4F082B38272A9E0036835816B9ECA4B5AAC7B51E4D40118D3F3F9C129DFE0F9CF48DF832A881B4FF6D3FD544B919CE462C77886D8D8A3EA678C9A17AB7D3B7E413D1B501FD3B43BFF8AD8735A65FB05E35CFC002E159ADBFF1EBFBECFBA48ED84CFF75E91608C4FB42B372149517A
  310
1E931C0151A03452862DD4F25DB037FD352A252A3B4E91D46F1D72F4E239AFF88EFF9A37AA5525BEF3CC11D041BDBDA0F2C397555A40B7336039AA9395606DDC399F5FFD2F3973BFDC7CDA947C4742FAA80BCB92EE923C91E89D07F07615EA05A267D10B7D7F633C82A1C741D8748390695102DE563E578E8F9B66A11607C9
  310
3D0121CEC54CD53CEF17121E1311D2342539656523A56D430AAB6D91D17302B2B076E8643C4031A7AF899A247A143DB5D0EB439E14CA656DD36BEBB47DC696EFEBCF0025E8531690F440141CAA7DC852C6B7C1FBB62E8426B087237D70FFE8A35B3BD4515C00F80ACA4DC5D11EDE46C96E570A94DD134EFCB15E7403D5D691
  310
E397267F1A89754A4E519C917A846BF43632310F7082BECEF26D822E8EAC3C29BC2B7B2840547CCFF00FCAACD8928C95B9BCC44DA3C69E46FB96797788116F4486CFA6BFA99ED61C153BA2D121543D10A80E74C2A65E786E1E265757A3F1D472EFE72B6B7AB39A59B3EBEB076B3576AF66ABF9C3EDF87EDE6A5469E27B4D83
  310
EAA620BC8986E8953CD16EFEBE3E64ADE93F12299C8F753E3971FDFCBEB631157B0ECE00DFEDC17556A434A3B9240ABD8FEA25FD463054F478D4FBEB8CC4F4022E5F3E6E063A60E782735F55A6D1B7C159BDBB50B97092897C2EB32027493A38A80DB78B3CD66637AE6C9F75416F966AA5FD893154B03489506F2223A62CA3
  310
1255E78262CF332A8098EE501EE9CBC305A75FEB71509220A58D26CF0413712A806AC0AD0C657FDFF80D139C1AA2EE4CF43AFB057F3A114D03A1BE3351DE6412526107E88E6AEEA998030218C2DA1A08A8913C4E3158D787DA757B4AF906E5070D50CB6F492E1996B45DBDBA9B91A240D3EE55D54A372D20FC478637EA1844
  310
E23528656BCB61A335A61283CCAA8DD257034C102F5AF41EF9F573B35CBBA2E979E4A26BD24F415073B524E171752D50FA6995EE975F1D4C02C6FA8B51A4658C585ECEC9E214602E558203454085E6591009A82E7E7FFACA19AEA299B14A0081A705CB3296EBC5BDBECA1A9B675C4CA3279405AA6E1F623C72DDA76AE8D7F7
  310
906D4004B549245EB0D1249CB260803500F2A89BEA10382A0603F2F5D2D00D630AA615688F66D2FA166E2079D4C551A54AB758163F9DFB9D8A1460E098D8FDBF01504B0304140006080000AC70623B000000000000000000000000350000006662782F30364446464539412D343132462D344431342D413442312D46303645
  310
34343133343431372F76657274696365732E62696E504B0304140006080800AC70623BF270F1330600000004000000360000006662782F30364446464539412D343132462D344431342D413442312D4630364534343133343431372F747269616E676C65732E62696E636660600000504B0304140006080000AC70623B0000
  310
00000000000000000000370000006662782F30364446464539412D343132462D344431342D413442312D4630364534343133343431372F617474726962757465732E62696E504B0304140006080800AC70623B08DA0BD19000000041010000360000006662782F30364446464539412D343132462D344431342D413442312D
  310
4630364534343133343431372F6469726563746F72792E786D6C858F410AC3201045AF22B36F53E9A60B35CBEEBAE80D244E44489C6234F4F835464A48035D0DF398FF9F8AF63D0E6CC63039F212F8F9020C7D47C6792B21C5FE7403D62A1188E2E60C98D7234A5830286103A55745067B9D86B8A3CF9C7F90C11DE607FB14
  310
4396D7B6A82D282E9A152AD114D5EF2CB866EEE831B8EEA07A7BB5A8D7D61A2BAAEB7FD5F70921FF497D00504B0304140006080800AC70623BB40F7AF9FE000000A00100003B0000006662782F30364446464539412D343132462D344431342D413442312D4630364534343133343431372F7265736F75726365732F636F72
  310
652E786D6C8D504B6E833010BD0A9A6D65B00950828CA3109513F4029699502BC146FE543D7E4D42A576D7CDCCE87D344F8F9FBE967BF689CE6B6B7A6039850C8DB29336730F315C490BD94970676DF82583CCC8057BD860107C7636AE3BA4AC096842428D9D7007A5F7182053F774F4E0D5072E3297312485BFE5AB543739
  310
63CEF244279DE03EB814207B3ED9260887DE46A7D0F3E2C90A1EA39E768D9ED24F7DD5E8408C63736E86CB1B192F0746AAF29591A1295B72A4675A57B4ADC766E0C566163CE8E527A37228034E204A4A8F843142CB775675B4EECAFA85B61DA5BCD8E47F4C719DFE698ADA8443B9C77DDA3C0896823C08C18BADAFB41E65A6
  310
BD752BBE01504B010214000A0000080000AC70623B3DEE336E79000000790000001B00000000000000000000000000000000006175746F6465736B2D64657369676E2D7061636B6167652E786D6C504B01021400140006080800AC70623BD486FD9CA0000000F40000001300000000000000000000000000B20000005B436F
  310
6E74656E745F54797065735D2E786D6C504B01021400140006080800AC70623BDCE527C8EB0000007C010000080000000000000000000000000083010000636F72652E786D6C504B01021400140006080800AC70623B55019EA25F0000007C000000070000000000000000000000000094020000636E782E786D6C504B0102
  310
1400140006080800AC70623BB24894EB71010000D40300000C00000000000000000000000000180300006662782F636F72652E786D6C504B01021400140006080800AC70623B3A54DFB77D0000009D0000000B00000000000000000000000000B30400006662782F636E782E786D6C504B01021400140006080800AC70623B
  310
4A17098729010000120200003100000000000000000000000000590500006662782F30364446464539412D343132462D344431342D413442312D4630364534343133343431372F636F72652E786D6C504B01021400140006080800AC70623B503B51794E010000330300003000000000000000000000000000D10600006662
  310
782F30364446464539412D343132462D344431342D413442312D4630364534343133343431372F636E782E786D6C504B01021400140006080800AC70623BD8F6D0D5660500003B10000034000000000000000000000000006D0800006662782F30364446464539412D343132462D344431342D413442312D46303645343431
  310
33343431372F6F626A656374732E786D6C504B01021400140006080000AC70623B0000000000000000000000003500000000000000000000000000250E00006662782F30364446464539412D343132462D344431342D413442312D4630364534343133343431372F76657274696365732E62696E504B010214001400060808
  310
00AC70623BF270F13306000000040000003600000000000000000000000000780E00006662782F30364446464539412D343132462D344431342D413442312D4630364534343133343431372F747269616E676C65732E62696E504B01021400140006080000AC70623B00000000000000000000000037000000000000000000
  310
00000000D20E00006662782F30364446464539412D343132462D344431342D413442312D4630364534343133343431372F617474726962757465732E62696E504B01021400140006080800AC70623B08DA0BD190000000410100003600000000000000000000000000270F00006662782F30364446464539412D343132462D
  310
344431342D413442312D4630364534343133343431372F6469726563746F72792E786D6C504B01021400140006080800AC70623BB40F7AF9FE000000A00100003B000000000000000000000000000B1000006662782F30364446464539412D343132462D344431342D413442312D4630364534343133343431372F7265736F
  310
75726365732F636F72652E786D6C504B0506000000000E000E0080040000621100000000
  0
XRECORD
  5
10E
  102
{ACAD_REACTORS
  330
10B
  102
}
  330
10B
  100
AcDbXrecord
  280
1
  270
1
  271
1
  0
XRECORD
  5
10F
  102
{ACAD_REACTORS
  330
10B
  102
}
  330
10B
  100
AcDbXrecord
  280
1
  270
1
  271
1
  0
XRECORD
  5
33B
  102
{ACAD_REACTORS
  330
33A
  102
}
  330
33A
  100
AcDbXrecord
  280
1
  102
DISPLAYNAME
  1
Imperial24
  102
FLAGS
  90
0
  0
CELLSTYLEMAP
  5
300
  102
{ACAD_REACTORS
  330
FF
  102
}
  330
FF
  100
AcDbCellStyleMap
  90
3
  300
CELLSTYLE
  1
TABLEFORMAT_BEGIN
  90
5
  170
1
  91
0
  92
32768
  62
257
  93
1
  300
CONTENTFORMAT
  1
CONTENTFORMAT_BEGIN
  90
0
  91
0
  92
512
  93
0
  300

  40
0
  140
1
  94
5
  62
0
  340
11
  144
0.25
  309
CONTENTFORMAT_END
  171
1
  301
MARGIN
  1
CELLMARGIN_BEGIN
  40
0.06
  40
0.06
  40
0.06
  40
0.06
  40
0.18
  40
0.18
  309
CELLMARGIN_END
  94
6
  95
1
  302
GRIDFORMAT
  1
GRIDFORMAT_BEGIN
  90
0
  91
1
  62
0
  92
-2
  340
0
  93
0
  40
0.045
  309
GRIDFORMAT_END
  95
2
  302
GRIDFORMAT
  1
GRIDFORMAT_BEGIN
  90
0
  91
1
  62
0
  92
-2
  340
0
  93
0
  40
0.045
  309
GRIDFORMAT_END
  95
4
  302
GRIDFORMAT
  1
GRIDFORMAT_BEGIN
  90
0
  91
1
  62
0
  92
-2
  340
0
  93
0
  40
0.045
  309
GRIDFORMAT_END
  95
8
  302
GRIDFORMAT
  1
GRIDFORMAT_BEGIN
  90
0
  91
1
  62
0
  92
-2
  340
0
  93
0
  40
0.045
  309
GRIDFORMAT_END
  95
16
  302
GRIDFORMAT
  1
GRIDFORMAT_BEGIN
  90
0
  91
1
  62
0
  92
-2
  340
0
  93
0
  40
0.045
  309
GRIDFORMAT_END
  95
32
  302
GRIDFORMAT
  1
GRIDFORMAT_BEGIN
  90
0
  91
1
  62
0
  92
-2
  340
0
  93
0
  40
0.045
  309
GRIDFORMAT_END
  309
TABLEFORMAT_END
  1
CELLSTYLE_BEGIN
  90
1
  91
1
  300
_TITLE
  309
CELLSTYLE_END
  300
CELLSTYLE
  1
TABLEFORMAT_BEGIN
  90
5
  170
1
  91
0
  92
0
  62
257
  93
1
  300
CONTENTFORMAT
  1
CONTENTFORMAT_BEGIN
  90
0
  91
0
  92
512
  93
0
  300

  40
0
  140
1
  94
5
  62
0
  340
11
  144
0.18
  309
CONTENTFORMAT_END
  171
1
  301
MARGIN
  1
CELLMARGIN_BEGIN
  40
0.06
  40
0.06
  40
0.06
  40
0.06
  40
0.18
  40
0.18
  309
CELLMARGIN_END
  94
6
  95
1
  302
GRIDFORMAT
  1
GRIDFORMAT_BEGIN
  90
0
  91
1
  62
0
  92
-2
  340
0
  93
0
  40
0.045
  309
GRIDFORMAT_END
  95
2
  302
GRIDFORMAT
  1
GRIDFORMAT_BEGIN
  90
0
  91
1
  62
0
  92
-2
  340
0
  93
0
  40
0.045
  309
GRIDFORMAT_END
  95
4
  302
GRIDFORMAT
  1
GRIDFORMAT_BEGIN
  90
0
  91
1
  62
0
  92
-2
  340
0
  93
0
  40
0.045
  309
GRIDFORMAT_END
  95
8
  302
GRIDFORMAT
  1
GRIDFORMAT_BEGIN
  90
0
  91
1
  62
0
  92
-2
  340
0
  93
0
  40
0.045
  309
GRIDFORMAT_END
  95
16
  302
GRIDFORMAT
  1
GRIDFORMAT_BEGIN
  90
0
  91
1
  62
0
  92
-2
  340
0
  93
0
  40
0.045
  309
GRIDFORMAT_END
  95
32
  302
GRIDFORMAT
  1
GRIDFORMAT_BEGIN
  90
0
  91
1
  62
0
  92
-2
  340
0
  93
0
  40
0.045
  309
GRIDFORMAT_END
  309
TABLEFORMAT_END
  1
CELLSTYLE_BEGIN
  90
2
  91
1
  300
_HEADER
  309
CELLSTYLE_END
  300
CELLSTYLE
  1
TABLEFORMAT_BEGIN
  90
5
  170
1
  91
0
  92
0
  62
257
  93
1
  300
CONTENTFORMAT
  1
CONTENTFORMAT_BEGIN
  90
0
  91
0
  92
512
  93
0
  300

  40
0
  140
1
  94
2
  62
0
  340
11
  144
0.18
  309
CONTENTFORMAT_END
  171
1
  301
MARGIN
  1
CELLMARGIN_BEGIN
  40
0.06
  40
0.06
  40
0.06
  40
0.06
  40
0.18
  40
0.18
  309
CELLMARGIN_END
  94
6
  95
1
  302
GRIDFORMAT
  1
GRIDFORMAT_BEGIN
  90
0
  91
1
  62
0
  92
-2
  340
0
  93
0
  40
0.045
  309
GRIDFORMAT_END
  95
2
  302
GRIDFORMAT
  1
GRIDFORMAT_BEGIN
  90
0
  91
1
  62
0
  92
-2
  340
0
  93
0
  40
0.045
  309
GRIDFORMAT_END
  95
4
  302
GRIDFORMAT
  1
GRIDFORMAT_BEGIN
  90
0
  91
1
  62
0
  92
-2
  340
0
  93
0
  40
0.045
  309
GRIDFORMAT_END
  95
8
  302
GRIDFORMAT
  1
GRIDFORMAT_BEGIN
  90
0
  91
1
  62
0
  92
-2
  340
0
  93
0
  40
0.045
  309
GRIDFORMAT_END
  95
16
  302
GRIDFORMAT
  1
GRIDFORMAT_BEGIN
  90
0
  91
1
  62
0
  92
-2
  340
0
  93
0
  40
0.045
  309
GRIDFORMAT_END
  95
32
  302
GRIDFORMAT
  1
GRIDFORMAT_BEGIN
  90
0
  91
1
  62
0
  92
-2
  340
0
  93
0
  40
0.045
  309
GRIDFORMAT_END
  309
TABLEFORMAT_END
  1
CELLSTYLE_BEGIN
  90
3
  91
2
  300
_DATA
  309
CELLSTYLE_END
  0
XRECORD
  5
315
  102
{ACAD_REACTORS
  330
314
  102
}
  330
314
  100
AcDbXrecord
  280
1
  102
RTVSPost2010Prop28
  280
1
  102
RTVSPost2010PropOp28
  70
1
  102
RTVSPost2010Prop29
  280
1
  102
RTVSPost2010PropOp29
  70
1
  102
RTVSPost2010Prop30
  280
0
  102
RTVSPost2010PropOp30
  70
1
  102
RTVSPost2010Prop31
  280
0
  102
RTVSPost2010PropOp31
  70
1
  102
RTVSPost2010Prop32
  280
0
  102
RTVSPost2010PropOp32
  70
1
  102
RTVSPost2010Prop33
  280
0
  102
RTVSPost2010PropOp33
  70
1
  102
RTVSPost2010Prop34
  280
0
  102
RTVSPost2010PropOp34
  70
1
  102
RTVSPost2010Prop35
  280
0
  102
RTVSPost2010PropOp35
  70
1
  102
RTVSPost2010Prop36
  280
0
  102
RTVSPost2010PropOp36
  70
1
  102
RTVSPost2010Prop37
  90
50
  102
RTVSPost2010PropOp37
  70
1
  102
RTVSPost2010Prop38
  140
0
  102
RTVSPost2010PropOp38
  70
1
  102
RTVSPost2010Prop39
  140
1
  102
RTVSPost2010PropOp39
  70
1
  102
RTVSPost2010Prop40
  90
0
  102
RTVSPost2010PropOp40
  70
1
  102
RTVSPost2010Prop41ColorIndex
  90
18
  102
RTVSPost2010Prop41ColorRGB
  90
0
  102
RTVSPost2010PropOp41
  70
1
  102
RTVSPost2010Prop42
  90
50
  102
RTVSPost2010PropOp42
  70
1
  102
RTVSPost2010Prop43
  90
3
  102
RTVSPost2010PropOp43
  70
1
  102
RTVSPost2010Prop44ColorIndex
  90
5
  102
RTVSPost2010Prop44ColorRGB
  90
255
  102
RTVSPost2010PropOp44
  70
1
  102
RTVSPost2010Prop45
  280
0
  102
RTVSPost2010PropOp45
  70
1
  102
RTVSPost2010Prop46
  90
50
  102
RTVSPost2010PropOp46
  70
1
  102
RTVSPost2010Prop47
  90
50
  102
RTVSPost2010PropOp47
  70
1
  102
RTVSPost2010Prop48
  90
50
  102
RTVSPost2010PropOp48
  70
1
  102
RTVSPost2010Prop49
  280
0
  102
RTVSPost2010PropOp49
  70
1
  102
RTVSPost2010Prop50
  90
50
  102
RTVSPost2010PropOp50
  70
1
  102
RTVSPost2010Prop51ColorIndex
  90
256
  102
RTVSPost2010Prop51ColorRGB
  90
-16777216
  102
RTVSPost2010PropOp51
  70
0
  102
RTVSPost2010Prop52
  140
1
  102
RTVSPost2010PropOp52
  70
0
  102
RTVSPost2010Prop53
  90
2
  102
RTVSPost2010PropOp53
  70
1
  102
RTVSPost2010Prop54
  1
strokes_ogs.tif
  102
RTVSPost2010PropOp54
  70
1
  102
RTVSPost2010Prop55
  280
0
  102
RTVSPost2010PropOp55
  70
1
  102
RTVSPost2010Prop56
  140
1
  102
RTVSPost2010PropOp56
  70
1
  102
RTVSPost2010Prop57
  140
1
  102
RTVSPost2010PropOp57
  70
1
  102
RTVSPropertyOp0
  70
1
  102
RTVSPropertyOp1
  70
1
  102
RTVSPropertyOp2
  70
1
  102
RTVSPropertyOp3
  70
1
  102
RTVSPropertyOp4
  70
1
  102
RTVSPropertyOp5
  70
1
  102
RTVSPropertyOp6
  70
1
  102
RTVSPropertyOp7
  70
1
  102
RTVSPropertyOp8
  70
1
  102
RTVSPropertyOp9
  70
1
  102
RTVSPropertyOp10
  70
1
  102
RTVSPropertyOp11
  70
1
  102
RTVSPropertyOp12
  70
1
  102
RTVSPropertyOp13
  70
1
  102
RTVSPropertyOp14
  70
1
  102
RTVSPropertyOp15
  70
1
  102
RTVSPropertyOp16
  70
1
  102
RTVSPropertyOp17
  70
1
  102
RTVSPropertyOp18
  70
1
  102
RTVSPropertyOp19
  70
1
  102
RTVSPropertyOp20
  70
1
  102
RTVSPropertyOp21
  70
1
  102
RTVSPropertyOp22
  70
1
  102
RTVSPropertyOp23
  70
1
  102
RTVSPropertyOp24
  70
1
  102
RTVSPropertyOp25
  70
1
  102
RTVSPropertyOp26
  70
1
  102
RTVSPropertyOp27
  70
1
  102
RTVSPropertyOp28
  70
1
  102
RTVSPropertyOp29
  70
1
  102
RTVSPropertyOp30
  70
1
  102
RTVSPropertyOp31
  70
1
  102
RTVSPropertyOp32
  70
1
  102
RTVSPropertyOp33
  70
1
  102
RTVSPropertyOp34
  70
1
  102
RTVSPropertyOp35
  70
1
  102
RTVSPropertyOp36
  70
1
  102
RTVSPropertyOp37
  70
1
  102
RTVSPropertyOp38
  70
1
  102
RTVSPropertyOp39
  70
1
  102
RTVSPropertyOp40
  70
1
  102
RTVSPropertyOp41
  70
1
  102
RTVSPropertyOp42
  70
1
  102
RTVSPropertyOp43
  70
1
  102
RTVSPropertyOp44
  70
1
  102
RTVSPropertyOp45
  70
1
  102
RTVSPropertyOp46
  70
1
  102
RTVSPropertyOp47
  70
1
  102
RTVSPropertyOp48
  70
1
  102
RTVSPropertyOp49
  70
1
  102
RTVSPropertyOp50
  70
1
  102
RTVSPropertyOp51
  70
0
  102
RTVSPropertyOp52
  70
0
  102
RTVSPropertyOp53
  70
1
  102
RTVSPropertyOp54
  70
1
  102
RTVSPropertyOp55
  70
1
  102
RTVSPropertyOp56
  70
1
  102
RTVSPropertyOp57
  70
1
  102
RTVSPropertyOp58
  70
1
  102
RTVSPropertyOp59
  70
1
  102
RTVSPropertyOp60
  70
1
  102
RTVSPropertyOp61
  70
1
  102
RTVSPropertyOp62
  70
1
  0
XRECORD
  5
313
  102
{ACAD_REACTORS
  330
312
  102
}
  330
312
  100
AcDbXrecord
  280
1
  102
RTVSPost2010Prop28
  280
0
  102
RTVSPost2010PropOp28
  70
1
  102
RTVSPost2010Prop29
  280
1
  102
RTVSPost2010PropOp29
  70
1
  102
RTVSPost2010Prop30
  280
1
  102
RTVSPost2010PropOp30
  70
1
  102
RTVSPost2010Prop31
  280
0
  102
RTVSPost2010PropOp31
  70
1
  102
RTVSPost2010Prop32
  280
0
  102
RTVSPost2010PropOp32
  70
1
  102
RTVSPost2010Prop33
  280
0
  102
RTVSPost2010PropOp33
  70
1
  102
RTVSPost2010Prop34
  280
0
  102
RTVSPost2010PropOp34
  70
1
  102
RTVSPost2010Prop35
  280
0
  102
RTVSPost2010PropOp35
  70
1
  102
RTVSPost2010Prop36
  280
0
  102
RTVSPost2010PropOp36
  70
1
  102
RTVSPost2010Prop37
  90
50
  102
RTVSPost2010PropOp37
  70
1
  102
RTVSPost2010Prop38
  140
0
  102
RTVSPost2010PropOp38
  70
1
  102
RTVSPost2010Prop39
  140
1
  102
RTVSPost2010PropOp39
  70
1
  102
RTVSPost2010Prop40
  90
0
  102
RTVSPost2010PropOp40
  70
1
  102
RTVSPost2010Prop41ColorIndex
  90
18
  102
RTVSPost2010Prop41ColorRGB
  90
0
  102
RTVSPost2010PropOp41
  70
1
  102
RTVSPost2010Prop42
  90
50
  102
RTVSPost2010PropOp42
  70
1
  102
RTVSPost2010Prop43
  90
3
  102
RTVSPost2010PropOp43
  70
1
  102
RTVSPost2010Prop44ColorIndex
  90
5
  102
RTVSPost2010Prop44ColorRGB
  90
255
  102
RTVSPost2010PropOp44
  70
1
  102
RTVSPost2010Prop45
  280
0
  102
RTVSPost2010PropOp45
  70
1
  102
RTVSPost2010Prop46
  90
50
  102
RTVSPost2010PropOp46
  70
1
  102
RTVSPost2010Prop47
  90
50
  102
RTVSPost2010PropOp47
  70
1
  102
RTVSPost2010Prop48
  90
50
  102
RTVSPost2010PropOp48
  70
1
  102
RTVSPost2010Prop49
  280
0
  102
RTVSPost2010PropOp49
  70
1
  102
RTVSPost2010Prop50
  90
50
  102
RTVSPost2010PropOp50
  70
1
  102
RTVSPost2010Prop51ColorIndex
  90
256
  102
RTVSPost2010Prop51ColorRGB
  90
-16777216
  102
RTVSPost2010PropOp51
  70
0
  102
RTVSPost2010Prop52
  140
1
  102
RTVSPost2010PropOp52
  70
0
  102
RTVSPost2010Prop53
  90
2
  102
RTVSPost2010PropOp53
  70
1
  102
RTVSPost2010Prop54
  1
strokes_ogs.tif
  102
RTVSPost2010PropOp54
  70
1
  102
RTVSPost2010Prop55
  280
0
  102
RTVSPost2010PropOp55
  70
1
  102
RTVSPost2010Prop56
  140
1
  102
RTVSPost2010PropOp56
  70
1
  102
RTVSPost2010Prop57
  140
1
  102
RTVSPost2010PropOp57
  70
1
  102
RTVSPropertyOp0
  70
1
  102
RTVSPropertyOp1
  70
1
  102
RTVSPropertyOp2
  70
1
  102
RTVSPropertyOp3
  70
1
  102
RTVSPropertyOp4
  70
1
  102
RTVSPropertyOp5
  70
1
  102
RTVSPropertyOp6
  70
1
  102
RTVSPropertyOp7
  70
1
  102
RTVSPropertyOp8
  70
1
  102
RTVSPropertyOp9
  70
1
  102
RTVSPropertyOp10
  70
1
  102
RTVSPropertyOp11
  70
1
  102
RTVSPropertyOp12
  70
1
  102
RTVSPropertyOp13
  70
1
  102
RTVSPropertyOp14
  70
1
  102
RTVSPropertyOp15
  70
1
  102
RTVSPropertyOp16
  70
1
  102
RTVSPropertyOp17
  70
1
  102
RTVSPropertyOp18
  70
1
  102
RTVSPropertyOp19
  70
1
  102
RTVSPropertyOp20
  70
1
  102
RTVSPropertyOp21
  70
1
  102
RTVSPropertyOp22
  70
1
  102
RTVSPropertyOp23
  70
1
  102
RTVSPropertyOp24
  70
1
  102
RTVSPropertyOp25
  70
1
  102
RTVSPropertyOp26
  70
1
  102
RTVSPropertyOp27
  70
1
  102
RTVSPropertyOp28
  70
1
  102
RTVSPropertyOp29
  70
1
  102
RTVSPropertyOp30
  70
1
  102
RTVSPropertyOp31
  70
1
  102
RTVSPropertyOp32
  70
1
  102
RTVSPropertyOp33
  70
1
  102
RTVSPropertyOp34
  70
1
  102
RTVSPropertyOp35
  70
1
  102
RTVSPropertyOp36
  70
1
  102
RTVSPropertyOp37
  70
1
  102
RTVSPropertyOp38
  70
1
  102
RTVSPropertyOp39
  70
1
  102
RTVSPropertyOp40
  70
1
  102
RTVSPropertyOp41
  70
1
  102
RTVSPropertyOp42
  70
1
  102
RTVSPropertyOp43
  70
1
  102
RTVSPropertyOp44
  70
1
  102
RTVSPropertyOp45
  70
1
  102
RTVSPropertyOp46
  70
1
  102
RTVSPropertyOp47
  70
1
  102
RTVSPropertyOp48
  70
1
  102
RTVSPropertyOp49
  70
1
  102
RTVSPropertyOp50
  70
1
  102
RTVSPropertyOp51
  70
0
  102
RTVSPropertyOp52
  70
0
  102
RTVSPropertyOp53
  70
1
  102
RTVSPropertyOp54
  70
1
  102
RTVSPropertyOp55
  70
1
  102
RTVSPropertyOp56
  70
1
  102
RTVSPropertyOp57
  70
1
  102
RTVSPropertyOp58
  70
1
  102
RTVSPropertyOp59
  70
1
  102
RTVSPropertyOp60
  70
1
  102
RTVSPropertyOp61
  70
1
  102
RTVSPropertyOp62
  70
1
  0
XRECORD
  5
321
  102
{ACAD_REACTORS
  330
320
  102
}
  330
320
  100
AcDbXrecord
  280
1
  102
RTVSPost2010Prop28
  280
0
  102
RTVSPost2010PropOp28
  70
1
  102
RTVSPost2010Prop29
  280
1
  102
RTVSPost2010PropOp29
  70
1
  102
RTVSPost2010Prop30
  280
1
  102
RTVSPost2010PropOp30
  70
1
  102
RTVSPost2010Prop31
  280
0
  102
RTVSPost2010PropOp31
  70
1
  102
RTVSPost2010Prop32
  280
0
  102
RTVSPost2010PropOp32
  70
1
  102
RTVSPost2010Prop33
  280
0
  102
RTVSPost2010PropOp33
  70
1
  102
RTVSPost2010Prop34
  280
0
  102
RTVSPost2010PropOp34
  70
1
  102
RTVSPost2010Prop35
  280
0
  102
RTVSPost2010PropOp35
  70
1
  102
RTVSPost2010Prop36
  280
0
  102
RTVSPost2010PropOp36
  70
1
  102
RTVSPost2010Prop37
  90
50
  102
RTVSPost2010PropOp37
  70
1
  102
RTVSPost2010Prop38
  140
0
  102
RTVSPost2010PropOp38
  70
1
  102
RTVSPost2010Prop39
  140
1
  102
RTVSPost2010PropOp39
  70
1
  102
RTVSPost2010Prop40
  90
0
  102
RTVSPost2010PropOp40
  70
1
  102
RTVSPost2010Prop41ColorIndex
  90
18
  102
RTVSPost2010Prop41ColorRGB
  90
0
  102
RTVSPost2010PropOp41
  70
1
  102
RTVSPost2010Prop42
  90
50
  102
RTVSPost2010PropOp42
  70
1
  102
RTVSPost2010Prop43
  90
3
  102
RTVSPost2010PropOp43
  70
1
  102
RTVSPost2010Prop44ColorIndex
  90
5
  102
RTVSPost2010Prop44ColorRGB
  90
255
  102
RTVSPost2010PropOp44
  70
1
  102
RTVSPost2010Prop45
  280
0
  102
RTVSPost2010PropOp45
  70
1
  102
RTVSPost2010Prop46
  90
50
  102
RTVSPost2010PropOp46
  70
1
  102
RTVSPost2010Prop47
  90
50
  102
RTVSPost2010PropOp47
  70
1
  102
RTVSPost2010Prop48
  90
50
  102
RTVSPost2010PropOp48
  70
1
  102
RTVSPost2010Prop49
  280
0
  102
RTVSPost2010PropOp49
  70
1
  102
RTVSPost2010Prop50
  90
50
  102
RTVSPost2010PropOp50
  70
1
  102
RTVSPost2010Prop51ColorIndex
  90
256
  102
RTVSPost2010Prop51ColorRGB
  90
-16777216
  102
RTVSPost2010PropOp51
  70
0
  102
RTVSPost2010Prop52
  140
1
  102
RTVSPost2010PropOp52
  70
0
  102
RTVSPost2010Prop53
  90
2
  102
RTVSPost2010PropOp53
  70
1
  102
RTVSPost2010Prop54
  1
strokes_ogs.tif
  102
RTVSPost2010PropOp54
  70
1
  102
RTVSPost2010Prop55
  280
0
  102
RTVSPost2010PropOp55
  70
1
  102
RTVSPost2010Prop56
  140
1
  102
RTVSPost2010PropOp56
  70
1
  102
RTVSPost2010Prop57
  140
1
  102
RTVSPost2010PropOp57
  70
1
  102
RTVSPropertyOp0
  70
1
  102
RTVSPropertyOp1
  70
1
  102
RTVSPropertyOp2
  70
1
  102
RTVSPropertyOp3
  70
1
  102
RTVSPropertyOp4
  70
1
  102
RTVSPropertyOp5
  70
1
  102
RTVSPropertyOp6
  70
1
  102
RTVSPropertyOp7
  70
1
  102
RTVSPropertyOp8
  70
1
  102
RTVSPropertyOp9
  70
1
  102
RTVSPropertyOp10
  70
1
  102
RTVSPropertyOp11
  70
1
  102
RTVSPropertyOp12
  70
1
  102
RTVSPropertyOp13
  70
1
  102
RTVSPropertyOp14
  70
1
  102
RTVSPropertyOp15
  70
1
  102
RTVSPropertyOp16
  70
1
  102
RTVSPropertyOp17
  70
1
  102
RTVSPropertyOp18
  70
1
  102
RTVSPropertyOp19
  70
1
  102
RTVSPropertyOp20
  70
1
  102
RTVSPropertyOp21
  70
1
  102
RTVSPropertyOp22
  70
1
  102
RTVSPropertyOp23
  70
1
  102
RTVSPropertyOp24
  70
1
  102
RTVSPropertyOp25
  70
1
  102
RTVSPropertyOp26
  70
1
  102
RTVSPropertyOp27
  70
1
  102
RTVSPropertyOp28
  70
1
  102
RTVSPropertyOp29
  70
1
  102
RTVSPropertyOp30
  70
1
  102
RTVSPropertyOp31
  70
1
  102
RTVSPropertyOp32
  70
1
  102
RTVSPropertyOp33
  70
1
  102
RTVSPropertyOp34
  70
1
  102
RTVSPropertyOp35
  70
1
  102
RTVSPropertyOp36
  70
1
  102
RTVSPropertyOp37
  70
1
  102
RTVSPropertyOp38
  70
1
  102
RTVSPropertyOp39
  70
1
  102
RTVSPropertyOp40
  70
1
  102
RTVSPropertyOp41
  70
1
  102
RTVSPropertyOp42
  70
1
  102
RTVSPropertyOp43
  70
1
  102
RTVSPropertyOp44
  70
1
  102
RTVSPropertyOp45
  70
1
  102
RTVSPropertyOp46
  70
1
  102
RTVSPropertyOp47
  70
1
  102
RTVSPropertyOp48
  70
1
  102
RTVSPropertyOp49
  70
1
  102
RTVSPropertyOp50
  70
1
  102
RTVSPropertyOp51
  70
0
  102
RTVSPropertyOp52
  70
0
  102
RTVSPropertyOp53
  70
1
  102
RTVSPropertyOp54
  70
1
  102
RTVSPropertyOp55
  70
1
  102
RTVSPropertyOp56
  70
1
  102
RTVSPropertyOp57
  70
1
  102
RTVSPropertyOp58
  70
1
  102
RTVSPropertyOp59
  70
1
  102
RTVSPropertyOp60
  70
1
  102
RTVSPropertyOp61
  70
1
  102
RTVSPropertyOp62
  70
1
  0
XRECORD
  5
329
  102
{ACAD_REACTORS
  330
328
  102
}
  330
328
  100
AcDbXrecord
  280
1
  102
RTVSPost2010Prop28
  280
0
  102
RTVSPost2010PropOp28
  70
1
  102
RTVSPost2010Prop29
  280
1
  102
RTVSPost2010PropOp29
  70
1
  102
RTVSPost2010Prop30
  280
1
  102
RTVSPost2010PropOp30
  70
1
  102
RTVSPost2010Prop31
  280
0
  102
RTVSPost2010PropOp31
  70
1
  102
RTVSPost2010Prop32
  280
0
  102
RTVSPost2010PropOp32
  70
1
  102
RTVSPost2010Prop33
  280
0
  102
RTVSPost2010PropOp33
  70
1
  102
RTVSPost2010Prop34
  280
0
  102
RTVSPost2010PropOp34
  70
1
  102
RTVSPost2010Prop35
  280
0
  102
RTVSPost2010PropOp35
  70
1
  102
RTVSPost2010Prop36
  280
0
  102
RTVSPost2010PropOp36
  70
1
  102
RTVSPost2010Prop37
  90
50
  102
RTVSPost2010PropOp37
  70
1
  102
RTVSPost2010Prop38
  140
0
  102
RTVSPost2010PropOp38
  70
1
  102
RTVSPost2010Prop39
  140
1
  102
RTVSPost2010PropOp39
  70
1
  102
RTVSPost2010Prop40
  90
0
  102
RTVSPost2010PropOp40
  70
1
  102
RTVSPost2010Prop41ColorIndex
  90
18
  102
RTVSPost2010Prop41ColorRGB
  90
0
  102
RTVSPost2010PropOp41
  70
1
  102
RTVSPost2010Prop42
  90
50
  102
RTVSPost2010PropOp42
  70
1
  102
RTVSPost2010Prop43
  90
3
  102
RTVSPost2010PropOp43
  70
1
  102
RTVSPost2010Prop44ColorIndex
  90
5
  102
RTVSPost2010Prop44ColorRGB
  90
255
  102
RTVSPost2010PropOp44
  70
1
  102
RTVSPost2010Prop45
  280
0
  102
RTVSPost2010PropOp45
  70
1
  102
RTVSPost2010Prop46
  90
50
  102
RTVSPost2010PropOp46
  70
1
  102
RTVSPost2010Prop47
  90
50
  102
RTVSPost2010PropOp47
  70
1
  102
RTVSPost2010Prop48
  90
50
  102
RTVSPost2010PropOp48
  70
1
  102
RTVSPost2010Prop49
  280
0
  102
RTVSPost2010PropOp49
  70
1
  102
RTVSPost2010Prop50
  90
50
  102
RTVSPost2010PropOp50
  70
1
  102
RTVSPost2010Prop51ColorIndex
  90
256
  102
RTVSPost2010Prop51ColorRGB
  90
-16777216
  102
RTVSPost2010PropOp51
  70
0
  102
RTVSPost2010Prop52
  140
1
  102
RTVSPost2010PropOp52
  70
0
  102
RTVSPost2010Prop53
  90
2
  102
RTVSPost2010PropOp53
  70
1
  102
RTVSPost2010Prop54
  1
strokes_ogs.tif
  102
RTVSPost2010PropOp54
  70
1
  102
RTVSPost2010Prop55
  280
0
  102
RTVSPost2010PropOp55
  70
1
  102
RTVSPost2010Prop56
  140
1
  102
RTVSPost2010PropOp56
  70
1
  102
RTVSPost2010Prop57
  140
1
  102
RTVSPost2010PropOp57
  70
1
  102
RTVSPropertyOp0
  70
1
  102
RTVSPropertyOp1
  70
1
  102
RTVSPropertyOp2
  70
1
  102
RTVSPropertyOp3
  70
1
  102
RTVSPropertyOp4
  70
1
  102
RTVSPropertyOp5
  70
1
  102
RTVSPropertyOp6
  70
1
  102
RTVSPropertyOp7
  70
1
  102
RTVSPropertyOp8
  70
1
  102
RTVSPropertyOp9
  70
1
  102
RTVSPropertyOp10
  70
1
  102
RTVSPropertyOp11
  70
1
  102
RTVSPropertyOp12
  70
1
  102
RTVSPropertyOp13
  70
1
  102
RTVSPropertyOp14
  70
1
  102
RTVSPropertyOp15
  70
1
  102
RTVSPropertyOp16
  70
1
  102
RTVSPropertyOp17
  70
1
  102
RTVSPropertyOp18
  70
1
  102
RTVSPropertyOp19
  70
1
  102
RTVSPropertyOp20
  70
1
  102
RTVSPropertyOp21
  70
1
  102
RTVSPropertyOp22
  70
1
  102
RTVSPropertyOp23
  70
1
  102
RTVSPropertyOp24
  70
1
  102
RTVSPropertyOp25
  70
1
  102
RTVSPropertyOp26
  70
1
  102
RTVSPropertyOp27
  70
1
  102
RTVSPropertyOp28
  70
1
  102
RTVSPropertyOp29
  70
1
  102
RTVSPropertyOp30
  70
1
  102
RTVSPropertyOp31
  70
1
  102
RTVSPropertyOp32
  70
1
  102
RTVSPropertyOp33
  70
1
  102
RTVSPropertyOp34
  70
1
  102
RTVSPropertyOp35
  70
1
  102
RTVSPropertyOp36
  70
1
  102
RTVSPropertyOp37
  70
1
  102
RTVSPropertyOp38
  70
1
  102
RTVSPropertyOp39
  70
1
  102
RTVSPropertyOp40
  70
1
  102
RTVSPropertyOp41
  70
1
  102
RTVSPropertyOp42
  70
1
  102
RTVSPropertyOp43
  70
1
  102
RTVSPropertyOp44
  70
1
  102
RTVSPropertyOp45
  70
1
  102
RTVSPropertyOp46
  70
1
  102
RTVSPropertyOp47
  70
1
  102
RTVSPropertyOp48
  70
1
  102
RTVSPropertyOp49
  70
1
  102
RTVSPropertyOp50
  70
1
  102
RTVSPropertyOp51
  70
0
  102
RTVSPropertyOp52
  70
0
  102
RTVSPropertyOp53
  70
1
  102
RTVSPropertyOp54
  70
1
  102
RTVSPropertyOp55
  70
1
  102
RTVSPropertyOp56
  70
1
  102
RTVSPropertyOp57
  70
1
  102
RTVSPropertyOp58
  70
1
  102
RTVSPropertyOp59
  70
1
  102
RTVSPropertyOp60
  70
1
  102
RTVSPropertyOp61
  70
1
  102
RTVSPropertyOp62
  70
1
  0
XRECORD
  5
31B
  102
{ACAD_REACTORS
  330
31A
  102
}
  330
31A
  100
AcDbXrecord
  280
1
  102
RTVSPost2010Prop28
  280
0
  102
RTVSPost2010PropOp28
  70
1
  102
RTVSPost2010Prop29
  280
1
  102
RTVSPost2010PropOp29
  70
1
  102
RTVSPost2010Prop30
  280
1
  102
RTVSPost2010PropOp30
  70
1
  102
RTVSPost2010Prop31
  280
0
  102
RTVSPost2010PropOp31
  70
1
  102
RTVSPost2010Prop32
  280
0
  102
RTVSPost2010PropOp32
  70
1
  102
RTVSPost2010Prop33
  280
0
  102
RTVSPost2010PropOp33
  70
1
  102
RTVSPost2010Prop34
  280
0
  102
RTVSPost2010PropOp34
  70
1
  102
RTVSPost2010Prop35
  280
0
  102
RTVSPost2010PropOp35
  70
1
  102
RTVSPost2010Prop36
  280
0
  102
RTVSPost2010PropOp36
  70
1
  102
RTVSPost2010Prop37
  90
50
  102
RTVSPost2010PropOp37
  70
1
  102
RTVSPost2010Prop38
  140
0
  102
RTVSPost2010PropOp38
  70
1
  102
RTVSPost2010Prop39
  140
1
  102
RTVSPost2010PropOp39
  70
1
  102
RTVSPost2010Prop40
  90
0
  102
RTVSPost2010PropOp40
  70
1
  102
RTVSPost2010Prop41ColorIndex
  90
18
  102
RTVSPost2010Prop41ColorRGB
  90
0
  102
RTVSPost2010PropOp41
  70
1
  102
RTVSPost2010Prop42
  90
50
  102
RTVSPost2010PropOp42
  70
1
  102
RTVSPost2010Prop43
  90
3
  102
RTVSPost2010PropOp43
  70
1
  102
RTVSPost2010Prop44ColorIndex
  90
5
  102
RTVSPost2010Prop44ColorRGB
  90
255
  102
RTVSPost2010PropOp44
  70
1
  102
RTVSPost2010Prop45
  280
0
  102
RTVSPost2010PropOp45
  70
1
  102
RTVSPost2010Prop46
  90
50
  102
RTVSPost2010PropOp46
  70
1
  102
RTVSPost2010Prop47
  90
50
  102
RTVSPost2010PropOp47
  70
1
  102
RTVSPost2010Prop48
  90
50
  102
RTVSPost2010PropOp48
  70
1
  102
RTVSPost2010Prop49
  280
0
  102
RTVSPost2010PropOp49
  70
1
  102
RTVSPost2010Prop50
  90
50
  102
RTVSPost2010PropOp50
  70
1
  102
RTVSPost2010Prop51ColorIndex
  90
256
  102
RTVSPost2010Prop51ColorRGB
  90
-16777216
  102
RTVSPost2010PropOp51
  70
0
  102
RTVSPost2010Prop52
  140
1
  102
RTVSPost2010PropOp52
  70
0
  102
RTVSPost2010Prop53
  90
2
  102
RTVSPost2010PropOp53
  70
1
  102
RTVSPost2010Prop54
  1
strokes_ogs.tif
  102
RTVSPost2010PropOp54
  70
1
  102
RTVSPost2010Prop55
  280
0
  102
RTVSPost2010PropOp55
  70
1
  102
RTVSPost2010Prop56
  140
1
  102
RTVSPost2010PropOp56
  70
1
  102
RTVSPost2010Prop57
  140
1
  102
RTVSPost2010PropOp57
  70
1
  102
RTVSPropertyOp0
  70
1
  102
RTVSPropertyOp1
  70
1
  102
RTVSPropertyOp2
  70
1
  102
RTVSPropertyOp3
  70
1
  102
RTVSPropertyOp4
  70
1
  102
RTVSPropertyOp5
  70
1
  102
RTVSPropertyOp6
  70
1
  102
RTVSPropertyOp7
  70
1
  102
RTVSPropertyOp8
  70
1
  102
RTVSPropertyOp9
  70
1
  102
RTVSPropertyOp10
  70
1
  102
RTVSPropertyOp11
  70
1
  102
RTVSPropertyOp12
  70
1
  102
RTVSPropertyOp13
  70
1
  102
RTVSPropertyOp14
  70
1
  102
RTVSPropertyOp15
  70
1
  102
RTVSPropertyOp16
  70
1
  102
RTVSPropertyOp17
  70
1
  102
RTVSPropertyOp18
  70
1
  102
RTVSPropertyOp19
  70
1
  102
RTVSPropertyOp20
  70
1
  102
RTVSPropertyOp21
  70
1
  102
RTVSPropertyOp22
  70
1
  102
RTVSPropertyOp23
  70
1
  102
RTVSPropertyOp24
  70
1
  102
RTVSPropertyOp25
  70
1
  102
RTVSPropertyOp26
  70
1
  102
RTVSPropertyOp27
  70
1
  102
RTVSPropertyOp28
  70
1
  102
RTVSPropertyOp29
  70
1
  102
RTVSPropertyOp30
  70
1
  102
RTVSPropertyOp31
  70
1
  102
RTVSPropertyOp32
  70
1
  102
RTVSPropertyOp33
  70
1
  102
RTVSPropertyOp34
  70
1
  102
RTVSPropertyOp35
  70
1
  102
RTVSPropertyOp36
  70
1
  102
RTVSPropertyOp37
  70
1
  102
RTVSPropertyOp38
  70
1
  102
RTVSPropertyOp39
  70
1
  102
RTVSPropertyOp40
  70
1
  102
RTVSPropertyOp41
  70
1
  102
RTVSPropertyOp42
  70
1
  102
RTVSPropertyOp43
  70
1
  102
RTVSPropertyOp44
  70
1
  102
RTVSPropertyOp45
  70
1
  102
RTVSPropertyOp46
  70
1
  102
RTVSPropertyOp47
  70
1
  102
RTVSPropertyOp48
  70
1
  102
RTVSPropertyOp49
  70
1
  102
RTVSPropertyOp50
  70
1
  102
RTVSPropertyOp51
  70
0
  102
RTVSPropertyOp52
  70
0
  102
RTVSPropertyOp53
  70
1
  102
RTVSPropertyOp54
  70
1
  102
RTVSPropertyOp55
  70
1
  102
RTVSPropertyOp56
  70
1
  102
RTVSPropertyOp57
  70
1
  102
RTVSPropertyOp58
  70
1
  102
RTVSPropertyOp59
  70
1
  102
RTVSPropertyOp60
  70
1
  102
RTVSPropertyOp61
  70
1
  102
RTVSPropertyOp62
  70
1
  0
XRECORD
  5
31F
  102
{ACAD_REACTORS
  330
31E
  102
}
  330
31E
  100
AcDbXrecord
  280
1
  102
RTVSPost2010Prop28
  280
0
  102
RTVSPost2010PropOp28
  70
1
  102
RTVSPost2010Prop29
  280
1
  102
RTVSPost2010PropOp29
  70
1
  102
RTVSPost2010Prop30
  280
1
  102
RTVSPost2010PropOp30
  70
1
  102
RTVSPost2010Prop31
  280
0
  102
RTVSPost2010PropOp31
  70
1
  102
RTVSPost2010Prop32
  280
0
  102
RTVSPost2010PropOp32
  70
1
  102
RTVSPost2010Prop33
  280
0
  102
RTVSPost2010PropOp33
  70
1
  102
RTVSPost2010Prop34
  280
0
  102
RTVSPost2010PropOp34
  70
1
  102
RTVSPost2010Prop35
  280
0
  102
RTVSPost2010PropOp35
  70
1
  102
RTVSPost2010Prop36
  280
0
  102
RTVSPost2010PropOp36
  70
1
  102
RTVSPost2010Prop37
  90
50
  102
RTVSPost2010PropOp37
  70
1
  102
RTVSPost2010Prop38
  140
0
  102
RTVSPost2010PropOp38
  70
1
  102
RTVSPost2010Prop39
  140
1
  102
RTVSPost2010PropOp39
  70
1
  102
RTVSPost2010Prop40
  90
0
  102
RTVSPost2010PropOp40
  70
1
  102
RTVSPost2010Prop41ColorIndex
  90
18
  102
RTVSPost2010Prop41ColorRGB
  90
0
  102
RTVSPost2010PropOp41
  70
1
  102
RTVSPost2010Prop42
  90
50
  102
RTVSPost2010PropOp42
  70
1
  102
RTVSPost2010Prop43
  90
3
  102
RTVSPost2010PropOp43
  70
1
  102
RTVSPost2010Prop44ColorIndex
  90
5
  102
RTVSPost2010Prop44ColorRGB
  90
255
  102
RTVSPost2010PropOp44
  70
1
  102
RTVSPost2010Prop45
  280
0
  102
RTVSPost2010PropOp45
  70
1
  102
RTVSPost2010Prop46
  90
50
  102
RTVSPost2010PropOp46
  70
1
  102
RTVSPost2010Prop47
  90
50
  102
RTVSPost2010PropOp47
  70
1
  102
RTVSPost2010Prop48
  90
50
  102
RTVSPost2010PropOp48
  70
1
  102
RTVSPost2010Prop49
  280
0
  102
RTVSPost2010PropOp49
  70
1
  102
RTVSPost2010Prop50
  90
50
  102
RTVSPost2010PropOp50
  70
1
  102
RTVSPost2010Prop51ColorIndex
  90
256
  102
RTVSPost2010Prop51ColorRGB
  90
-16777216
  102
RTVSPost2010PropOp51
  70
0
  102
RTVSPost2010Prop52
  140
1
  102
RTVSPost2010PropOp52
  70
0
  102
RTVSPost2010Prop53
  90
2
  102
RTVSPost2010PropOp53
  70
1
  102
RTVSPost2010Prop54
  1
strokes_ogs.tif
  102
RTVSPost2010PropOp54
  70
1
  102
RTVSPost2010Prop55
  280
0
  102
RTVSPost2010PropOp55
  70
1
  102
RTVSPost2010Prop56
  140
1
  102
RTVSPost2010PropOp56
  70
1
  102
RTVSPost2010Prop57
  140
1
  102
RTVSPost2010PropOp57
  70
1
  102
RTVSPropertyOp0
  70
1
  102
RTVSPropertyOp1
  70
1
  102
RTVSPropertyOp2
  70
1
  102
RTVSPropertyOp3
  70
1
  102
RTVSPropertyOp4
  70
1
  102
RTVSPropertyOp5
  70
1
  102
RTVSPropertyOp6
  70
1
  102
RTVSPropertyOp7
  70
1
  102
RTVSPropertyOp8
  70
1
  102
RTVSPropertyOp9
  70
1
  102
RTVSPropertyOp10
  70
1
  102
RTVSPropertyOp11
  70
1
  102
RTVSPropertyOp12
  70
1
  102
RTVSPropertyOp13
  70
1
  102
RTVSPropertyOp14
  70
1
  102
RTVSPropertyOp15
  70
1
  102
RTVSPropertyOp16
  70
1
  102
RTVSPropertyOp17
  70
1
  102
RTVSPropertyOp18
  70
1
  102
RTVSPropertyOp19
  70
1
  102
RTVSPropertyOp20
  70
1
  102
RTVSPropertyOp21
  70
1
  102
RTVSPropertyOp22
  70
1
  102
RTVSPropertyOp23
  70
1
  102
RTVSPropertyOp24
  70
1
  102
RTVSPropertyOp25
  70
1
  102
RTVSPropertyOp26
  70
1
  102
RTVSPropertyOp27
  70
1
  102
RTVSPropertyOp28
  70
1
  102
RTVSPropertyOp29
  70
1
  102
RTVSPropertyOp30
  70
1
  102
RTVSPropertyOp31
  70
1
  102
RTVSPropertyOp32
  70
1
  102
RTVSPropertyOp33
  70
1
  102
RTVSPropertyOp34
  70
1
  102
RTVSPropertyOp35
  70
1
  102
RTVSPropertyOp36
  70
1
  102
RTVSPropertyOp37
  70
1
  102
RTVSPropertyOp38
  70
1
  102
RTVSPropertyOp39
  70
1
  102
RTVSPropertyOp40
  70
1
  102
RTVSPropertyOp41
  70
1
  102
RTVSPropertyOp42
  70
1
  102
RTVSPropertyOp43
  70
1
  102
RTVSPropertyOp44
  70
1
  102
RTVSPropertyOp45
  70
1
  102
RTVSPropertyOp46
  70
1
  102
RTVSPropertyOp47
  70
1
  102
RTVSPropertyOp48
  70
1
  102
RTVSPropertyOp49
  70
1
  102
RTVSPropertyOp50
  70
1
  102
RTVSPropertyOp51
  70
0
  102
RTVSPropertyOp52
  70
0
  102
RTVSPropertyOp53
  70
1
  102
RTVSPropertyOp54
  70
1
  102
RTVSPropertyOp55
  70
1
  102
RTVSPropertyOp56
  70
1
  102
RTVSPropertyOp57
  70
1
  102
RTVSPropertyOp58
  70
1
  102
RTVSPropertyOp59
  70
1
  102
RTVSPropertyOp60
  70
1
  102
RTVSPropertyOp61
  70
1
  102
RTVSPropertyOp62
  70
1
  0
XRECORD
  5
32F
  102
{ACAD_REACTORS
  330
32E
  102
}
  330
32E
  100
AcDbXrecord
  280
1
  102
RTVSPost2010Prop28
  280
0
  102
RTVSPost2010PropOp28
  70
1
  102
RTVSPost2010Prop29
  280
1
  102
RTVSPost2010PropOp29
  70
1
  102
RTVSPost2010Prop30
  280
1
  102
RTVSPost2010PropOp30
  70
1
  102
RTVSPost2010Prop31
  280
0
  102
RTVSPost2010PropOp31
  70
1
  102
RTVSPost2010Prop32
  280
0
  102
RTVSPost2010PropOp32
  70
1
  102
RTVSPost2010Prop33
  280
0
  102
RTVSPost2010PropOp33
  70
1
  102
RTVSPost2010Prop34
  280
0
  102
RTVSPost2010PropOp34
  70
1
  102
RTVSPost2010Prop35
  280
0
  102
RTVSPost2010PropOp35
  70
1
  102
RTVSPost2010Prop36
  280
0
  102
RTVSPost2010PropOp36
  70
1
  102
RTVSPost2010Prop37
  90
50
  102
RTVSPost2010PropOp37
  70
1
  102
RTVSPost2010Prop38
  140
0
  102
RTVSPost2010PropOp38
  70
1
  102
RTVSPost2010Prop39
  140
1
  102
RTVSPost2010PropOp39
  70
1
  102
RTVSPost2010Prop40
  90
0
  102
RTVSPost2010PropOp40
  70
1
  102
RTVSPost2010Prop41ColorIndex
  90
18
  102
RTVSPost2010Prop41ColorRGB
  90
0
  102
RTVSPost2010PropOp41
  70
1
  102
RTVSPost2010Prop42
  90
50
  102
RTVSPost2010PropOp42
  70
1
  102
RTVSPost2010Prop43
  90
3
  102
RTVSPost2010PropOp43
  70
1
  102
RTVSPost2010Prop44ColorIndex
  90
5
  102
RTVSPost2010Prop44ColorRGB
  90
255
  102
RTVSPost2010PropOp44
  70
1
  102
RTVSPost2010Prop45
  280
0
  102
RTVSPost2010PropOp45
  70
1
  102
RTVSPost2010Prop46
  90
50
  102
RTVSPost2010PropOp46
  70
1
  102
RTVSPost2010Prop47
  90
50
  102
RTVSPost2010PropOp47
  70
1
  102
RTVSPost2010Prop48
  90
50
  102
RTVSPost2010PropOp48
  70
1
  102
RTVSPost2010Prop49
  280
0
  102
RTVSPost2010PropOp49
  70
1
  102
RTVSPost2010Prop50
  90
50
  102
RTVSPost2010PropOp50
  70
1
  102
RTVSPost2010Prop51ColorIndex
  90
256
  102
RTVSPost2010Prop51ColorRGB
  90
-16777216
  102
RTVSPost2010PropOp51
  70
0
  102
RTVSPost2010Prop52
  140
1
  102
RTVSPost2010PropOp52
  70
0
  102
RTVSPost2010Prop53
  90
2
  102
RTVSPost2010PropOp53
  70
1
  102
RTVSPost2010Prop54
  1
strokes_ogs.tif
  102
RTVSPost2010PropOp54
  70
1
  102
RTVSPost2010Prop55
  280
0
  102
RTVSPost2010PropOp55
  70
1
  102
RTVSPost2010Prop56
  140
1
  102
RTVSPost2010PropOp56
  70
1
  102
RTVSPost2010Prop57
  140
1
  102
RTVSPost2010PropOp57
  70
1
  102
RTVSPropertyOp0
  70
0
  102
RTVSPropertyOp1
  70
0
  102
RTVSPropertyOp2
  70
0
  102
RTVSPropertyOp3
  70
0
  102
RTVSPropertyOp4
  70
0
  102
RTVSPropertyOp5
  70
0
  102
RTVSPropertyOp6
  70
0
  102
RTVSPropertyOp7
  70
0
  102
RTVSPropertyOp8
  70
0
  102
RTVSPropertyOp9
  70
0
  102
RTVSPropertyOp10
  70
0
  102
RTVSPropertyOp11
  70
0
  102
RTVSPropertyOp12
  70
0
  102
RTVSPropertyOp13
  70
0
  102
RTVSPropertyOp14
  70
2
  102
RTVSPropertyOp15
  70
0
  102
RTVSPropertyOp16
  70
0
  102
RTVSPropertyOp17
  70
0
  102
RTVSPropertyOp18
  70
0
  102
RTVSPropertyOp19
  70
0
  102
RTVSPropertyOp20
  70
0
  102
RTVSPropertyOp21
  70
0
  102
RTVSPropertyOp22
  70
0
  102
RTVSPropertyOp23
  70
0
  102
RTVSPropertyOp24
  70
0
  102
RTVSPropertyOp25
  70
0
  102
RTVSPropertyOp26
  70
0
  102
RTVSPropertyOp27
  70
0
  102
RTVSPropertyOp28
  70
1
  102
RTVSPropertyOp29
  70
1
  102
RTVSPropertyOp30
  70
1
  102
RTVSPropertyOp31
  70
1
  102
RTVSPropertyOp32
  70
1
  102
RTVSPropertyOp33
  70
1
  102
RTVSPropertyOp34
  70
1
  102
RTVSPropertyOp35
  70
1
  102
RTVSPropertyOp36
  70
1
  102
RTVSPropertyOp37
  70
1
  102
RTVSPropertyOp38
  70
1
  102
RTVSPropertyOp39
  70
1
  102
RTVSPropertyOp40
  70
1
  102
RTVSPropertyOp41
  70
1
  102
RTVSPropertyOp42
  70
1
  102
RTVSPropertyOp43
  70
1
  102
RTVSPropertyOp44
  70
1
  102
RTVSPropertyOp45
  70
1
  102
RTVSPropertyOp46
  70
1
  102
RTVSPropertyOp47
  70
1
  102
RTVSPropertyOp48
  70
1
  102
RTVSPropertyOp49
  70
1
  102
RTVSPropertyOp50
  70
1
  102
RTVSPropertyOp51
  70
0
  102
RTVSPropertyOp52
  70
0
  102
RTVSPropertyOp53
  70
1
  102
RTVSPropertyOp54
  70
1
  102
RTVSPropertyOp55
  70
1
  102
RTVSPropertyOp56
  70
1
  102
RTVSPropertyOp57
  70
1
  102
RTVSPropertyOp58
  70
1
  102
RTVSPropertyOp59
  70
1
  102
RTVSPropertyOp60
  70
1
  102
RTVSPropertyOp61
  70
1
  102
RTVSPropertyOp62
  70
1
  0
XRECORD
  5
327
  102
{ACAD_REACTORS
  330
326
  102
}
  330
326
  100
AcDbXrecord
  280
1
  102
RTVSPost2010Prop28
  280
0
  102
RTVSPost2010PropOp28
  70
1
  102
RTVSPost2010Prop29
  280
1
  102
RTVSPost2010PropOp29
  70
1
  102
RTVSPost2010Prop30
  280
1
  102
RTVSPost2010PropOp30
  70
1
  102
RTVSPost2010Prop31
  280
0
  102
RTVSPost2010PropOp31
  70
1
  102
RTVSPost2010Prop32
  280
0
  102
RTVSPost2010PropOp32
  70
1
  102
RTVSPost2010Prop33
  280
0
  102
RTVSPost2010PropOp33
  70
1
  102
RTVSPost2010Prop34
  280
0
  102
RTVSPost2010PropOp34
  70
1
  102
RTVSPost2010Prop35
  280
0
  102
RTVSPost2010PropOp35
  70
1
  102
RTVSPost2010Prop36
  280
0
  102
RTVSPost2010PropOp36
  70
1
  102
RTVSPost2010Prop37
  90
50
  102
RTVSPost2010PropOp37
  70
1
  102
RTVSPost2010Prop38
  140
0
  102
RTVSPost2010PropOp38
  70
1
  102
RTVSPost2010Prop39
  140
1
  102
RTVSPost2010PropOp39
  70
1
  102
RTVSPost2010Prop40
  90
0
  102
RTVSPost2010PropOp40
  70
1
  102
RTVSPost2010Prop41ColorIndex
  90
18
  102
RTVSPost2010Prop41ColorRGB
  90
0
  102
RTVSPost2010PropOp41
  70
1
  102
RTVSPost2010Prop42
  90
50
  102
RTVSPost2010PropOp42
  70
1
  102
RTVSPost2010Prop43
  90
3
  102
RTVSPost2010PropOp43
  70
1
  102
RTVSPost2010Prop44ColorIndex
  90
5
  102
RTVSPost2010Prop44ColorRGB
  90
255
  102
RTVSPost2010PropOp44
  70
1
  102
RTVSPost2010Prop45
  280
0
  102
RTVSPost2010PropOp45
  70
1
  102
RTVSPost2010Prop46
  90
50
  102
RTVSPost2010PropOp46
  70
1
  102
RTVSPost2010Prop47
  90
50
  102
RTVSPost2010PropOp47
  70
1
  102
RTVSPost2010Prop48
  90
50
  102
RTVSPost2010PropOp48
  70
1
  102
RTVSPost2010Prop49
  280
0
  102
RTVSPost2010PropOp49
  70
1
  102
RTVSPost2010Prop50
  90
50
  102
RTVSPost2010PropOp50
  70
1
  102
RTVSPost2010Prop51ColorIndex
  90
256
  102
RTVSPost2010Prop51ColorRGB
  90
-16777216
  102
RTVSPost2010PropOp51
  70
0
  102
RTVSPost2010Prop52
  140
1
  102
RTVSPost2010PropOp52
  70
0
  102
RTVSPost2010Prop53
  90
2
  102
RTVSPost2010PropOp53
  70
1
  102
RTVSPost2010Prop54
  1
strokes_ogs.tif
  102
RTVSPost2010PropOp54
  70
1
  102
RTVSPost2010Prop55
  280
0
  102
RTVSPost2010PropOp55
  70
1
  102
RTVSPost2010Prop56
  140
1
  102
RTVSPost2010PropOp56
  70
1
  102
RTVSPost2010Prop57
  140
1
  102
RTVSPost2010PropOp57
  70
1
  102
RTVSPropertyOp0
  70
1
  102
RTVSPropertyOp1
  70
1
  102
RTVSPropertyOp2
  70
1
  102
RTVSPropertyOp3
  70
1
  102
RTVSPropertyOp4
  70
1
  102
RTVSPropertyOp5
  70
1
  102
RTVSPropertyOp6
  70
1
  102
RTVSPropertyOp7
  70
1
  102
RTVSPropertyOp8
  70
1
  102
RTVSPropertyOp9
  70
1
  102
RTVSPropertyOp10
  70
1
  102
RTVSPropertyOp11
  70
1
  102
RTVSPropertyOp12
  70
1
  102
RTVSPropertyOp13
  70
1
  102
RTVSPropertyOp14
  70
1
  102
RTVSPropertyOp15
  70
1
  102
RTVSPropertyOp16
  70
1
  102
RTVSPropertyOp17
  70
1
  102
RTVSPropertyOp18
  70
1
  102
RTVSPropertyOp19
  70
1
  102
RTVSPropertyOp20
  70
1
  102
RTVSPropertyOp21
  70
1
  102
RTVSPropertyOp22
  70
1
  102
RTVSPropertyOp23
  70
1
  102
RTVSPropertyOp24
  70
1
  102
RTVSPropertyOp25
  70
1
  102
RTVSPropertyOp26
  70
1
  102
RTVSPropertyOp27
  70
1
  102
RTVSPropertyOp28
  70
1
  102
RTVSPropertyOp29
  70
1
  102
RTVSPropertyOp30
  70
1
  102
RTVSPropertyOp31
  70
1
  102
RTVSPropertyOp32
  70
1
  102
RTVSPropertyOp33
  70
1
  102
RTVSPropertyOp34
  70
1
  102
RTVSPropertyOp35
  70
1
  102
RTVSPropertyOp36
  70
1
  102
RTVSPropertyOp37
  70
1
  102
RTVSPropertyOp38
  70
1
  102
RTVSPropertyOp39
  70
1
  102
RTVSPropertyOp40
  70
1
  102
RTVSPropertyOp41
  70
1
  102
RTVSPropertyOp42
  70
1
  102
RTVSPropertyOp43
  70
1
  102
RTVSPropertyOp44
  70
1
  102
RTVSPropertyOp45
  70
1
  102
RTVSPropertyOp46
  70
1
  102
RTVSPropertyOp47
  70
1
  102
RTVSPropertyOp48
  70
1
  102
RTVSPropertyOp49
  70
1
  102
RTVSPropertyOp50
  70
1
  102
RTVSPropertyOp51
  70
0
  102
RTVSPropertyOp52
  70
0
  102
RTVSPropertyOp53
  70
1
  102
RTVSPropertyOp54
  70
1
  102
RTVSPropertyOp55
  70
1
  102
RTVSPropertyOp56
  70
1
  102
RTVSPropertyOp57
  70
1
  102
RTVSPropertyOp58
  70
1
  102
RTVSPropertyOp59
  70
1
  102
RTVSPropertyOp60
  70
1
  102
RTVSPropertyOp61
  70
1
  102
RTVSPropertyOp62
  70
1
  0
XRECORD
  5
30B
  102
{ACAD_REACTORS
  330
30A
  102
}
  330
30A
  100
AcDbXrecord
  280
1
  102
RTVSPost2010Prop28
  280
0
  102
RTVSPost2010PropOp28
  70
1
  102
RTVSPost2010Prop29
  280
1
  102
RTVSPost2010PropOp29
  70
1
  102
RTVSPost2010Prop30
  280
1
  102
RTVSPost2010PropOp30
  70
1
  102
RTVSPost2010Prop31
  280
0
  102
RTVSPost2010PropOp31
  70
1
  102
RTVSPost2010Prop32
  280
0
  102
RTVSPost2010PropOp32
  70
1
  102
RTVSPost2010Prop33
  280
0
  102
RTVSPost2010PropOp33
  70
1
  102
RTVSPost2010Prop34
  280
0
  102
RTVSPost2010PropOp34
  70
1
  102
RTVSPost2010Prop35
  280
0
  102
RTVSPost2010PropOp35
  70
1
  102
RTVSPost2010Prop36
  280
0
  102
RTVSPost2010PropOp36
  70
1
  102
RTVSPost2010Prop37
  90
50
  102
RTVSPost2010PropOp37
  70
1
  102
RTVSPost2010Prop38
  140
0
  102
RTVSPost2010PropOp38
  70
1
  102
RTVSPost2010Prop39
  140
1
  102
RTVSPost2010PropOp39
  70
1
  102
RTVSPost2010Prop40
  90
0
  102
RTVSPost2010PropOp40
  70
1
  102
RTVSPost2010Prop41ColorIndex
  90
18
  102
RTVSPost2010Prop41ColorRGB
  90
0
  102
RTVSPost2010PropOp41
  70
1
  102
RTVSPost2010Prop42
  90
50
  102
RTVSPost2010PropOp42
  70
1
  102
RTVSPost2010Prop43
  90
3
  102
RTVSPost2010PropOp43
  70
1
  102
RTVSPost2010Prop44ColorIndex
  90
5
  102
RTVSPost2010Prop44ColorRGB
  90
255
  102
RTVSPost2010PropOp44
  70
1
  102
RTVSPost2010Prop45
  280
0
  102
RTVSPost2010PropOp45
  70
1
  102
RTVSPost2010Prop46
  90
50
  102
RTVSPost2010PropOp46
  70
1
  102
RTVSPost2010Prop47
  90
50
  102
RTVSPost2010PropOp47
  70
1
  102
RTVSPost2010Prop48
  90
50
  102
RTVSPost2010PropOp48
  70
1
  102
RTVSPost2010Prop49
  280
0
  102
RTVSPost2010PropOp49
  70
1
  102
RTVSPost2010Prop50
  90
50
  102
RTVSPost2010PropOp50
  70
1
  102
RTVSPost2010Prop51ColorIndex
  90
256
  102
RTVSPost2010Prop51ColorRGB
  90
-16777216
  102
RTVSPost2010PropOp51
  70
0
  102
RTVSPost2010Prop52
  140
1
  102
RTVSPost2010PropOp52
  70
0
  102
RTVSPost2010Prop53
  90
2
  102
RTVSPost2010PropOp53
  70
1
  102
RTVSPost2010Prop54
  1
strokes_ogs.tif
  102
RTVSPost2010PropOp54
  70
1
  102
RTVSPost2010Prop55
  280
0
  102
RTVSPost2010PropOp55
  70
1
  102
RTVSPost2010Prop56
  140
1
  102
RTVSPost2010PropOp56
  70
1
  102
RTVSPost2010Prop57
  140
1
  102
RTVSPost2010PropOp57
  70
1
  102
RTVSPropertyOp0
  70
1
  102
RTVSPropertyOp1
  70
1
  102
RTVSPropertyOp2
  70
1
  102
RTVSPropertyOp3
  70
1
  102
RTVSPropertyOp4
  70
1
  102
RTVSPropertyOp5
  70
1
  102
RTVSPropertyOp6
  70
1
  102
RTVSPropertyOp7
  70
1
  102
RTVSPropertyOp8
  70
1
  102
RTVSPropertyOp9
  70
1
  102
RTVSPropertyOp10
  70
1
  102
RTVSPropertyOp11
  70
1
  102
RTVSPropertyOp12
  70
1
  102
RTVSPropertyOp13
  70
1
  102
RTVSPropertyOp14
  70
1
  102
RTVSPropertyOp15
  70
1
  102
RTVSPropertyOp16
  70
1
  102
RTVSPropertyOp17
  70
1
  102
RTVSPropertyOp18
  70
1
  102
RTVSPropertyOp19
  70
1
  102
RTVSPropertyOp20
  70
1
  102
RTVSPropertyOp21
  70
1
  102
RTVSPropertyOp22
  70
1
  102
RTVSPropertyOp23
  70
1
  102
RTVSPropertyOp24
  70
1
  102
RTVSPropertyOp25
  70
1
  102
RTVSPropertyOp26
  70
1
  102
RTVSPropertyOp27
  70
1
  102
RTVSPropertyOp28
  70
1
  102
RTVSPropertyOp29
  70
1
  102
RTVSPropertyOp30
  70
1
  102
RTVSPropertyOp31
  70
1
  102
RTVSPropertyOp32
  70
1
  102
RTVSPropertyOp33
  70
1
  102
RTVSPropertyOp34
  70
1
  102
RTVSPropertyOp35
  70
1
  102
RTVSPropertyOp36
  70
1
  102
RTVSPropertyOp37
  70
1
  102
RTVSPropertyOp38
  70
1
  102
RTVSPropertyOp39
  70
1
  102
RTVSPropertyOp40
  70
1
  102
RTVSPropertyOp41
  70
1
  102
RTVSPropertyOp42
  70
1
  102
RTVSPropertyOp43
  70
1
  102
RTVSPropertyOp44
  70
1
  102
RTVSPropertyOp45
  70
1
  102
RTVSPropertyOp46
  70
1
  102
RTVSPropertyOp47
  70
1
  102
RTVSPropertyOp48
  70
1
  102
RTVSPropertyOp49
  70
1
  102
RTVSPropertyOp50
  70
1
  102
RTVSPropertyOp51
  70
0
  102
RTVSPropertyOp52
  70
0
  102
RTVSPropertyOp53
  70
1
  102
RTVSPropertyOp54
  70
1
  102
RTVSPropertyOp55
  70
1
  102
RTVSPropertyOp56
  70
1
  102
RTVSPropertyOp57
  70
1
  102
RTVSPropertyOp58
  70
1
  102
RTVSPropertyOp59
  70
1
  102
RTVSPropertyOp60
  70
1
  102
RTVSPropertyOp61
  70
1
  102
RTVSPropertyOp62
  70
1
  0
XRECORD
  5
30D
  102
{ACAD_REACTORS
  330
30C
  102
}
  330
30C
  100
AcDbXrecord
  280
1
  102
RTVSPost2010Prop28
  280
0
  102
RTVSPost2010PropOp28
  70
1
  102
RTVSPost2010Prop29
  280
1
  102
RTVSPost2010PropOp29
  70
1
  102
RTVSPost2010Prop30
  280
1
  102
RTVSPost2010PropOp30
  70
1
  102
RTVSPost2010Prop31
  280
0
  102
RTVSPost2010PropOp31
  70
1
  102
RTVSPost2010Prop32
  280
0
  102
RTVSPost2010PropOp32
  70
1
  102
RTVSPost2010Prop33
  280
0
  102
RTVSPost2010PropOp33
  70
1
  102
RTVSPost2010Prop34
  280
0
  102
RTVSPost2010PropOp34
  70
1
  102
RTVSPost2010Prop35
  280
0
  102
RTVSPost2010PropOp35
  70
1
  102
RTVSPost2010Prop36
  280
0
  102
RTVSPost2010PropOp36
  70
1
  102
RTVSPost2010Prop37
  90
50
  102
RTVSPost2010PropOp37
  70
1
  102
RTVSPost2010Prop38
  140
0
  102
RTVSPost2010PropOp38
  70
1
  102
RTVSPost2010Prop39
  140
1
  102
RTVSPost2010PropOp39
  70
1
  102
RTVSPost2010Prop40
  90
0
  102
RTVSPost2010PropOp40
  70
1
  102
RTVSPost2010Prop41ColorIndex
  90
18
  102
RTVSPost2010Prop41ColorRGB
  90
0
  102
RTVSPost2010PropOp41
  70
1
  102
RTVSPost2010Prop42
  90
50
  102
RTVSPost2010PropOp42
  70
1
  102
RTVSPost2010Prop43
  90
3
  102
RTVSPost2010PropOp43
  70
1
  102
RTVSPost2010Prop44ColorIndex
  90
5
  102
RTVSPost2010Prop44ColorRGB
  90
255
  102
RTVSPost2010PropOp44
  70
1
  102
RTVSPost2010Prop45
  280
0
  102
RTVSPost2010PropOp45
  70
1
  102
RTVSPost2010Prop46
  90
50
  102
RTVSPost2010PropOp46
  70
1
  102
RTVSPost2010Prop47
  90
50
  102
RTVSPost2010PropOp47
  70
1
  102
RTVSPost2010Prop48
  90
50
  102
RTVSPost2010PropOp48
  70
1
  102
RTVSPost2010Prop49
  280
0
  102
RTVSPost2010PropOp49
  70
1
  102
RTVSPost2010Prop50
  90
50
  102
RTVSPost2010PropOp50
  70
1
  102
RTVSPost2010Prop51ColorIndex
  90
256
  102
RTVSPost2010Prop51ColorRGB
  90
-16777216
  102
RTVSPost2010PropOp51
  70
0
  102
RTVSPost2010Prop52
  140
1
  102
RTVSPost2010PropOp52
  70
0
  102
RTVSPost2010Prop53
  90
2
  102
RTVSPost2010PropOp53
  70
1
  102
RTVSPost2010Prop54
  1
strokes_ogs.tif
  102
RTVSPost2010PropOp54
  70
1
  102
RTVSPost2010Prop55
  280
0
  102
RTVSPost2010PropOp55
  70
1
  102
RTVSPost2010Prop56
  140
1
  102
RTVSPost2010PropOp56
  70
1
  102
RTVSPost2010Prop57
  140
1
  102
RTVSPost2010PropOp57
  70
1
  102
RTVSPropertyOp0
  70
1
  102
RTVSPropertyOp1
  70
1
  102
RTVSPropertyOp2
  70
1
  102
RTVSPropertyOp3
  70
1
  102
RTVSPropertyOp4
  70
1
  102
RTVSPropertyOp5
  70
1
  102
RTVSPropertyOp6
  70
1
  102
RTVSPropertyOp7
  70
1
  102
RTVSPropertyOp8
  70
1
  102
RTVSPropertyOp9
  70
1
  102
RTVSPropertyOp10
  70
1
  102
RTVSPropertyOp11
  70
1
  102
RTVSPropertyOp12
  70
1
  102
RTVSPropertyOp13
  70
1
  102
RTVSPropertyOp14
  70
1
  102
RTVSPropertyOp15
  70
1
  102
RTVSPropertyOp16
  70
1
  102
RTVSPropertyOp17
  70
1
  102
RTVSPropertyOp18
  70
1
  102
RTVSPropertyOp19
  70
1
  102
RTVSPropertyOp20
  70
1
  102
RTVSPropertyOp21
  70
1
  102
RTVSPropertyOp22
  70
1
  102
RTVSPropertyOp23
  70
1
  102
RTVSPropertyOp24
  70
1
  102
RTVSPropertyOp25
  70
1
  102
RTVSPropertyOp26
  70
1
  102
RTVSPropertyOp27
  70
1
  102
RTVSPropertyOp28
  70
1
  102
RTVSPropertyOp29
  70
1
  102
RTVSPropertyOp30
  70
1
  102
RTVSPropertyOp31
  70
1
  102
RTVSPropertyOp32
  70
1
  102
RTVSPropertyOp33
  70
1
  102
RTVSPropertyOp34
  70
1
  102
RTVSPropertyOp35
  70
1
  102
RTVSPropertyOp36
  70
1
  102
RTVSPropertyOp37
  70
1
  102
RTVSPropertyOp38
  70
1
  102
RTVSPropertyOp39
  70
1
  102
RTVSPropertyOp40
  70
1
  102
RTVSPropertyOp41
  70
1
  102
RTVSPropertyOp42
  70
1
  102
RTVSPropertyOp43
  70
1
  102
RTVSPropertyOp44
  70
1
  102
RTVSPropertyOp45
  70
1
  102
RTVSPropertyOp46
  70
1
  102
RTVSPropertyOp47
  70
1
  102
RTVSPropertyOp48
  70
1
  102
RTVSPropertyOp49
  70
1
  102
RTVSPropertyOp50
  70
1
  102
RTVSPropertyOp51
  70
0
  102
RTVSPropertyOp52
  70
0
  102
RTVSPropertyOp53
  70
1
  102
RTVSPropertyOp54
  70
1
  102
RTVSPropertyOp55
  70
1
  102
RTVSPropertyOp56
  70
1
  102
RTVSPropertyOp57
  70
1
  102
RTVSPropertyOp58
  70
1
  102
RTVSPropertyOp59
  70
1
  102
RTVSPropertyOp60
  70
1
  102
RTVSPropertyOp61
  70
1
  102
RTVSPropertyOp62
  70
1
  0
XRECORD
  5
30F
  102
{ACAD_REACTORS
  330
30E
  102
}
  330
30E
  100
AcDbXrecord
  280
1
  102
RTVSPost2010Prop28
  280
0
  102
RTVSPost2010PropOp28
  70
1
  102
RTVSPost2010Prop29
  280
1
  102
RTVSPost2010PropOp29
  70
1
  102
RTVSPost2010Prop30
  280
1
  102
RTVSPost2010PropOp30
  70
1
  102
RTVSPost2010Prop31
  280
0
  102
RTVSPost2010PropOp31
  70
1
  102
RTVSPost2010Prop32
  280
0
  102
RTVSPost2010PropOp32
  70
1
  102
RTVSPost2010Prop33
  280
0
  102
RTVSPost2010PropOp33
  70
1
  102
RTVSPost2010Prop34
  280
0
  102
RTVSPost2010PropOp34
  70
1
  102
RTVSPost2010Prop35
  280
0
  102
RTVSPost2010PropOp35
  70
1
  102
RTVSPost2010Prop36
  280
0
  102
RTVSPost2010PropOp36
  70
1
  102
RTVSPost2010Prop37
  90
50
  102
RTVSPost2010PropOp37
  70
1
  102
RTVSPost2010Prop38
  140
0
  102
RTVSPost2010PropOp38
  70
1
  102
RTVSPost2010Prop39
  140
1
  102
RTVSPost2010PropOp39
  70
1
  102
RTVSPost2010Prop40
  90
0
  102
RTVSPost2010PropOp40
  70
1
  102
RTVSPost2010Prop41ColorIndex
  90
18
  102
RTVSPost2010Prop41ColorRGB
  90
0
  102
RTVSPost2010PropOp41
  70
1
  102
RTVSPost2010Prop42
  90
50
  102
RTVSPost2010PropOp42
  70
1
  102
RTVSPost2010Prop43
  90
3
  102
RTVSPost2010PropOp43
  70
1
  102
RTVSPost2010Prop44ColorIndex
  90
5
  102
RTVSPost2010Prop44ColorRGB
  90
255
  102
RTVSPost2010PropOp44
  70
1
  102
RTVSPost2010Prop45
  280
0
  102
RTVSPost2010PropOp45
  70
1
  102
RTVSPost2010Prop46
  90
50
  102
RTVSPost2010PropOp46
  70
1
  102
RTVSPost2010Prop47
  90
50
  102
RTVSPost2010PropOp47
  70
1
  102
RTVSPost2010Prop48
  90
50
  102
RTVSPost2010PropOp48
  70
1
  102
RTVSPost2010Prop49
  280
0
  102
RTVSPost2010PropOp49
  70
1
  102
RTVSPost2010Prop50
  90
50
  102
RTVSPost2010PropOp50
  70
1
  102
RTVSPost2010Prop51ColorIndex
  90
256
  102
RTVSPost2010Prop51ColorRGB
  90
-16777216
  102
RTVSPost2010PropOp51
  70
0
  102
RTVSPost2010Prop52
  140
1
  102
RTVSPost2010PropOp52
  70
0
  102
RTVSPost2010Prop53
  90
2
  102
RTVSPost2010PropOp53
  70
1
  102
RTVSPost2010Prop54
  1
strokes_ogs.tif
  102
RTVSPost2010PropOp54
  70
1
  102
RTVSPost2010Prop55
  280
0
  102
RTVSPost2010PropOp55
  70
1
  102
RTVSPost2010Prop56
  140
1
  102
RTVSPost2010PropOp56
  70
1
  102
RTVSPost2010Prop57
  140
1
  102
RTVSPost2010PropOp57
  70
1
  102
RTVSPropertyOp0
  70
1
  102
RTVSPropertyOp1
  70
1
  102
RTVSPropertyOp2
  70
1
  102
RTVSPropertyOp3
  70
1
  102
RTVSPropertyOp4
  70
1
  102
RTVSPropertyOp5
  70
1
  102
RTVSPropertyOp6
  70
1
  102
RTVSPropertyOp7
  70
1
  102
RTVSPropertyOp8
  70
1
  102
RTVSPropertyOp9
  70
1
  102
RTVSPropertyOp10
  70
1
  102
RTVSPropertyOp11
  70
1
  102
RTVSPropertyOp12
  70
1
  102
RTVSPropertyOp13
  70
1
  102
RTVSPropertyOp14
  70
1
  102
RTVSPropertyOp15
  70
1
  102
RTVSPropertyOp16
  70
1
  102
RTVSPropertyOp17
  70
1
  102
RTVSPropertyOp18
  70
1
  102
RTVSPropertyOp19
  70
1
  102
RTVSPropertyOp20
  70
1
  102
RTVSPropertyOp21
  70
1
  102
RTVSPropertyOp22
  70
1
  102
RTVSPropertyOp23
  70
1
  102
RTVSPropertyOp24
  70
1
  102
RTVSPropertyOp25
  70
1
  102
RTVSPropertyOp26
  70
1
  102
RTVSPropertyOp27
  70
1
  102
RTVSPropertyOp28
  70
1
  102
RTVSPropertyOp29
  70
1
  102
RTVSPropertyOp30
  70
1
  102
RTVSPropertyOp31
  70
1
  102
RTVSPropertyOp32
  70
1
  102
RTVSPropertyOp33
  70
1
  102
RTVSPropertyOp34
  70
1
  102
RTVSPropertyOp35
  70
1
  102
RTVSPropertyOp36
  70
1
  102
RTVSPropertyOp37
  70
1
  102
RTVSPropertyOp38
  70
1
  102
RTVSPropertyOp39
  70
1
  102
RTVSPropertyOp40
  70
1
  102
RTVSPropertyOp41
  70
1
  102
RTVSPropertyOp42
  70
1
  102
RTVSPropertyOp43
  70
1
  102
RTVSPropertyOp44
  70
1
  102
RTVSPropertyOp45
  70
1
  102
RTVSPropertyOp46
  70
1
  102
RTVSPropertyOp47
  70
1
  102
RTVSPropertyOp48
  70
1
  102
RTVSPropertyOp49
  70
1
  102
RTVSPropertyOp50
  70
1
  102
RTVSPropertyOp51
  70
0
  102
RTVSPropertyOp52
  70
0
  102
RTVSPropertyOp53
  70
1
  102
RTVSPropertyOp54
  70
1
  102
RTVSPropertyOp55
  70
1
  102
RTVSPropertyOp56
  70
1
  102
RTVSPropertyOp57
  70
1
  102
RTVSPropertyOp58
  70
1
  102
RTVSPropertyOp59
  70
1
  102
RTVSPropertyOp60
  70
1
  102
RTVSPropertyOp61
  70
1
  102
RTVSPropertyOp62
  70
1
  0
XRECORD
  5
311
  102
{ACAD_REACTORS
  330
310
  102
}
  330
310
  100
AcDbXrecord
  280
1
  102
RTVSPost2010Prop28
  280
0
  102
RTVSPost2010PropOp28
  70
1
  102
RTVSPost2010Prop29
  280
1
  102
RTVSPost2010PropOp29
  70
1
  102
RTVSPost2010Prop30
  280
1
  102
RTVSPost2010PropOp30
  70
1
  102
RTVSPost2010Prop31
  280
0
  102
RTVSPost2010PropOp31
  70
1
  102
RTVSPost2010Prop32
  280
0
  102
RTVSPost2010PropOp32
  70
1
  102
RTVSPost2010Prop33
  280
0
  102
RTVSPost2010PropOp33
  70
1
  102
RTVSPost2010Prop34
  280
0
  102
RTVSPost2010PropOp34
  70
1
  102
RTVSPost2010Prop35
  280
0
  102
RTVSPost2010PropOp35
  70
1
  102
RTVSPost2010Prop36
  280
0
  102
RTVSPost2010PropOp36
  70
1
  102
RTVSPost2010Prop37
  90
50
  102
RTVSPost2010PropOp37
  70
1
  102
RTVSPost2010Prop38
  140
0
  102
RTVSPost2010PropOp38
  70
1
  102
RTVSPost2010Prop39
  140
1
  102
RTVSPost2010PropOp39
  70
1
  102
RTVSPost2010Prop40
  90
0
  102
RTVSPost2010PropOp40
  70
1
  102
RTVSPost2010Prop41ColorIndex
  90
18
  102
RTVSPost2010Prop41ColorRGB
  90
0
  102
RTVSPost2010PropOp41
  70
1
  102
RTVSPost2010Prop42
  90
50
  102
RTVSPost2010PropOp42
  70
1
  102
RTVSPost2010Prop43
  90
3
  102
RTVSPost2010PropOp43
  70
1
  102
RTVSPost2010Prop44ColorIndex
  90
5
  102
RTVSPost2010Prop44ColorRGB
  90
255
  102
RTVSPost2010PropOp44
  70
1
  102
RTVSPost2010Prop45
  280
0
  102
RTVSPost2010PropOp45
  70
1
  102
RTVSPost2010Prop46
  90
50
  102
RTVSPost2010PropOp46
  70
1
  102
RTVSPost2010Prop47
  90
50
  102
RTVSPost2010PropOp47
  70
1
  102
RTVSPost2010Prop48
  90
50
  102
RTVSPost2010PropOp48
  70
1
  102
RTVSPost2010Prop49
  280
0
  102
RTVSPost2010PropOp49
  70
1
  102
RTVSPost2010Prop50
  90
50
  102
RTVSPost2010PropOp50
  70
1
  102
RTVSPost2010Prop51ColorIndex
  90
256
  102
RTVSPost2010Prop51ColorRGB
  90
-16777216
  102
RTVSPost2010PropOp51
  70
0
  102
RTVSPost2010Prop52
  140
1
  102
RTVSPost2010PropOp52
  70
0
  102
RTVSPost2010Prop53
  90
2
  102
RTVSPost2010PropOp53
  70
1
  102
RTVSPost2010Prop54
  1
strokes_ogs.tif
  102
RTVSPost2010PropOp54
  70
1
  102
RTVSPost2010Prop55
  280
0
  102
RTVSPost2010PropOp55
  70
1
  102
RTVSPost2010Prop56
  140
1
  102
RTVSPost2010PropOp56
  70
1
  102
RTVSPost2010Prop57
  140
1
  102
RTVSPost2010PropOp57
  70
1
  102
RTVSPropertyOp0
  70
1
  102
RTVSPropertyOp1
  70
1
  102
RTVSPropertyOp2
  70
1
  102
RTVSPropertyOp3
  70
1
  102
RTVSPropertyOp4
  70
1
  102
RTVSPropertyOp5
  70
1
  102
RTVSPropertyOp6
  70
1
  102
RTVSPropertyOp7
  70
1
  102
RTVSPropertyOp8
  70
1
  102
RTVSPropertyOp9
  70
1
  102
RTVSPropertyOp10
  70
1
  102
RTVSPropertyOp11
  70
1
  102
RTVSPropertyOp12
  70
1
  102
RTVSPropertyOp13
  70
1
  102
RTVSPropertyOp14
  70
1
  102
RTVSPropertyOp15
  70
1
  102
RTVSPropertyOp16
  70
1
  102
RTVSPropertyOp17
  70
1
  102
RTVSPropertyOp18
  70
1
  102
RTVSPropertyOp19
  70
1
  102
RTVSPropertyOp20
  70
1
  102
RTVSPropertyOp21
  70
1
  102
RTVSPropertyOp22
  70
1
  102
RTVSPropertyOp23
  70
1
  102
RTVSPropertyOp24
  70
1
  102
RTVSPropertyOp25
  70
1
  102
RTVSPropertyOp26
  70
1
  102
RTVSPropertyOp27
  70
1
  102
RTVSPropertyOp28
  70
1
  102
RTVSPropertyOp29
  70
1
  102
RTVSPropertyOp30
  70
1
  102
RTVSPropertyOp31
  70
1
  102
RTVSPropertyOp32
  70
1
  102
RTVSPropertyOp33
  70
1
  102
RTVSPropertyOp34
  70
1
  102
RTVSPropertyOp35
  70
1
  102
RTVSPropertyOp36
  70
1
  102
RTVSPropertyOp37
  70
1
  102
RTVSPropertyOp38
  70
1
  102
RTVSPropertyOp39
  70
1
  102
RTVSPropertyOp40
  70
1
  102
RTVSPropertyOp41
  70
1
  102
RTVSPropertyOp42
  70
1
  102
RTVSPropertyOp43
  70
1
  102
RTVSPropertyOp44
  70
1
  102
RTVSPropertyOp45
  70
1
  102
RTVSPropertyOp46
  70
1
  102
RTVSPropertyOp47
  70
1
  102
RTVSPropertyOp48
  70
1
  102
RTVSPropertyOp49
  70
1
  102
RTVSPropertyOp50
  70
1
  102
RTVSPropertyOp51
  70
0
  102
RTVSPropertyOp52
  70
0
  102
RTVSPropertyOp53
  70
1
  102
RTVSPropertyOp54
  70
1
  102
RTVSPropertyOp55
  70
1
  102
RTVSPropertyOp56
  70
1
  102
RTVSPropertyOp57
  70
1
  102
RTVSPropertyOp58
  70
1
  102
RTVSPropertyOp59
  70
1
  102
RTVSPropertyOp60
  70
1
  102
RTVSPropertyOp61
  70
1
  102
RTVSPropertyOp62
  70
1
  0
XRECORD
  5
319
  102
{ACAD_REACTORS
  330
318
  102
}
  330
318
  100
AcDbXrecord
  280
1
  102
RTVSPost2010Prop28
  280
0
  102
RTVSPost2010PropOp28
  70
1
  102
RTVSPost2010Prop29
  280
1
  102
RTVSPost2010PropOp29
  70
1
  102
RTVSPost2010Prop30
  280
1
  102
RTVSPost2010PropOp30
  70
1
  102
RTVSPost2010Prop31
  280
0
  102
RTVSPost2010PropOp31
  70
1
  102
RTVSPost2010Prop32
  280
0
  102
RTVSPost2010PropOp32
  70
1
  102
RTVSPost2010Prop33
  280
0
  102
RTVSPost2010PropOp33
  70
1
  102
RTVSPost2010Prop34
  280
0
  102
RTVSPost2010PropOp34
  70
1
  102
RTVSPost2010Prop35
  280
0
  102
RTVSPost2010PropOp35
  70
1
  102
RTVSPost2010Prop36
  280
0
  102
RTVSPost2010PropOp36
  70
1
  102
RTVSPost2010Prop37
  90
50
  102
RTVSPost2010PropOp37
  70
1
  102
RTVSPost2010Prop38
  140
0
  102
RTVSPost2010PropOp38
  70
1
  102
RTVSPost2010Prop39
  140
1
  102
RTVSPost2010PropOp39
  70
1
  102
RTVSPost2010Prop40
  90
0
  102
RTVSPost2010PropOp40
  70
1
  102
RTVSPost2010Prop41ColorIndex
  90
18
  102
RTVSPost2010Prop41ColorRGB
  90
0
  102
RTVSPost2010PropOp41
  70
1
  102
RTVSPost2010Prop42
  90
50
  102
RTVSPost2010PropOp42
  70
1
  102
RTVSPost2010Prop43
  90
3
  102
RTVSPost2010PropOp43
  70
1
  102
RTVSPost2010Prop44ColorIndex
  90
5
  102
RTVSPost2010Prop44ColorRGB
  90
255
  102
RTVSPost2010PropOp44
  70
1
  102
RTVSPost2010Prop45
  280
0
  102
RTVSPost2010PropOp45
  70
1
  102
RTVSPost2010Prop46
  90
50
  102
RTVSPost2010PropOp46
  70
1
  102
RTVSPost2010Prop47
  90
50
  102
RTVSPost2010PropOp47
  70
1
  102
RTVSPost2010Prop48
  90
50
  102
RTVSPost2010PropOp48
  70
1
  102
RTVSPost2010Prop49
  280
0
  102
RTVSPost2010PropOp49
  70
1
  102
RTVSPost2010Prop50
  90
50
  102
RTVSPost2010PropOp50
  70
1
  102
RTVSPost2010Prop51ColorIndex
  90
256
  102
RTVSPost2010Prop51ColorRGB
  90
-16777216
  102
RTVSPost2010PropOp51
  70
0
  102
RTVSPost2010Prop52
  140
1
  102
RTVSPost2010PropOp52
  70
0
  102
RTVSPost2010Prop53
  90
2
  102
RTVSPost2010PropOp53
  70
1
  102
RTVSPost2010Prop54
  1
strokes_ogs.tif
  102
RTVSPost2010PropOp54
  70
1
  102
RTVSPost2010Prop55
  280
0
  102
RTVSPost2010PropOp55
  70
1
  102
RTVSPost2010Prop56
  140
1
  102
RTVSPost2010PropOp56
  70
1
  102
RTVSPost2010Prop57
  140
1
  102
RTVSPost2010PropOp57
  70
1
  102
RTVSPropertyOp0
  70
1
  102
RTVSPropertyOp1
  70
1
  102
RTVSPropertyOp2
  70
1
  102
RTVSPropertyOp3
  70
1
  102
RTVSPropertyOp4
  70
1
  102
RTVSPropertyOp5
  70
1
  102
RTVSPropertyOp6
  70
1
  102
RTVSPropertyOp7
  70
1
  102
RTVSPropertyOp8
  70
1
  102
RTVSPropertyOp9
  70
1
  102
RTVSPropertyOp10
  70
1
  102
RTVSPropertyOp11
  70
1
  102
RTVSPropertyOp12
  70
1
  102
RTVSPropertyOp13
  70
1
  102
RTVSPropertyOp14
  70
1
  102
RTVSPropertyOp15
  70
1
  102
RTVSPropertyOp16
  70
1
  102
RTVSPropertyOp17
  70
1
  102
RTVSPropertyOp18
  70
1
  102
RTVSPropertyOp19
  70
1
  102
RTVSPropertyOp20
  70
1
  102
RTVSPropertyOp21
  70
1
  102
RTVSPropertyOp22
  70
1
  102
RTVSPropertyOp23
  70
1
  102
RTVSPropertyOp24
  70
1
  102
RTVSPropertyOp25
  70
1
  102
RTVSPropertyOp26
  70
1
  102
RTVSPropertyOp27
  70
1
  102
RTVSPropertyOp28
  70
1
  102
RTVSPropertyOp29
  70
1
  102
RTVSPropertyOp30
  70
1
  102
RTVSPropertyOp31
  70
1
  102
RTVSPropertyOp32
  70
1
  102
RTVSPropertyOp33
  70
1
  102
RTVSPropertyOp34
  70
1
  102
RTVSPropertyOp35
  70
1
  102
RTVSPropertyOp36
  70
1
  102
RTVSPropertyOp37
  70
1
  102
RTVSPropertyOp38
  70
1
  102
RTVSPropertyOp39
  70
1
  102
RTVSPropertyOp40
  70
1
  102
RTVSPropertyOp41
  70
1
  102
RTVSPropertyOp42
  70
1
  102
RTVSPropertyOp43
  70
1
  102
RTVSPropertyOp44
  70
1
  102
RTVSPropertyOp45
  70
1
  102
RTVSPropertyOp46
  70
1
  102
RTVSPropertyOp47
  70
1
  102
RTVSPropertyOp48
  70
1
  102
RTVSPropertyOp49
  70
1
  102
RTVSPropertyOp50
  70
1
  102
RTVSPropertyOp51
  70
0
  102
RTVSPropertyOp52
  70
0
  102
RTVSPropertyOp53
  70
1
  102
RTVSPropertyOp54
  70
1
  102
RTVSPropertyOp55
  70
1
  102
RTVSPropertyOp56
  70
1
  102
RTVSPropertyOp57
  70
1
  102
RTVSPropertyOp58
  70
1
  102
RTVSPropertyOp59
  70
1
  102
RTVSPropertyOp60
  70
1
  102
RTVSPropertyOp61
  70
1
  102
RTVSPropertyOp62
  70
1
  0
XRECORD
  5
32B
  102
{ACAD_REACTORS
  330
32A
  102
}
  330
32A
  100
AcDbXrecord
  280
1
  102
RTVSPost2010Prop28
  280
0
  102
RTVSPost2010PropOp28
  70
1
  102
RTVSPost2010Prop29
  280
1
  102
RTVSPost2010PropOp29
  70
1
  102
RTVSPost2010Prop30
  280
1
  102
RTVSPost2010PropOp30
  70
1
  102
RTVSPost2010Prop31
  280
0
  102
RTVSPost2010PropOp31
  70
1
  102
RTVSPost2010Prop32
  280
0
  102
RTVSPost2010PropOp32
  70
1
  102
RTVSPost2010Prop33
  280
0
  102
RTVSPost2010PropOp33
  70
1
  102
RTVSPost2010Prop34
  280
0
  102
RTVSPost2010PropOp34
  70
1
  102
RTVSPost2010Prop35
  280
0
  102
RTVSPost2010PropOp35
  70
1
  102
RTVSPost2010Prop36
  280
0
  102
RTVSPost2010PropOp36
  70
1
  102
RTVSPost2010Prop37
  90
50
  102
RTVSPost2010PropOp37
  70
1
  102
RTVSPost2010Prop38
  140
0
  102
RTVSPost2010PropOp38
  70
1
  102
RTVSPost2010Prop39
  140
1
  102
RTVSPost2010PropOp39
  70
1
  102
RTVSPost2010Prop40
  90
0
  102
RTVSPost2010PropOp40
  70
1
  102
RTVSPost2010Prop41ColorIndex
  90
18
  102
RTVSPost2010Prop41ColorRGB
  90
0
  102
RTVSPost2010PropOp41
  70
1
  102
RTVSPost2010Prop42
  90
50
  102
RTVSPost2010PropOp42
  70
1
  102
RTVSPost2010Prop43
  90
3
  102
RTVSPost2010PropOp43
  70
1
  102
RTVSPost2010Prop44ColorIndex
  90
5
  102
RTVSPost2010Prop44ColorRGB
  90
255
  102
RTVSPost2010PropOp44
  70
1
  102
RTVSPost2010Prop45
  280
0
  102
RTVSPost2010PropOp45
  70
1
  102
RTVSPost2010Prop46
  90
50
  102
RTVSPost2010PropOp46
  70
1
  102
RTVSPost2010Prop47
  90
50
  102
RTVSPost2010PropOp47
  70
1
  102
RTVSPost2010Prop48
  90
50
  102
RTVSPost2010PropOp48
  70
1
  102
RTVSPost2010Prop49
  280
0
  102
RTVSPost2010PropOp49
  70
1
  102
RTVSPost2010Prop50
  90
50
  102
RTVSPost2010PropOp50
  70
1
  102
RTVSPost2010Prop51ColorIndex
  90
256
  102
RTVSPost2010Prop51ColorRGB
  90
-16777216
  102
RTVSPost2010PropOp51
  70
0
  102
RTVSPost2010Prop52
  140
1
  102
RTVSPost2010PropOp52
  70
0
  102
RTVSPost2010Prop53
  90
2
  102
RTVSPost2010PropOp53
  70
1
  102
RTVSPost2010Prop54
  1
strokes_ogs.tif
  102
RTVSPost2010PropOp54
  70
1
  102
RTVSPost2010Prop55
  280
0
  102
RTVSPost2010PropOp55
  70
1
  102
RTVSPost2010Prop56
  140
1
  102
RTVSPost2010PropOp56
  70
1
  102
RTVSPost2010Prop57
  140
1
  102
RTVSPost2010PropOp57
  70
1
  102
RTVSPropertyOp0
  70
0
  102
RTVSPropertyOp1
  70
0
  102
RTVSPropertyOp2
  70
0
  102
RTVSPropertyOp3
  70
0
  102
RTVSPropertyOp4
  70
0
  102
RTVSPropertyOp5
  70
0
  102
RTVSPropertyOp6
  70
0
  102
RTVSPropertyOp7
  70
0
  102
RTVSPropertyOp8
  70
0
  102
RTVSPropertyOp9
  70
0
  102
RTVSPropertyOp10
  70
0
  102
RTVSPropertyOp11
  70
0
  102
RTVSPropertyOp12
  70
0
  102
RTVSPropertyOp13
  70
0
  102
RTVSPropertyOp14
  70
2
  102
RTVSPropertyOp15
  70
0
  102
RTVSPropertyOp16
  70
0
  102
RTVSPropertyOp17
  70
0
  102
RTVSPropertyOp18
  70
0
  102
RTVSPropertyOp19
  70
0
  102
RTVSPropertyOp20
  70
0
  102
RTVSPropertyOp21
  70
0
  102
RTVSPropertyOp22
  70
0
  102
RTVSPropertyOp23
  70
0
  102
RTVSPropertyOp24
  70
0
  102
RTVSPropertyOp25
  70
0
  102
RTVSPropertyOp26
  70
0
  102
RTVSPropertyOp27
  70
0
  102
RTVSPropertyOp28
  70
1
  102
RTVSPropertyOp29
  70
1
  102
RTVSPropertyOp30
  70
1
  102
RTVSPropertyOp31
  70
1
  102
RTVSPropertyOp32
  70
1
  102
RTVSPropertyOp33
  70
1
  102
RTVSPropertyOp34
  70
1
  102
RTVSPropertyOp35
  70
1
  102
RTVSPropertyOp36
  70
1
  102
RTVSPropertyOp37
  70
1
  102
RTVSPropertyOp38
  70
1
  102
RTVSPropertyOp39
  70
1
  102
RTVSPropertyOp40
  70
1
  102
RTVSPropertyOp41
  70
1
  102
RTVSPropertyOp42
  70
1
  102
RTVSPropertyOp43
  70
1
  102
RTVSPropertyOp44
  70
1
  102
RTVSPropertyOp45
  70
1
  102
RTVSPropertyOp46
  70
1
  102
RTVSPropertyOp47
  70
1
  102
RTVSPropertyOp48
  70
1
  102
RTVSPropertyOp49
  70
1
  102
RTVSPropertyOp50
  70
1
  102
RTVSPropertyOp51
  70
0
  102
RTVSPropertyOp52
  70
0
  102
RTVSPropertyOp53
  70
1
  102
RTVSPropertyOp54
  70
1
  102
RTVSPropertyOp55
  70
1
  102
RTVSPropertyOp56
  70
1
  102
RTVSPropertyOp57
  70
1
  102
RTVSPropertyOp58
  70
1
  102
RTVSPropertyOp59
  70
1
  102
RTVSPropertyOp60
  70
1
  102
RTVSPropertyOp61
  70
1
  102
RTVSPropertyOp62
  70
1
  0
XRECORD
  5
325
  102
{ACAD_REACTORS
  330
324
  102
}
  330
324
  100
AcDbXrecord
  280
1
  102
RTVSPost2010Prop28
  280
0
  102
RTVSPost2010PropOp28
  70
1
  102
RTVSPost2010Prop29
  280
1
  102
RTVSPost2010PropOp29
  70
1
  102
RTVSPost2010Prop30
  280
1
  102
RTVSPost2010PropOp30
  70
1
  102
RTVSPost2010Prop31
  280
0
  102
RTVSPost2010PropOp31
  70
1
  102
RTVSPost2010Prop32
  280
0
  102
RTVSPost2010PropOp32
  70
1
  102
RTVSPost2010Prop33
  280
0
  102
RTVSPost2010PropOp33
  70
1
  102
RTVSPost2010Prop34
  280
0
  102
RTVSPost2010PropOp34
  70
1
  102
RTVSPost2010Prop35
  280
0
  102
RTVSPost2010PropOp35
  70
1
  102
RTVSPost2010Prop36
  280
0
  102
RTVSPost2010PropOp36
  70
1
  102
RTVSPost2010Prop37
  90
50
  102
RTVSPost2010PropOp37
  70
1
  102
RTVSPost2010Prop38
  140
0
  102
RTVSPost2010PropOp38
  70
1
  102
RTVSPost2010Prop39
  140
1
  102
RTVSPost2010PropOp39
  70
1
  102
RTVSPost2010Prop40
  90
0
  102
RTVSPost2010PropOp40
  70
1
  102
RTVSPost2010Prop41ColorIndex
  90
18
  102
RTVSPost2010Prop41ColorRGB
  90
0
  102
RTVSPost2010PropOp41
  70
1
  102
RTVSPost2010Prop42
  90
50
  102
RTVSPost2010PropOp42
  70
1
  102
RTVSPost2010Prop43
  90
3
  102
RTVSPost2010PropOp43
  70
1
  102
RTVSPost2010Prop44ColorIndex
  90
5
  102
RTVSPost2010Prop44ColorRGB
  90
255
  102
RTVSPost2010PropOp44
  70
1
  102
RTVSPost2010Prop45
  280
0
  102
RTVSPost2010PropOp45
  70
1
  102
RTVSPost2010Prop46
  90
50
  102
RTVSPost2010PropOp46
  70
1
  102
RTVSPost2010Prop47
  90
50
  102
RTVSPost2010PropOp47
  70
1
  102
RTVSPost2010Prop48
  90
50
  102
RTVSPost2010PropOp48
  70
1
  102
RTVSPost2010Prop49
  280
0
  102
RTVSPost2010PropOp49
  70
1
  102
RTVSPost2010Prop50
  90
50
  102
RTVSPost2010PropOp50
  70
1
  102
RTVSPost2010Prop51ColorIndex
  90
256
  102
RTVSPost2010Prop51ColorRGB
  90
-16777216
  102
RTVSPost2010PropOp51
  70
0
  102
RTVSPost2010Prop52
  140
1
  102
RTVSPost2010PropOp52
  70
0
  102
RTVSPost2010Prop53
  90
2
  102
RTVSPost2010PropOp53
  70
1
  102
RTVSPost2010Prop54
  1
strokes_ogs.tif
  102
RTVSPost2010PropOp54
  70
1
  102
RTVSPost2010Prop55
  280
0
  102
RTVSPost2010PropOp55
  70
1
  102
RTVSPost2010Prop56
  140
1
  102
RTVSPost2010PropOp56
  70
1
  102
RTVSPost2010Prop57
  140
1
  102
RTVSPost2010PropOp57
  70
1
  102
RTVSPropertyOp0
  70
1
  102
RTVSPropertyOp1
  70
1
  102
RTVSPropertyOp2
  70
1
  102
RTVSPropertyOp3
  70
1
  102
RTVSPropertyOp4
  70
1
  102
RTVSPropertyOp5
  70
1
  102
RTVSPropertyOp6
  70
1
  102
RTVSPropertyOp7
  70
1
  102
RTVSPropertyOp8
  70
1
  102
RTVSPropertyOp9
  70
1
  102
RTVSPropertyOp10
  70
1
  102
RTVSPropertyOp11
  70
1
  102
RTVSPropertyOp12
  70
1
  102
RTVSPropertyOp13
  70
1
  102
RTVSPropertyOp14
  70
1
  102
RTVSPropertyOp15
  70
1
  102
RTVSPropertyOp16
  70
1
  102
RTVSPropertyOp17
  70
1
  102
RTVSPropertyOp18
  70
1
  102
RTVSPropertyOp19
  70
1
  102
RTVSPropertyOp20
  70
1
  102
RTVSPropertyOp21
  70
1
  102
RTVSPropertyOp22
  70
1
  102
RTVSPropertyOp23
  70
1
  102
RTVSPropertyOp24
  70
1
  102
RTVSPropertyOp25
  70
1
  102
RTVSPropertyOp26
  70
1
  102
RTVSPropertyOp27
  70
1
  102
RTVSPropertyOp28
  70
1
  102
RTVSPropertyOp29
  70
1
  102
RTVSPropertyOp30
  70
1
  102
RTVSPropertyOp31
  70
1
  102
RTVSPropertyOp32
  70
1
  102
RTVSPropertyOp33
  70
1
  102
RTVSPropertyOp34
  70
1
  102
RTVSPropertyOp35
  70
1
  102
RTVSPropertyOp36
  70
1
  102
RTVSPropertyOp37
  70
1
  102
RTVSPropertyOp38
  70
1
  102
RTVSPropertyOp39
  70
1
  102
RTVSPropertyOp40
  70
1
  102
RTVSPropertyOp41
  70
1
  102
RTVSPropertyOp42
  70
1
  102
RTVSPropertyOp43
  70
1
  102
RTVSPropertyOp44
  70
1
  102
RTVSPropertyOp45
  70
1
  102
RTVSPropertyOp46
  70
1
  102
RTVSPropertyOp47
  70
1
  102
RTVSPropertyOp48
  70
1
  102
RTVSPropertyOp49
  70
1
  102
RTVSPropertyOp50
  70
1
  102
RTVSPropertyOp51
  70
0
  102
RTVSPropertyOp52
  70
0
  102
RTVSPropertyOp53
  70
1
  102
RTVSPropertyOp54
  70
1
  102
RTVSPropertyOp55
  70
1
  102
RTVSPropertyOp56
  70
1
  102
RTVSPropertyOp57
  70
1
  102
RTVSPropertyOp58
  70
1
  102
RTVSPropertyOp59
  70
1
  102
RTVSPropertyOp60
  70
1
  102
RTVSPropertyOp61
  70
1
  102
RTVSPropertyOp62
  70
1
  0
XRECORD
  5
32D
  102
{ACAD_REACTORS
  330
32C
  102
}
  330
32C
  100
AcDbXrecord
  280
1
  102
RTVSPost2010Prop28
  280
0
  102
RTVSPost2010PropOp28
  70
1
  102
RTVSPost2010Prop29
  280
1
  102
RTVSPost2010PropOp29
  70
1
  102
RTVSPost2010Prop30
  280
1
  102
RTVSPost2010PropOp30
  70
1
  102
RTVSPost2010Prop31
  280
0
  102
RTVSPost2010PropOp31
  70
1
  102
RTVSPost2010Prop32
  280
0
  102
RTVSPost2010PropOp32
  70
1
  102
RTVSPost2010Prop33
  280
0
  102
RTVSPost2010PropOp33
  70
1
  102
RTVSPost2010Prop34
  280
0
  102
RTVSPost2010PropOp34
  70
1
  102
RTVSPost2010Prop35
  280
0
  102
RTVSPost2010PropOp35
  70
1
  102
RTVSPost2010Prop36
  280
0
  102
RTVSPost2010PropOp36
  70
1
  102
RTVSPost2010Prop37
  90
50
  102
RTVSPost2010PropOp37
  70
1
  102
RTVSPost2010Prop38
  140
0
  102
RTVSPost2010PropOp38
  70
1
  102
RTVSPost2010Prop39
  140
1
  102
RTVSPost2010PropOp39
  70
1
  102
RTVSPost2010Prop40
  90
0
  102
RTVSPost2010PropOp40
  70
1
  102
RTVSPost2010Prop41ColorIndex
  90
18
  102
RTVSPost2010Prop41ColorRGB
  90
0
  102
RTVSPost2010PropOp41
  70
1
  102
RTVSPost2010Prop42
  90
50
  102
RTVSPost2010PropOp42
  70
1
  102
RTVSPost2010Prop43
  90
3
  102
RTVSPost2010PropOp43
  70
1
  102
RTVSPost2010Prop44ColorIndex
  90
5
  102
RTVSPost2010Prop44ColorRGB
  90
255
  102
RTVSPost2010PropOp44
  70
1
  102
RTVSPost2010Prop45
  280
0
  102
RTVSPost2010PropOp45
  70
1
  102
RTVSPost2010Prop46
  90
50
  102
RTVSPost2010PropOp46
  70
1
  102
RTVSPost2010Prop47
  90
50
  102
RTVSPost2010PropOp47
  70
1
  102
RTVSPost2010Prop48
  90
50
  102
RTVSPost2010PropOp48
  70
1
  102
RTVSPost2010Prop49
  280
0
  102
RTVSPost2010PropOp49
  70
1
  102
RTVSPost2010Prop50
  90
50
  102
RTVSPost2010PropOp50
  70
1
  102
RTVSPost2010Prop51ColorIndex
  90
256
  102
RTVSPost2010Prop51ColorRGB
  90
-16777216
  102
RTVSPost2010PropOp51
  70
0
  102
RTVSPost2010Prop52
  140
1
  102
RTVSPost2010PropOp52
  70
0
  102
RTVSPost2010Prop53
  90
2
  102
RTVSPost2010PropOp53
  70
1
  102
RTVSPost2010Prop54
  1
strokes_ogs.tif
  102
RTVSPost2010PropOp54
  70
1
  102
RTVSPost2010Prop55
  280
0
  102
RTVSPost2010PropOp55
  70
1
  102
RTVSPost2010Prop56
  140
1
  102
RTVSPost2010PropOp56
  70
1
  102
RTVSPost2010Prop57
  140
1
  102
RTVSPost2010PropOp57
  70
1
  102
RTVSPropertyOp0
  70
0
  102
RTVSPropertyOp1
  70
0
  102
RTVSPropertyOp2
  70
0
  102
RTVSPropertyOp3
  70
0
  102
RTVSPropertyOp4
  70
0
  102
RTVSPropertyOp5
  70
0
  102
RTVSPropertyOp6
  70
0
  102
RTVSPropertyOp7
  70
0
  102
RTVSPropertyOp8
  70
0
  102
RTVSPropertyOp9
  70
0
  102
RTVSPropertyOp10
  70
0
  102
RTVSPropertyOp11
  70
0
  102
RTVSPropertyOp12
  70
0
  102
RTVSPropertyOp13
  70
0
  102
RTVSPropertyOp14
  70
2
  102
RTVSPropertyOp15
  70
0
  102
RTVSPropertyOp16
  70
0
  102
RTVSPropertyOp17
  70
0
  102
RTVSPropertyOp18
  70
0
  102
RTVSPropertyOp19
  70
0
  102
RTVSPropertyOp20
  70
0
  102
RTVSPropertyOp21
  70
0
  102
RTVSPropertyOp22
  70
0
  102
RTVSPropertyOp23
  70
0
  102
RTVSPropertyOp24
  70
0
  102
RTVSPropertyOp25
  70
0
  102
RTVSPropertyOp26
  70
0
  102
RTVSPropertyOp27
  70
0
  102
RTVSPropertyOp28
  70
1
  102
RTVSPropertyOp29
  70
1
  102
RTVSPropertyOp30
  70
1
  102
RTVSPropertyOp31
  70
1
  102
RTVSPropertyOp32
  70
1
  102
RTVSPropertyOp33
  70
1
  102
RTVSPropertyOp34
  70
1
  102
RTVSPropertyOp35
  70
1
  102
RTVSPropertyOp36
  70
1
  102
RTVSPropertyOp37
  70
1
  102
RTVSPropertyOp38
  70
1
  102
RTVSPropertyOp39
  70
1
  102
RTVSPropertyOp40
  70
1
  102
RTVSPropertyOp41
  70
1
  102
RTVSPropertyOp42
  70
1
  102
RTVSPropertyOp43
  70
1
  102
RTVSPropertyOp44
  70
1
  102
RTVSPropertyOp45
  70
1
  102
RTVSPropertyOp46
  70
1
  102
RTVSPropertyOp47
  70
1
  102
RTVSPropertyOp48
  70
1
  102
RTVSPropertyOp49
  70
1
  102
RTVSPropertyOp50
  70
1
  102
RTVSPropertyOp51
  70
0
  102
RTVSPropertyOp52
  70
0
  102
RTVSPropertyOp53
  70
1
  102
RTVSPropertyOp54
  70
1
  102
RTVSPropertyOp55
  70
1
  102
RTVSPropertyOp56
  70
1
  102
RTVSPropertyOp57
  70
1
  102
RTVSPropertyOp58
  70
1
  102
RTVSPropertyOp59
  70
1
  102
RTVSPropertyOp60
  70
1
  102
RTVSPropertyOp61
  70
1
  102
RTVSPropertyOp62
  70
1
  0
XRECORD
  5
31D
  102
{ACAD_REACTORS
  330
31C
  102
}
  330
31C
  100
AcDbXrecord
  280
1
  102
RTVSPost2010Prop28
  280
0
  102
RTVSPost2010PropOp28
  70
1
  102
RTVSPost2010Prop29
  280
1
  102
RTVSPost2010PropOp29
  70
1
  102
RTVSPost2010Prop30
  280
1
  102
RTVSPost2010PropOp30
  70
1
  102
RTVSPost2010Prop31
  280
0
  102
RTVSPost2010PropOp31
  70
1
  102
RTVSPost2010Prop32
  280
0
  102
RTVSPost2010PropOp32
  70
1
  102
RTVSPost2010Prop33
  280
0
  102
RTVSPost2010PropOp33
  70
1
  102
RTVSPost2010Prop34
  280
0
  102
RTVSPost2010PropOp34
  70
1
  102
RTVSPost2010Prop35
  280
0
  102
RTVSPost2010PropOp35
  70
1
  102
RTVSPost2010Prop36
  280
0
  102
RTVSPost2010PropOp36
  70
1
  102
RTVSPost2010Prop37
  90
50
  102
RTVSPost2010PropOp37
  70
1
  102
RTVSPost2010Prop38
  140
0
  102
RTVSPost2010PropOp38
  70
1
  102
RTVSPost2010Prop39
  140
1
  102
RTVSPost2010PropOp39
  70
1
  102
RTVSPost2010Prop40
  90
0
  102
RTVSPost2010PropOp40
  70
1
  102
RTVSPost2010Prop41ColorIndex
  90
18
  102
RTVSPost2010Prop41ColorRGB
  90
0
  102
RTVSPost2010PropOp41
  70
1
  102
RTVSPost2010Prop42
  90
50
  102
RTVSPost2010PropOp42
  70
1
  102
RTVSPost2010Prop43
  90
3
  102
RTVSPost2010PropOp43
  70
1
  102
RTVSPost2010Prop44ColorIndex
  90
5
  102
RTVSPost2010Prop44ColorRGB
  90
255
  102
RTVSPost2010PropOp44
  70
1
  102
RTVSPost2010Prop45
  280
0
  102
RTVSPost2010PropOp45
  70
1
  102
RTVSPost2010Prop46
  90
50
  102
RTVSPost2010PropOp46
  70
1
  102
RTVSPost2010Prop47
  90
50
  102
RTVSPost2010PropOp47
  70
1
  102
RTVSPost2010Prop48
  90
50
  102
RTVSPost2010PropOp48
  70
1
  102
RTVSPost2010Prop49
  280
0
  102
RTVSPost2010PropOp49
  70
1
  102
RTVSPost2010Prop50
  90
50
  102
RTVSPost2010PropOp50
  70
1
  102
RTVSPost2010Prop51ColorIndex
  90
256
  102
RTVSPost2010Prop51ColorRGB
  90
-16777216
  102
RTVSPost2010PropOp51
  70
0
  102
RTVSPost2010Prop52
  140
1
  102
RTVSPost2010PropOp52
  70
0
  102
RTVSPost2010Prop53
  90
2
  102
RTVSPost2010PropOp53
  70
1
  102
RTVSPost2010Prop54
  1
strokes_ogs.tif
  102
RTVSPost2010PropOp54
  70
1
  102
RTVSPost2010Prop55
  280
0
  102
RTVSPost2010PropOp55
  70
1
  102
RTVSPost2010Prop56
  140
1
  102
RTVSPost2010PropOp56
  70
1
  102
RTVSPost2010Prop57
  140
1
  102
RTVSPost2010PropOp57
  70
1
  102
RTVSPropertyOp0
  70
1
  102
RTVSPropertyOp1
  70
1
  102
RTVSPropertyOp2
  70
1
  102
RTVSPropertyOp3
  70
1
  102
RTVSPropertyOp4
  70
1
  102
RTVSPropertyOp5
  70
1
  102
RTVSPropertyOp6
  70
1
  102
RTVSPropertyOp7
  70
1
  102
RTVSPropertyOp8
  70
1
  102
RTVSPropertyOp9
  70
1
  102
RTVSPropertyOp10
  70
1
  102
RTVSPropertyOp11
  70
1
  102
RTVSPropertyOp12
  70
1
  102
RTVSPropertyOp13
  70
1
  102
RTVSPropertyOp14
  70
1
  102
RTVSPropertyOp15
  70
1
  102
RTVSPropertyOp16
  70
1
  102
RTVSPropertyOp17
  70
1
  102
RTVSPropertyOp18
  70
1
  102
RTVSPropertyOp19
  70
1
  102
RTVSPropertyOp20
  70
1
  102
RTVSPropertyOp21
  70
1
  102
RTVSPropertyOp22
  70
1
  102
RTVSPropertyOp23
  70
1
  102
RTVSPropertyOp24
  70
1
  102
RTVSPropertyOp25
  70
1
  102
RTVSPropertyOp26
  70
1
  102
RTVSPropertyOp27
  70
1
  102
RTVSPropertyOp28
  70
1
  102
RTVSPropertyOp29
  70
1
  102
RTVSPropertyOp30
  70
1
  102
RTVSPropertyOp31
  70
1
  102
RTVSPropertyOp32
  70
1
  102
RTVSPropertyOp33
  70
1
  102
RTVSPropertyOp34
  70
1
  102
RTVSPropertyOp35
  70
1
  102
RTVSPropertyOp36
  70
1
  102
RTVSPropertyOp37
  70
1
  102
RTVSPropertyOp38
  70
1
  102
RTVSPropertyOp39
  70
1
  102
RTVSPropertyOp40
  70
1
  102
RTVSPropertyOp41
  70
1
  102
RTVSPropertyOp42
  70
1
  102
RTVSPropertyOp43
  70
1
  102
RTVSPropertyOp44
  70
1
  102
RTVSPropertyOp45
  70
1
  102
RTVSPropertyOp46
  70
1
  102
RTVSPropertyOp47
  70
1
  102
RTVSPropertyOp48
  70
1
  102
RTVSPropertyOp49
  70
1
  102
RTVSPropertyOp50
  70
1
  102
RTVSPropertyOp51
  70
0
  102
RTVSPropertyOp52
  70
0
  102
RTVSPropertyOp53
  70
1
  102
RTVSPropertyOp54
  70
1
  102
RTVSPropertyOp55
  70
1
  102
RTVSPropertyOp56
  70
1
  102
RTVSPropertyOp57
  70
1
  102
RTVSPropertyOp58
  70
1
  102
RTVSPropertyOp59
  70
1
  102
RTVSPropertyOp60
  70
1
  102
RTVSPropertyOp61
  70
1
  102
RTVSPropertyOp62
  70
1
  0
XRECORD
  5
339
  102
{ACAD_REACTORS
  330
338
  102
}
  330
338
  100
AcDbXrecord
  280
1
  102
RTVSPost2010Prop28
  280
0
  102
RTVSPost2010PropOp28
  70
1
  102
RTVSPost2010Prop29
  280
1
  102
RTVSPost2010PropOp29
  70
1
  102
RTVSPost2010Prop30
  280
1
  102
RTVSPost2010PropOp30
  70
1
  102
RTVSPost2010Prop31
  280
0
  102
RTVSPost2010PropOp31
  70
1
  102
RTVSPost2010Prop32
  280
0
  102
RTVSPost2010PropOp32
  70
1
  102
RTVSPost2010Prop33
  280
0
  102
RTVSPost2010PropOp33
  70
1
  102
RTVSPost2010Prop34
  280
0
  102
RTVSPost2010PropOp34
  70
1
  102
RTVSPost2010Prop35
  280
0
  102
RTVSPost2010PropOp35
  70
1
  102
RTVSPost2010Prop36
  280
0
  102
RTVSPost2010PropOp36
  70
1
  102
RTVSPost2010Prop37
  90
50
  102
RTVSPost2010PropOp37
  70
1
  102
RTVSPost2010Prop38
  140
0
  102
RTVSPost2010PropOp38
  70
1
  102
RTVSPost2010Prop39
  140
1
  102
RTVSPost2010PropOp39
  70
1
  102
RTVSPost2010Prop40
  90
0
  102
RTVSPost2010PropOp40
  70
1
  102
RTVSPost2010Prop41ColorIndex
  90
18
  102
RTVSPost2010Prop41ColorRGB
  90
0
  102
RTVSPost2010PropOp41
  70
1
  102
RTVSPost2010Prop42
  90
50
  102
RTVSPost2010PropOp42
  70
1
  102
RTVSPost2010Prop43
  90
3
  102
RTVSPost2010PropOp43
  70
1
  102
RTVSPost2010Prop44ColorIndex
  90
5
  102
RTVSPost2010Prop44ColorRGB
  90
255
  102
RTVSPost2010PropOp44
  70
1
  102
RTVSPost2010Prop45
  280
0
  102
RTVSPost2010PropOp45
  70
1
  102
RTVSPost2010Prop46
  90
50
  102
RTVSPost2010PropOp46
  70
1
  102
RTVSPost2010Prop47
  90
50
  102
RTVSPost2010PropOp47
  70
1
  102
RTVSPost2010Prop48
  90
50
  102
RTVSPost2010PropOp48
  70
1
  102
RTVSPost2010Prop49
  280
0
  102
RTVSPost2010PropOp49
  70
1
  102
RTVSPost2010Prop50
  90
50
  102
RTVSPost2010PropOp50
  70
1
  102
RTVSPost2010Prop51ColorIndex
  90
256
  102
RTVSPost2010Prop51ColorRGB
  90
-16777216
  102
RTVSPost2010PropOp51
  70
0
  102
RTVSPost2010Prop52
  140
1
  102
RTVSPost2010PropOp52
  70
0
  102
RTVSPost2010Prop53
  90
2
  102
RTVSPost2010PropOp53
  70
1
  102
RTVSPost2010Prop54
  1
strokes_ogs.tif
  102
RTVSPost2010PropOp54
  70
1
  102
RTVSPost2010Prop55
  280
0
  102
RTVSPost2010PropOp55
  70
1
  102
RTVSPost2010Prop56
  140
1
  102
RTVSPost2010PropOp56
  70
1
  102
RTVSPost2010Prop57
  140
1
  102
RTVSPost2010PropOp57
  70
1
  102
RTVSPropertyOp0
  70
1
  102
RTVSPropertyOp1
  70
1
  102
RTVSPropertyOp2
  70
1
  102
RTVSPropertyOp3
  70
1
  102
RTVSPropertyOp4
  70
1
  102
RTVSPropertyOp5
  70
1
  102
RTVSPropertyOp6
  70
1
  102
RTVSPropertyOp7
  70
1
  102
RTVSPropertyOp8
  70
1
  102
RTVSPropertyOp9
  70
1
  102
RTVSPropertyOp10
  70
1
  102
RTVSPropertyOp11
  70
1
  102
RTVSPropertyOp12
  70
1
  102
RTVSPropertyOp13
  70
1
  102
RTVSPropertyOp14
  70
1
  102
RTVSPropertyOp15
  70
1
  102
RTVSPropertyOp16
  70
1
  102
RTVSPropertyOp17
  70
1
  102
RTVSPropertyOp18
  70
1
  102
RTVSPropertyOp19
  70
1
  102
RTVSPropertyOp20
  70
1
  102
RTVSPropertyOp21
  70
1
  102
RTVSPropertyOp22
  70
1
  102
RTVSPropertyOp23
  70
1
  102
RTVSPropertyOp24
  70
1
  102
RTVSPropertyOp25
  70
1
  102
RTVSPropertyOp26
  70
1
  102
RTVSPropertyOp27
  70
1
  102
RTVSPropertyOp28
  70
1
  102
RTVSPropertyOp29
  70
1
  102
RTVSPropertyOp30
  70
1
  102
RTVSPropertyOp31
  70
1
  102
RTVSPropertyOp32
  70
1
  102
RTVSPropertyOp33
  70
1
  102
RTVSPropertyOp34
  70
1
  102
RTVSPropertyOp35
  70
1
  102
RTVSPropertyOp36
  70
1
  102
RTVSPropertyOp37
  70
1
  102
RTVSPropertyOp38
  70
1
  102
RTVSPropertyOp39
  70
1
  102
RTVSPropertyOp40
  70
1
  102
RTVSPropertyOp41
  70
1
  102
RTVSPropertyOp42
  70
1
  102
RTVSPropertyOp43
  70
1
  102
RTVSPropertyOp44
  70
1
  102
RTVSPropertyOp45
  70
1
  102
RTVSPropertyOp46
  70
1
  102
RTVSPropertyOp47
  70
1
  102
RTVSPropertyOp48
  70
1
  102
RTVSPropertyOp49
  70
1
  102
RTVSPropertyOp50
  70
1
  102
RTVSPropertyOp51
  70
0
  102
RTVSPropertyOp52
  70
0
  102
RTVSPropertyOp53
  70
1
  102
RTVSPropertyOp54
  70
1
  102
RTVSPropertyOp55
  70
1
  102
RTVSPropertyOp56
  70
1
  102
RTVSPropertyOp57
  70
1
  102
RTVSPropertyOp58
  70
1
  102
RTVSPropertyOp59
  70
1
  102
RTVSPropertyOp60
  70
1
  102
RTVSPropertyOp61
  70
1
  102
RTVSPropertyOp62
  70
1
  0
XRECORD
  5
337
  102
{ACAD_REACTORS
  330
336
  102
}
  330
336
  100
AcDbXrecord
  280
1
  102
RTVSPost2010Prop28
  280
0
  102
RTVSPost2010PropOp28
  70
1
  102
RTVSPost2010Prop29
  280
1
  102
RTVSPost2010PropOp29
  70
1
  102
RTVSPost2010Prop30
  280
1
  102
RTVSPost2010PropOp30
  70
1
  102
RTVSPost2010Prop31
  280
0
  102
RTVSPost2010PropOp31
  70
1
  102
RTVSPost2010Prop32
  280
0
  102
RTVSPost2010PropOp32
  70
1
  102
RTVSPost2010Prop33
  280
0
  102
RTVSPost2010PropOp33
  70
1
  102
RTVSPost2010Prop34
  280
0
  102
RTVSPost2010PropOp34
  70
1
  102
RTVSPost2010Prop35
  280
0
  102
RTVSPost2010PropOp35
  70
1
  102
RTVSPost2010Prop36
  280
0
  102
RTVSPost2010PropOp36
  70
1
  102
RTVSPost2010Prop37
  90
50
  102
RTVSPost2010PropOp37
  70
1
  102
RTVSPost2010Prop38
  140
0
  102
RTVSPost2010PropOp38
  70
1
  102
RTVSPost2010Prop39
  140
1
  102
RTVSPost2010PropOp39
  70
1
  102
RTVSPost2010Prop40
  90
0
  102
RTVSPost2010PropOp40
  70
1
  102
RTVSPost2010Prop41ColorIndex
  90
18
  102
RTVSPost2010Prop41ColorRGB
  90
0
  102
RTVSPost2010PropOp41
  70
1
  102
RTVSPost2010Prop42
  90
50
  102
RTVSPost2010PropOp42
  70
1
  102
RTVSPost2010Prop43
  90
3
  102
RTVSPost2010PropOp43
  70
1
  102
RTVSPost2010Prop44ColorIndex
  90
5
  102
RTVSPost2010Prop44ColorRGB
  90
255
  102
RTVSPost2010PropOp44
  70
1
  102
RTVSPost2010Prop45
  280
0
  102
RTVSPost2010PropOp45
  70
1
  102
RTVSPost2010Prop46
  90
50
  102
RTVSPost2010PropOp46
  70
1
  102
RTVSPost2010Prop47
  90
50
  102
RTVSPost2010PropOp47
  70
1
  102
RTVSPost2010Prop48
  90
50
  102
RTVSPost2010PropOp48
  70
1
  102
RTVSPost2010Prop49
  280
0
  102
RTVSPost2010PropOp49
  70
1
  102
RTVSPost2010Prop50
  90
50
  102
RTVSPost2010PropOp50
  70
1
  102
RTVSPost2010Prop51ColorIndex
  90
256
  102
RTVSPost2010Prop51ColorRGB
  90
-16777216
  102
RTVSPost2010PropOp51
  70
0
  102
RTVSPost2010Prop52
  140
1
  102
RTVSPost2010PropOp52
  70
0
  102
RTVSPost2010Prop53
  90
2
  102
RTVSPost2010PropOp53
  70
1
  102
RTVSPost2010Prop54
  1
strokes_ogs.tif
  102
RTVSPost2010PropOp54
  70
1
  102
RTVSPost2010Prop55
  280
0
  102
RTVSPost2010PropOp55
  70
1
  102
RTVSPost2010Prop56
  140
1
  102
RTVSPost2010PropOp56
  70
1
  102
RTVSPost2010Prop57
  140
1
  102
RTVSPost2010PropOp57
  70
1
  102
RTVSPropertyOp0
  70
1
  102
RTVSPropertyOp1
  70
1
  102
RTVSPropertyOp2
  70
1
  102
RTVSPropertyOp3
  70
1
  102
RTVSPropertyOp4
  70
1
  102
RTVSPropertyOp5
  70
1
  102
RTVSPropertyOp6
  70
1
  102
RTVSPropertyOp7
  70
1
  102
RTVSPropertyOp8
  70
1
  102
RTVSPropertyOp9
  70
1
  102
RTVSPropertyOp10
  70
1
  102
RTVSPropertyOp11
  70
1
  102
RTVSPropertyOp12
  70
1
  102
RTVSPropertyOp13
  70
1
  102
RTVSPropertyOp14
  70
1
  102
RTVSPropertyOp15
  70
1
  102
RTVSPropertyOp16
  70
1
  102
RTVSPropertyOp17
  70
1
  102
RTVSPropertyOp18
  70
1
  102
RTVSPropertyOp19
  70
1
  102
RTVSPropertyOp20
  70
1
  102
RTVSPropertyOp21
  70
1
  102
RTVSPropertyOp22
  70
1
  102
RTVSPropertyOp23
  70
1
  102
RTVSPropertyOp24
  70
1
  102
RTVSPropertyOp25
  70
1
  102
RTVSPropertyOp26
  70
1
  102
RTVSPropertyOp27
  70
1
  102
RTVSPropertyOp28
  70
1
  102
RTVSPropertyOp29
  70
1
  102
RTVSPropertyOp30
  70
1
  102
RTVSPropertyOp31
  70
1
  102
RTVSPropertyOp32
  70
1
  102
RTVSPropertyOp33
  70
1
  102
RTVSPropertyOp34
  70
1
  102
RTVSPropertyOp35
  70
1
  102
RTVSPropertyOp36
  70
1
  102
RTVSPropertyOp37
  70
1
  102
RTVSPropertyOp38
  70
1
  102
RTVSPropertyOp39
  70
1
  102
RTVSPropertyOp40
  70
1
  102
RTVSPropertyOp41
  70
1
  102
RTVSPropertyOp42
  70
1
  102
RTVSPropertyOp43
  70
1
  102
RTVSPropertyOp44
  70
1
  102
RTVSPropertyOp45
  70
1
  102
RTVSPropertyOp46
  70
1
  102
RTVSPropertyOp47
  70
1
  102
RTVSPropertyOp48
  70
1
  102
RTVSPropertyOp49
  70
1
  102
RTVSPropertyOp50
  70
1
  102
RTVSPropertyOp51
  70
0
  102
RTVSPropertyOp52
  70
0
  102
RTVSPropertyOp53
  70
1
  102
RTVSPropertyOp54
  70
1
  102
RTVSPropertyOp55
  70
1
  102
RTVSPropertyOp56
  70
1
  102
RTVSPropertyOp57
  70
1
  102
RTVSPropertyOp58
  70
1
  102
RTVSPropertyOp59
  70
1
  102
RTVSPropertyOp60
  70
1
  102
RTVSPropertyOp61
  70
1
  102
RTVSPropertyOp62
  70
1
  0
XRECORD
  5
331
  102
{ACAD_REACTORS
  330
330
  102
}
  330
330
  100
AcDbXrecord
  280
1
  102
RTVSPost2010Prop28
  280
0
  102
RTVSPost2010PropOp28
  70
1
  102
RTVSPost2010Prop29
  280
1
  102
RTVSPost2010PropOp29
  70
1
  102
RTVSPost2010Prop30
  280
1
  102
RTVSPost2010PropOp30
  70
1
  102
RTVSPost2010Prop31
  280
0
  102
RTVSPost2010PropOp31
  70
1
  102
RTVSPost2010Prop32
  280
0
  102
RTVSPost2010PropOp32
  70
1
  102
RTVSPost2010Prop33
  280
0
  102
RTVSPost2010PropOp33
  70
1
  102
RTVSPost2010Prop34
  280
0
  102
RTVSPost2010PropOp34
  70
1
  102
RTVSPost2010Prop35
  280
0
  102
RTVSPost2010PropOp35
  70
1
  102
RTVSPost2010Prop36
  280
0
  102
RTVSPost2010PropOp36
  70
1
  102
RTVSPost2010Prop37
  90
50
  102
RTVSPost2010PropOp37
  70
1
  102
RTVSPost2010Prop38
  140
0
  102
RTVSPost2010PropOp38
  70
1
  102
RTVSPost2010Prop39
  140
1
  102
RTVSPost2010PropOp39
  70
1
  102
RTVSPost2010Prop40
  90
0
  102
RTVSPost2010PropOp40
  70
1
  102
RTVSPost2010Prop41ColorIndex
  90
18
  102
RTVSPost2010Prop41ColorRGB
  90
0
  102
RTVSPost2010PropOp41
  70
1
  102
RTVSPost2010Prop42
  90
50
  102
RTVSPost2010PropOp42
  70
1
  102
RTVSPost2010Prop43
  90
3
  102
RTVSPost2010PropOp43
  70
1
  102
RTVSPost2010Prop44ColorIndex
  90
5
  102
RTVSPost2010Prop44ColorRGB
  90
255
  102
RTVSPost2010PropOp44
  70
1
  102
RTVSPost2010Prop45
  280
0
  102
RTVSPost2010PropOp45
  70
1
  102
RTVSPost2010Prop46
  90
50
  102
RTVSPost2010PropOp46
  70
1
  102
RTVSPost2010Prop47
  90
50
  102
RTVSPost2010PropOp47
  70
1
  102
RTVSPost2010Prop48
  90
50
  102
RTVSPost2010PropOp48
  70
1
  102
RTVSPost2010Prop49
  280
0
  102
RTVSPost2010PropOp49
  70
1
  102
RTVSPost2010Prop50
  90
50
  102
RTVSPost2010PropOp50
  70
1
  102
RTVSPost2010Prop51ColorIndex
  90
256
  102
RTVSPost2010Prop51ColorRGB
  90
-16777216
  102
RTVSPost2010PropOp51
  70
0
  102
RTVSPost2010Prop52
  140
1
  102
RTVSPost2010PropOp52
  70
0
  102
RTVSPost2010Prop53
  90
2
  102
RTVSPost2010PropOp53
  70
1
  102
RTVSPost2010Prop54
  1
strokes_ogs.tif
  102
RTVSPost2010PropOp54
  70
1
  102
RTVSPost2010Prop55
  280
0
  102
RTVSPost2010PropOp55
  70
1
  102
RTVSPost2010Prop56
  140
1
  102
RTVSPost2010PropOp56
  70
1
  102
RTVSPost2010Prop57
  140
1
  102
RTVSPost2010PropOp57
  70
1
  102
RTVSPropertyOp0
  70
1
  102
RTVSPropertyOp1
  70
1
  102
RTVSPropertyOp2
  70
1
  102
RTVSPropertyOp3
  70
1
  102
RTVSPropertyOp4
  70
1
  102
RTVSPropertyOp5
  70
1
  102
RTVSPropertyOp6
  70
1
  102
RTVSPropertyOp7
  70
1
  102
RTVSPropertyOp8
  70
1
  102
RTVSPropertyOp9
  70
1
  102
RTVSPropertyOp10
  70
1
  102
RTVSPropertyOp11
  70
1
  102
RTVSPropertyOp12
  70
1
  102
RTVSPropertyOp13
  70
1
  102
RTVSPropertyOp14
  70
1
  102
RTVSPropertyOp15
  70
1
  102
RTVSPropertyOp16
  70
1
  102
RTVSPropertyOp17
  70
1
  102
RTVSPropertyOp18
  70
1
  102
RTVSPropertyOp19
  70
1
  102
RTVSPropertyOp20
  70
1
  102
RTVSPropertyOp21
  70
1
  102
RTVSPropertyOp22
  70
1
  102
RTVSPropertyOp23
  70
1
  102
RTVSPropertyOp24
  70
1
  102
RTVSPropertyOp25
  70
1
  102
RTVSPropertyOp26
  70
1
  102
RTVSPropertyOp27
  70
1
  102
RTVSPropertyOp28
  70
1
  102
RTVSPropertyOp29
  70
1
  102
RTVSPropertyOp30
  70
1
  102
RTVSPropertyOp31
  70
1
  102
RTVSPropertyOp32
  70
1
  102
RTVSPropertyOp33
  70
1
  102
RTVSPropertyOp34
  70
1
  102
RTVSPropertyOp35
  70
1
  102
RTVSPropertyOp36
  70
1
  102
RTVSPropertyOp37
  70
1
  102
RTVSPropertyOp38
  70
1
  102
RTVSPropertyOp39
  70
1
  102
RTVSPropertyOp40
  70
1
  102
RTVSPropertyOp41
  70
1
  102
RTVSPropertyOp42
  70
1
  102
RTVSPropertyOp43
  70
1
  102
RTVSPropertyOp44
  70
1
  102
RTVSPropertyOp45
  70
1
  102
RTVSPropertyOp46
  70
1
  102
RTVSPropertyOp47
  70
1
  102
RTVSPropertyOp48
  70
1
  102
RTVSPropertyOp49
  70
1
  102
RTVSPropertyOp50
  70
1
  102
RTVSPropertyOp51
  70
0
  102
RTVSPropertyOp52
  70
0
  102
RTVSPropertyOp53
  70
1
  102
RTVSPropertyOp54
  70
1
  102
RTVSPropertyOp55
  70
1
  102
RTVSPropertyOp56
  70
1
  102
RTVSPropertyOp57
  70
1
  102
RTVSPropertyOp58
  70
1
  102
RTVSPropertyOp59
  70
1
  102
RTVSPropertyOp60
  70
1
  102
RTVSPropertyOp61
  70
1
  102
RTVSPropertyOp62
  70
1
  0
XRECORD
  5
333
  102
{ACAD_REACTORS
  330
332
  102
}
  330
332
  100
AcDbXrecord
  280
1
  102
RTVSPost2010Prop28
  280
0
  102
RTVSPost2010PropOp28
  70
1
  102
RTVSPost2010Prop29
  280
1
  102
RTVSPost2010PropOp29
  70
1
  102
RTVSPost2010Prop30
  280
1
  102
RTVSPost2010PropOp30
  70
1
  102
RTVSPost2010Prop31
  280
0
  102
RTVSPost2010PropOp31
  70
1
  102
RTVSPost2010Prop32
  280
0
  102
RTVSPost2010PropOp32
  70
1
  102
RTVSPost2010Prop33
  280
0
  102
RTVSPost2010PropOp33
  70
1
  102
RTVSPost2010Prop34
  280
0
  102
RTVSPost2010PropOp34
  70
1
  102
RTVSPost2010Prop35
  280
0
  102
RTVSPost2010PropOp35
  70
1
  102
RTVSPost2010Prop36
  280
0
  102
RTVSPost2010PropOp36
  70
1
  102
RTVSPost2010Prop37
  90
50
  102
RTVSPost2010PropOp37
  70
1
  102
RTVSPost2010Prop38
  140
0
  102
RTVSPost2010PropOp38
  70
1
  102
RTVSPost2010Prop39
  140
1
  102
RTVSPost2010PropOp39
  70
1
  102
RTVSPost2010Prop40
  90
0
  102
RTVSPost2010PropOp40
  70
1
  102
RTVSPost2010Prop41ColorIndex
  90
18
  102
RTVSPost2010Prop41ColorRGB
  90
0
  102
RTVSPost2010PropOp41
  70
1
  102
RTVSPost2010Prop42
  90
50
  102
RTVSPost2010PropOp42
  70
1
  102
RTVSPost2010Prop43
  90
3
  102
RTVSPost2010PropOp43
  70
1
  102
RTVSPost2010Prop44ColorIndex
  90
5
  102
RTVSPost2010Prop44ColorRGB
  90
255
  102
RTVSPost2010PropOp44
  70
1
  102
RTVSPost2010Prop45
  280
0
  102
RTVSPost2010PropOp45
  70
1
  102
RTVSPost2010Prop46
  90
50
  102
RTVSPost2010PropOp46
  70
1
  102
RTVSPost2010Prop47
  90
50
  102
RTVSPost2010PropOp47
  70
1
  102
RTVSPost2010Prop48
  90
50
  102
RTVSPost2010PropOp48
  70
1
  102
RTVSPost2010Prop49
  280
0
  102
RTVSPost2010PropOp49
  70
1
  102
RTVSPost2010Prop50
  90
50
  102
RTVSPost2010PropOp50
  70
1
  102
RTVSPost2010Prop51ColorIndex
  90
256
  102
RTVSPost2010Prop51ColorRGB
  90
-16777216
  102
RTVSPost2010PropOp51
  70
0
  102
RTVSPost2010Prop52
  140
1
  102
RTVSPost2010PropOp52
  70
0
  102
RTVSPost2010Prop53
  90
2
  102
RTVSPost2010PropOp53
  70
1
  102
RTVSPost2010Prop54
  1
strokes_ogs.tif
  102
RTVSPost2010PropOp54
  70
1
  102
RTVSPost2010Prop55
  280
0
  102
RTVSPost2010PropOp55
  70
1
  102
RTVSPost2010Prop56
  140
1
  102
RTVSPost2010PropOp56
  70
1
  102
RTVSPost2010Prop57
  140
1
  102
RTVSPost2010PropOp57
  70
1
  102
RTVSPropertyOp0
  70
1
  102
RTVSPropertyOp1
  70
1
  102
RTVSPropertyOp2
  70
1
  102
RTVSPropertyOp3
  70
1
  102
RTVSPropertyOp4
  70
1
  102
RTVSPropertyOp5
  70
1
  102
RTVSPropertyOp6
  70
1
  102
RTVSPropertyOp7
  70
1
  102
RTVSPropertyOp8
  70
1
  102
RTVSPropertyOp9
  70
1
  102
RTVSPropertyOp10
  70
1
  102
RTVSPropertyOp11
  70
1
  102
RTVSPropertyOp12
  70
1
  102
RTVSPropertyOp13
  70
1
  102
RTVSPropertyOp14
  70
1
  102
RTVSPropertyOp15
  70
1
  102
RTVSPropertyOp16
  70
1
  102
RTVSPropertyOp17
  70
1
  102
RTVSPropertyOp18
  70
1
  102
RTVSPropertyOp19
  70
1
  102
RTVSPropertyOp20
  70
1
  102
RTVSPropertyOp21
  70
1
  102
RTVSPropertyOp22
  70
1
  102
RTVSPropertyOp23
  70
1
  102
RTVSPropertyOp24
  70
1
  102
RTVSPropertyOp25
  70
1
  102
RTVSPropertyOp26
  70
1
  102
RTVSPropertyOp27
  70
1
  102
RTVSPropertyOp28
  70
1
  102
RTVSPropertyOp29
  70
1
  102
RTVSPropertyOp30
  70
1
  102
RTVSPropertyOp31
  70
1
  102
RTVSPropertyOp32
  70
1
  102
RTVSPropertyOp33
  70
1
  102
RTVSPropertyOp34
  70
1
  102
RTVSPropertyOp35
  70
1
  102
RTVSPropertyOp36
  70
1
  102
RTVSPropertyOp37
  70
1
  102
RTVSPropertyOp38
  70
1
  102
RTVSPropertyOp39
  70
1
  102
RTVSPropertyOp40
  70
1
  102
RTVSPropertyOp41
  70
1
  102
RTVSPropertyOp42
  70
1
  102
RTVSPropertyOp43
  70
1
  102
RTVSPropertyOp44
  70
1
  102
RTVSPropertyOp45
  70
1
  102
RTVSPropertyOp46
  70
1
  102
RTVSPropertyOp47
  70
1
  102
RTVSPropertyOp48
  70
1
  102
RTVSPropertyOp49
  70
1
  102
RTVSPropertyOp50
  70
1
  102
RTVSPropertyOp51
  70
0
  102
RTVSPropertyOp52
  70
0
  102
RTVSPropertyOp53
  70
1
  102
RTVSPropertyOp54
  70
1
  102
RTVSPropertyOp55
  70
1
  102
RTVSPropertyOp56
  70
1
  102
RTVSPropertyOp57
  70
1
  102
RTVSPropertyOp58
  70
1
  102
RTVSPropertyOp59
  70
1
  102
RTVSPropertyOp60
  70
1
  102
RTVSPropertyOp61
  70
1
  102
RTVSPropertyOp62
  70
1
  0
XRECORD
  5
323
  102
{ACAD_REACTORS
  330
322
  102
}
  330
322
  100
AcDbXrecord
  280
1
  102
RTVSPost2010Prop28
  280
0
  102
RTVSPost2010PropOp28
  70
1
  102
RTVSPost2010Prop29
  280
1
  102
RTVSPost2010PropOp29
  70
1
  102
RTVSPost2010Prop30
  280
1
  102
RTVSPost2010PropOp30
  70
1
  102
RTVSPost2010Prop31
  280
0
  102
RTVSPost2010PropOp31
  70
1
  102
RTVSPost2010Prop32
  280
0
  102
RTVSPost2010PropOp32
  70
1
  102
RTVSPost2010Prop33
  280
0
  102
RTVSPost2010PropOp33
  70
1
  102
RTVSPost2010Prop34
  280
0
  102
RTVSPost2010PropOp34
  70
1
  102
RTVSPost2010Prop35
  280
0
  102
RTVSPost2010PropOp35
  70
1
  102
RTVSPost2010Prop36
  280
0
  102
RTVSPost2010PropOp36
  70
1
  102
RTVSPost2010Prop37
  90
50
  102
RTVSPost2010PropOp37
  70
1
  102
RTVSPost2010Prop38
  140
0
  102
RTVSPost2010PropOp38
  70
1
  102
RTVSPost2010Prop39
  140
1
  102
RTVSPost2010PropOp39
  70
1
  102
RTVSPost2010Prop40
  90
0
  102
RTVSPost2010PropOp40
  70
1
  102
RTVSPost2010Prop41ColorIndex
  90
18
  102
RTVSPost2010Prop41ColorRGB
  90
0
  102
RTVSPost2010PropOp41
  70
1
  102
RTVSPost2010Prop42
  90
50
  102
RTVSPost2010PropOp42
  70
1
  102
RTVSPost2010Prop43
  90
3
  102
RTVSPost2010PropOp43
  70
1
  102
RTVSPost2010Prop44ColorIndex
  90
5
  102
RTVSPost2010Prop44ColorRGB
  90
255
  102
RTVSPost2010PropOp44
  70
1
  102
RTVSPost2010Prop45
  280
0
  102
RTVSPost2010PropOp45
  70
1
  102
RTVSPost2010Prop46
  90
50
  102
RTVSPost2010PropOp46
  70
1
  102
RTVSPost2010Prop47
  90
50
  102
RTVSPost2010PropOp47
  70
1
  102
RTVSPost2010Prop48
  90
50
  102
RTVSPost2010PropOp48
  70
1
  102
RTVSPost2010Prop49
  280
0
  102
RTVSPost2010PropOp49
  70
1
  102
RTVSPost2010Prop50
  90
50
  102
RTVSPost2010PropOp50
  70
1
  102
RTVSPost2010Prop51ColorIndex
  90
256
  102
RTVSPost2010Prop51ColorRGB
  90
-16777216
  102
RTVSPost2010PropOp51
  70
0
  102
RTVSPost2010Prop52
  140
1
  102
RTVSPost2010PropOp52
  70
0
  102
RTVSPost2010Prop53
  90
2
  102
RTVSPost2010PropOp53
  70
1
  102
RTVSPost2010Prop54
  1
strokes_ogs.tif
  102
RTVSPost2010PropOp54
  70
1
  102
RTVSPost2010Prop55
  280
0
  102
RTVSPost2010PropOp55
  70
1
  102
RTVSPost2010Prop56
  140
1
  102
RTVSPost2010PropOp56
  70
1
  102
RTVSPost2010Prop57
  140
1
  102
RTVSPost2010PropOp57
  70
1
  102
RTVSPropertyOp0
  70
1
  102
RTVSPropertyOp1
  70
1
  102
RTVSPropertyOp2
  70
1
  102
RTVSPropertyOp3
  70
1
  102
RTVSPropertyOp4
  70
1
  102
RTVSPropertyOp5
  70
1
  102
RTVSPropertyOp6
  70
1
  102
RTVSPropertyOp7
  70
1
  102
RTVSPropertyOp8
  70
1
  102
RTVSPropertyOp9
  70
1
  102
RTVSPropertyOp10
  70
1
  102
RTVSPropertyOp11
  70
1
  102
RTVSPropertyOp12
  70
1
  102
RTVSPropertyOp13
  70
1
  102
RTVSPropertyOp14
  70
1
  102
RTVSPropertyOp15
  70
1
  102
RTVSPropertyOp16
  70
1
  102
RTVSPropertyOp17
  70
1
  102
RTVSPropertyOp18
  70
1
  102
RTVSPropertyOp19
  70
1
  102
RTVSPropertyOp20
  70
1
  102
RTVSPropertyOp21
  70
1
  102
RTVSPropertyOp22
  70
1
  102
RTVSPropertyOp23
  70
1
  102
RTVSPropertyOp24
  70
1
  102
RTVSPropertyOp25
  70
1
  102
RTVSPropertyOp26
  70
1
  102
RTVSPropertyOp27
  70
1
  102
RTVSPropertyOp28
  70
1
  102
RTVSPropertyOp29
  70
1
  102
RTVSPropertyOp30
  70
1
  102
RTVSPropertyOp31
  70
1
  102
RTVSPropertyOp32
  70
1
  102
RTVSPropertyOp33
  70
1
  102
RTVSPropertyOp34
  70
1
  102
RTVSPropertyOp35
  70
1
  102
RTVSPropertyOp36
  70
1
  102
RTVSPropertyOp37
  70
1
  102
RTVSPropertyOp38
  70
1
  102
RTVSPropertyOp39
  70
1
  102
RTVSPropertyOp40
  70
1
  102
RTVSPropertyOp41
  70
1
  102
RTVSPropertyOp42
  70
1
  102
RTVSPropertyOp43
  70
1
  102
RTVSPropertyOp44
  70
1
  102
RTVSPropertyOp45
  70
1
  102
RTVSPropertyOp46
  70
1
  102
RTVSPropertyOp47
  70
1
  102
RTVSPropertyOp48
  70
1
  102
RTVSPropertyOp49
  70
1
  102
RTVSPropertyOp50
  70
1
  102
RTVSPropertyOp51
  70
0
  102
RTVSPropertyOp52
  70
0
  102
RTVSPropertyOp53
  70
1
  102
RTVSPropertyOp54
  70
1
  102
RTVSPropertyOp55
  70
1
  102
RTVSPropertyOp56
  70
1
  102
RTVSPropertyOp57
  70
1
  102
RTVSPropertyOp58
  70
1
  102
RTVSPropertyOp59
  70
1
  102
RTVSPropertyOp60
  70
1
  102
RTVSPropertyOp61
  70
1
  102
RTVSPropertyOp62
  70
1
  0
XRECORD
  5
317
  102
{ACAD_REACTORS
  330
316
  102
}
  330
316
  100
AcDbXrecord
  280
1
  102
RTVSPost2010Prop28
  280
0
  102
RTVSPost2010PropOp28
  70
1
  102
RTVSPost2010Prop29
  280
1
  102
RTVSPost2010PropOp29
  70
1
  102
RTVSPost2010Prop30
  280
1
  102
RTVSPost2010PropOp30
  70
1
  102
RTVSPost2010Prop31
  280
0
  102
RTVSPost2010PropOp31
  70
1
  102
RTVSPost2010Prop32
  280
0
  102
RTVSPost2010PropOp32
  70
1
  102
RTVSPost2010Prop33
  280
0
  102
RTVSPost2010PropOp33
  70
1
  102
RTVSPost2010Prop34
  280
0
  102
RTVSPost2010PropOp34
  70
1
  102
RTVSPost2010Prop35
  280
0
  102
RTVSPost2010PropOp35
  70
1
  102
RTVSPost2010Prop36
  280
0
  102
RTVSPost2010PropOp36
  70
1
  102
RTVSPost2010Prop37
  90
50
  102
RTVSPost2010PropOp37
  70
1
  102
RTVSPost2010Prop38
  140
0
  102
RTVSPost2010PropOp38
  70
1
  102
RTVSPost2010Prop39
  140
1
  102
RTVSPost2010PropOp39
  70
1
  102
RTVSPost2010Prop40
  90
0
  102
RTVSPost2010PropOp40
  70
1
  102
RTVSPost2010Prop41ColorIndex
  90
18
  102
RTVSPost2010Prop41ColorRGB
  90
0
  102
RTVSPost2010PropOp41
  70
1
  102
RTVSPost2010Prop42
  90
50
  102
RTVSPost2010PropOp42
  70
1
  102
RTVSPost2010Prop43
  90
3
  102
RTVSPost2010PropOp43
  70
1
  102
RTVSPost2010Prop44ColorIndex
  90
5
  102
RTVSPost2010Prop44ColorRGB
  90
255
  102
RTVSPost2010PropOp44
  70
1
  102
RTVSPost2010Prop45
  280
0
  102
RTVSPost2010PropOp45
  70
1
  102
RTVSPost2010Prop46
  90
50
  102
RTVSPost2010PropOp46
  70
1
  102
RTVSPost2010Prop47
  90
50
  102
RTVSPost2010PropOp47
  70
1
  102
RTVSPost2010Prop48
  90
50
  102
RTVSPost2010PropOp48
  70
1
  102
RTVSPost2010Prop49
  280
0
  102
RTVSPost2010PropOp49
  70
1
  102
RTVSPost2010Prop50
  90
50
  102
RTVSPost2010PropOp50
  70
1
  102
RTVSPost2010Prop51ColorIndex
  90
256
  102
RTVSPost2010Prop51ColorRGB
  90
-16777216
  102
RTVSPost2010PropOp51
  70
0
  102
RTVSPost2010Prop52
  140
1
  102
RTVSPost2010PropOp52
  70
0
  102
RTVSPost2010Prop53
  90
2
  102
RTVSPost2010PropOp53
  70
1
  102
RTVSPost2010Prop54
  1
strokes_ogs.tif
  102
RTVSPost2010PropOp54
  70
1
  102
RTVSPost2010Prop55
  280
0
  102
RTVSPost2010PropOp55
  70
1
  102
RTVSPost2010Prop56
  140
1
  102
RTVSPost2010PropOp56
  70
1
  102
RTVSPost2010Prop57
  140
1
  102
RTVSPost2010PropOp57
  70
1
  102
RTVSPropertyOp0
  70
1
  102
RTVSPropertyOp1
  70
1
  102
RTVSPropertyOp2
  70
1
  102
RTVSPropertyOp3
  70
1
  102
RTVSPropertyOp4
  70
1
  102
RTVSPropertyOp5
  70
1
  102
RTVSPropertyOp6
  70
1
  102
RTVSPropertyOp7
  70
1
  102
RTVSPropertyOp8
  70
1
  102
RTVSPropertyOp9
  70
1
  102
RTVSPropertyOp10
  70
1
  102
RTVSPropertyOp11
  70
1
  102
RTVSPropertyOp12
  70
1
  102
RTVSPropertyOp13
  70
1
  102
RTVSPropertyOp14
  70
1
  102
RTVSPropertyOp15
  70
1
  102
RTVSPropertyOp16
  70
1
  102
RTVSPropertyOp17
  70
1
  102
RTVSPropertyOp18
  70
1
  102
RTVSPropertyOp19
  70
1
  102
RTVSPropertyOp20
  70
1
  102
RTVSPropertyOp21
  70
1
  102
RTVSPropertyOp22
  70
1
  102
RTVSPropertyOp23
  70
1
  102
RTVSPropertyOp24
  70
1
  102
RTVSPropertyOp25
  70
1
  102
RTVSPropertyOp26
  70
1
  102
RTVSPropertyOp27
  70
1
  102
RTVSPropertyOp28
  70
1
  102
RTVSPropertyOp29
  70
1
  102
RTVSPropertyOp30
  70
1
  102
RTVSPropertyOp31
  70
1
  102
RTVSPropertyOp32
  70
1
  102
RTVSPropertyOp33
  70
1
  102
RTVSPropertyOp34
  70
1
  102
RTVSPropertyOp35
  70
1
  102
RTVSPropertyOp36
  70
1
  102
RTVSPropertyOp37
  70
1
  102
RTVSPropertyOp38
  70
1
  102
RTVSPropertyOp39
  70
1
  102
RTVSPropertyOp40
  70
1
  102
RTVSPropertyOp41
  70
1
  102
RTVSPropertyOp42
  70
1
  102
RTVSPropertyOp43
  70
1
  102
RTVSPropertyOp44
  70
1
  102
RTVSPropertyOp45
  70
1
  102
RTVSPropertyOp46
  70
1
  102
RTVSPropertyOp47
  70
1
  102
RTVSPropertyOp48
  70
1
  102
RTVSPropertyOp49
  70
1
  102
RTVSPropertyOp50
  70
1
  102
RTVSPropertyOp51
  70
0
  102
RTVSPropertyOp52
  70
0
  102
RTVSPropertyOp53
  70
1
  102
RTVSPropertyOp54
  70
1
  102
RTVSPropertyOp55
  70
1
  102
RTVSPropertyOp56
  70
1
  102
RTVSPropertyOp57
  70
1
  102
RTVSPropertyOp58
  70
1
  102
RTVSPropertyOp59
  70
1
  102
RTVSPropertyOp60
  70
1
  102
RTVSPropertyOp61
  70
1
  102
RTVSPropertyOp62
  70
1
  0
XRECORD
  5
335
  102
{ACAD_REACTORS
  330
334
  102
}
  330
334
  100
AcDbXrecord
  280
1
  102
RTVSPost2010Prop28
  280
0
  102
RTVSPost2010PropOp28
  70
1
  102
RTVSPost2010Prop29
  280
1
  102
RTVSPost2010PropOp29
  70
1
  102
RTVSPost2010Prop30
  280
1
  102
RTVSPost2010PropOp30
  70
1
  102
RTVSPost2010Prop31
  280
0
  102
RTVSPost2010PropOp31
  70
1
  102
RTVSPost2010Prop32
  280
0
  102
RTVSPost2010PropOp32
  70
1
  102
RTVSPost2010Prop33
  280
0
  102
RTVSPost2010PropOp33
  70
1
  102
RTVSPost2010Prop34
  280
0
  102
RTVSPost2010PropOp34
  70
1
  102
RTVSPost2010Prop35
  280
0
  102
RTVSPost2010PropOp35
  70
1
  102
RTVSPost2010Prop36
  280
0
  102
RTVSPost2010PropOp36
  70
1
  102
RTVSPost2010Prop37
  90
50
  102
RTVSPost2010PropOp37
  70
1
  102
RTVSPost2010Prop38
  140
0
  102
RTVSPost2010PropOp38
  70
1
  102
RTVSPost2010Prop39
  140
1
  102
RTVSPost2010PropOp39
  70
1
  102
RTVSPost2010Prop40
  90
0
  102
RTVSPost2010PropOp40
  70
1
  102
RTVSPost2010Prop41ColorIndex
  90
18
  102
RTVSPost2010Prop41ColorRGB
  90
0
  102
RTVSPost2010PropOp41
  70
1
  102
RTVSPost2010Prop42
  90
50
  102
RTVSPost2010PropOp42
  70
1
  102
RTVSPost2010Prop43
  90
3
  102
RTVSPost2010PropOp43
  70
1
  102
RTVSPost2010Prop44ColorIndex
  90
5
  102
RTVSPost2010Prop44ColorRGB
  90
255
  102
RTVSPost2010PropOp44
  70
1
  102
RTVSPost2010Prop45
  280
0
  102
RTVSPost2010PropOp45
  70
1
  102
RTVSPost2010Prop46
  90
50
  102
RTVSPost2010PropOp46
  70
1
  102
RTVSPost2010Prop47
  90
50
  102
RTVSPost2010PropOp47
  70
1
  102
RTVSPost2010Prop48
  90
50
  102
RTVSPost2010PropOp48
  70
1
  102
RTVSPost2010Prop49
  280
0
  102
RTVSPost2010PropOp49
  70
1
  102
RTVSPost2010Prop50
  90
50
  102
RTVSPost2010PropOp50
  70
1
  102
RTVSPost2010Prop51ColorIndex
  90
256
  102
RTVSPost2010Prop51ColorRGB
  90
-16777216
  102
RTVSPost2010PropOp51
  70
0
  102
RTVSPost2010Prop52
  140
1
  102
RTVSPost2010PropOp52
  70
0
  102
RTVSPost2010Prop53
  90
2
  102
RTVSPost2010PropOp53
  70
1
  102
RTVSPost2010Prop54
  1
strokes_ogs.tif
  102
RTVSPost2010PropOp54
  70
1
  102
RTVSPost2010Prop55
  280
0
  102
RTVSPost2010PropOp55
  70
1
  102
RTVSPost2010Prop56
  140
1
  102
RTVSPost2010PropOp56
  70
1
  102
RTVSPost2010Prop57
  140
1
  102
RTVSPost2010PropOp57
  70
1
  102
RTVSPropertyOp0
  70
1
  102
RTVSPropertyOp1
  70
1
  102
RTVSPropertyOp2
  70
1
  102
RTVSPropertyOp3
  70
1
  102
RTVSPropertyOp4
  70
1
  102
RTVSPropertyOp5
  70
1
  102
RTVSPropertyOp6
  70
1
  102
RTVSPropertyOp7
  70
1
  102
RTVSPropertyOp8
  70
1
  102
RTVSPropertyOp9
  70
1
  102
RTVSPropertyOp10
  70
1
  102
RTVSPropertyOp11
  70
1
  102
RTVSPropertyOp12
  70
1
  102
RTVSPropertyOp13
  70
1
  102
RTVSPropertyOp14
  70
1
  102
RTVSPropertyOp15
  70
1
  102
RTVSPropertyOp16
  70
1
  102
RTVSPropertyOp17
  70
1
  102
RTVSPropertyOp18
  70
1
  102
RTVSPropertyOp19
  70
1
  102
RTVSPropertyOp20
  70
1
  102
RTVSPropertyOp21
  70
1
  102
RTVSPropertyOp22
  70
1
  102
RTVSPropertyOp23
  70
1
  102
RTVSPropertyOp24
  70
1
  102
RTVSPropertyOp25
  70
1
  102
RTVSPropertyOp26
  70
1
  102
RTVSPropertyOp27
  70
1
  102
RTVSPropertyOp28
  70
1
  102
RTVSPropertyOp29
  70
1
  102
RTVSPropertyOp30
  70
1
  102
RTVSPropertyOp31
  70
1
  102
RTVSPropertyOp32
  70
1
  102
RTVSPropertyOp33
  70
1
  102
RTVSPropertyOp34
  70
1
  102
RTVSPropertyOp35
  70
1
  102
RTVSPropertyOp36
  70
1
  102
RTVSPropertyOp37
  70
1
  102
RTVSPropertyOp38
  70
1
  102
RTVSPropertyOp39
  70
1
  102
RTVSPropertyOp40
  70
1
  102
RTVSPropertyOp41
  70
1
  102
RTVSPropertyOp42
  70
1
  102
RTVSPropertyOp43
  70
1
  102
RTVSPropertyOp44
  70
1
  102
RTVSPropertyOp45
  70
1
  102
RTVSPropertyOp46
  70
1
  102
RTVSPropertyOp47
  70
1
  102
RTVSPropertyOp48
  70
1
  102
RTVSPropertyOp49
  70
1
  102
RTVSPropertyOp50
  70
1
  102
RTVSPropertyOp51
  70
0
  102
RTVSPropertyOp52
  70
0
  102
RTVSPropertyOp53
  70
1
  102
RTVSPropertyOp54
  70
1
  102
RTVSPropertyOp55
  70
1
  102
RTVSPropertyOp56
  70
1
  102
RTVSPropertyOp57
  70
1
  102
RTVSPropertyOp58
  70
1
  102
RTVSPropertyOp59
  70
1
  102
RTVSPropertyOp60
  70
1
  102
RTVSPropertyOp61
  70
1
  102
RTVSPropertyOp62
  70
1
  0
ENDSEC
  0
EOF