millis,sync4_train_start,bnc_interval_ms,sync4_interval_ms,,,,,
124140.73,47:49.7,,,,,Mean,Min,Max
124640.02,47:50.2,499.29,500,-0.71,,-0.022391753,-8.899999999,0.960000001
124708.08,47:50.3,68.06,68,0.06,,,,
127956.85,47:53.5,3248.77,3248,0.77,,,,
128019.87,47:53.6,63.02,64,-0.98,,,,
128087.93,47:53.7,68.06,68,0.06,,,,
128564.74,47:54.2,476.81,476,0.81,,,,
145059.66,48:10.7,16494.92,16495,-0.08,,,,
145465.81,48:11.1,406.15,406,0.15,,,,
145533.86,48:11.1,68.05,69,-0.95,,,,
146595.73,48:12.2,1061.87,1061,0.87,,,,
146658.75,48:12.3,63.02,63,0.02,,,,
146726.81,48:12.3,68.06,68,0.06,,,,
147263.27,48:12.9,536.46,537,-0.54,,,,
160879.83,48:26.5,13616.56,13617,-0.44,,,,
161283.43,48:26.9,403.6,403,0.6,,,,
161351.49,48:26.9,68.06,68,0.06,,,,
162288.06,48:27.9,936.57,937,-0.43,,,,
162351.08,48:27.9,63.02,63,0.02,,,,
162419.14,48:28.0,68.06,68,0.06,,,,
162836.47,48:28.4,417.33,417,0.33,,,,
189518.05,48:55.1,26681.58,26682,-0.42,,,,
189921.58,48:55.5,403.53,403,0.53,,,,
189989.63,48:55.6,68.05,68,0.05,,,,
190785.9,48:56.4,796.27,797,-0.73,,,,
190848.92,48:56.4,63.02,63,0.02,,,,
190916.98,48:56.5,68.06,68,0.06,,,,
212548.22,49:18.1,21631.24,21631,0.24,,,,
239046.58,49:44.6,26498.36,26498,0.36,,,,
239486.79,49:45.1,440.21,441,-0.79,,,,
239554.85,49:45.1,68.06,68,0.06,,,,
240267.39,49:45.9,712.54,712,0.54,,,,
240330.41,49:45.9,63.02,63,0.02,,,,
240398.47,49:46.0,68.06,68,0.06,,,,
241054.12,49:46.6,655.65,656,-0.35,,,,
261237.11,50:06.8,20182.99,20183,-0.01,,,,
261660.18,50:07.3,423.07,423,0.07,,,,
261728.24,50:07.3,68.06,68,0.06,,,,
262456.81,50:08.1,728.57,729,-0.43,,,,
262519.83,50:08.1,63.02,63,0.02,,,,
262587.89,50:08.2,68.06,68,0.06,,,,
263660.96,50:09.3,1073.07,1073,0.07,,,,
274405.24,50:20.0,10744.28,10744,0.28,,,,
274858.76,50:20.5,453.52,454,-0.48,,,,
274926.82,50:20.5,68.06,68,0.06,,,,
275705.93,50:21.3,779.11,779,0.11,,,,
275768.95,50:21.4,63.02,63,0.02,,,,
275837,50:21.4,68.05,68,0.05,,,,
276671.78,50:22.3,834.78,835,-0.22,,,,
307097.48,50:52.7,30425.7,30425,0.7,,,,
307502.63,50:53.1,405.15,405,0.15,,,,
307570.69,50:53.2,68.06,69,-0.94,,,,
308267.8,50:53.9,697.11,697,0.11,,,,
308330.82,50:53.9,63.02,63,0.02,,,,
308398.88,50:54.0,68.06,68,0.06,,,,
309650.78,50:55.2,1251.9,1252,-0.1,,,,
375804.78,52:01.4,66154,66154,0,,,,
376509.56,52:02.1,704.78,704,0.78,,,,
376577.61,52:02.2,68.05,69,-0.95,,,,
377312.92,52:02.9,735.31,735,0.31,,,,
377375.94,52:03.0,63.02,63,0.02,,,,
377444,52:03.0,68.06,68,0.06,,,,
378696.36,52:04.3,1252.36,1252,0.36,,,,
389516.27,52:15.1,10819.91,10820,-0.09,,,,
390032.52,52:15.6,516.25,516,0.25,,,,
390100.57,52:15.7,68.05,68,0.05,,,,
390797.89,52:16.4,697.32,698,-0.68,,,,
390860.9,52:16.5,63.01,63,0.01,,,,
390928.96,52:16.5,68.06,68,0.06,,,,
391882.7,52:17.5,953.74,954,-0.26,,,,
408931.85,52:34.5,17049.15,17049,0.15,,,,
409341.42,52:34.9,409.57,409,0.57,,,,
409409.47,52:35.0,68.05,68,0.05,,,,
410151.62,52:35.7,742.15,743,-0.85,,,,
410214.64,52:35.8,63.02,63,0.02,,,,
410282.69,52:35.9,68.05,68,0.05,,,,
410759.56,52:36.4,476.87,476,0.87,,,,
454012.48,53:19.6,43252.92,43253,-0.08,,,,
454080.24,53:19.7,67.76,68,-0.24,,,,
492533.86,53:58.1,38453.62,38454,-0.38,,,,
493102.59,53:58.7,568.73,569,-0.27,,,,
493170.65,53:58.8,68.06,68,0.06,,,,
493835.18,53:59.4,664.53,664,0.53,,,,
493898.2,53:59.5,63.02,63,0.02,,,,
493966.26,53:59.6,68.06,68,0.06,,,,
499745.94,54:05.3,5779.68,5780,-0.32,,,,
499812.78,54:05.4,66.84,67,-0.16,,,,
500794.09,54:06.4,981.31,981,0.31,,,,
500861.85,54:06.5,67.76,68,-0.24,,,,
511757.34,54:17.4,10895.49,10895,0.49,,,,
511824.18,54:17.4,66.84,67,-0.16,,,,
512276.22,54:17.9,452.04,452,0.04,,,,
512343.06,54:17.9,66.84,67,-0.16,,,,
512506.79,54:18.1,163.73,164,-0.27,,,,
512573.66,54:18.2,66.87,67,-0.13,,,,
513021.46,54:18.6,447.8,447,0.8,,,,
513088.29,54:18.7,66.83,67,-0.17,,,,
513986.88,54:19.6,898.59,899,-0.41,,,,
514053.71,54:19.6,66.83,67,-0.17,,,,
514241.75,54:19.8,188.04,188,0.04,,,,
514308.59,54:19.9,66.84,67,-0.16,,,,
514628.06,54:20.2,319.47,319,0.47,,,,
514694.9,54:20.3,66.84,67,-0.16,,,,
514886.6,54:20.5,191.7,192,-0.3,,,,
514953.44,54:20.5,66.84,66,0.84,,,,
515568.57,54:21.2,615.13,616,-0.87,,,,
515635.41,54:21.2,66.84,66,0.84,,,,
515823.06,54:21.4,187.65,188,-0.35,,,,
515889.9,54:21.5,66.84,67,-0.16,,,,
517426.89,54:23.0,1536.99,1537,-0.01,,,,
517493.72,54:23.1,66.83,67,-0.17,,,,
517707.53,54:23.3,213.81,214,-0.19,,,,
517774.38,54:23.4,66.85,66,0.85,,,,
519052.27,54:24.6,1277.89,1278,-0.11,,,,
519119.1,54:24.7,66.83,67,-0.17,,,,
520051.37,54:25.6,932.27,932,0.27,,,,
520118.22,54:25.7,66.85,67,-0.15,,,,
520726.15,54:26.3,607.93,608,-0.07,,,,
520792.98,54:26.4,66.83,67,-0.17,,,,
521147.11,54:26.7,354.13,354,0.13,,,,
521213.95,54:26.8,66.84,67,-0.16,,,,
521554.17,54:27.1,340.22,340,0.22,,,,
521621.01,54:27.2,66.84,67,-0.16,,,,
521692.24,54:27.3,71.23,71,0.23,,,,
522601.79,54:28.2,909.55,910,-0.45,,,,
522668.63,54:28.3,66.84,67,-0.16,,,,
522997.5,54:28.6,328.87,329,-0.13,,,,
523064.35,54:28.7,66.85,66,0.85,,,,
523441.93,54:29.0,377.58,378,-0.42,,,,
523508.77,54:29.1,66.84,67,-0.16,,,,
523834.14,54:29.4,325.37,325,0.37,,,,
523900.98,54:29.5,66.84,67,-0.16,,,,
527163.82,54:32.8,3262.84,3263,-0.16,,,,
527230.68,54:32.8,66.86,67,-0.14,,,,
527856.07,54:33.4,625.39,625,0.39,,,,
527922.94,54:33.5,66.87,67,-0.13,,,,
533966.32,54:39.6,6043.38,6043,0.38,,,,
534033.15,54:39.6,66.83,67,-0.17,,,,
534106.91,54:39.7,73.76,74,-0.24,,,,
534321.72,54:39.9,214.81,215,-0.19,,,,
534388.56,54:40.0,66.84,67,-0.16,,,,
534474.56,54:40.1,86,86,0,,,,
534729.72,54:40.3,255.16,255,0.16,,,,
534796.57,54:40.4,66.85,67,-0.15,,,,
535151.4,54:40.7,354.83,354,0.83,,,,
535218.24,54:40.8,66.84,67,-0.16,,,,
535579.77,54:41.2,361.53,362,-0.47,,,,
535646.61,54:41.2,66.84,67,-0.16,,,,
535739.74,54:41.3,93.13,93,0.13,,,,
536005.18,54:41.6,265.44,265,0.44,,,,
536072.02,54:41.7,66.84,67,-0.16,,,,
536398.91,54:42.0,326.89,327,-0.11,,,,
536465.75,54:42.1,66.84,67,-0.16,,,,
537122.65,54:42.7,656.9,657,-0.1,,,,
537189.48,54:42.8,66.83,67,-0.17,,,,
537560.14,54:43.2,370.66,370,0.66,,,,
537626.98,54:43.2,66.84,67,-0.16,,,,
537698.21,54:43.3,71.23,71,0.23,,,,
537778.51,54:43.4,80.3,81,-0.7,,,,
537845.36,54:43.4,66.85,66,0.85,,,,
537972.43,54:43.6,127.07,127,0.07,,,,
624101.29,56:09.7,86128.86,86129,-0.14,,,,
624168.13,56:09.8,66.84,67,-0.16,,,,
646468.76,56:32.1,22300.63,22301,-0.37,,,,
646536.54,56:32.1,67.78,68,-0.22,,,,
646664.82,56:32.3,128.28,128,0.28,,,,
647229.57,56:32.8,564.75,565,-0.25,,,,
647297.35,56:32.9,67.78,68,-0.22,,,,
647389.17,56:33.0,91.82,91,0.82,,,,
647874.62,56:33.5,485.45,486,-0.55,,,,
647942.39,56:33.5,67.77,68,-0.23,,,,
648512.08,56:34.1,569.69,569,0.69,,,,
648579.87,56:34.2,67.79,68,-0.21,,,,
649557.57,56:35.2,977.7,978,-0.3,,,,
649625.35,56:35.2,67.78,68,-0.22,,,,
665428.14,56:51.0,15802.79,15802,0.79,,,,
667260.31,56:52.9,1832.17,1833,-0.83,,,,
667616.43,56:53.2,356.12,356,0.12,,,,
668845.81,56:54.4,1229.38,1229,0.38,,,,
682655.47,57:08.2,13809.66,13810,-0.34,,,,
683126.54,57:08.7,471.07,471,0.07,,,,
683194.59,57:08.8,68.05,68,0.05,,,,
683934.08,57:09.5,739.49,739,0.49,,,,
683997.1,57:09.6,63.02,63,0.02,,,,
684065.16,57:09.7,68.06,68,0.06,,,,
684482.35,57:10.1,417.19,418,-0.81,,,,
698908.75,57:24.5,14426.4,14426,0.4,,,,
699485.14,57:25.1,576.39,576,0.39,,,,
699553.2,57:25.1,68.06,68,0.06,,,,
700240.53,57:25.8,687.33,688,-0.67,,,,
700303.55,57:25.9,63.02,63,0.02,,,,
700371.61,57:26.0,68.06,68,0.06,,,,
705816.53,57:31.4,5444.92,5445,-0.08,,,,
751541.09,58:17.1,45724.56,45724,0.56,,,,
751607.95,58:17.2,66.86,67,-0.14,,,,
759284.58,58:24.9,7676.63,7677,-0.37,,,,
759351.45,58:24.9,66.87,67,-0.13,,,,
761887.88,58:27.5,2536.43,2536,0.43,,,,
761954.75,58:27.5,66.87,67,-0.13,,,,
775473.93,58:41.1,13519.18,13519,0.18,,,,
776024.81,58:41.6,550.88,551,-0.12,,,,
776092.87,58:41.7,68.06,68,0.06,,,,
776820.41,58:42.4,727.54,728,-0.46,,,,
776883.43,58:42.5,63.02,63,0.02,,,,
776951.49,58:42.5,68.06,68,0.06,,,,
779759.25,58:45.4,2807.76,2808,-0.24,,,,
911479.71,00:57.1,131720.46,131720,0.46,,,,
911547.49,00:57.1,67.78,68,-0.22,,,,
921327.51,01:06.9,9780.02,9780,0.02,,,,
921395.29,01:07.0,67.78,68,-0.22,,,,
922751.83,01:08.3,1356.54,1356,0.54,,,,
922819.6,01:08.4,67.77,68,-0.23,,,,
930791.23,01:16.4,7971.63,7972,-0.37,,,,
930858.09,01:16.5,66.86,67,-0.14,,,,
931020.01,01:16.6,161.92,161,0.92,,,,
931086.88,01:16.7,66.87,67,-0.13,,,,
951329.07,01:36.9,20242.19,20243,-0.81,,,,
951395.93,01:37.0,66.86,66,0.86,,,,
1001098.42,02:26.7,49702.49,49703,-0.51,,,,
1001166.21,02:26.8,67.79,68,-0.21,,,,
1005616.68,02:31.2,4450.47,4450,0.47,,,,
1006151.03,02:31.7,534.35,535,-0.65,,,,
1006219.09,02:31.8,68.06,68,0.06,,,,
1006970.02,02:32.6,750.93,751,-0.07,,,,
1007033.04,02:32.6,63.02,63,0.02,,,,
1007101.1,02:32.7,68.06,68,0.06,,,,
1020328.08,02:45.9,13226.98,13227,-0.02,,,,
1020394.93,02:46.0,66.85,66,0.85,,,,
1055200.84,03:20.8,34805.91,34806,-0.09,,,,
1055268.61,03:20.9,67.77,68,-0.23,,,,
1124829.1,04:30.4,69560.49,69561,-0.51,,,,
1177247.02,05:22.8,52417.92,52418,-0.08,,,,
1177313.87,05:22.9,66.85,67,-0.15,,,,
1177412.8,05:23.0,98.93,99,-0.07,,,,
1179111.79,05:24.7,1698.99,1699,-0.01,,,,
1179178.66,05:24.8,66.87,66,0.87,,,,
1179741.41,05:25.3,562.75,563,-0.25,,,,
1179808.28,05:25.4,66.87,67,-0.13,,,,
1180133.98,05:25.7,325.7,326,-0.3,,,,
1180200.84,05:25.8,66.86,67,-0.14,,,,
1181143.3,05:26.7,942.46,942,0.46,,,,
1181210.16,05:26.8,66.86,67,-0.14,,,,
1182314.26,05:27.9,1104.1,1104,0.1,,,,
1182381.12,05:28.0,66.86,67,-0.14,,,,
1182731.68,05:28.3,350.56,350,0.56,,,,
1182798.53,05:28.4,66.85,67,-0.15,,,,
1182869.8,05:28.5,71.27,72,-0.73,,,,
1183537.25,05:29.1,667.45,667,0.45,,,,
1183604.11,05:29.2,66.86,67,-0.14,,,,
1184069.56,05:29.7,465.45,465,0.45,,,,
1184136.41,05:29.7,66.85,67,-0.15,,,,
1184482.68,05:30.1,346.27,346,0.27,,,,
1184549.54,05:30.1,66.86,67,-0.14,,,,
1184755.11,05:30.3,205.57,206,-0.43,,,,
1184821.98,05:30.4,66.87,67,-0.13,,,,
1185008.25,05:30.6,186.27,186,0.27,,,,
1185075.1,05:30.7,66.85,67,-0.15,,,,
1200875.05,05:46.5,15799.95,15800,-0.05,,,,
1200941.91,05:46.5,66.86,67,-0.14,,,,
1201282.9,05:46.9,340.99,341,-0.01,,,,
1201349.76,05:46.9,66.86,67,-0.14,,,,
1201443.65,05:47.0,93.89,93,0.89,,,,
1201903.21,05:47.5,459.56,460,-0.44,,,,
1201970.07,05:47.6,66.86,67,-0.14,,,,
1202759.33,05:48.4,789.26,789,0.26,,,,
1202826.19,05:48.4,66.86,67,-0.14,,,,
1203150.24,05:48.7,324.05,324,0.05,,,,
1203217.1,05:48.8,66.86,67,-0.14,,,,
1203312.53,05:48.9,95.43,95,0.43,,,,
1203550.82,05:49.1,238.29,239,-0.71,,,,
1203617.68,05:49.2,66.86,66,0.86,,,,
1204198.68,05:49.8,581,581,0,,,,
1204265.55,05:49.9,66.87,67,-0.13,,,,
1241680.36,06:27.3,37414.81,37415,-0.19,,,,
1241748.13,06:27.3,67.77,68,-0.23,,,,
1322706.67,07:48.3,80958.54,80959,-0.46,,,,
1322773.53,07:48.4,66.86,66,0.86,,,,
1322933.92,07:48.5,160.39,161,-0.61,,,,
1323000.78,07:48.6,66.86,67,-0.14,,,,
1328141.19,07:53.7,5140.41,5140,0.41,,,,
1328208.05,07:53.8,66.86,67,-0.14,,,,
1336276.01,08:01.9,8067.96,8068,-0.04,,,,
1345257.34,08:10.9,8981.33,8981,0.33,,,,
1345324.2,08:10.9,66.86,67,-0.14,,,,
1348083.46,08:13.7,2759.26,2759,0.26,,,,
1348150.32,08:13.7,66.86,67,-0.14,,,,
1348780.99,08:14.4,630.67,631,-0.33,,,,
1348847.86,08:14.4,66.87,67,-0.13,,,,
1353610.3,08:19.2,4762.44,4762,0.44,,,,
1353677.17,08:19.3,66.87,67,-0.13,,,,
1353808.59,08:19.4,131.42,132,-0.58,,,,
1354450.39,08:20.0,641.8,641,0.8,,,,
1354517.26,08:20.1,66.87,67,-0.13,,,,
1398541.66,09:04.1,44024.4,44025,-0.6,,,,
1398608.53,09:04.2,66.87,66,0.87,,,,
1473415.11,10:19.0,74806.58,74807,-0.42,,,,
1473481.96,10:19.1,66.85,67,-0.15,,,,
1481504.6,10:27.1,8022.64,8023,-0.36,,,,
1481571.46,10:27.2,66.86,67,-0.14,,,,
1481668.62,10:27.3,97.16,97,0.16,,,,
1482151.07,10:27.7,482.45,482,0.45,,,,
1482217.94,10:27.8,66.87,67,-0.13,,,,
1482376.53,10:28.0,158.59,159,-0.41,,,,
1482443.39,10:28.0,66.86,66,0.86,,,,
1492303.47,10:37.9,9860.08,9861,-0.92,,,,
1492370.33,10:38.0,66.86,66,0.86,,,,
1564896.96,11:50.5,72526.63,72527,-0.37,,,,
1564964.75,11:50.6,67.79,68,-0.21,,,,
1565130.3,11:50.7,165.55,165,0.55,,,,
1565198.09,11:50.8,67.79,68,-0.21,,,,
1565573.64,11:51.2,375.55,376,-0.45,,,,
1565641.42,11:51.2,67.78,68,-0.22,,,,
1580609.86,12:06.2,14968.44,14968,0.44,,,,
1635642.48,13:01.2,55032.62,55033,-0.38,,,,
1635709.34,13:01.3,66.86,67,-0.14,,,,
1635840.34,13:01.4,131,131,0,,,,
1635927.59,13:01.5,87.25,87,0.25,,,,
1635994.46,13:01.6,66.87,67,-0.13,,,,
1636577.52,13:02.2,583.06,583,0.06,,,,
1636644.38,13:02.2,66.86,67,-0.14,,,,
1638600.42,13:04.2,1956.04,1956,0.04,,,,
1674612.57,13:40.2,36012.15,36012,0.15,,,,
1674679.43,13:40.3,66.86,67,-0.14,,,,
1697720.19,14:03.3,23040.76,23040,0.76,,,,
1697787.05,14:03.4,66.86,67,-0.14,,,,
1724857.36,14:30.5,27070.31,27071,-0.69,,,,
1724924.22,14:30.5,66.86,67,-0.14,,,,
1737618.18,14:43.2,12693.96,12694,-0.04,,,,
1740205.49,14:45.8,2587.31,2587,0.31,,,,
1741798.39,14:47.4,1592.9,1593,-0.1,,,,
1744803.67,14:50.4,3005.28,3005,0.28,,,,
1745263.47,14:50.9,459.8,460,-0.2,,,,
1745331.52,14:50.9,68.05,68,0.05,,,,
1745994.36,14:51.6,662.84,663,-0.16,,,,
1746057.38,14:51.7,63.02,63,0.02,,,,
1746125.43,14:51.7,68.05,68,0.05,,,,
1749893.22,14:55.5,3767.79,3768,-0.21,,,,
1810586.03,15:56.2,60692.81,60692,0.81,,,,
1811025.73,15:56.6,439.7,440,-0.3,,,,
1811093.79,15:56.7,68.06,68,0.06,,,,
1811870.04,15:57.5,776.25,776,0.25,,,,
1811933.06,15:57.5,63.02,63,0.02,,,,
1812001.11,15:57.6,68.05,69,-0.95,,,,
1819066.79,16:04.7,7065.68,7065,0.68,,,,
1821367.03,16:07.0,2300.24,2300,0.24,,,,
2176870.27,22:02.5,355503.24,355504,-0.76,,,,
2176937.13,22:02.5,66.86,67,-0.14,,,,
2358716.51,25:04.3,181779.38,181780,-0.62,,,,
2359143.82,25:04.7,427.31,427,0.31,,,,
2359211.88,25:04.8,68.06,68,0.06,,,,
2359924.63,25:05.5,712.75,713,-0.25,,,,
2359987.64,25:05.6,63.01,63,0.01,,,,
2360055.7,25:05.7,68.06,68,0.06,,,,
2360770.96,25:06.4,715.26,715,0.26,,,,
2458170.76,26:43.8,97399.8,97400,-0.2,,,,
2458237.62,26:43.8,66.86,67,-0.14,,,,
2458337.95,26:43.9,100.33,100,0.33,,,,
2497679.26,27:23.3,39341.31,39341,0.31,,,,
2497746.12,27:23.3,66.86,67,-0.14,,,,
2497883.19,27:23.5,137.07,137,0.07,,,,
2498603.63,27:24.2,720.44,721,-0.56,,,,
2498670.48,27:24.3,66.85,67,-0.15,,,,
2498786.33,27:24.4,115.85,115,0.85,,,,
2498945.78,27:24.5,159.45,160,-0.55,,,,
2499012.64,27:24.6,66.86,67,-0.14,,,,
2499523.61,27:25.1,510.97,511,-0.03,,,,
2499590.46,27:25.2,66.85,67,-0.15,,,,
2499753,27:25.3,162.54,162,0.54,,,,
2499819.86,27:25.4,66.86,67,-0.14,,,,
2500012.06,27:25.6,192.2,192,0.2,,,,
2500078.92,27:25.7,66.86,67,-0.14,,,,
2500241.46,27:25.8,162.54,163,-0.46,,,,
2500308.32,27:25.9,66.86,66,0.86,,,,
2500379.58,27:26.0,71.26,72,-0.74,,,,
2500469.36,27:26.1,89.78,89,0.78,,,,
2500536.21,27:26.1,66.85,67,-0.15,,,,
2500865.48,27:26.5,329.27,330,-0.73,,,,
2500932.34,27:26.5,66.86,66,0.86,,,,
2501386.91,27:27.0,454.57,455,-0.43,,,,
2501453.77,27:27.0,66.86,67,-0.14,,,,
2502202.23,27:27.8,748.46,748,0.46,,,,
2502269.09,27:27.9,66.86,67,-0.14,,,,
2502340.35,27:27.9,71.26,71,0.26,,,,
2503622.94,27:29.2,1282.59,1283,-0.41,,,,
2503689.79,27:29.3,66.85,67,-0.15,,,,
2503873.52,27:29.5,183.73,184,-0.27,,,,
2503940.38,27:29.5,66.86,67,-0.14,,,,
2504177.16,27:29.8,236.78,236,0.78,,,,
2504244.02,27:29.8,66.86,67,-0.14,,,,
2517786.66,27:43.4,13542.64,13543,-0.36,,,,
2517853.52,27:43.4,66.86,67,-0.14,,,,
2518180.04,27:43.8,326.52,326,0.52,,,,
2518246.9,27:43.8,66.86,67,-0.14,,,,
2518650.7,27:44.2,403.8,404,-0.2,,,,
2518717.57,27:44.3,66.87,67,-0.13,,,,
2519871.92,27:45.5,1154.35,1154,0.35,,,,
2519938.78,27:45.5,66.86,67,-0.14,,,,
2520099.85,27:45.7,161.07,161,0.07,,,,
2520166.71,27:45.8,66.86,67,-0.14,,,,
2542271.06,28:07.9,22104.35,22104,0.35,,,,
2542799.34,28:08.4,528.28,529,-0.72,,,,
2542867.4,28:08.5,68.06,68,0.06,,,,
2543050.94,28:08.6,183.54,183,0.54,,,,
2544523.95,28:10.1,1473.01,1473,0.01,,,,
2544586.97,28:10.2,63.02,63,0.02,,,,
2544655.03,28:10.3,68.06,68,0.06,,,,
2547343.02,28:12.9,2687.99,2688,-0.01,,,,
2557461.09,28:23.1,10118.07,10118,0.07,,,,
2567772.69,28:33.4,10311.6,10312,-0.4,,,,
2568648.65,28:34.2,875.96,876,-0.04,,,,
2568716.7,28:34.3,68.05,68,0.05,,,,
2569433.43,28:35.0,716.73,717,-0.27,,,,
2569496.45,28:35.1,63.02,63,0.02,,,,
2569564.5,28:35.2,68.05,68,0.05,,,,
2586886.75,28:52.5,17322.25,17322,0.25,,,,
2593089.26,28:58.7,6202.51,6202,0.51,,,,
2593157.03,28:58.8,67.77,68,-0.23,,,,
2600337.37,29:05.9,7180.34,7181,-0.66,,,,
2600405.15,29:06.0,67.78,67,0.78,,,,
2607729.65,29:13.3,7324.5,7325,-0.5,,,,
2607797.42,29:13.4,67.77,68,-0.23,,,,
2657974.37,30:03.6,50176.95,50177,-0.05,,,,
2658042.16,30:03.6,67.79,67,0.79,,,,
2688547.46,30:34.1,30505.3,30506,-0.7,,,,
2702020.19,30:47.6,13472.73,13473,-0.27,,,,
2718474.86,31:04.1,16454.67,16454,0.67,,,,
2719069.87,31:04.7,595.01,595,0.01,,,,
2719137.93,31:04.7,68.06,68,0.06,,,,
2719892.12,31:05.5,754.19,754,0.19,,,,
2719955.14,31:05.6,63.02,64,-0.98,,,,
2720023.19,31:05.6,68.05,68,0.05,,,,
2720619.52,31:06.2,596.33,596,0.33,,,,
2737499.39,31:23.1,16879.87,16880,-0.13,,,,
2738031.53,31:23.6,532.14,532,0.14,,,,
2738099.58,31:23.7,68.05,68,0.05,,,,
2738764.23,31:24.4,664.65,665,-0.35,,,,
2738827.25,31:24.4,63.02,63,0.02,,,,
2738895.31,31:24.5,68.06,68,0.06,,,,
2740506.78,31:26.1,1611.47,1611,0.47,,,,
2742604.35,31:28.2,2097.57,2098,-0.43,,,,
2754754.33,31:40.4,12149.98,12150,-0.02,,,,
2755359.08,31:41.0,604.75,604,0.75,,,,
2755427.13,31:41.0,68.05,69,-0.95,,,,
2756216.56,31:41.8,789.43,789,0.43,,,,
2756279.58,31:41.9,63.02,63,0.02,,,,
2756347.63,31:41.9,68.05,68,0.05,,,,
2757003.55,31:42.6,655.92,656,-0.08,,,,
2786023.99,32:11.6,29020.44,29020,0.44,,,,
2786090.85,32:11.7,66.86,67,-0.14,,,,
3049395.25,36:35.0,263304.4,263305,-0.6,,,,
3049462.12,36:35.1,66.87,67,-0.13,,,,
3052297.32,36:37.9,2835.2,2835,0.2,,,,
3052364.17,36:38.0,66.85,67,-0.15,,,,
3052525.27,36:38.1,161.1,161,0.1,,,,
3052592.14,36:38.2,66.87,67,-0.13,,,,
3053517.09,36:39.1,924.95,925,-0.05,,,,
3053583.95,36:39.2,66.86,67,-0.14,,,,
3059147.12,36:44.7,5563.17,5563,0.17,,,,
3060303.82,36:45.9,1156.7,1157,-0.3,,,,
3060371.87,36:46.0,68.05,68,0.05,,,,
3061114.12,36:46.7,742.25,742,0.25,,,,
3061177.14,36:46.8,63.02,63,0.02,,,,
3061245.2,36:46.8,68.06,68,0.06,,,,
3186703.43,38:52.3,125458.23,125458,0.23,,,,
3212595.71,39:18.2,25892.28,25893,-0.72,,,,
3212662.57,39:18.3,66.86,66,0.86,,,,
3226222.84,39:31.8,13560.27,13561,-0.73,,,,
3226289.7,39:31.9,66.86,67,-0.14,,,,
3227233.81,39:32.8,944.11,944,0.11,,,,
3227300.67,39:32.9,66.86,67,-0.14,,,,
3227388.23,39:33.0,87.56,87,0.56,,,,
3228181.97,39:33.8,793.74,794,-0.26,,,,
3228248.84,39:33.8,66.87,67,-0.13,,,,
3228545.05,39:34.1,296.21,296,0.21,,,,
3228611.91,39:34.2,66.86,67,-0.14,,,,
3228683.18,39:34.3,71.27,71,0.27,,,,
3229051.84,39:34.6,368.66,369,-0.34,,,,
3229118.71,39:34.7,66.87,67,-0.13,,,,
3229279.79,39:34.9,161.08,161,0.08,,,,
3229346.64,39:34.9,66.85,67,-0.15,,,,
3229423.06,39:35.0,76.42,76,0.42,,,,
3229668.21,39:35.3,245.15,245,0.15,,,,
3229735.07,39:35.3,66.86,67,-0.14,,,,
3229937.04,39:35.5,201.97,202,-0.03,,,,
3230003.89,39:35.6,66.85,67,-0.15,,,,
3230167.32,39:35.8,163.43,163,0.43,,,,
3230234.18,39:35.8,66.86,67,-0.14,,,,
3230309.65,39:35.9,75.47,76,-0.53,,,,
3230831.41,39:36.4,521.76,521,0.76,,,,
3230898.28,39:36.5,66.87,67,-0.13,,,,
3231352.44,39:36.9,454.16,454,0.16,,,,
3231419.29,39:37.0,66.85,67,-0.15,,,,
3240110.94,39:45.7,8691.65,8692,-0.35,,,,
3240177.81,39:45.8,66.87,67,-0.13,,,,
3241304.73,39:46.9,1126.92,1127,-0.08,,,,
3241371.6,39:47.0,66.87,67,-0.13,,,,
3260258.08,40:05.9,18886.48,18886,0.48,,,,
3260325.87,40:05.9,67.79,68,-0.21,,,,
3264109.32,40:09.7,3783.45,3783,0.45,,,,
3264177.1,40:09.8,67.78,68,-0.22,,,,
3264270.56,40:09.9,93.46,94,-0.54,,,,
3264458.17,40:10.1,187.61,187,0.61,,,,
3264525.95,40:10.1,67.78,68,-0.22,,,,
3286006.24,40:31.6,21480.29,21480,0.29,,,,
3286074.02,40:31.7,67.78,68,-0.22,,,,
3522093.23,44:27.7,236019.21,236019,0.21,,,,
3522160.09,44:27.8,66.86,67,-0.14,,,,
3522364.16,44:28.0,204.07,204,0.07,,,,
3522431.04,44:28.0,66.88,67,-0.12,,,,
3553126.83,44:58.7,30695.79,30696,-0.21,,,,
3553193.69,44:58.8,66.86,67,-0.14,,,,
3553689.2,44:59.3,495.51,495,0.51,,,,
3553756.05,44:59.4,66.85,67,-0.15,,,,
3554864.14,45:00.5,1108.09,1108,0.09,,,,
3554931.01,45:00.5,66.87,67,-0.13,,,,
3737519.42,48:03.1,182588.41,182589,-0.59,,,,
3737586.27,48:03.2,66.85,67,-0.15,,,,
3759423.38,48:25.0,21837.11,21837,0.11,,,,
3759490.23,48:25.1,66.85,67,-0.15,,,,
3768758.19,48:34.4,9267.96,9268,-0.04,,,,
3771971.01,48:37.6,3212.82,3212,0.82,,,,
3793399.57,48:59.0,21428.56,21429,-0.44,,,,
3809311.99,49:14.9,15912.42,15913,-0.58,,,,
3809379.77,49:15.0,67.78,67,0.78,,,,
3929884.49,51:15.5,120504.72,120505,-0.28,,,,
3929951.35,51:15.5,66.86,67,-0.14,,,,
3985953.36,52:11.6,56002.01,56002,0.01,,,,
3988517.94,52:14.1,2564.58,2565,-0.42,,,,
3991171.78,52:16.8,2653.84,2653,0.84,,,,
4026285.77,52:51.9,35113.99,35115,-1.01,,,,
4026905.47,52:52.5,619.7,619,0.7,,,,
4026973.52,52:52.6,68.05,68,0.05,,,,
4027620.42,52:53.2,646.9,647,-0.1,,,,
4027683.43,52:53.3,63.01,63,0.01,,,,
4027751.49,52:53.3,68.06,68,0.06,,,,
4028228.79,52:53.8,477.3,478,-0.7,,,,
4110050.67,54:15.6,81821.88,81822,-0.12,,,,
4110466.67,54:16.1,416,416,0,,,,
4110534.73,54:16.1,68.06,68,0.06,,,,
4111255.64,54:16.9,720.91,720,0.91,,,,
4111318.66,54:16.9,63.02,63,0.02,,,,
4111386.71,54:17.0,68.05,69,-0.95,,,,
4111864.01,54:17.5,477.3,477,0.3,,,,
4124827.98,54:30.4,12963.97,12964,-0.03,,,,
4125287.84,54:30.9,459.86,460,-0.14,,,,
4125355.9,54:31.0,68.06,68,0.06,,,,
4126062.42,54:31.7,706.52,706,0.52,,,,
4126125.44,54:31.7,63.02,63,0.02,,,,
4126193.49,54:31.8,68.05,68,0.05,,,,
4126611.06,54:32.2,417.57,418,-0.43,,,,
4152069.99,54:57.7,25458.93,25459,-0.07,,,,
4152529.18,54:58.1,459.19,459,0.19,,,,
4152597.23,54:58.2,68.05,68,0.05,,,,
4153346.13,54:58.9,748.9,749,-0.1,,,,
4153409.15,54:59.0,63.02,63,0.02,,,,
4153477.2,54:59.1,68.05,68,0.05,,,,
4153835.21,54:59.4,358.01,358,0.01,,,,
4210117.78,55:55.7,56282.57,56283,-0.43,,,,
4210184.64,55:55.8,66.86,67,-0.140000001,,,,
4210838.36,55:56.4,653.72,653,0.720000001,,,,
4210905.22,55:56.5,66.86,67,-0.140000001,,,,
4211300.4,55:56.9,395.18,395,0.180000001,,,,
4211367.26,55:57.0,66.86,67,-0.140000001,,,,
4211438.54,55:57.0,71.28,71,0.28,,,,
4211653.48,55:57.3,214.94,215,-0.06,,,,
4211720.34,55:57.3,66.86,67,-0.140000001,,,,
4211880.96,55:57.5,160.62,161,-0.38,,,,
4211947.82,55:57.5,66.86,67,-0.14,,,,
4212114.68,55:57.7,166.86,167,-0.140000001,,,,
4212181.54,55:57.8,66.86,66,0.86,,,,
4212477.92,55:58.1,296.38,297,-0.62,,,,
4212544.78,55:58.1,66.86,67,-0.14,,,,
4212839.45,55:58.4,294.67,294,0.67,,,,
4212906.31,55:58.5,66.86,67,-0.140000001,,,,
4213222.41,55:58.8,316.1,316,0.100000001,,,,
4213289.27,55:58.9,66.86,67,-0.140000001,,,,
4213455.78,55:59.1,166.51,167,-0.489999999,,,,
4213522.64,55:59.1,66.86,67,-0.140000001,,,,
4213843.4,55:59.4,320.76,320,0.760000001,,,,
4213910.25,55:59.5,66.85,67,-0.15,,,,
4214235.43,55:59.8,325.18,325,0.18,,,,
4214302.29,55:59.9,66.86,67,-0.14,,,,
4215646.44,56:01.2,1344.15,1344,0.15,,,,
4215713.3,56:01.3,66.86,67,-0.140000001,,,,
4216059.34,56:01.7,346.04,346,0.04,,,,
4216126.2,56:01.7,66.86,67,-0.14,,,,
4218932.23,56:04.5,2806.03,2806,0.03,,,,
4218999.09,56:04.6,66.86,67,-0.140000001,,,,
4219216.16,56:04.8,217.07,217,0.07,,,,
4219283.02,56:04.9,66.86,67,-0.140000001,,,,
4219760.68,56:05.4,477.66,478,-0.34,,,,
4219827.54,56:05.4,66.86,66,0.86,,,,
4220593.84,56:06.2,766.3,767,-0.7,,,,
4220660.7,56:06.3,66.86,67,-0.14,,,,
4221953.85,56:07.6,1293.15,1293,0.149999999,,,,
4222020.71,56:07.6,66.86,67,-0.14,,,,
4222091.98,56:07.7,71.27,71,0.27,,,,
4231351.62,56:16.9,9259.64,9260,-0.36,,,,
4231418.48,56:17.0,66.86,66,0.86,,,,
4232025.89,56:17.6,607.41,608,-0.590000001,,,,
4232092.75,56:17.7,66.86,67,-0.14,,,,
4232427.9,56:18.0,335.15,335,0.15,,,,
4232494.76,56:18.1,66.86,67,-0.140000001,,,,
4232569.45,56:18.2,74.69,74,0.69,,,,
4233245.15,56:18.8,675.7,676,-0.3,,,,
4233312.01,56:18.9,66.86,67,-0.140000001,,,,
4233477.38,56:19.1,165.37,165,0.37,,,,
4233544.24,56:19.1,66.86,67,-0.14,,,,
4234122.72,56:19.7,578.48,579,-0.52,,,,
4234189.58,56:19.8,66.86,67,-0.14,,,,
4234353.75,56:20.0,164.17,164,0.17,,,,
4234420.61,56:20.0,66.86,67,-0.14,,,,
4234516.43,56:20.1,95.82,95,0.819999999,,,,
4235225.59,56:20.8,709.16,710,-0.84,,,,
4235292.45,56:20.9,66.86,66,0.86,,,,
4235744.78,56:21.3,452.33,453,-0.67,,,,
4235811.64,56:21.4,66.86,67,-0.140000001,,,,
4255862.87,56:41.5,20051.23,20051,0.23,,,,
4255929.73,56:41.5,66.86,67,-0.14,,,,
4256442.26,56:42.0,512.53,512,0.529999999,,,,
4256509.12,56:42.1,66.86,67,-0.14,,,,
4256946.52,56:42.5,437.4,438,-0.600000001,,,,
4257013.38,56:42.6,66.86,66,0.86,,,,
4257084.64,56:42.7,71.26,72,-0.74,,,,
4257174.45,56:42.8,89.81,89,0.810000001,,,,
4257241.31,56:42.8,66.86,67,-0.140000001,,,,
4257951.56,56:43.5,710.25,711,-0.75,,,,
4258018.41,56:43.6,66.85,66,0.850000001,,,,
4258089.68,56:43.7,71.27,72,-0.73,,,,
4258183.67,56:43.8,93.99,94,-0.01,,,,
4258250.53,56:43.8,66.86,67,-0.14,,,,
4258345.93,56:43.9,95.4,95,0.399999999,,,,
4259581.81,56:45.2,1235.88,1236,-0.12,,,,
4259648.66,56:45.2,66.85,67,-0.149999999,,,,
4259733.41,56:45.3,84.75,84,0.75,,,,
4263094.41,56:48.7,3361,3361,0,,,,
4263161.27,56:48.8,66.86,67,-0.140000001,,,,
4263875.97,56:49.5,714.7,715,-0.3,,,,
4263942.84,56:49.5,66.87,67,-0.13,,,,
4264023.33,56:49.6,80.49,80,0.49,,,,
4270165.71,56:55.8,6142.38,6143,-0.62,,,,
4270569.36,56:56.2,403.65,403,0.65,,,,
4270637.41,56:56.2,68.05,68,0.05,,,,
4271336.87,56:56.9,699.46,700,-0.54,,,,
4271399.89,56:57.0,63.02,63,0.02,,,,
4271467.94,56:57.1,68.05,68,0.050000001,,,,
4272064.66,56:57.7,596.72,597,-0.28,,,,
4285358.5,57:11.0,13293.84,13294,-0.16,,,,
4285887.74,57:11.5,529.24,529,0.24,,,,
4285955.8,57:11.6,68.06,68,0.06,,,,
4286669.89,57:12.3,714.09,714,0.09,,,,
4286732.9,57:12.3,63.01,63,0.010000001,,,,
4286800.96,57:12.4,68.06,68,0.06,,,,
4294094.99,57:19.7,7294.03,7294,0.03,,,,
4294162.76,57:19.8,67.77,68,-0.23,,,,
4297632.33,57:23.2,3469.57,3469,0.57,,,,
4297700.11,57:23.3,67.78,68,-0.22,,,,
4301931.29,57:27.5,4231.18,4231,0.18,,,,
4301999.07,57:27.6,67.78,68,-0.22,,,,
4321392.02,57:47.0,19392.95,19393,-0.050000001,,,,
4321459.79,57:47.1,67.77,68,-0.23,,,,
4324245.4,57:49.8,2785.61,2785,0.61,,,,
4324313.17,57:49.9,67.77,68,-0.23,,,,
4324433.59,57:50.0,120.42,121,-0.58,,,,
4348563.61,58:14.2,24130.02,24130,0.02,,,,
4348631.39,58:14.2,67.78,67,0.779999999,,,,
4368666.09,58:34.3,20034.7,20035,-0.3,,,,
4368732.95,58:34.3,66.86,67,-0.14,,,,
4369612.13,58:35.2,879.18,879,0.18,,,,
4369678.99,58:35.3,66.86,67,-0.14,,,,
4476572.48,00:22.2,106893.49,106894,-0.51,,,,
4476640.25,00:22.2,67.77,67,0.77,,,,
4478157.06,00:23.8,1516.81,1517,-0.19,,,,
4478224.83,00:23.8,67.77,68,-0.23,,,,
4483356.07,00:29.0,5131.24,5131,0.24,,,,
4483423.85,00:29.0,67.78,68,-0.220000001,,,,
4484860.45,00:30.5,1436.6,1437,-0.399999999,,,,
4484928.23,00:30.5,67.78,67,0.78,,,,
5056814.94,10:02.4,571886.71,571888,-1.29,,,,
5118019.92,11:03.6,61204.98,61205,-0.02,,,,
5118087.71,11:03.7,67.79,68,-0.21,,,,
5125049.95,11:10.6,6962.24,6962,0.24,,,,
5125116.81,11:10.7,66.86,67,-0.140000001,,,,
5125208.14,11:10.8,91.33,91,0.33,,,,
5156620.56,11:42.2,31412.42,31412,0.42,,,,
5156688.35,11:42.3,67.79,68,-0.21,,,,
5165594.5,11:51.2,8906.15,8906,0.15,,,,
5170400.32,11:56.0,4805.82,4806,-0.18,,,,
5172950.91,11:58.5,2550.59,2551,-0.41,,,,
5180299.13,12:05.9,7348.22,7348,0.22,,,,
5183154.04,12:08.8,2854.91,2855,-0.09,,,,
5188727.63,12:14.3,5573.59,5574,-0.41,,,,
5195310.58,12:20.9,6582.95,6583,-0.05,,,,
5219901.51,12:45.5,24590.93,24590,0.93,,,,
5220306.9,12:45.9,405.39,406,-0.609999999,,,,
5220374.96,12:46.0,68.06,68,0.06,,,,
5221124.05,12:46.7,749.09,749,0.09,,,,
5221187.07,12:46.8,63.02,63,0.02,,,,
5221255.12,12:46.9,68.05,68,0.05,,,,
5222149.82,12:47.7,894.7,895,-0.3,,,,
5288449.67,13:54.0,66299.85,66300,-0.15,,,,
5289057.6,13:54.7,607.93,608,-0.07,,,,
5289125.66,13:54.7,68.06,68,0.060000001,,,,
5289811.36,13:55.4,685.7,685,0.7,,,,
5289874.37,13:55.5,63.01,63,0.01,,,,
5289942.43,13:55.5,68.06,68,0.06,,,,
5293474.03,13:59.1,3531.6,3532,-0.399999999,,,,
5326982.2,14:32.6,33508.17,33508,0.17,,,,
5327049.99,14:32.6,67.79,68,-0.21,,,,
5335257.14,14:40.9,8207.15,8207,0.149999999,,,,
5335324.92,14:40.9,67.78,68,-0.22,,,,
5338784.28,14:44.4,3459.36,3459,0.36,,,,
5338852.07,14:44.5,67.79,68,-0.21,,,,
5357311.61,15:02.9,18459.54,18460,-0.46,,,,
5357378.48,15:03.0,66.87,67,-0.13,,,,
5367894.1,15:13.5,10515.62,10515,0.619999999,,,,
5367961.88,15:13.6,67.78,68,-0.22,,,,
5375687.8,15:21.3,7725.92,7726,-0.08,,,,
5375755.59,15:21.4,67.79,68,-0.21,,,,
5375968.55,15:21.6,212.96,213,-0.04,,,,
5376036.32,15:21.6,67.77,67,0.77,,,,
5376824.2,15:22.4,787.88,788,-0.12,,,,
5376891.98,15:22.5,67.78,68,-0.22,,,,
5403613.72,15:49.2,26721.74,26722,-0.260000001,,,,
5404777.08,15:50.4,1163.36,1163,0.36,,,,
5404845.13,15:50.4,68.05,68,0.05,,,,
5405569.42,15:51.2,724.29,725,-0.71,,,,
5405632.44,15:51.2,63.02,63,0.02,,,,
5405700.49,15:51.3,68.05,68,0.05,,,,
5406177.8,15:51.8,477.31,477,0.31,,,,
5665162.21,20:10.8,258984.41,258985,-0.59,,,,
5665229.99,20:10.8,67.78,67,0.78,,,,
5665373.59,20:11.0,143.6,144,-0.4,,,,
5665441.38,20:11.0,67.79,68,-0.21,,,,
5681122.04,20:26.7,15680.66,15680,0.66,,,,
5681189.82,20:26.8,67.78,68,-0.22,,,,
5696432.29,20:42.0,15242.47,15243,-0.53,,,,
5696500.08,20:42.1,67.79,68,-0.21,,,,
5697697.41,20:43.3,1197.33,1197,0.33,,,,
5697765.2,20:43.4,67.79,68,-0.21,,,,
5698229.6,20:43.8,464.4,464,0.399999999,,,,
5698297.39,20:43.9,67.79,68,-0.21,,,,
5729613.3,21:15.2,31315.91,31316,-0.09,,,,
5729681.08,21:15.3,67.78,68,-0.22,,,,
5731260.59,21:16.9,1579.51,1579,0.51,,,,
5731328.37,21:16.9,67.78,68,-0.22,,,,
5731431.95,21:17.0,103.58,103,0.58,,,,
5815547.17,22:41.1,84115.22,84116,-0.78,,,,
5815614.95,22:41.2,67.78,68,-0.22,,,,
5944753.07,24:50.4,129138.12,129138,0.12,,,,
5945286.83,24:50.9,533.76,534,-0.24,,,,
5945354.88,24:51.0,68.05,68,0.05,,,,
5946084.57,24:51.7,729.69,729,0.69,,,,
5946147.59,24:51.7,63.02,63,0.02,,,,
5946215.65,24:51.8,68.06,68,0.060000001,,,,
6068092.43,26:53.7,121876.78,121877,-0.220000001,,,,
6068159.29,26:53.8,66.86,67,-0.14,,,,
6072176.1,26:57.8,4016.81,4017.0000000000005,-0.19,,,,
6072242.96,26:57.8,66.86,67,-0.14,,,,
6074293.65,26:59.9,2050.69,2051,-0.31,,,,
6074360.51,27:00.0,66.86,66,0.859999999,,,,
6074564.15,27:00.2,203.64,204,-0.359999999,,,,
6074631,27:00.2,66.85,67,-0.15,,,,
6074829.49,27:00.4,198.49,198,0.49,,,,
6074896.35,27:00.5,66.86,67,-0.140000001,,,,
6075530.44,27:01.1,634.09,634,0.090000001,,,,
6075597.3,27:01.2,66.86,67,-0.140000001,,,,
6075935.81,27:01.5,338.51,339,-0.49,,,,
6076002.68,27:01.6,66.87,67,-0.13,,,,
6173367.67,28:39.0,97364.99,97365,-0.01,,,,
6173434.53,28:39.0,66.86,67,-0.14,,,,
6208324.22,29:13.9,34889.69,34889,0.689999999,,,,
6208391.08,29:14.0,66.86,67,-0.14,,,,
6227896.49,29:33.5,19505.41,19506,-0.59,,,,
6236379.95,29:42.0,8483.46,8483,0.46,,,,
6240186.58,29:45.8,3806.63,3807,-0.37,,,,
6249721.16,29:55.3,9534.58,9534,0.58,,,,
6250828.63,29:56.4,1107.47,1108,-0.53,,,,
6250896.68,29:56.5,68.05,68,0.05,,,,
6251589.11,29:57.2,692.43,692,0.430000001,,,,
6251652.13,29:57.3,63.02,63,0.02,,,,
6251720.19,29:57.3,68.06,68,0.060000001,,,,
6252197.49,29:57.8,477.3,478,-0.7,,,,
6288434.2,30:34.0,36236.71,36236,0.71,,,,
6289214.34,30:34.8,780.14,780,0.14,,,,
6289282.39,30:34.9,68.05,68,0.05,,,,
6290021.89,30:35.6,739.5,740,-0.5,,,,
6290084.91,30:35.7,63.02,63,0.02,,,,
6290152.96,30:35.8,68.05,68,0.05,,,,
6291048.02,30:36.6,895.06,895,0.06,,,,
6421946.62,32:47.5,130898.6,130899,-0.399999999,,,,
6422014.41,32:47.6,67.79,68,-0.21,,,,
6436976.41,33:02.6,14962,14962,0,,,,
6437863.91,33:03.5,887.5,887,0.5,,,,
6437931.97,33:03.5,68.06,68,0.06,,,,
6438628.28,33:04.2,696.31,697,-0.689999999,,,,
6438691.3,33:04.3,63.02,63,0.02,,,,
6438759.36,33:04.4,68.06,68,0.060000001,,,,
6440551.09,33:06.2,1791.73,1791,0.73,,,,
6504970.04,34:10.6,64418.95,64419,-0.05,,,,
6505036.9,34:10.6,66.86,67,-0.14,,,,
6520252.66,34:25.9,15215.76,15216,-0.24,,,,
6520319.52,34:25.9,66.86,67,-0.140000001,,,,
6520958.76,34:26.6,639.24,639,0.24,,,,
6521025.62,34:26.6,66.86,67,-0.14,,,,
6521516.74,34:27.1,491.12,491,0.12,,,,
6521583.6,34:27.2,66.86,67,-0.140000001,,,,
6521884.01,34:27.5,300.41,300,0.41,,,,
6521950.87,34:27.6,66.86,67,-0.14,,,,
6522258.02,34:27.9,307.15,307,0.149999999,,,,
6522324.89,34:27.9,66.87,67,-0.13,,,,
6527427.71,34:33.0,5102.82,5103,-0.18,,,,
6527494.57,34:33.1,66.86,67,-0.14,,,,
6546884.31,34:52.5,19389.74,19390,-0.260000001,,,,
6546951.16,34:52.6,66.85,67,-0.149999999,,,,
6642702.55,36:28.3,95751.39,95751,0.39,,,,
6642769.4,36:28.4,66.85,67,-0.149999999,,,,
6672983.85,36:58.6,30214.45,30214,0.449999999,,,,
6673051.63,36:58.7,67.78,68,-0.22,,,,
6682714.75,37:08.3,9663.12,9663,0.12,,,,
6682781.6,37:08.4,66.85,67,-0.15,,,,
6698379.48,37:24.0,15597.88,15598,-0.119999999,,,,
6699145.11,37:24.7,765.63,766,-0.37,,,,
6699213.17,37:24.8,68.06,68,0.06,,,,
6700017.91,37:25.6,804.74,804,0.74,,,,
6700080.93,37:25.7,63.02,63,0.02,,,,
6700148.99,37:25.7,68.06,69,-0.939999999,,,,
6700447.54,37:26.0,298.55,298,0.55,,,,
6819099.01,39:24.7,118651.47,118652,-0.53,,,,
6819166.8,39:24.8,67.79,67,0.79,,,,
6823112.01,39:28.7,3945.21,3946,-0.79,,,,
6823179.79,39:28.8,67.78,67,0.78,,,,
6898798.59,40:44.4,75618.8,75619,-0.2,,,,
6898865.45,40:44.5,66.86,67,-0.14,,,,
6899686.13,40:45.3,820.68,821,-0.32,,,,
6899752.99,40:45.4,66.86,67,-0.14,,,,
6900726.41,40:46.3,973.42,973,0.42,,,,
6900793.28,40:46.4,66.87,67,-0.13,,,,
6901732.12,40:47.3,938.84,939,-0.16,,,,
6901798.99,40:47.4,66.87,67,-0.13,,,,
6901892.92,40:47.5,93.93,94,-0.07,,,,
6902276.8,40:47.9,383.88,384,-0.12,,,,
6902343.66,40:47.9,66.86,66,0.86,,,,
6902414.93,40:48.0,71.27,72,-0.73,,,,
6904182.19,40:49.8,1767.26,1767,0.260000001,,,,
6904249.06,40:49.8,66.87,67,-0.130000001,,,,
6904409.7,40:50.0,160.64,160,0.640000001,,,,
6904476.57,40:50.1,66.87,67,-0.13,,,,
6904951.45,40:50.6,474.88,475,-0.12,,,,
6905018.31,40:50.6,66.86,67,-0.140000001,,,,
6905097.99,40:50.7,79.68,80,-0.319999999,,,,
6906341.08,40:51.9,1243.09,1243,0.09,,,,
6906407.95,40:52.0,66.87,67,-0.13,,,,
6906871,40:52.5,463.05,463,0.05,,,,
6906937.88,40:52.5,66.88,67,-0.12,,,,
6907025.56,40:52.6,87.68,87,0.68,,,,
7118510.89,44:24.1,211485.33,211486,-0.67,,,,
7118578.67,44:24.2,67.78,68,-0.22,,,,
7138724.83,44:44.3,20146.16,20146,0.16,,,,
7138792.61,44:44.4,67.78,68,-0.22,,,,
7157340.72,45:02.9,18548.11,18548,0.109999999,,,,
7157408.49,45:03.0,67.77,68,-0.23,,,,
7166577.86,45:12.2,9169.37,9169,0.37,,,,
7166645.64,45:12.2,67.78,68,-0.220000001,,,,
7227924.56,46:13.5,61278.92,61279,-0.08,,,,
7229196.67,46:14.8,1272.11,1272,0.11,,,,
7229264.73,46:14.9,68.06,68,0.060000001,,,,
7230017.71,46:15.6,752.98,753,-0.02,,,,
7230080.73,46:15.7,63.02,63,0.02,,,,
7230148.79,46:15.7,68.06,68,0.06,,,,
7233620.71,46:19.2,3471.92,3472,-0.08,,,,
7255220.68,46:40.8,21599.97,21600,-0.03,,,,
7256075.25,46:41.7,854.57,854,0.57,,,,
7256143.31,46:41.7,68.06,68,0.06,,,,
7256805.92,46:42.4,662.61,663,-0.39,,,,
7256868.94,46:42.5,63.02,63,0.02,,,,
7256936.99,46:42.5,68.05,68,0.05,,,,
7259027.46,46:44.6,2090.47,2091,-0.53,,,,
7277049.2,47:02.6,18021.74,18021,0.74,,,,
7278351.33,47:04.0,1302.13,1302,0.13,,,,
7278419.38,47:04.0,68.05,69,-0.95,,,,
7279112.01,47:04.7,692.63,692,0.63,,,,
7279175.03,47:04.8,63.02,63,0.02,,,,
7279243.09,47:04.8,68.06,68,0.06,,,,
7279600.99,47:05.2,357.9,358,-0.1,,,,
7315109.13,47:40.7,35508.14,35508,0.14,,,,
7315176.92,47:40.8,67.79,68,-0.21,,,,
7325372.18,47:51.0,10195.26,10195,0.26,,,,
7325439.05,47:51.0,66.87,67,-0.13,,,,
7569574.63,51:55.2,244135.58,244136,-0.42,,,,
7570652.78,51:56.3,1078.15,1078,0.15,,,,
7570720.83,51:56.3,68.05,68,0.05,,,,
7571477.69,51:57.1,756.86,757,-0.14,,,,
7571540.71,51:57.1,63.02,63,0.02,,,,
7571608.77,51:57.2,68.06,68,0.06,,,,
7572205.38,51:57.8,596.61,597,-0.39,,,,
7593476.55,52:19.1,21271.17,21271,0.17,,,,
7593918.88,52:19.5,442.33,442,0.33,,,,
7593986.94,52:19.6,68.06,68,0.060000001,,,,
7594170.47,52:19.8,183.53,184,-0.470000001,,,,
7595433.51,52:21.0,1263.04,1263,0.04,,,,
7595496.53,52:21.1,63.02,63,0.02,,,,
7595564.58,52:21.2,68.05,68,0.05,,,,
7597056.84,52:22.7,1492.26,1492,0.26,,,,
7611764.93,52:37.4,14708.09,14708,0.09,,,,
7612171.64,52:37.8,406.71,407,-0.29,,,,
7612239.7,52:37.8,68.06,68,0.060000001,,,,
7612423.23,52:38.0,183.53,184,-0.47,,,,
7613249.11,52:38.9,825.88,826,-0.12,,,,
7613312.12,52:38.9,63.01,63,0.01,,,,
7613380.18,52:39.0,68.06,68,0.06,,,,
7614572.97,52:40.2,1192.79,1192,0.79,,,,
7740262.78,54:45.9,125689.81,125690,-0.189999999,,,,
7740330.56,54:45.9,67.78,68,-0.220000001,,,,
7749498.17,54:55.1,9167.61,9168,-0.39,,,,
7749565.96,54:55.2,67.79,68,-0.21,,,,
7750134.17,54:55.7,568.21,568,0.21,,,,
7750201.96,54:55.8,67.79,68,-0.21,,,,
7750528.88,54:56.1,326.92,327,-0.08,,,,
7750596.67,54:56.2,67.79,67,0.79,,,,
7751151.04,54:56.8,554.37,555,-0.63,,,,
7751218.82,54:56.8,67.78,67,0.78,,,,
7751597.71,54:57.2,378.89,379,-0.11,,,,
7751665.49,54:57.3,67.78,68,-0.22,,,,
7751973.38,54:57.6,307.89,308,-0.11,,,,
7752041.17,54:57.6,67.79,68,-0.21,,,,
7754361.54,55:00.0,2320.37,2320,0.37,,,,
7754429.33,55:00.0,67.79,68,-0.21,,,,
7756020.39,55:01.6,1591.06,1591,0.06,,,,
7756088.17,55:01.7,67.78,68,-0.22,,,,
7756355.58,55:02.0,267.41,267,0.41,,,,
7756423.37,55:02.0,67.79,68,-0.21,,,,
7756898.76,55:02.5,475.39,475,0.39,,,,
7756966.55,55:02.6,67.79,68,-0.21,,,,
7757211.04,55:02.8,244.49,245,-0.51,,,,
7757278.82,55:02.9,67.78,67,0.78,,,,
7757425.23,55:03.0,146.41,147,-0.59,,,,
7757493.01,55:03.1,67.78,68,-0.220000001,,,,
7757727.48,55:03.3,234.47,234,0.470000001,,,,
7757795.26,55:03.4,67.78,68,-0.220000001,,,,
7758439.39,55:04.0,644.13,644,0.13,,,,
7758507.17,55:04.1,67.78,68,-0.22,,,,
7758580.25,55:04.2,73.08,73,0.08,,,,
7758861.99,55:04.5,281.74,282,-0.26,,,,
7758929.78,55:04.5,67.79,67,0.79,,,,
7759014.59,55:04.6,84.81,85,-0.19,,,,
7759481.24,55:05.1,466.65,467,-0.35,,,,
7759549.02,55:05.2,67.78,68,-0.220000001,,,,
7759713.12,55:05.3,164.1,164,0.100000001,,,,
7759780.91,55:05.4,67.79,68,-0.21,,,,
7831262.42,56:16.9,71481.51,71481,0.51,,,,
7831329.29,56:16.9,66.87,67,-0.13,,,,
7832254.67,56:17.9,925.38,925,0.38,,,,
7832321.54,56:17.9,66.87,67,-0.13,,,,
7832418.07,56:18.0,96.53,97,-0.47,,,,
7832519.16,56:18.1,101.09,101,0.09,,,,
7832586.03,56:18.2,66.87,67,-0.13,,,,
7833100.15,56:18.7,514.12,514,0.12,,,,
7833167.02,56:18.8,66.87,67,-0.130000001,,,,
7833558.81,56:19.2,391.79,392,-0.21,,,,
7833625.69,56:19.2,66.88,66,0.880000001,,,,
7834537.62,56:20.1,911.93,912,-0.07,,,,
7834604.49,56:20.2,66.87,67,-0.13,,,,
7835404.38,56:21.0,799.89,800,-0.11,,,,
7835471.25,56:21.1,66.87,67,-0.13,,,,
7835555.19,56:21.2,83.94,84,-0.06,,,,
7842588.47,56:28.2,7033.28,7033,0.279999999,,,,
7842655.34,56:28.3,66.87,67,-0.13,,,,
7844094.33,56:29.7,1438.99,1439,-0.01,,,,
7844161.19,56:29.8,66.86,67,-0.14,,,,
7850410.39,56:36.0,6249.2,6249,0.199999999,,,,
7850477.26,56:36.1,66.87,67,-0.13,,,,
7850553.63,56:36.2,76.37,76,0.37,,,,
7850715.23,56:36.3,161.6,162,-0.399999999,,,,
7850782.09,56:36.4,66.86,67,-0.140000001,,,,
7850876.62,56:36.5,94.53,94,0.53,,,,
7851954.74,56:37.6,1078.12,1078,0.12,,,,
7852021.62,56:37.6,66.88,67,-0.12,,,,
7852358.71,56:38.0,337.09,337,0.09,,,,
7852425.58,56:38.0,66.87,67,-0.13,,,,
7852585.2,56:38.2,159.62,160,-0.38,,,,
7852652.07,56:38.3,66.87,67,-0.13,,,,
7853038.21,56:38.6,386.14,386,0.14,,,,
7853105.08,56:38.7,66.87,67,-0.13,,,,
7853552.48,56:39.2,447.4,447,0.4,,,,
7853619.35,56:39.2,66.87,67,-0.130000001,,,,
7866344.4,56:51.9,12725.05,12725,0.050000001,,,,
7866411.27,56:52.0,66.87,67,-0.130000001,,,,
7869117.37,56:54.7,2706.1,2706,0.100000001,,,,
7869184.23,56:54.8,66.86,67,-0.14,,,,
7869441.27,56:55.0,257.04,257,0.039999999,,,,
7869508.14,56:55.1,66.87,67,-0.13,,,,
7870601.64,56:56.2,1093.5,1093,0.5,,,,
7870668.5,56:56.3,66.86,67,-0.14,,,,
7874969.62,57:00.6,4301.12,4301,0.12,,,,
7876045.47,57:01.6,1075.85,1076,-0.15,,,,
7876113.52,57:01.7,68.05,68,0.05,,,,
7876885.58,57:02.5,772.06,772,0.060000001,,,,
7876948.6,57:02.5,63.02,63,0.02,,,,
7877016.65,57:02.6,68.05,68,0.050000001,,,,
7900113.59,57:25.7,23096.94,23097,-0.060000001,,,,
7981203.86,58:46.8,81090.27,81091,-0.73,,,,
7981774.17,58:47.4,570.31,570,0.31,,,,
7981842.23,58:47.4,68.06,68,0.060000001,,,,
7982543.23,58:48.1,701,701,0,,,,
7982606.25,58:48.2,63.02,63,0.02,,,,
7982674.3,58:48.3,68.05,68,0.05,,,,
7983032.19,58:48.6,357.89,358,-0.109999999,,,,
8176957.24,02:02.6,193925.05,193925,0.05,,,,
8177024.1,02:02.6,66.86,67,-0.140000001,,,,
8209207.98,02:34.8,32183.88,32183.999999999996,-0.119999999,,,,
8209274.84,02:34.9,66.86,67,-0.140000001,,,,
8241545.75,03:07.1,32270.91,32271,-0.09,,,,
8241612.62,03:07.2,66.87,67,-0.13,,,,
8265410.25,03:31.0,23797.63,23797,0.63,,,,
8265478.03,03:31.1,67.78,68,-0.22,,,,
8278612.04,03:44.2,13134.01,13134,0.01,,,,
8278679.83,03:44.3,67.79,68,-0.21,,,,
8278911.93,03:44.5,232.1,232,0.1,,,,
8278979.71,03:44.6,67.78,68,-0.22,,,,
8280402.9,03:46.0,1423.19,1423,0.19,,,,
8280470.68,03:46.1,67.78,68,-0.220000001,,,,
8342178.49,04:47.8,61707.81,61708,-0.189999999,,,,
8342246.28,04:47.8,67.79,68,-0.21,,,,
8342328.85,04:47.9,82.57,82,0.569999999,,,,
8342421.25,04:48.0,92.4,93,-0.6,,,,
8342489.04,04:48.1,67.79,67,0.79,,,,
8343678.75,04:49.3,1189.71,1190,-0.29,,,,
8343746.54,04:49.3,67.79,68,-0.21,,,,
8400899.5,05:46.5,57152.96,57153,-0.04,,,,
8400967.29,05:46.6,67.79,68,-0.210000001,,,,
8420578.11,06:06.2,19610.82,19610,0.82,,,,
8421563.48,06:07.2,985.37,986,-0.629999999,,,,
8421631.53,06:07.2,68.05,68,0.049999999,,,,
8422320.28,06:07.9,688.75,689,-0.25,,,,
8422383.3,06:08.0,63.02,63,0.020000001,,,,
8422451.35,06:08.1,68.05,68,0.049999999,,,,
8426027.2,06:11.6,3575.85,3576,-0.15,,,,
8426094.07,06:11.7,66.87,66,0.870000001,,,,
8426562.63,06:12.2,468.56,469,-0.439999999,,,,
8426629.5,06:12.2,66.87,67,-0.130000001,,,,
8849546.42,13:15.1,422916.92,422917,-0.08,,,,
8849614.2,13:15.2,67.78,68,-0.220000001,,,,
8852212.11,13:17.8,2597.91,2598,-0.09,,,,
8856905.71,13:22.5,4693.6,4694,-0.399999999,,,,
8859803.54,13:25.4,2897.83,2897,0.829999998,,,,
8861962.45,13:27.6,2158.91,2159,-0.09,,,,
8862465.52,13:28.1,503.07,503,0.07,,,,
8862533.58,13:28.1,68.06,68,0.060000001,,,,
8862717.41,13:28.3,183.83,184,-0.17,,,,
8863639.94,13:29.2,922.53,923,-0.470000001,,,,
8863702.95,13:29.3,63.01,63,0.01,,,,
8863771.01,13:29.4,68.06,68,0.060000001,,,,
8864367.56,13:30.0,596.55,596,0.550000001,,,,
8885837.28,13:51.4,21469.72,21470,-0.280000001,,,,
8886715.42,13:52.3,878.14,878,0.140000001,,,,
8886783.47,13:52.4,68.05,68,0.050000001,,,,
8887525.01,13:53.1,741.54,742,-0.460000001,,,,
8887588.02,13:53.2,63.01,63,0.01,,,,
8887656.08,13:53.3,68.06,68,0.060000001,,,,
8888192.93,13:53.8,536.85,537,-0.15,,,,
9296834.64,20:42.4,408641.71,408642,-0.289999999,,,,
9296902.42,20:42.5,67.78,68,-0.220000001,,,,
9427009.51,22:52.6,130107.09,130107,0.09,,,,
9427076.37,22:52.7,66.86,67,-0.140000001,,,,
9437642.92,23:03.2,10566.55,10566,0.550000001,,,,
9437709.79,23:03.3,66.87,67,-0.130000001,,,,
9437925.74,23:03.5,215.95,216,-0.049999999,,,,
9437992.61,23:03.6,66.87,67,-0.130000001,,,,
9441293.86,23:06.9,3301.25,3301,0.25,,,,
9442386.5,23:08.0,1092.64,1093,-0.359999999,,,,
9442454.55,23:08.1,68.05,68,0.050000001,,,,
9443169.25,23:08.8,714.7,715,-0.300000001,,,,
9443232.26,23:08.8,63.01,63,0.01,,,,
9443300.32,23:08.9,68.06,68,0.060000001,,,,
9466987.63,23:32.6,23687.31,23687,0.310000001,,,,
9467054.48,23:32.7,66.85,67,-0.15,,,,
9475670.11,23:41.3,8615.63,8616,-0.370000001,,,,
9478226.14,23:43.8,2556.03,2556,0.030000001,,,,
9478293.93,23:43.9,67.79,67,0.789999999,,,,
9493133.4,23:58.7,14839.47,14840,-0.529999999,,,,
9493200.26,23:58.8,66.86,67,-0.140000001,,,,
9700248.84,27:25.9,207048.58,207049,-0.42,,,,
9713071.49,27:38.7,12822.65,12822,0.65,,,,
9713139.28,27:38.7,67.79,68,-0.210000001,,,,
9725648.82,27:51.3,12509.54,12510,-0.459999999,,,,
9725716.59,27:51.3,67.77,67,0.77,,,,
9731912.69,27:57.5,6196.1,6196,0.1,,,,
9731980.48,27:57.6,67.79,68,-0.209999999,,,,
9855390.57,30:01.0,123410.09,123410,0.09,,,,
9858975.25,30:04.6,3584.68,3585,-0.32,,,,
9863622.48,30:09.2,4647.23,4647,0.23,,,,
9956829.22,31:42.4,93206.74,93207,-0.26,,,,
9956896.08,31:42.5,66.86,67,-0.140000001,,,,
9965874.11,31:51.5,8978.03,8978,0.029999999,,,,
9965940.96,31:51.5,66.85,67,-0.149999999,,,,
10003238.44,32:28.8,37297.48,37297,0.479999999,,,,
10054116.99,33:19.7,50878.55,50879,-0.449999999,,,,
10054183.85,33:19.8,66.86,67,-0.140000001,,,,
10055207.9,33:20.8,1024.05,1024,0.050000001,,,,
10055274.78,33:20.9,66.88,67,-0.120000001,,,,
10055347.78,33:21.0,73,73,0,,,,
10059340.54,33:24.9,3992.76,3993,-0.24,,,,
10059407.41,33:25.0,66.87,66,0.870000001,,,,
10249650.96,36:35.3,190243.55,190244,-0.449999999,,,,
10249717.83,36:35.3,66.87,67,-0.130000001,,,,
10250103.23,36:35.7,385.4,385,0.4,,,,
10250170.09,36:35.8,66.86,67,-0.140000001,,,,
10250268.02,36:35.9,97.93,98,-0.07,,,,
10250348.05,36:36.0,80.03,80,0.030000001,,,,
10250414.92,36:36.0,66.87,67,-0.130000001,,,,
10250488.74,36:36.1,73.82,74,-0.18,,,,
10250819.69,36:36.4,330.95,331,-0.050000001,,,,
10250886.55,36:36.5,66.86,67,-0.139999999,,,,
10251050.83,36:36.7,164.28,164,0.279999999,,,,
10251117.69,36:36.7,66.86,67,-0.140000001,,,,
10251278.8,36:36.9,161.11,161,0.110000001,,,,
10251345.66,36:36.9,66.86,67,-0.140000001,,,,
10251792.86,36:37.4,447.2,447,0.199999999,,,,
10251859.72,36:37.5,66.86,67,-0.139999999,,,,
10251930.99,36:37.5,71.27,71,0.27,,,,
10252200.74,36:37.8,269.75,270,-0.25,,,,
10252267.6,36:37.9,66.86,67,-0.140000001,,,,
10252598.57,36:38.2,330.97,331,-0.029999999,,,,
10252665.44,36:38.3,66.87,67,-0.130000001,,,,
10252981.99,36:38.6,316.55,316,0.550000001,,,,
10253048.85,36:38.7,66.86,67,-0.140000001,,,,
10253385.46,36:39.0,336.61,337,-0.389999999,,,,
10253452.32,36:39.1,66.86,67,-0.140000001,,,,
10253534.43,36:39.1,82.11,82,0.109999999,,,,
10253922.05,36:39.5,387.62,387,0.620000001,,,,
10253988.91,36:39.6,66.86,67,-0.140000001,,,,
10254331.78,36:39.9,342.87,343,-0.130000001,,,,
10254398.64,36:40.0,66.86,67,-0.139999999,,,,
10254752.37,36:40.4,353.73,354,-0.270000001,,,,
10254819.24,36:40.4,66.87,66,0.870000001,,,,
10256019.8,36:41.6,1200.56,1201,-0.439999999,,,,
10256086.66,36:41.7,66.86,67,-0.140000001,,,,
10256186.99,36:41.8,100.33,100,0.33,,,,
10525630.97,41:11.2,269443.98,269445,-1.02,,,,
10525697.82,41:11.3,66.85,66,0.85,,,,
13252604.57,26:38.2,2726906.75,2726910,-3.25,,,,
13252671.44,26:38.3,66.87,67,-0.130000001,,,,
14130439.97,41:16.0,877768.53,877769,-0.469999999,,,,
14130506.82,41:16.1,66.85,67,-0.15,,,,
14159846.42,41:45.5,29339.6,29340,-0.4,,,,
14161641.63,41:47.2,1795.21,1795,0.210000001,,,,
14164046.03,41:49.7,2404.4,2404,0.399999999,,,,
14232775.17,42:58.4,68729.14,68729,0.140000001,,,,
14233315.18,42:58.9,540.01,541,-0.99,,,,
14233383.23,42:59.0,68.05,68,0.050000001,,,,
14234111.81,42:59.7,728.58,728,0.58,,,,
14234174.82,42:59.8,63.01,63,0.01,,,,
14234242.88,42:59.9,68.06,68,0.060000001,,,,
14309589.45,44:15.2,75346.57,75347,-0.430000002,,,,
14336147.48,44:41.8,26558.03,26558,0.030000001,,,,
14336981.07,44:42.6,833.59,834,-0.41,,,,
14337049.13,44:42.7,68.06,68,0.060000001,,,,
14337827.22,44:43.4,778.09,778,0.09,,,,
14337890.24,44:43.5,63.02,63,0.02,,,,
14337958.29,44:43.6,68.05,68,0.049999999,,,,
14338793.47,44:44.4,835.18,835,0.180000002,,,,
14368206.56,45:13.8,29413.09,29413,0.09,,,,
14369235.81,45:14.8,1029.25,1029,0.25,,,,
14369303.86,45:14.9,68.05,68,0.049999999,,,,
14369987.01,45:15.6,683.15,683,0.15,,,,
14370050.02,45:15.7,63.01,63,0.01,,,,
14370118.08,45:15.7,68.06,69,-0.939999999,,,,
14370655.02,45:16.3,536.94,536,0.939999999,,,,
14411197.79,45:56.8,40542.77,40543,-0.23,,,,
14411942.54,45:57.6,744.75,745,-0.25,,,,
14412010.59,45:57.6,68.05,68,0.050000001,,,,
14412720.49,45:58.3,709.9,710,-0.1,,,,
14412783.5,45:58.4,63.01,63,0.01,,,,
14412851.56,45:58.5,68.06,68,0.060000001,,,,
14413328.76,45:58.9,477.2,477,0.199999999,,,,
14428136.81,46:13.7,14808.05,14808,0.050000001,,,,
14428747.6,46:14.4,610.79,611,-0.210000001,,,,
14428815.65,46:14.4,68.05,68,0.050000001,,,,
14429557.5,46:15.2,741.85,742,-0.15,,,,
14429620.51,46:15.2,63.01,63,0.01,,,,
14429688.57,46:15.3,68.06,68,0.060000001,,,,
14429987.09,46:15.6,298.52,299,-0.48,,,,
14550866.45,48:16.5,120879.36,120879,0.359999999,,,,
14550933.31,48:16.5,66.86,67,-0.139999999,,,,
14551009.73,48:16.6,76.42,76,0.42,,,,
14551644.37,48:17.3,634.64,635,-0.360000001,,,,
14551711.23,48:17.3,66.86,67,-0.139999999,,,,
14551877.95,48:17.5,166.72,167,-0.280000001,,,,
14551944.82,48:17.6,66.87,66,0.870000001,,,,
14552270.75,48:17.9,325.93,326,-0.07,,,,
14552337.62,48:17.9,66.87,67,-0.130000001,,,,
14552781.13,48:18.4,443.51,444,-0.489999998,,,,
14552848,48:18.5,66.87,67,-0.130000001,,,,
14554671.99,48:20.3,1823.99,1824,-0.01,,,,
14554738.85,48:20.3,66.86,67,-0.140000001,,,,
14556744.61,48:22.4,2005.76,2005,0.76,,,,
14556811.48,48:22.4,66.87,67,-0.129999999,,,,
14557555.56,48:23.2,744.08,744,0.08,,,,
14557622.43,48:23.2,66.87,67,-0.130000001,,,,
14558767.84,48:24.4,1145.41,1145,0.41,,,,
14558834.71,48:24.4,66.87,67,-0.129999999,,,,
14559453.06,48:25.1,618.35,619,-0.65,,,,
14559519.93,48:25.1,66.87,67,-0.130000001,,,,
14560873.4,48:26.5,1353.47,1353,0.470000001,,,,
14560940.27,48:26.5,66.87,67,-0.130000001,,,,
14561075.45,48:26.7,135.18,135,0.18,,,,
14562518.72,48:28.1,1443.27,1443,0.270000001,,,,
14562585.58,48:28.2,66.86,67,-0.140000001,,,,
14578946.81,48:44.6,16361.23,16361,0.23,,,,
14579013.67,48:44.6,66.86,67,-0.140000001,,,,
14580606.31,48:46.2,1592.64,1593,-0.359999999,,,,
14580673.17,48:46.3,66.86,67,-0.140000001,,,,
14584945.51,48:50.6,4272.34,4272,0.34,,,,
14585366.49,48:51.0,420.98,421,-0.02,,,,
14585434.55,48:51.0,68.06,68,0.060000001,,,,
14586097.98,48:51.7,663.43,664,-0.57,,,,
14586161,48:51.8,63.02,63,0.02,,,,
14586229.06,48:51.8,68.06,68,0.060000001,,,,
14586706.26,48:52.3,477.2,477,0.199999999,,,,
14702930.67,50:48.5,116224.41,116224,0.41,,,,
14703744.29,50:49.4,813.62,814,-0.380000001,,,,
14703812.34,50:49.4,68.05,68,0.050000001,,,,
14704524.18,50:50.1,711.84,712,-0.16,,,,
14704587.19,50:50.2,63.01,63,0.01,,,,
14704655.25,50:50.3,68.06,68,0.060000001,,,,
14705490.52,50:51.1,835.27,835,0.27,,,,
14707927.15,50:53.5,2436.63,2437,-0.369999999,,,,
14725255.2,51:10.9,17328.05,17328,0.049999999,,,,
14726047.33,51:11.7,792.13,792,0.130000001,,,,
14726115.38,51:11.7,68.05,68,0.050000001,,,,
14726878.78,51:12.5,763.4,764,-0.600000001,,,,
14726941.8,51:12.6,63.02,63,0.020000001,,,,
14727009.85,51:12.6,68.05,68,0.049999999,,,,
14727725.65,51:13.3,715.8,715,0.800000001,,,,
14746296.68,51:31.9,18571.03,18572,-0.970000001,,,,
14746752.4,51:32.4,455.72,455,0.720000001,,,,
14746820.46,51:32.4,68.06,68,0.060000001,,,,
14747478.65,51:33.1,658.19,658,0.189999999,,,,
14747650.18,51:33.3,171.53,172,-0.470000001,,,,
14936615,54:42.2,188964.82,188965,-0.18,,,,
14936681.87,54:42.3,66.87,67,-0.130000001,,,,
14936844.64,54:42.5,162.77,163,-0.229999999,,,,
14936911.5,54:42.5,66.86,67,-0.140000001,,,,
14937373.65,54:43.0,462.15,462,0.15,,,,
14937440.51,54:43.0,66.86,67,-0.140000001,,,,
14937935.7,54:43.5,495.19,495,0.189999999,,,,
14938002.55,54:43.6,66.85,67,-0.149999999,,,,
14938458.4,54:44.1,455.85,455,0.85,,,,
14938525.26,54:44.1,66.86,67,-0.140000001,,,,
14938611.58,54:44.2,86.32,87,-0.68,,,,
14938732.44,54:44.3,120.86,120,0.859999999,,,,
14938799.31,54:44.4,66.87,67,-0.129999999,,,,
14939676.89,54:45.3,877.58,878,-0.42,,,,
14939743.75,54:45.4,66.86,67,-0.140000001,,,,
14939829.4,54:45.4,85.65,85,0.65,,,,
14940779.85,54:46.4,950.45,951,-0.550000001,,,,
14940846.71,54:46.5,66.86,67,-0.139999999,,,,
14942213.02,54:47.8,1366.31,1366,0.309999999,,,,
14942279.88,54:47.9,66.86,67,-0.139999999,,,,
14942796.63,54:48.4,516.75,517,-0.25,,,,
14942863.5,54:48.5,66.87,67,-0.130000001,,,,
14942938.14,54:48.5,74.64,74,0.640000001,,,,
14943795.4,54:49.4,857.26,857,0.26,,,,
14943862.27,54:49.5,66.87,67,-0.130000001,,,,
14944964.41,54:50.6,1102.14,1102,0.140000001,,,,
14945031.28,54:50.6,66.87,67,-0.130000001,,,,
14945116.7,54:50.7,85.42,86,-0.58,,,,
14945273.84,54:50.9,157.14,157,0.140000001,,,,
14945340.71,54:50.9,66.87,67,-0.129999999,,,,
14946435.26,54:52.0,1094.55,1094,0.549999999,,,,
14946502.12,54:52.1,66.86,67,-0.140000001,,,,
14947958.09,54:53.6,1455.97,1456,-0.029999999,,,,
14948024.95,54:53.6,66.86,67,-0.140000001,,,,
14948116.26,54:53.7,91.31,91,0.310000001,,,,
14949276.7,54:54.9,1160.44,1161,-0.560000001,,,,
14949343.56,54:55.0,66.86,67,-0.139999999,,,,
14949492.91,54:55.1,149.35,149,0.35,,,,
14949559.77,54:55.2,66.86,67,-0.140000001,,,,
14952752.73,54:58.4,3192.96,3193,-0.039999999,,,,
14952819.58,54:58.4,66.85,67,-0.15,,,,
14952902.66,54:58.5,83.08,83,0.08,,,,
14953160.75,54:58.8,258.09,258,0.09,,,,
14953227.61,54:58.8,66.86,67,-0.140000001,,,,
14954032.78,54:59.6,805.17,805,0.17,,,,
14954099.65,54:59.7,66.87,67,-0.129999999,,,,
14954186.95,54:59.8,87.3,87,0.299999999,,,,
14955128.13,55:00.7,941.18,941,0.180000002,,,,
14955195,55:00.8,66.87,67,-0.130000001,,,,
14971993.66,55:17.6,16798.66,16799,-0.34,,,,
14972060.52,55:17.7,66.86,67,-0.140000001,,,,
14972147,55:17.8,86.48,86,0.48,,,,
14972644.14,55:18.3,497.14,497,0.140000001,,,,
14972711.01,55:18.3,66.87,67,-0.130000001,,,,
14973077.57,55:18.7,366.56,367,-0.439999999,,,,
14973144.42,55:18.8,66.85,67,-0.15,,,,
14973567.82,55:19.2,423.4,423,0.4,,,,
14973634.68,55:19.2,66.86,67,-0.140000001,,,,
14973859.64,55:19.5,224.96,225,-0.039999999,,,,
14973926.51,55:19.5,66.87,67,-0.130000001,,,,
14974802.14,55:20.4,875.63,875,0.630000001,,,,
14974869.01,55:20.5,66.87,67,-0.130000001,,,,
14996292.03,55:41.9,21423.02,21423,0.02,,,,
14996358.89,55:42.0,66.86,67,-0.139999999,,,,
14997676.72,55:43.3,1317.83,1318,-0.17,,,,
14997743.58,55:43.4,66.86,67,-0.140000001,,,,
14998092.84,55:43.7,349.26,349,0.26,,,,
14998159.71,55:43.8,66.87,67,-0.129999999,,,,
14998246.03,55:43.9,86.32,86,0.319999998,,,,
14999046.61,55:44.7,800.58,801,-0.42,,,,
14999113.48,55:44.7,66.87,67,-0.129999999,,,,
14999349.14,55:45.0,235.66,235,0.66,,,,
14999415.99,55:45.0,66.85,67,-0.15,,,,
14999511.56,55:45.1,95.57,96,-0.43,,,,
14999868.31,55:45.5,356.75,356,0.75,,,,
14999935.17,55:45.5,66.86,67,-0.140000001,,,,
15000013.14,55:45.6,77.97,78,-0.029999999,,,,
15030474.98,56:16.1,30461.84,30462,-0.16,,,,
15033917.42,56:19.5,3442.44,3443,-0.560000001,,,,
15043767.43,56:29.4,9850.01,9850,0.01,,,,
15043834.3,56:29.4,66.87,66,0.870000001,,,,
15688999.63,07:14.6,645165.33,645166,-0.67,,,,
15689066.49,07:14.7,66.86,67,-0.140000001,,,,
17214446.59,32:40.1,1525380.1,1525382,-1.9,,,,
17214513.46,32:40.1,66.87,67,-0.129999999,,,,
17217332.92,32:42.9,2819.46,2819,0.460000001,,,,
17230312.67,32:55.9,12979.75,12980,-0.25,,,,
17230380.46,32:56.0,67.79,68,-0.210000001,,,,
17233358.67,32:59.0,2978.21,2978,0.210000001,,,,
17242767.64,33:08.4,9408.97,9409,-0.030000001,,,,
17248933.97,33:14.5,6166.33,6166,0.329999998,,,,
17254334.83,33:19.9,5400.86,5401,-0.140000001,,,,
17412940.3,35:58.6,158605.47,158606,-0.529999997,,,,
17413346.87,35:59.0,406.57,407,-0.43,,,,
17413414.93,35:59.0,68.06,68,0.059999999,,,,
17414174.12,35:59.8,759.19,759,0.190000001,,,,
17414237.14,35:59.8,63.02,63,0.02,,,,
17414305.19,35:59.9,68.05,68,0.050000001,,,,
17414663.12,36:00.3,357.93,358,-0.07,,,,
17431084.3,36:16.7,16421.18,16421,0.18,,,,
17431605.99,36:17.2,521.69,522,-0.310000002,,,,
17431674.05,36:17.3,68.06,68,0.060000002,,,,
17432331.35,36:17.9,657.3,657,0.300000001,,,,
17432394.37,36:18.0,63.02,63,0.02,,,,
17432462.42,36:18.1,68.05,68,0.050000001,,,,
17432760.91,36:18.4,298.49,299,-0.510000002,,,,
17456949.57,36:42.6,24188.66,24188,0.66,,,,
17457701.45,36:43.3,751.88,752,-0.120000001,,,,
17457769.51,36:43.4,68.06,68,0.060000002,,,,
17458510.84,36:44.1,741.33,742,-0.670000002,,,,
17458573.86,36:44.2,63.02,63,0.02,,,,
17458641.91,36:44.3,68.05,68,0.050000001,,,,
17460853.47,36:46.5,2211.56,2211,0.559999999,,,,
17504055.97,37:29.7,43202.5,43203,-0.5,,,,
17504768.57,37:30.4,712.6,712,0.600000001,,,,
17504836.62,37:30.4,68.05,68,0.050000001,,,,
17505545.38,37:31.2,708.76,709,-0.240000002,,,,
17505608.4,37:31.2,63.02,63,0.02,,,,
17505676.45,37:31.3,68.05,68,0.050000001,,,,
17507049.19,37:32.7,1372.74,1373,-0.259999998,,,,
17561854.01,38:27.5,54804.82,54805,-0.18,,,,
17561921.79,38:27.5,67.78,68,-0.220000003,,,,
17585466.31,38:51.1,23544.52,23544,0.52,,,,
17585533.18,38:51.1,66.87,67,-0.129999999,,,,
17586056.17,38:51.7,522.99,523,-0.009999998,,,,
17586123.03,38:51.7,66.86,67,-0.140000001,,,,
17586688.27,38:52.3,565.24,565,0.239999998,,,,
17586755.13,38:52.4,66.86,67,-0.140000001,,,,
17587235.71,38:52.8,480.58,481,-0.419999998,,,,
17587302.57,38:52.9,66.86,66,0.859999999,,,,
17587684.9,38:53.3,382.33,383,-0.670000002,,,,
17587751.76,38:53.4,66.86,67,-0.139999997,,,,
17588349.91,38:54.0,598.15,598,0.149999999,,,,
17588416.77,38:54.0,66.86,67,-0.140000001,,,,
17589329.37,38:54.9,912.6,912,0.600000001,,,,
17589396.23,38:55.0,66.86,67,-0.140000001,,,,
17590101.1,38:55.7,704.87,705,-0.129999999,,,,
17590167.95,38:55.8,66.85,67,-0.150000002,,,,
17590936.49,38:56.5,768.54,768,0.539999999,,,,
17591003.35,38:56.6,66.86,67,-0.139999997,,,,
17592033.23,38:57.6,1029.88,1030,-0.120000001,,,,
17592100.09,38:57.7,66.86,67,-0.140000001,,,,
17592788.55,38:58.4,688.46,688,0.460000001,,,,
17592855.41,38:58.5,66.86,67,-0.140000001,,,,
17593556.58,38:59.2,701.17,701,0.169999998,,,,
17593623.44,38:59.2,66.86,67,-0.139999997,,,,
17594677.4,39:00.3,1053.96,1054,-0.040000003,,,,
17594744.26,39:00.4,66.86,67,-0.139999997,,,,
17594834.46,39:00.4,90.2,90,0.199999999,,,,
24241191.77,29:46.8,6646357.31,6646364,-6.690000001,,,,
24241983.94,29:47.6,792.17,793,-0.829999998,,,,
24242052,29:47.7,68.06,68,0.059999999,,,,
24242817.64,29:48.4,765.64,765,0.640000001,,,,
24242880.65,29:48.5,63.01,63,0.009999998,,,,
24242948.71,29:48.6,68.06,68,0.060000002,,,,
24243366.4,29:49.0,417.69,418,-0.310000002,,,,
24277938.4,30:23.6,34572,34572,0,,,,
24278732.89,30:24.4,794.49,795,-0.509999998,,,,
24278800.95,30:24.4,68.06,68,0.059999999,,,,
24279482.86,30:25.1,681.91,682,-0.09,,,,
24279545.87,30:25.2,63.01,63,0.010000002,,,,
24279613.93,30:25.2,68.06,68,0.059999999,,,,
24284465.84,30:30.1,4851.91,4852,-0.09,,,,
24310030.78,30:55.6,25564.94,25565,-0.059999999,,,,
24310766.55,30:56.4,735.77,735,0.77,,,,
24310834.6,30:56.5,68.05,68,0.050000001,,,,
24311624.64,30:57.2,790.04,790,0.039999999,,,,
24311687.66,30:57.3,63.02,63,0.02,,,,
24311755.72,30:57.4,68.06,69,-0.940000001,,,,
24312411.98,30:58.0,656.26,656,0.260000002,,,,
24393552.07,32:19.2,81140.09,81140,0.09,,,,
24394032.9,32:19.7,480.83,481,-0.170000002,,,,
24394100.95,32:19.7,68.05,68,0.050000001,,,,
24394714.55,32:20.3,613.6,613,0.600000001,,,,
24394777.57,32:20.4,63.02,63,0.02,,,,
24394845.62,32:20.5,68.05,68,0.050000001,,,,
24395203.71,32:20.8,358.09,359,-0.91,,,,
24411827.02,32:37.4,16623.31,16623,0.309999999,,,,
24412716.76,32:38.3,889.74,890,-0.259999998,,,,
24412784.81,32:38.4,68.05,68,0.049999997,,,,
24413576.88,32:39.2,792.07,792,0.07,,,,
24413639.9,32:39.3,63.02,63,0.02,,,,
24413707.96,32:39.3,68.06,68,0.060000002,,,,
24414125.7,32:39.7,417.74,418,-0.260000002,,,,
24431270.45,32:56.9,17144.75,17144,0.75,,,,
24431946.01,32:57.6,675.56,676,-0.439999998,,,,
24432014.06,32:57.6,68.05,68,0.049999997,,,,
24432684.44,32:58.3,670.38,670,0.380000003,,,,
24432747.46,32:58.4,63.02,63,0.02,,,,
24432815.51,32:58.4,68.05,68,0.050000001,,,,
24433949.31,32:59.6,1133.8,1134,-0.200000003,,,,
24447664.62,33:13.3,13715.31,13716,-0.689999998,,,,
24448153.93,33:13.8,489.31,489,0.309999999,,,,
24448221.99,33:13.8,68.06,68,0.059999999,,,,
24448947.09,33:14.6,725.1,725,0.100000001,,,,
24449010.1,33:14.6,63.01,63,0.010000002,,,,
24449078.16,33:14.7,68.06,68,0.059999999,,,,
24449436.24,33:15.1,358.08,358,0.079999998,,,,
24477008.43,33:42.6,27572.19,27572,0.190000001,,,,
24477862.03,33:43.5,853.6,854,-0.399999999,,,,
24477930.09,33:43.5,68.06,68,0.059999999,,,,
24478716.64,33:44.3,786.55,787,-0.449999999,,,,
24478779.66,33:44.4,63.02,63,0.02,,,,
24478847.71,33:44.5,68.05,68,0.050000001,,,,
24479921.41,33:45.5,1073.7,1073,0.699999999,,,,
24497312.55,34:02.9,17391.14,17392,-0.859999999,,,,
24497813.74,34:03.4,501.19,501,0.189999998,,,,
24497881.8,34:03.5,68.06,68,0.060000002,,,,
24498569.33,34:04.2,687.53,687,0.529999997,,,,
24498632.35,34:04.3,63.02,63,0.020000003,,,,
24498700.41,34:04.3,68.06,68,0.059999999,,,,
24498998.9,34:04.6,298.49,299,-0.510000002,,,,
24518159.42,34:23.8,19160.52,19160,0.520000003,,,,
24518789.9,34:24.4,630.48,631,-0.520000003,,,,
24518857.95,34:24.5,68.05,68,0.050000001,,,,
24519564.37,34:25.2,706.42,706,0.420000002,,,,
24519627.38,34:25.2,63.01,63,0.009999998,,,,
24519695.44,34:25.3,68.06,68,0.060000002,,,,
24520172.61,34:25.8,477.17,478,-0.830000002,,,,
24537023.76,34:42.6,16851.15,16851,0.150000002,,,,
24537762.52,34:43.4,738.76,739,-0.240000002,,,,
24537830.57,34:43.4,68.05,68,0.050000001,,,,
24538519.72,34:44.1,689.15,689,0.149999999,,,,
24538582.74,34:44.2,63.02,63,0.02,,,,
24538650.8,34:44.3,68.06,68,0.060000002,,,,
24538949.3,34:44.6,298.5,298,0.5,,,,
24561118.34,35:06.7,22169.04,22169,0.039999999,,,,
24561527.43,35:07.1,409.09,409,0.09,,,,
24561595.48,35:07.2,68.05,69,-0.949999999,,,,
24562328.55,35:07.9,733.07,733,0.07,,,,
24562391.57,35:08.0,63.02,63,0.02,,,,
24562459.62,35:08.1,68.05,68,0.050000001,,,,
24563056.12,35:08.7,596.5,596,0.5,,,,
24596155.67,35:41.8,33099.55,33100,-0.449999999,,,,
24596697.89,35:42.3,542.22,542,0.219999999,,,,
24596765.94,35:42.4,68.05,68,0.050000001,,,,
24597494.11,35:43.1,728.17,728,0.169999998,,,,
24597557.13,35:43.2,63.02,63,0.02,,,,
24597625.18,35:43.2,68.05,68,0.050000001,,,,
24602649.94,35:48.3,5024.76,5025,-0.239999998,,,,
24602716.8,35:48.3,66.86,67,-0.140000001,,,,
24602843.02,35:48.5,126.22,126,0.219999999,,,,
24604306.38,35:49.9,1463.36,1463,0.359999999,,,,
24604373.24,35:50.0,66.86,67,-0.140000001,,,,
24604450.31,35:50.1,77.07,77,0.07,,,,
24604706.21,35:50.3,255.9,256,-0.099999998,,,,
24604773.06,35:50.4,66.85,67,-0.150000002,,,,
24605094.05,35:50.7,320.99,321,-0.009999998,,,,
24605160.92,35:50.8,66.87,67,-0.129999999,,,,
24606051.67,35:51.7,890.75,891,-0.25,,,,
24606118.54,35:51.7,66.87,67,-0.130000003,,,,
24607609.8,35:53.2,1491.26,1491,0.260000002,,,,
24607676.65,35:53.3,66.85,67,-0.150000002,,,,
24608436.64,35:54.1,759.99,760,-0.009999998,,,,
24608503.51,35:54.1,66.87,67,-0.129999999,,,,
24611381.02,35:57.0,2877.51,2877,0.509999998,,,,
24611447.89,35:57.1,66.87,67,-0.129999999,,,,
24613335.14,35:59.0,1887.25,1887,0.25,,,,
24613402.01,35:59.0,66.87,67,-0.129999999,,,,
24613875.03,35:59.5,473.02,473,0.02,,,,
24613941.89,35:59.6,66.86,67,-0.140000001,,,,
24615309.44,36:00.9,1367.55,1368,-0.449999999,,,,
24615376.3,36:01.0,66.86,66,0.859999999,,,,
24632766.67,36:18.4,17390.37,17391,-0.629999999,,,,
24632834.45,36:18.5,67.78,68,-0.220000003,,,,
24633646.06,36:19.3,811.61,811,0.609999999,,,,
24633713.83,36:19.3,67.77,68,-0.23,,,,
24634138.7,36:19.8,424.87,425,-0.129999999,,,,
24634206.48,36:19.8,67.78,68,-0.219999999,,,,
24634522.89,36:20.1,316.41,316,0.41,,,,
24634590.67,36:20.2,67.78,68,-0.219999999,,,,
24634928.88,36:20.5,338.21,338,0.209999997,,,,
24634996.65,36:20.6,67.77,68,-0.23,,,,
24635590.07,36:21.2,593.42,593,0.420000002,,,,
24635657.85,36:21.3,67.78,68,-0.219999999,,,,
24635865.23,36:21.5,207.38,207,0.379999999,,,,
24635933,36:21.6,67.77,68,-0.23,,,,
24636136.61,36:21.8,203.61,204,-0.390000001,,,,
24636204.39,36:21.8,67.78,67,0.780000001,,,,
24775531.11,38:41.1,139326.72,139327,-0.280000001,,,,
24775597.98,38:41.2,66.87,67,-0.129999999,,,,
24776079.2,38:41.7,481.22,481,0.219999999,,,,
24776146.07,38:41.8,66.87,67,-0.129999999,,,,
24791586.79,38:57.2,15440.72,15441,-0.280000001,,,,
24832499.82,39:38.1,40913.03,40913,0.030000001,,,,
24882936.66,40:28.6,50436.84,50437,-0.16,,,,
24883003.52,40:28.6,66.86,67,-0.140000001,,,,
24883096.46,40:28.7,92.94,93,-0.059999999,,,,
24883632.75,40:29.3,536.29,536,0.289999999,,,,
24883699.62,40:29.3,66.87,67,-0.129999999,,,,
24884963.39,40:30.6,1263.77,1264,-0.23,,,,
24885030.26,40:30.6,66.87,67,-0.129999999,,,,
24886577.34,40:32.2,1547.08,1547,0.079999998,,,,
24886644.2,40:32.3,66.86,67,-0.140000001,,,,
24887960.31,40:33.6,1316.11,1316,0.109999999,,,,
24888027.17,40:33.6,66.86,67,-0.139999997,,,,
26429865,06:15.5,1541837.83,1541839,-1.170000002,,,,
26430908.83,06:16.5,1043.83,1044,-0.170000002,,,,
26430976.89,06:16.6,68.06,68,0.060000002,,,,
26431660.42,06:17.3,683.53,683,0.530000001,,,,
26431723.44,06:17.3,63.02,63,0.02,,,,
26431791.5,06:17.4,68.06,68,0.059999999,,,,
26432566.87,06:18.2,775.37,776,-0.629999999,,,,
26478244.59,07:03.9,45677.72,45678,-0.280000001,,,,
26478778.04,07:04.4,533.45,533,0.449999999,,,,
26478846.09,07:04.5,68.05,68,0.050000001,,,,
26479577.62,07:05.2,731.53,732,-0.469999999,,,,
26479640.64,07:05.3,63.02,63,0.02,,,,
26479708.69,07:05.3,68.05,68,0.050000001,,,,
26480305.23,07:05.9,596.54,596,0.539999999,,,,
26506201.73,07:31.8,25896.5,25897,-0.5,,,,
26506606.92,07:32.2,405.19,405,0.190000001,,,,
26506674.98,07:32.3,68.06,68,0.059999999,,,,
26509453.07,07:35.1,2778.09,2778,0.09,,,,
26509516.09,07:35.1,63.02,63,0.02,,,,
26509584.15,07:35.2,68.06,68,0.059999999,,,,
26510717.19,07:36.3,1133.04,1133,0.040000003,,,,
31714857.44,34:20.5,5204140.25,5204146,-5.75,,,,
31714925.22,34:20.6,67.78,67,0.779999997,,,,
31931733.51,37:57.4,216808.29,216809,-0.709999997,,,,
31932172.03,37:57.8,438.52,438,0.52,,,,
31932240.08,37:57.9,68.05,68,0.049999997,,,,
31932933.83,37:58.6,693.75,694,-0.25,,,,
31932996.85,37:58.6,63.02,63,0.020000003,,,,
31933064.91,37:58.7,68.06,68,0.059999999,,,,
31934557,38:00.2,1492.09,1492,0.09,,,,
31966971.72,38:32.6,32414.72,32415,-0.280000001,,,,
31967773.55,38:33.4,801.83,802,-0.169999998,,,,
31967841.6,38:33.5,68.05,68,0.050000001,,,,
31968543.43,38:34.2,701.83,702,-0.170000002,,,,
31968606.44,38:34.2,63.01,63,0.010000002,,,,
31968674.5,38:34.3,68.06,68,0.059999999,,,,
31969867.85,38:35.5,1193.35,1193,0.350000001,,,,
31987648.05,38:53.3,17780.2,17781,-0.800000001,,,,
31988057.47,38:53.7,409.42,409,0.419999998,,,,
31988125.52,38:53.8,68.05,68,0.050000001,,,,
31988940.06,38:54.6,814.54,815,-0.460000001,,,,
31989003.08,38:54.6,63.02,63,0.02,,,,
31989071.13,38:54.7,68.05,68,0.050000001,,,,
31989608.25,38:55.2,537.12,537,0.120000001,,,,
32073484.33,40:19.1,83876.08,83876,0.079999998,,,,
32073943.28,40:19.6,458.95,459,-0.049999997,,,,
32074011.33,40:19.6,68.05,68,0.049999997,,,,
32076735.27,40:22.4,2723.94,2724,-0.059999999,,,,
32076798.29,40:22.4,63.02,63,0.02,,,,
32076866.35,40:22.5,68.06,68,0.060000002,,,,
32077105.4,40:22.7,239.05,239,0.049999997,,,,
32087888.58,40:33.5,10783.18,10783,0.18,,,,
32088556.96,40:34.2,668.38,669,-0.619999997,,,,
32088625.02,40:34.3,68.06,68,0.059999999,,,,
32089311.41,40:34.9,686.39,686,0.390000001,,,,
32089374.43,40:35.0,63.02,63,0.02,,,,
32089442.48,40:35.1,68.05,68,0.050000001,,,,
32089979.42,40:35.6,536.94,537,-0.059999999,,,,
32108488.63,40:54.1,18509.21,18509,0.209999997,,,,
32108897.87,40:54.5,409.24,409,0.240000002,,,,
32108965.93,40:54.6,68.06,69,-0.940000001,,,,
32109704.2,40:55.3,738.27,738,0.27,,,,
32109767.22,40:55.4,63.02,63,0.02,,,,
32109835.28,40:55.5,68.06,68,0.060000002,,,,
32110610.79,40:56.2,775.51,775,0.509999998,,,,
32173718.31,41:59.3,63107.52,63108,-0.48,,,,
32173786.09,41:59.4,67.78,68,-0.219999999,,,,
32175853.55,42:01.5,2067.46,2067,0.460000001,,,,
32175921.33,42:01.5,67.78,68,-0.220000003,,,,
32176079.98,42:01.7,158.65,159,-0.349999998,,,,
32176147.76,42:01.8,67.78,67,0.780000001,,,,
32177078.62,42:02.7,930.86,931,-0.140000001,,,,
32177146.4,42:02.8,67.78,68,-0.220000003,,,,
32177890.08,42:03.5,743.68,744,-0.32,,,,
32177957.86,42:03.6,67.78,67,0.780000001,,,,
32178310.73,42:03.9,352.87,353,-0.129999999,,,,
32178378.52,42:04.0,67.79,68,-0.210000001,,,,
32178701.76,42:04.3,323.24,323,0.240000002,,,,
32178769.54,42:04.4,67.78,68,-0.220000003,,,,
32178986.4,42:04.6,216.86,217,-0.140000001,,,,
32179054.19,42:04.7,67.79,68,-0.209999997,,,,
32179529.67,42:05.2,475.48,475,0.48,,,,
32179597.46,42:05.2,67.79,68,-0.210000001,,,,
32179952.78,42:05.6,355.32,355,0.32,,,,
32180020.56,42:05.6,67.78,68,-0.220000003,,,,
32180095.38,42:05.7,74.82,75,-0.18,,,,
32180524.88,42:06.2,429.5,430,-0.5,,,,
32180592.66,42:06.2,67.78,67,0.780000001,,,,
32181359.11,42:07.0,766.45,767,-0.550000001,,,,
32181426.9,42:07.1,67.79,68,-0.210000001,,,,
32182391.82,42:08.0,964.92,964,0.920000002,,,,
32182459.61,42:08.1,67.79,68,-0.210000001,,,,
32182556.95,42:08.2,97.34,98,-0.66,,,,
32182967.61,42:08.6,410.66,410,0.66,,,,
32183035.39,42:08.7,67.78,68,-0.219999999,,,,
32183115.99,42:08.7,80.6,81,-0.400000002,,,,
32183558.1,42:09.2,442.11,442,0.110000003,,,,
32183625.88,42:09.3,67.78,68,-0.220000003,,,,
32183869.55,42:09.5,243.67,243,0.670000002,,,,
32183937.33,42:09.6,67.78,68,-0.220000003,,,,
32184303.88,42:09.9,366.55,367,-0.449999999,,,,
32184371.66,42:10.0,67.78,67,0.780000001,,,,
32184896.4,42:10.5,524.74,525,-0.260000002,,,,
32184964.19,42:10.6,67.79,68,-0.209999997,,,,
32185351.26,42:11.0,387.07,387,0.07,,,,
32185419.05,42:11.0,67.79,68,-0.210000001,,,,
32185807.46,42:11.4,388.41,388,0.41,,,,
32185875.24,42:11.5,67.78,68,-0.220000003,,,,
32185953.35,42:11.6,78.11,78,0.110000003,,,,
32186609.04,42:12.2,655.69,656,-0.310000002,,,,
32186676.82,42:12.3,67.78,67,0.780000001,,,,
32186766.63,42:12.4,89.81,90,-0.190000001,,,,
32188108.42,42:13.7,1341.79,1342,-0.209999997,,,,
32188176.2,42:13.8,67.78,68,-0.220000003,,,,
32188257.63,42:13.9,81.43,81,0.43,,,,
32191159.17,42:16.8,2901.54,2902,-0.459999997,,,,
32191226.95,42:16.9,67.78,68,-0.220000003,,,,
32191319.51,42:16.9,92.56,92,0.560000002,,,,
32191936.3,42:17.6,616.79,617,-0.210000001,,,,
32192004.08,42:17.6,67.78,68,-0.220000003,,,,
32192410.05,42:18.0,405.97,406,-0.029999997,,,,
32192477.84,42:18.1,67.79,67,0.789999999,,,,
32193784.93,42:19.4,1307.09,1308,-0.91,,,,
32193852.72,42:19.5,67.79,67,0.789999999,,,,
32193957.38,42:19.6,104.66,105,-0.34,,,,
32194135.2,42:19.8,177.82,178,-0.18,,,,
32194202.98,42:19.8,67.78,68,-0.219999999,,,,
32194281.9,42:19.9,78.92,79,-0.080000002,,,,
32194600.48,42:20.2,318.58,318,0.580000002,,,,
32194668.26,42:20.3,67.78,68,-0.219999999,,,,
32194745.68,42:20.4,77.42,77,0.419999998,,,,
32195028.68,42:20.7,283,283,0,,,,
32195096.46,42:20.7,67.78,68,-0.219999999,,,,
32197029.26,42:22.7,1932.8,1933,-0.199999999,,,,
32197097.04,42:22.7,67.78,68,-0.220000003,,,,
32197243.34,42:22.9,146.3,146,0.300000001,,,,
32197311.13,42:22.9,67.79,68,-0.210000001,,,,
40500906.4,00:46.5,8303595.27,8303603.999999999,-8.72999999,,,,
40500973.26,00:46.6,66.86,67,-0.140000001,,,,
40510518.05,00:56.2,9544.79,9544,0.789999999,,,,
40511248.52,00:56.9,730.47,731,-0.529999994,,,,
40511316.57,00:57.0,68.05,68,0.049999997,,,,
40512031.75,00:57.7,715.18,715,0.18,,,,
40512094.76,00:57.7,63.01,63,0.009999998,,,,
40512162.82,00:57.8,68.06,68,0.060000002,,,,
40512699.72,00:58.3,536.9,537,-0.100000001,,,,
40545122.56,01:30.8,32422.84,32423,-0.159999996,,,,
40545577.76,01:31.2,455.2,455,0.199999996,,,,
40545645.82,01:31.3,68.06,68,0.060000002,,,,
40546371.93,01:32.0,726.11,726,0.109999999,,,,
40546434.95,01:32.1,63.02,63,0.020000003,,,,
40546503.01,01:32.1,68.05999999,68,0.059999995,,,,
40547159.06,01:32.8,656.05,656,0.050000004,,,,
40566084.93,01:51.7,18925.87,18926,-0.130000003,,,,
40566491.71,01:52.1,406.78,407,-0.219999999,,,,
40566559.77,01:52.2,68.06,68,0.060000002,,,,
40567274.04,01:52.9,714.27,714,0.269999996,,,,
40567337.06,01:53.0,63.02,63,0.020000003,,,,
40567405.12,01:53.0,68.05999999,69,-0.940000005,,,,
40568001.71,01:53.6,596.59,596,0.590000004,,,,
40591695.15,02:17.3,23693.44,23694,-0.560000002,,,,
40592320.01,02:18.0,624.86,624,0.859999999,,,,
40592388.07,02:18.0,68.06,68,0.060000002,,,,
40593107.65,02:18.7,719.58,720,-0.420000002,,,,
40593170.67,02:18.8,63.02,63,0.020000003,,,,
40593238.72,02:18.9,68.05,68,0.049999997,,,,
40593537.26,02:19.2,298.54,299,-0.460000001,,,,
40616140.79,02:41.8,22603.53,22603,0.530000001,,,,
40616617.8,02:42.3,477.01,477,0.009999998,,,,
40616685.85,02:42.3,68.05,68,0.050000004,,,,
40617390.73,02:43.0,704.88,705,-0.120000005,,,,
40617453.75,02:43.1,63.02,63,0.020000003,,,,
40617521.81,02:43.2,68.06,68,0.060000002,,,,
40617760.85,02:43.4,239.04,239,0.039999999,,,,
40650602.15,03:16.2,32841.3,32842,-0.700000003,,,,
40651388.88,03:17.0,786.73,786,0.730000004,,,,
40651456.94,03:17.1,68.05999999,68,0.059999995,,,,
40652232.58,03:17.9,775.64,776,-0.359999999,,,,
40652295.6,03:17.9,63.02,63,0.020000003,,,,
40652363.65,03:18.0,68.05,68,0.049999997,,,,
40653616.39,03:19.3,1252.74,1253,-0.259999998,,,,
40752989.9,04:58.6,99373.51,99373,0.509999998,,,,
40753057.68,04:58.7,67.78,68,-0.219999999,,,,
40753203.82,04:58.8,146.14,146,0.140000001,,,,
40753271.61,04:58.9,67.79,68,-0.210000001,,,,
40753382.94,04:59.0,111.33,112,-0.670000002,,,,
40753714.71,04:59.4,331.77,331,0.770000003,,,,
40753782.49,04:59.4,67.78,68,-0.219999999,,,,
40754389.15,05:00.0,606.66,607,-0.340000004,,,,
40754456.93,05:00.1,67.78,68,-0.219999999,,,,
40754813.29,05:00.4,356.36,356,0.359999999,,,,
40754881.06,05:00.5,67.77,68,-0.229999997,,,,
40755391.02,05:01.0,509.96,510,-0.039999999,,,,
40755458.81,05:01.1,67.79,67,0.789999999,,,,
40756102.28,05:01.7,643.47,644,-0.530000001,,,,
40756170.05,05:01.8,67.77,68,-0.230000004,,,,
40756387.27,05:02.0,217.22,217,0.220000006,,,,
40756455.05,05:02.1,67.77999999,68,-0.220000006,,,,
40757005.46,05:02.6,550.41,550,0.410000004,,,,
40757073.25,05:02.7,67.79,68,-0.210000001,,,,
40757589.53,05:03.2,516.28,516,0.280000001,,,,
40757657.32,05:03.3,67.79,68,-0.210000001,,,,
40758030.13,05:03.7,372.81,373,-0.189999998,,,,
40758097.91,05:03.7,67.77999999,68,-0.220000006,,,,
40758192.66,05:03.8,94.75,94,0.75,,,,
40758337.31,05:04.0,144.65,145,-0.349999994,,,,
40758405.09,05:04.0,67.78,68,-0.219999999,,,,
40758833.21,05:04.5,428.12,428,0.119999997,,,,
40758901,05:04.5,67.79,68,-0.210000001,,,,
40759120.51,05:04.8,219.51,219,0.509999998,,,,
40759188.29,05:04.8,67.78,68,-0.219999999,,,,
42158642.23,28:24.3,1399453.94,1399455,-1.060000002,,,,
42158710.01,28:24.3,67.78,68,-0.219999999,,,,
42159912.45,28:25.5,1202.44,1203,-0.559999995,,,,
42159980.24,28:25.6,67.79,67,0.789999999,,,,
42160183.68,28:25.8,203.44,204,-0.560000002,,,,
42160251.45,28:25.9,67.77,68,-0.229999997,,,,
42160625.86,28:26.3,374.41,374,0.409999996,,,,
42160693.63,28:26.3,67.77,68,-0.229999997,,,,
42162144.47,28:27.8,1450.84,1451,-0.160000004,,,,
42162212.25,28:27.8,67.78,67,0.780000001,,,,
42162299.53,28:27.9,87.28,88,-0.719999999,,,,
42162446.66,28:28.1,147.13,147,0.129999995,,,,
42162514.44,28:28.2,67.78,68,-0.219999999,,,,
42162890.5,28:28.5,376.06,376,0.060000002,,,,
42162958.28,28:28.6,67.78,67,0.780000001,,,,
42163343.74,28:29.0,385.46,386,-0.539999999,,,,
42163411.52,28:29.0,67.78,68,-0.219999999,,,,
42163935.22,28:29.6,523.7,523,0.699999996,,,,
42164003.01,28:29.6,67.79,68,-0.210000001,,,,
42164231.49,28:29.9,228.48,229,-0.519999996,,,,
42164299.28,28:29.9,67.79,67,0.789999999,,,,
42164392.37,28:30.0,93.09,93,0.089999996,,,,
42164520.95,28:30.2,128.58,129,-0.419999994,,,,
42164588.73,28:30.2,67.77999999,68,-0.220000006,,,,
42164674.25,28:30.3,85.52,85,0.520000003,,,,
42165278.95,28:30.9,604.7,605,-0.299999997,,,,
42165346.73,28:31.0,67.77999999,68,-0.220000006,,,,
42165442.44,28:31.1,95.71,96,-0.289999999,,,,
42165606.39,28:31.2,163.95,163,0.950000003,,,,
42165674.17,28:31.3,67.78,68,-0.219999999,,,,
42165906.45,28:31.5,232.28,233,-0.719999999,,,,
42165974.23,28:31.6,67.77999999,67,0.779999994,,,,
42166094,28:31.7,119.77,120,-0.229999997,,,,
42166418.84,28:32.1,324.84,325,-0.159999996,,,,
42166486.62,28:32.1,67.77999999,68,-0.220000006,,,,
42166588.19,28:32.2,101.57,101,0.57,,,,
42166749.4,28:32.4,161.21,161,0.210000001,,,,
42166817.18,28:32.5,67.78,68,-0.219999999,,,,
42167069.96,28:32.7,252.78,253,-0.219999999,,,,
42167137.75,28:32.8,67.79,68,-0.210000001,,,,
42167228.27,28:32.9,90.52,90,0.520000003,,,,
42167397.37,28:33.0,169.1,169,0.099999994,,,,
42167465.15,28:33.1,67.78,68,-0.219999999,,,,
42167579.15,28:33.2,114,114,0,,,,
42168097.46,28:33.7,518.31,519,-0.689999998,,,,
42168165.24,28:33.8,67.78,67,0.780000001,,,,
42168254.29,28:33.9,89.05,89,0.049999997,,,,
42168439.06,28:34.1,184.77,185,-0.229999997,,,,
42168506.84,28:34.1,67.78,68,-0.219999999,,,,
42169083.27,28:34.7,576.43,576,0.43,,,,
42169151.06,28:34.8,67.79,68,-0.210000001,,,,
42169418.8,28:35.1,267.74,268,-0.260000005,,,,
42169486.58,28:35.1,67.78,68,-0.219999999,,,,
42169579.89,28:35.2,93.31,93,0.310000002,,,,
42169745.72,28:35.4,165.83,166,-0.170000002,,,,
42169813.51,28:35.5,67.79,68,-0.210000001,,,,
42169909.01,28:35.5,95.5,95,0.5,,,,
42170274.03,28:35.9,365.02,365,0.020000003,,,,
42170341.81,28:36.0,67.78,68,-0.219999999,,,,
42170444.42,28:36.1,102.61,102,0.609999999,,,,
42170799.46,28:36.4,355.04,356,-0.960000001,,,,
42170867.24,28:36.5,67.78,67,0.780000001,,,,
42171121.75,28:36.8,254.51,255,-0.490000002,,,,
42171189.52,28:36.8,67.77,68,-0.229999997,,,,
42171284.17,28:36.9,94.65,94,0.649999999,,,,
42171456.18,28:37.1,172.01,172,0.009999998,,,,
42171523.96,28:37.2,67.78,68,-0.219999999,,,,
42171789.25,28:37.4,265.29,265,0.289999999,,,,
42171857.03,28:37.5,67.78,68,-0.219999999,,,,
42171953.87,28:37.6,96.84,97,-0.160000004,,,,
42172122.45,28:37.8,168.58,169,-0.419999994,,,,
42172190.23,28:37.8,67.77999999,67,0.779999994,,,,
42172318.8,28:38.0,128.57,129,-0.43,,,,
42173066.32,28:38.7,747.52,747,0.520000003,,,,
42173134.09,28:38.8,67.77,68,-0.229999997,,,,
42173261.07,28:38.9,126.98,127,-0.020000003,,,,
42173597.46,28:39.2,336.39,337,-0.609999999,,,,
42173665.25,28:39.3,67.79,67,0.789999999,,,,
42173764.16,28:39.4,98.91,99,-0.090000004,,,,
42173929.76,28:39.6,165.6,166,-0.399999999,,,,
42173997.55,28:39.6,67.79,68,-0.210000001,,,,
42174269.79,28:39.9,272.24,272,0.240000002,,,,
42174337.58,28:40.0,67.79,68,-0.210000001,,,,
42174622.15,28:40.3,284.57,284,0.57,,,,
42174689.93,28:40.3,67.78,68,-0.219999999,,,,
42204979.47,29:10.6,30289.54,30290,-0.460000001,,,,
42205047.25,29:10.7,67.78,67,0.780000001,,,,
42205386.65,29:11.0,339.4,340,-0.600000001,,,,
42205454.43,29:11.1,67.78,68,-0.219999999,,,,
42205616.1,29:11.3,161.67,161,0.670000002,,,,
42205683.87,29:11.3,67.77,68,-0.230000004,,,,
42205932.22,29:11.6,248.35,248,0.350000001,,,,
42206000,29:11.6,67.78,68,-0.219999999,,,,
42206242.69,29:11.9,242.69,243,-0.310000002,,,,
42206310.46,29:11.9,67.77,68,-0.229999997,,,,
42208103.56,29:13.7,1793.1,1793,0.100000001,,,,
42208171.34,29:13.8,67.78,67,0.780000001,,,,
42208566.24,29:14.2,394.9,395,-0.100000001,,,,
42208634.03,29:14.3,67.79,68,-0.210000001,,,,
42208728.44,29:14.4,94.41,95,-0.590000004,,,,
42209052.38,29:14.7,323.94,324,-0.059999995,,,,
42209120.16,29:14.8,67.77999999,67,0.779999994,,,,
42209202.72,29:14.8,82.56,83,-0.439999998,,,,
42209378.31,29:15.0,175.59,175,0.590000004,,,,
42209446.09,29:15.1,67.78,68,-0.219999999,,,,
42209520.81,29:15.2,74.72,75,-0.280000001,,,,
42238296.29,29:43.9,28775.48,28775,0.479999997,,,,
42239105.82,29:44.7,809.53,810,-0.469999999,,,,
42239173.87,29:44.8,68.05,68,0.049999997,,,,
42239845.88,29:45.5,672.01,672,0.010000005,,,,
42239908.9,29:45.5,63.02,63,0.019999996,,,,
42239976.95,29:45.6,68.05,68,0.050000004,,,,
42249569.07,29:55.2,9592.12,9592,0.119999997,,,,
42278919.9,30:24.6,29350.83,29351,-0.170000002,,,,
42279332.19,30:25.0,412.29,412,0.289999999,,,,
42279400.25,30:25.0,68.06,68,0.060000002,,,,
42280135.55,30:25.8,735.3,736,-0.700000003,,,,
42280198.57,30:25.8,63.02,63,0.020000003,,,,
42280266.62,30:25.9,68.05,68,0.049999997,,,,
42280922.95,30:26.6,656.33,656,0.330000006,,,,
42301388.73,30:47.0,20465.78,20466,-0.220000006,,,,
42301794.45,30:47.4,405.72,406,-0.279999994,,,,
42301862.5,30:47.5,68.05,68,0.049999997,,,,
42302614.24,30:48.3,751.74,751,0.740000002,,,,
42302677.26,30:48.3,63.02,63,0.019999996,,,,
42302745.32,30:48.4,68.06,69,-0.939999998,,,,
42303222.6,30:48.9,477.28,477,0.280000001,,,,
42322263.24,31:07.9,19040.64,19040,0.640000001,,,,
42322668.88,31:08.3,405.64,406,-0.359999999,,,,
42322736.93,31:08.4,68.05,68,0.049999997,,,,
42323422.32,31:09.1,685.39,686,-0.609999999,,,,
42323485.34,31:09.1,63.02,63,0.020000003,,,,
42323553.4,31:09.2,68.05999999,68,0.059999995,,,,
42324388.68,31:10.0,835.28,835,0.280000001,,,,
42347678.71,31:33.3,23290.03,23290,0.030000001,,,,
42348275,31:33.9,596.29,596,0.289999999,,,,
42348343.05,31:34.0,68.05,68,0.049999997,,,,
42349088.78,31:34.7,745.73,746,-0.269999996,,,,
42349151.79,31:34.8,63.01,63,0.009999998,,,,
42349219.85,31:34.9,68.06,68,0.060000002,,,,
42349577.92,31:35.2,358.07,358,0.07,,,,
42375217.98,32:00.9,25640.06,25640,0.059999995,,,,
42375684.4,32:01.3,466.42,467,-0.579999998,,,,
42375752.45,32:01.4,68.05,68,0.050000004,,,,
42376469.89,32:02.1,717.44,717,0.439999998,,,,
42376532.91,32:02.2,63.02,63,0.019999996,,,,
42376600.96,32:02.2,68.05,68,0.050000004,,,,
42376959,32:02.6,358.04,358,0.039999999,,,,
42415203.81,32:40.8,38244.81,38245,-0.189999998,,,,
42415835.82,32:41.5,632.01,632,0.009999998,,,,
42415903.88,32:41.5,68.06,68,0.060000002,,,,
42416583.34,32:42.2,679.46,680,-0.539999999,,,,
42416646.36,32:42.3,63.02,63,0.019999996,,,,
42416714.42,32:42.4,68.06,68,0.060000002,,,,
42417430.38,32:43.1,715.96,716,-0.039999999,,,,
42782192.06,38:47.8,364761.68,364762,-0.32,,,,
42782259.84,38:47.9,67.78,68,-0.219999999,,,,
42782519.65,38:48.2,259.81,259,0.809999995,,,,
42782587.44,38:48.2,67.79,68,-0.210000001,,,,
42782898.5,38:48.5,311.06,311,0.060000002,,,,
42782966.28,38:48.6,67.78,68,-0.219999999,,,,
42783155.19,38:48.8,188.91,189,-0.090000004,,,,
42783222.97,38:48.9,67.78,68,-0.219999999,,,,
42783679.3,38:49.3,456.33,456,0.329999998,,,,
42783747.09,38:49.4,67.79000001,68,-0.209999993,,,,
42783953.6,38:49.6,206.51,206,0.509999998,,,,
42784021.37,38:49.7,67.77,68,-0.230000004,,,,
42784334.9,38:50.0,313.53,314,-0.469999999,,,,
42784402.7,38:50.0,67.8,67,0.800000004,,,,
42785302.62,38:50.9,899.92,900,-0.080000006,,,,
42785370.4,38:51.0,67.78,68,-0.219999999,,,,
42785853.93,38:51.5,483.53,484,-0.469999999,,,,
42785921.72,38:51.6,67.79,67,0.789999999,,,,
42786271.67,38:51.9,349.95,350,-0.049999997,,,,
42786339.44,38:52.0,67.77,68,-0.230000004,,,,
42786564.52,38:52.2,225.08,225,0.080000006,,,,
42786632.3,38:52.3,67.77999999,68,-0.220000006,,,,
42787586.13,38:53.2,953.83,954,-0.169999994,,,,
42787653.9,38:53.3,67.77,68,-0.230000004,,,,
42787884.02,38:53.5,230.12,230,0.120000005,,,,
42787951.8,38:53.6,67.77999999,68,-0.220000006,,,,
42788326.47,38:54.0,374.67,374,0.670000002,,,,
42788394.25,38:54.0,67.78,68,-0.219999999,,,,
42788465.64,38:54.1,71.39,71,0.390000001,,,,
42788744.09,38:54.4,278.45,279,-0.549999997,,,,
42788811.87,38:54.4,67.77999999,68,-0.220000006,,,,
42789055.08,38:54.7,243.21,243,0.210000001,,,,
42789122.86,38:54.8,67.78,68,-0.219999999,,,,
42789488.03,38:55.1,365.17,365,0.170000002,,,,
42789555.82,38:55.2,67.79,68,-0.210000001,,,,
42789936.18,38:55.6,380.36,380,0.359999999,,,,
42790003.95,38:55.6,67.77,68,-0.229999997,,,,
42792716.66,38:58.4,2712.71,2712,0.709999993,,,,
42792784.44,38:58.4,67.78,68,-0.219999999,,,,
42793011.95,38:58.6,227.51,228,-0.489999995,,,,
42793079.73,38:58.7,67.77999999,67,0.779999994,,,,
42793278.8,38:58.9,199.07,200,-0.93,,,,
42793346.57,38:59.0,67.77,67,0.770000003,,,,
42793417.95,38:59.1,71.38,72,-0.619999997,,,,
42793713.65,38:59.4,295.7,295,0.699999996,,,,
42793781.43,38:59.4,67.78,68,-0.219999999,,,,
42794150.94,38:59.8,369.51,370,-0.490000002,,,,
42794218.72,38:59.9,67.78,67,0.780000001,,,,
42794301.91,38:59.9,83.19,84,-0.810000002,,,,
42806715.85,39:12.4,12413.94,12414,-0.059999995,,,,
42807179.26,39:12.8,463.41,463,0.409999996,,,,
42807247.32,39:12.9,68.06,68,0.060000002,,,,
42807971.8,39:13.6,724.48,725,-0.520000003,,,,
42808034.82,39:13.7,63.02,63,0.020000003,,,,
42808102.88,39:13.7,68.06,68,0.060000002,,,,
42813179.86,39:18.8,5076.98,5077,-0.020000003,,,,
42813247.63,39:18.9,67.77,67,0.770000003,,,,
42813638.03,39:19.3,390.4,391,-0.600000001,,,,
42813705.81,39:19.3,67.78,68,-0.219999999,,,,
42813777.21,39:19.4,71.4,71,0.399999999,,,,
42814363.32,39:20.0,586.11,586,0.109999999,,,,
42814431.1,39:20.1,67.78,68,-0.219999999,,,,
42815783.59,39:21.4,1352.49,1352,0.490000002,,,,
42815851.37,39:21.5,67.77999999,68,-0.220000006,,,,
42816095.32,39:21.7,243.95,244,-0.049999997,,,,
42816163.1,39:21.8,67.78,68,-0.219999999,,,,
42816535.14,39:22.2,372.04,372,0.039999999,,,,
42816602.92,39:22.2,67.78,68,-0.219999999,,,,
42816866.26,39:22.5,263.34,263,0.339999996,,,,
42816934.04,39:22.6,67.78,68,-0.219999999,,,,
42817171.22,39:22.8,237.18,237,0.18,,,,
42817239,39:22.9,67.78,68,-0.219999999,,,,
42817468.54,39:23.1,229.54,229,0.539999999,,,,
42817536.32,39:23.2,67.78,68,-0.219999999,,,,
42817819.14,39:23.5,282.82,283,-0.18,,,,
42817886.92,39:23.5,67.78,68,-0.219999999,,,,
51864351.02,10:10.0,9046464.1,9046473,-8.899999999,,,,
51864418.8,10:10.1,67.77999999,68,-0.220000006,,,,
51865023.44,10:10.7,604.64,605,-0.359999999,,,,
51865089.73,10:10.7,66.29,66,0.289999999,,,,
51865157.5,10:10.8,67.77,68,-0.229999997,,,,
51865227.78,10:10.9,70.28,70,0.280000001,,,,
51870772.81,10:16.4,5545.03,5545,0.030000001,,,,
51906955.92,10:52.6,36183.11,36183,0.109999999,,,,
51907466.37,10:53.1,510.45,511,-0.550000004,,,,
51907534.43,10:53.2,68.06,68,0.060000002,,,,
51908278.71,10:53.9,744.28,744,0.280000001,,,,
51908341.73,10:54.0,63.02,63,0.019999996,,,,
51908409.79,10:54.1,68.06,68,0.060000002,,,,
51909125.71,10:54.8,715.92,716,-0.079999998,,,,
51927212.42,11:12.9,18086.71,18087,-0.289999999,,,,
51927621.13,11:13.3,408.71,408,0.710000001,,,,
51927689.18,11:13.3,68.05,69,-0.950000003,,,,
51928361.49,11:14.0,672.31,672,0.310000002,,,,
51928424.51,11:14.1,63.02,63,0.019999996,,,,
51928492.57,11:14.1,68.06,68,0.060000002,,,,
51929148.85,11:14.8,656.28,656,0.280000001,,,,
51960402.24,11:46.0,31253.39,31254,-0.609999999,,,,
51960808.31,11:46.5,406.07,406,0.07,,,,
51960876.36,11:46.5,68.05,68,0.049999997,,,,
51961694.53,11:47.3,818.17,818,0.170000002,,,,
51961757.55,11:47.4,63.02,63,0.019999996,,,,
51961825.61,11:47.5,68.06,68,0.060000002,,,,
51962302.91,11:47.9,477.3,477,0.299999997,,,,
51984077.47,12:09.7,21774.56,21775,-0.439999998,,,,
51985478.9,12:11.1,1401.43,1401,0.43,,,,
51985546.95,12:11.2,68.05,68,0.050000004,,,,
51986185.17,12:11.8,638.22,639,-0.780000001,,,,
51986248.19,12:11.9,63.02,63,0.019999996,,,,
51986316.25,12:12.0,68.06,68,0.060000002,,,,
51987509.87,12:13.2,1193.62,1193,0.619999997,,,,
52006950.38,12:32.6,19440.51,19441,-0.489999995,,,,
52007902.49,12:33.5,952.11,952,0.109999999,,,,
52007970.54,12:33.6,68.05,68,0.049999997,,,,
52008689.82,12:34.3,719.28,719,0.280000001,,,,
52008752.83,12:34.4,63.01,63,0.009999998,,,,
52008820.89,12:34.5,68.06,68,0.060000002,,,,
52010073.86,12:35.7,1252.97,1253,-0.030000001,,,,
52030096.14,12:55.7,20022.28,20023,-0.719999999,,,,
52030502.2,12:56.1,406.06,406,0.060000002,,,,
52030570.26,12:56.2,68.05999999,68,0.059999995,,,,
52031304.76,12:57.0,734.5,734,0.5,,,,
52031367.78,12:57.0,63.02,63,0.020000003,,,,
52031435.84,12:57.1,68.06,68,0.060000002,,,,
52032092.24,12:57.7,656.4,657,-0.600000001,,,,
52050335.67,13:16.0,18243.43,18243,0.43,,,,
52050744.42,13:16.4,408.75,409,-0.25,,,,
52050812.47,13:16.5,68.05,68,0.049999997,,,,
52051558.29,13:17.2,745.82,746,-0.18,,,,
52051621.31,13:17.3,63.02,63,0.020000003,,,,
52051689.36,13:17.3,68.05,68,0.049999997,,,,
52052166.72,13:17.8,477.36,477,0.359999999,,,,
52069689.34,13:35.3,17522.62,17523,-0.379999995,,,,
52070158.67,13:35.8,469.33,469,0.329999998,,,,
52070226.72,13:35.9,68.05,68,0.049999997,,,,
52070967.35,13:36.6,740.63,741,-0.369999997,,,,
52071030.36,13:36.7,63.01,63,0.009999998,,,,
52071098.42,13:36.7,68.06,68,0.060000002,,,,
52071515.95,13:37.2,417.53,417,0.530000001,,,,
52436729.65,19:42.4,365213.7,365215,-1.300000004,,,,
52436797.43,19:42.4,67.78,67,0.780000001,,,,
52437508.04,19:43.2,710.61,711,-0.390000001,,,,
52437575.81,19:43.2,67.77,68,-0.229999997,,,,
52438077.66,19:43.7,501.85,502,-0.150000006,,,,
52438145.44,19:43.8,67.78,67,0.780000001,,,,
52438650.35,19:44.3,504.91,505,-0.089999996,,,,
52438718.12,19:44.4,67.77,68,-0.230000004,,,,
52438817.85,19:44.5,99.73,100,-0.269999996,,,,
52439596.37,19:45.2,778.52,778,0.519999996,,,,
52439664.17,19:45.3,67.8,68,-0.199999996,,,,
52440034.28,19:45.7,370.11,370,0.109999999,,,,
52440102.07,19:45.7,67.79,68,-0.210000001,,,,
52440441.96,19:46.1,339.89,340,-0.109999999,,,,
52440509.74,19:46.2,67.78,68,-0.219999999,,,,
52440909.23,19:46.6,399.49,399,0.489999995,,,,
52440977.01,19:46.6,67.78,68,-0.219999999,,,,
52441335.36,19:47.0,358.35,358,0.350000001,,,,
52441403.14,19:47.1,67.78,68,-0.219999999,,,,
52441486.47,19:47.1,83.33,83,0.329999998,,,,
52441780.57,19:47.4,294.1,294,0.100000001,,,,
52441848.35,19:47.5,67.78,68,-0.219999999,,,,
52441944.67,19:47.6,96.32,97,-0.68,,,,
52442233.72,19:47.9,289.05,289,0.049999997,,,,
52442301.51,19:47.9,67.79,67,0.789999999,,,,
52442379.63,19:48.0,78.12,79,-0.879999995,,,,
52442524.24,19:48.2,144.61,144,0.609999999,,,,
52442592.02,19:48.2,67.78,68,-0.219999999,,,,
52442677.09,19:48.3,85.07,85,0.07,,,,
52466503.24,20:12.2,23826.15,23826,0.149999999,,,,
52468038.54,20:13.7,1535.3,1535,0.299999997,,,,
52468106.6,20:13.8,68.06,69,-0.939999998,,,,
52468811.78,20:14.5,705.18,705,0.18,,,,
52468874.79,20:14.5,63.01,63,0.009999998,,,,
52468942.85,20:14.6,68.06,68,0.060000002,,,,
52470077.19,20:15.7,1134.34,1134,0.339999996,,,,
52472797.6,20:18.4,2720.41,2721,-0.589999996,,,,
57648517.01,46:34.2,5175719.41,5175724,-4.590000004,,,,
57649323.03,46:35.0,806.02,806,0.020000003,,,,
57649391.08,46:35.0,68.05,68,0.049999997,,,,
57650174.59,46:35.8,783.51,784,-0.489999995,,,,
57650237.6,46:35.9,63.01,63,0.009999998,,,,
57650305.66,46:36.0,68.05999999,68,0.059999995,,,,
57650663.85,46:36.3,358.19,358,0.190000005,,,,
57666523.81,46:52.2,15859.96,15860,-0.039999999,,,,
57666990.98,46:52.6,467.17,467,0.169999994,,,,
57667059.03,46:52.7,68.05,68,0.050000004,,,,
57667620.26,46:53.3,561.23,562,-0.770000003,,,,
57667683.28,46:53.3,63.02,63,0.020000003,,,,
57667751.34,46:53.4,68.06,68,0.060000002,,,,
57668228.72,46:53.9,477.38,477,0.379999995,,,,
57699819.46,47:25.5,31590.74,31591,-0.259999998,,,,
57700228.98,47:25.9,409.52,409,0.519999996,,,,
57700297.03,47:25.9,68.05,68,0.050000004,,,,
57701069.19,47:26.7,772.16,772,0.159999996,,,,
57701132.21,47:26.8,63.02,64,-0.979999997,,,,
57701200.27,47:26.9,68.06,68,0.060000002,,,,
57701498.77,47:27.2,298.5,298,0.5,,,,
57717137.87,47:42.8,15639.1,15639,0.099999994,,,,
57717544.73,47:43.2,406.86,407,-0.140000001,,,,
57717612.79,47:43.3,68.06,68,0.060000002,,,,
57718314.51,47:44.0,701.72,702,-0.280000001,,,,
57718377.53,47:44.0,63.02,63,0.020000003,,,,
57718445.59,47:44.1,68.06,68,0.060000002,,,,
57718982.62,47:44.6,537.03,537,0.029999994,,,,
57733118.01,47:58.8,14135.39,14135,0.390000001,,,,
57733560.26,47:59.2,442.25,443,-0.75,,,,
57733628.32,47:59.3,68.06,68,0.060000002,,,,
57734483.79,48:00.1,855.47,855,0.469999999,,,,
57734546.81,48:00.2,63.02,63,0.020000003,,,,
57734614.86,48:00.3,68.05,68,0.049999997,,,,
57735092.17,48:00.7,477.31,477,0.310000002,,,,
57767552.28,48:33.2,32460.11,32461,-0.890000001,,,,
57767959.18,48:33.6,406.9,407,-0.100000001,,,,
57768027.23,48:33.7,68.05,68,0.049999997,,,,
57768724.35,48:34.4,697.12,697,0.120000005,,,,
57768787.37,48:34.4,63.02,63,0.019999996,,,,
57768855.43,48:34.5,68.06,68,0.060000002,,,,
57769272.95,48:34.9,417.52,417,0.520000003,,,,
57780754.68,48:46.4,11481.73,11482,-0.270000003,,,,
57781284.25,48:46.9,529.57,530,-0.43,,,,
57781352.3,48:47.0,68.05,68,0.049999997,,,,
57782065.56,48:47.7,713.26,713,0.260000005,,,,
57782128.57,48:47.8,63.01,63,0.009999998,,,,
57782196.63,48:47.8,68.06,68,0.060000002,,,,
57782673.91,48:48.3,477.28,477,0.279999994,,,,
57801420.98,49:07.1,18747.07,18747,0.07,,,,
57801913.08,49:07.6,492.1,492,0.100000001,,,,
57801981.14,49:07.6,68.06,69,-0.939999998,,,,
57802729.82,49:08.4,748.68,748,0.68,,,,
57802792.83,49:08.4,63.01,63,0.009999998,,,,
57802860.89,49:08.5,68.06,68,0.060000002,,,,
57803278.55,49:08.9,417.66,418,-0.340000004,,,,
57825034.75,49:30.7,21756.2,21756,0.200000003,,,,
57825561.29,49:31.2,526.54,527,-0.460000001,,,,
57825629.34,49:31.3,68.05,68,0.050000004,,,,
57826292.57,49:31.9,663.23,663,0.229999997,,,,
57826355.59,49:32.0,63.02,63,0.020000003,,,,
57826423.64,49:32.1,68.05,68,0.049999997,,,,
57826900.95,49:32.6,477.31,477,0.310000002,,,,
57844405.42,49:50.1,17504.47,17505,-0.530000001,,,,
57844949.9,49:50.6,544.48,544,0.479999997,,,,
57845017.95,49:50.7,68.05,68,0.050000004,,,,
57845667.39,49:51.3,649.44,650,-0.560000002,,,,
57845730.41,49:51.4,63.02,63,0.019999996,,,,
57845798.47,49:51.5,68.06,68,0.060000002,,,,
57846693.86,49:52.3,895.39,895,0.390000001,,,,
57866044.62,50:11.7,19350.76,19351,-0.240000002,,,,
57866953.48,50:12.6,908.86,909,-0.140000001,,,,
57867021.53,50:12.7,68.05,68,0.050000004,,,,
57867751.32,50:13.4,729.79,730,-0.210000001,,,,
57867814.33,50:13.5,63.01,63,0.009999998,,,,
57867882.39,50:13.5,68.06,68,0.060000002,,,,
57868419.55,50:14.1,537.16,537,0.159999996,,,,
57886763.26,50:32.4,18343.71,18344,-0.289999999,,,,
57887390.67,50:33.0,627.41,627,0.410000004,,,,
57887458.72,50:33.1,68.05,68,0.049999997,,,,
57888247.02,50:33.9,788.3,789,-0.699999996,,,,
57888310.03,50:34.0,63.01,63,0.009999998,,,,
57888378.09,50:34.0,68.06,68,0.060000002,,,,
57888915.38,50:34.6,537.29,537,0.289999999,,,,
57910190.27,50:55.8,21274.89,21275,-0.109999999,,,,
57910830.9,50:56.5,640.63,640,0.629999995,,,,
57910898.95,50:56.6,68.05,68,0.050000004,,,,
57911590.26,50:57.2,691.31,692,-0.690000005,,,,
57911653.27,50:57.3,63.01000001,63,0.010000005,,,,
57911721.33,50:57.4,68.05999999,68,0.059999995,,,,
57914173.25,50:59.8,2451.92,2452,-0.079999998,,,,
57938330.16,51:24.0,24156.91,24157,-0.090000004,,,,
57938866.19,51:24.5,536.03,536,0.030000001,,,,
57938934.25,51:24.6,68.06,68,0.060000002,,,,
57939596.97,51:25.3,662.72,663,-0.280000001,,,,
57939659.99,51:25.3,63.02,63,0.020000003,,,,
57939728.05,51:25.4,68.05999999,68,0.059999995,,,,
57940145.82,51:25.8,417.77,417,0.770000003,,,,
57957316.58,51:43.0,17170.76,17171,-0.240000002,,,,
57958079.34,51:43.7,762.76,763,-0.239999995,,,,
57958147.4,51:43.8,68.05999999,68,0.059999995,,,,
57958905.16,51:44.6,757.76,758,-0.240000002,,,,
57958968.18,51:44.6,63.02,63,0.020000003,,,,
57959036.24,51:44.7,68.06,68,0.060000002,,,,
57959692.75,51:45.3,656.51,656,0.509999998,,,,
57976742.17,52:02.4,17049.42,17050,-0.579999998,,,,
57977225.21,52:02.9,483.04,483,0.039999999,,,,
57977293.26,52:02.9,68.05,68,0.049999997,,,,
57978026.63,52:03.7,733.37,733,0.370000005,,,,
57978089.65,52:03.7,63.02,63,0.019999996,,,,
57978157.7,52:03.8,68.05,68,0.050000004,,,,
57978635.16,52:04.3,477.46,478,-0.540000007,,,,
58001684.51,52:27.3,23049.35,23049,0.350000001,,,,
58002560.48,52:28.2,875.97,876,-0.030000001,,,,
58002628.53,52:28.3,68.05,68,0.050000004,,,,
58003310.04,52:29.0,681.51,682,-0.490000002,,,,
58003373.06,52:29.0,63.02,63,0.020000003,,,,
58003441.12,52:29.1,68.05999999,68,0.059999995,,,,
58004217.13,52:29.9,776.01,776,0.010000005,,,,
58035802.63,53:01.5,31585.5,31585,0.5,,,,
58035869.5,53:01.5,66.87,67,-0.130000003,,,,
58035954.07,53:01.6,84.57,85,-0.43,,,,
58037481.89,53:03.1,1527.82,1528,-0.18,,,,
58037548.74,53:03.2,66.85,66,0.850000001,,,,
58037863.95,53:03.5,315.21,316,-0.789999999,,,,
58037930.81,53:03.6,66.86,66,0.859999999,,,,
58038397.46,53:04.1,466.65,467,-0.350000001,,,,
58038464.31,53:04.1,66.85,67,-0.149999999,,,,
58038666.71,53:04.3,202.4,202,0.399999999,,,,
58038733.57,53:04.4,66.86,67,-0.140000001,,,,
58038809.93,53:04.5,76.36,77,-0.640000001,,,,
58039179.08,53:04.8,369.15,369,0.149999999,,,,
58039245.94,53:04.9,66.86,67,-0.140000001,,,,
58039717.08,53:05.4,471.14,471,0.140000001,,,,
58039783.94,53:05.4,66.86,67,-0.140000001,,,,
58040117.51,53:05.8,333.57,333,0.57,,,,
58040184.37,53:05.8,66.86,67,-0.140000001,,,,
58040260.7,53:05.9,76.33000001,76,0.330000006,,,,
58040529.12,53:06.2,268.42,269,-0.580000006,,,,
58040595.98,53:06.2,66.86,67,-0.140000001,,,,
58040675.86,53:06.3,79.88,80,-0.119999997,,,,
58040949.41,53:06.6,273.55,273,0.549999997,,,,
58041016.27,53:06.7,66.86000001,67,-0.139999993,,,,
58041095.98,53:06.7,79.70999999,80,-0.290000007,,,,
58041238.4,53:06.9,142.42,142,0.420000002,,,,
58041305.26,53:07.0,66.86,67,-0.140000001,,,,
58041382.37,53:07.0,77.11,77,0.109999999,,,,
58041649.06,53:07.3,266.69,267,-0.309999995,,,,
58041715.92,53:07.4,66.86,67,-0.140000001,,,,
58042040.32,53:07.7,324.4,324,0.399999999,,,,
58042107.17,53:07.8,66.85,67,-0.149999999,,,,
58042311.97,53:08.0,204.8,205,-0.200000003,,,,
58042378.82,53:08.0,66.85,66,0.850000001,,,,
58042586.27,53:08.2,207.45,208,-0.549999997,,,,
58042653.14,53:08.3,66.87,67,-0.130000003,,,,
58042872.01,53:08.5,218.87,219,-0.130000003,,,,
58042938.87,53:08.6,66.86,67,-0.140000001,,,,
58043136.47,53:08.8,197.6,197,0.600000001,,,,
58043203.34,53:08.9,66.87,67,-0.129999995,,,,
58043415.07,53:09.1,211.73,212,-0.270000003,,,,
58043481.94,53:09.1,66.87,67,-0.130000003,,,,
58043705.6,53:09.4,223.66,223,0.660000004,,,,
58043772.46,53:09.4,66.86,67,-0.140000001,,,,
58043971.54,53:09.6,199.08,199,0.079999998,,,,
58044038.4,53:09.7,66.86,67,-0.140000001,,,,
58044122.26,53:09.8,83.86,84,-0.140000001,,,,
58044249.6,53:09.9,127.34,127,0.340000004,,,,
58044316.46,53:10.0,66.86,67,-0.140000001,,,,
58044529.37,53:10.2,212.91,213,-0.090000004,,,,
58044596.23,53:10.2,66.86,67,-0.140000001,,,,
58044957.52,53:10.6,361.29,361,0.290000007,,,,
58045024.37,53:10.7,66.84999999,67,-0.150000006,,,,
58046871.68,53:12.5,1847.31,1847,0.310000002,,,,
58046938.54,53:12.6,66.86,67,-0.140000001,,,,
58047146.52,53:12.8,207.98,208,-0.019999996,,,,
58047213.38,53:12.9,66.86,67,-0.140000001,,,,
58047287.15,53:12.9,73.77,74,-0.230000004,,,,
58047413.14,53:13.1,125.99,126,-0.009999998,,,,
58047480,53:13.1,66.86,67,-0.140000001,,,,
58047564.68,53:13.2,84.68,84,0.68,,,,
58049265.99,53:14.9,1701.31,1702,-0.689999998,,,,
58049332.86,53:15.0,66.87,67,-0.130000003,,,,
58050280.72,53:15.9,947.86,947,0.859999999,,,,
58050347.58,53:16.0,66.86,67,-0.140000001,,,,
58056482.67,53:22.1,6135.09,6135,0.090000004,,,,
58056549.54,53:22.2,66.87,67,-0.130000003,,,,
58056713.29,53:22.4,163.75,164,-0.25,,,,
58056780.15,53:22.4,66.86,67,-0.140000001,,,,
58057113.18,53:22.8,333.03,333,0.030000001,,,,
58057180.04,53:22.8,66.86,67,-0.140000001,,,,
58057256.35,53:22.9,76.31,76,0.310000002,,,,
58057413.48,53:23.1,157.13,157,0.129999995,,,,
58057480.35,53:23.1,66.87,67,-0.129999995,,,,
58057562.53,53:23.2,82.18,82,0.18,,,,
58057817.4,53:23.5,254.87,255,-0.130000003,,,,
58057884.26,53:23.5,66.86,67,-0.140000001,,,,
58058471.54,53:24.1,587.28,587,0.280000001,,,,
58058538.4,53:24.2,66.86,67,-0.140000001,,,,
58058625.62,53:24.3,87.22,87,0.219999999,,,,
58070113.71,53:35.8,11488.09,11488,0.090000004,,,,
58070181.49,53:35.8,67.78,68,-0.219999999,,,,
58070746.8,53:36.4,565.31,565,0.309999995,,,,
58070814.58,53:36.5,67.78,68,-0.219999999,,,,
58071138.33,53:36.8,323.75,324,-0.25,,,,
58071206.11,53:36.9,67.78,68,-0.219999999,,,,
58071554.34,53:37.2,348.23,348,0.230000004,,,,
58071622.13,53:37.3,67.79,68,-0.210000001,,,,
58071837.05,53:37.5,214.92,215,-0.080000006,,,,
58071904.83,53:37.6,67.78,68,-0.219999999,,,,
58072543.37,53:38.2,638.54,638,0.539999999,,,,
58072611.16,53:38.3,67.79,68,-0.210000001,,,,
58072695.98,53:38.3,84.82,85,-0.18,,,,
58369592.68,58:35.2,296896.7,296897,-0.299999997,,,,
58369659.54,58:35.3,66.86,67,-0.140000001,,,,
58369841.82,58:35.5,182.28,182,0.280000001,,,,
58369908.67,58:35.6,66.85,67,-0.149999999,,,,
58417605.44,59:23.3,47696.77,47696,0.769999996,,,,
58417673.22,59:23.3,67.78,68,-0.219999999,,,,
58417837.43,59:23.5,164.21,164,0.210000001,,,,
58417905.21,59:23.6,67.78,68,-0.219999999,,,,
58418174.56,59:23.8,269.35,270,-0.649999999,,,,
58418242.35,59:23.9,67.79,67,0.789999999,,,,
58418403.32,59:24.1,160.97,161,-0.030000001,,,,
58418471.11,59:24.1,67.79,68,-0.210000001,,,,
58418732.02,59:24.4,260.91,261,-0.089999996,,,,
58418799.8,59:24.5,67.77999999,68,-0.220000006,,,,
58418981.07,59:24.6,181.27,181,0.270000003,,,,
58419048.85,59:24.7,67.78,68,-0.219999999,,,,
58419223.33,59:24.9,174.48,174,0.479999997,,,,
58419291.11,59:24.9,67.78,68,-0.219999999,,,,
58419495.53,59:25.1,204.42,205,-0.579999998,,,,
58419563.32,59:25.2,67.79,67,0.789999999,,,,
58419644.8,59:25.3,81.48,82,-0.520000003,,,,
58420627.27,59:26.3,982.47,982,0.470000006,,,,
58420695.05,59:26.3,67.77999999,68,-0.220000006,,,,
58421327.16,59:27.0,632.11,632,0.109999999,,,,
58421394.94,59:27.0,67.78,68,-0.219999999,,,,
58457709.3,00:03.4,36314.36,36314,0.359999999,,,,
58457777.09,00:03.4,67.79000001,68,-0.209999993,,,,
58491234.67,00:36.9,33457.58,33458,-0.420000002,,,,
58491301.53,00:37.0,66.86,67,-0.140000001,,,,
58491621.29,00:37.3,319.76,319,0.759999998,,,,
58491688.15,00:37.3,66.86,67,-0.140000001,,,,
58492551.01,00:38.2,862.86,863,-0.140000001,,,,
58492617.88,00:38.3,66.87,67,-0.129999995,,,,
58492696.73,00:38.4,78.84999999,79,-0.150000006,,,,
58493093.82,00:38.7,397.09,397,0.090000004,,,,
58493160.68,00:38.8,66.86,67,-0.140000001,,,,
58493355.13,00:39.0,194.45,194,0.450000003,,,,
58493421.99,00:39.1,66.86,67,-0.140000001,,,,
58493505.72,00:39.2,83.73,84,-0.270000003,,,,
58512640.89,00:58.3,19135.17,19135,0.170000002,,,,
58512707.76,00:58.4,66.87,67,-0.130000003,,,,
58512920.64,00:58.6,212.88,213,-0.119999997,,,,
58512987.5,00:58.6,66.86,67,-0.140000001,,,,
58513076.53,00:58.7,89.03,89,0.030000001,,,,
58555947.75,01:41.6,42871.22,42871,0.219999999,,,,
58556015.53,01:41.7,67.78,68,-0.219999999,,,,
58562262.29,01:47.9,6246.76,6246,0.759999998,,,,
58562330.07,01:48.0,67.78,68,-0.219999999,,,,
58592877.64,02:18.5,30547.57,30548,-0.43,,,,
58592944.5,02:18.6,66.86,67,-0.140000001,,,,
58593107.97,02:18.8,163.47,163,0.469999999,,,,
58593174.84,02:18.8,66.87,67,-0.129999995,,,,
58593490.13,02:19.1,315.29,315,0.289999999,,,,
58593556.99,02:19.2,66.86,67,-0.140000001,,,,
58593849.01,02:19.5,292.02,292,0.019999996,,,,
58593915.87,02:19.6,66.86,67,-0.140000001,,,,
58594223.42,02:19.9,307.55,308,-0.449999996,,,,
58594290.28,02:19.9,66.86,66,0.859999999,,,,
58594654.88,02:20.3,364.6,365,-0.399999999,,,,
58594721.73,02:20.4,66.84999999,67,-0.150000006,,,,
58595231.5,02:20.9,509.77,510,-0.229999997,,,,
58595298.35,02:21.0,66.85,67,-0.149999999,,,,
58643717.11,03:09.4,48418.76,48418,0.759999998,,,,
58644205.49,03:09.9,488.38,489,-0.619999997,,,,
58644273.54,03:09.9,68.05,68,0.049999997,,,,
58644995.9,03:10.6,722.36,722,0.359999999,,,,
58645058.91,03:10.7,63.01,63,0.009999998,,,,
58645126.97,03:10.8,68.06,68,0.060000002,,,,
58651839.47,03:17.5,6712.5,6713,-0.5,,,,
58670124.46,03:35.8,18284.99,18285,-0.009999998,,,,
58688002.7,03:53.7,17878.24,17878,0.240000002,,,,
58688574.71,03:54.2,572.01,572,0.009999998,,,,
58688642.76,03:54.3,68.05,68,0.049999997,,,,
58689436.28,03:55.1,793.52,794,-0.479999997,,,,
58689499.3,03:55.2,63.02,63,0.019999996,,,,
58689567.35,03:55.2,68.05,68,0.050000004,,,,
58690044.79,03:55.7,477.44,477,0.439999998,,,,
58706625.62,04:12.3,16580.83,16581,-0.170000002,,,,
58707050.81,04:12.7,425.19,425,0.190000005,,,,
58707118.86,04:12.8,68.05,68,0.049999997,,,,
58707815.47,04:13.5,696.61,697,-0.390000001,,,,
58707878.49,04:13.5,63.02,63,0.020000003,,,,
58707946.54,04:13.6,68.05,68,0.049999997,,,,
58708782.19,04:14.4,835.65,836,-0.350000001,,,,
58724271.36,04:29.9,15489.17,15489,0.170000002,,,,
58724678.68,04:30.3,407.32,407,0.32,,,,
58724746.73,04:30.4,68.05,68,0.049999997,,,,
58725471.62,04:31.1,724.89,725,-0.109999999,,,,
58725534.64,04:31.2,63.02,63,0.020000003,,,,
58725602.7,04:31.3,68.06,68,0.060000002,,,,
58726020.37,04:31.7,417.67,418,-0.330000006,,,,
58745741.17,04:51.4,19720.8,19721,-0.199999996,,,,
58746220.39,04:51.9,479.22,479,0.219999999,,,,
58746288.44,04:51.9,68.05,68,0.049999997,,,,
58746940.03,04:52.6,651.59,651,0.590000004,,,,
58747003.05,04:52.7,63.02,63,0.019999996,,,,
58747071.11,04:52.7,68.06,68,0.060000002,,,,
58747369.62,04:53.0,298.51,299,-0.490000002,,,,
58784392.22,05:30.0,37022.6,37023,-0.399999999,,,,
58784459.08,05:30.1,66.86,66,0.859999999,,,,
58784627.77,05:30.3,168.69,169,-0.309999995,,,,
58784694.63,05:30.3,66.86,67,-0.140000001,,,,
58784841.44,05:30.5,146.81,147,-0.190000005,,,,
58784908.3,05:30.6,66.86,67,-0.140000001,,,,
58785231.22,05:30.9,322.92,323,-0.079999998,,,,
58785298.09,05:31.0,66.87,66,0.870000005,,,,
58785380.58,05:31.0,82.48999999,83,-0.510000005,,,,
58785747.28,05:31.4,366.7,367,-0.299999997,,,,
58785814.13,05:31.5,66.85,67,-0.149999999,,,,
58786137.18,05:31.8,323.05,323,0.049999997,,,,
58786204.04,05:31.9,66.86,66,0.859999999,,,,
58786287.42,05:31.9,83.38,84,-0.619999997,,,,
58786527.53,05:32.2,240.11,240,0.109999999,,,,
58786594.4,05:32.2,66.87,67,-0.130000003,,,,
58787419.45,05:33.1,825.05,825,0.050000004,,,,
58787486.31,05:33.1,66.86,67,-0.140000001,,,,
58787703.87,05:33.4,217.56,217,0.559999995,,,,
58787770.73,05:33.4,66.86,67,-0.140000001,,,,
58788092.44,05:33.7,321.71,322,-0.289999999,,,,
58788159.3,05:33.8,66.86,67,-0.140000001,,,,
58788517.27,05:34.2,357.97,358,-0.029999994,,,,
58788584.12,05:34.2,66.84999999,67,-0.150000006,,,,
58788663.17,05:34.3,79.05,79,0.050000004,,,,
58788914.18,05:34.6,251.01,251,0.009999998,,,,
58788981.03,05:34.6,66.85,66,0.850000001,,,,
58789305.78,05:35.0,324.75,325,-0.25,,,,
58789372.65,05:35.0,66.87,67,-0.130000003,,,,
58789591.96,05:35.2,219.31,219,0.310000002,,,,
58789658.83,05:35.3,66.87,67,-0.130000003,,,,
58789993.06,05:35.6,334.23,334,0.230000004,,,,
58790059.92,05:35.7,66.86,67,-0.140000001,,,,
58790276.4,05:35.9,216.48,217,-0.520000003,,,,
58790343.26,05:36.0,66.86,67,-0.140000001,,,,
58790702.02,05:36.4,358.76,358,0.760000005,,,,
58790768.88,05:36.4,66.86,67,-0.140000001,,,,
58797955.59,05:43.6,7186.71,7187,-0.289999999,,,,
58799191.41,05:44.8,1235.82,1236,-0.180000007,,,,
58799259.46,05:44.9,68.05,68,0.050000004,,,,
58799966.89,05:45.6,707.43,707,0.43,,,,
58800029.91,05:45.7,63.02,63,0.019999996,,,,
58800097.97,05:45.8,68.06,68,0.060000002,,,,
58832043.9,06:17.7,31945.93,31946,-0.07,,,,
58832110.76,06:17.8,66.86,67,-0.140000001,,,,
58834215.28,06:19.9,2104.52,2105,-0.479999997,,,,
58834282.14,06:19.9,66.86,67,-0.140000001,,,,
58907881.59,07:33.5,73599.45,73599,0.450000003,,,,
58907948.45,07:33.6,66.86,67,-0.140000001,,,,
58908103.01,07:33.8,154.56,155,-0.440000005,,,,
58908169.86,07:33.8,66.85,66,0.850000001,,,,
58908285.99,07:33.9,116.13,117,-0.869999997,,,,
58908528.72,07:34.2,242.73,242,0.729999997,,,,
58908595.57,07:34.2,66.85,67,-0.149999999,,,,
58908774.99,07:34.4,179.42,180,-0.579999998,,,,
58908841.84,07:34.5,66.85,66,0.850000001,,,,
58909029.52,07:34.7,187.68,188,-0.32,,,,
58909096.38,07:34.8,66.86,67,-0.140000001,,,,
58909407.97,07:35.1,311.59,312,-0.410000004,,,,
58909474.84,07:35.1,66.87,66,0.870000005,,,,
58910524.93,07:36.2,1050.09,1050,0.089999996,,,,
58910591.79,07:36.2,66.86,67,-0.140000001,,,,
58913552.64,07:39.2,2960.85,2961,-0.149999999,,,,
58913619.51,07:39.3,66.87,67,-0.130000003,,,,
58934953.59,08:00.6,21334.08,21334,0.080000006,,,,
58961275.26,08:26.9,26321.67,26322,-0.330000006,,,,
58962701.73,08:28.4,1426.47,1426,0.469999999,,,,
58965334.9,08:31.0,2633.17,2633,0.170000002,,,,
58965402.68,08:31.1,67.78,68,-0.219999999,,,,
58965699.25,08:31.4,296.57,297,-0.43,,,,
58965767.04,08:31.4,67.79,68,-0.210000001,,,,
58966092.08,08:31.7,325.04,325,0.039999999,,,,
58966159.86,08:31.8,67.78,67,0.780000001,,,,
58966324.46,08:32.0,164.6,165,-0.399999999,,,,
58966392.24,08:32.0,67.78,68,-0.219999999,,,,
58966590.2,08:32.2,197.96,198,-0.039999999,,,,
58966657.98,08:32.3,67.77999999,68,-0.220000006,,,,
58966845.57,08:32.5,187.59,187,0.590000004,,,,
58966913.36,08:32.6,67.79,68,-0.210000001,,,,
58967105.01,08:32.8,191.65,192,-0.350000001,,,,
58967172.79,08:32.8,67.78,67,0.780000001,,,,
58967244.17,08:32.9,71.38,72,-0.619999997,,,,
58967342.76,08:33.0,98.59,98,0.589999996,,,,
58967410.54,08:33.1,67.78,68,-0.219999999,,,,
58967502.75,08:33.2,92.21,92,0.210000001,,,,
58967613.59,08:33.3,110.84,111,-0.159999996,,,,
58967681.37,08:33.3,67.77999999,68,-0.220000006,,,,
58967869.74,08:33.5,188.37,188,0.370000005,,,,
58967937.52,08:33.6,67.78,68,-0.219999999,,,,
58968394.01,08:34.0,456.49,457,-0.510000005,,,,
58968461.78,08:34.1,67.77,67,0.770000003,,,,
58968652.08,08:34.3,190.3,191,-0.700000003,,,,
58968719.86,08:34.4,67.78,67,0.780000001,,,,
58968935.74,08:34.6,215.88,216,-0.119999997,,,,
58969003.52,08:34.7,67.78,68,-0.219999999,,,,
58969074.89,08:34.7,71.37,71,0.369999997,,,,
58969212.1,08:34.9,137.21,138,-0.789999999,,,,
58969279.88,08:34.9,67.78,67,0.780000001,,,,
58969501.52,08:35.2,221.64,222,-0.359999999,,,,
58969569.3,08:35.2,67.77999999,68,-0.220000006,,,,
58969804.59,08:35.5,235.29,235,0.290000007,,,,
58969872.37,08:35.5,67.77999999,68,-0.220000006,,,,
58970103.33,08:35.8,230.96,231,-0.039999999,,,,
58970171.11,08:35.8,67.78,68,-0.219999999,,,,
58970270.12,08:35.9,99.01,99,0.009999998,,,,
58970363.34,08:36.0,93.22000001,93,0.220000006,,,,
58970431.12,08:36.1,67.77999999,68,-0.220000006,,,,
58970510.85,08:36.2,79.73,79,0.730000004,,,,
58970663.94,08:36.3,153.09,154,-0.910000004,,,,
58970731.72,08:36.4,67.78,67,0.780000001,,,,
59053640.98,09:59.3,82909.26,82910,-0.740000002,,,,
59053708.76,09:59.4,67.78,67,0.780000001,,,,
59053844.45,09:59.5,135.69,136,-0.309999995,,,,
59054353.09,10:00.0,508.64,509,-0.359999999,,,,
59054420.88,10:00.1,67.79,68,-0.210000001,,,,
59054502.67,10:00.2,81.79,81,0.789999999,,,,
59054731.93,10:00.4,229.26,230,-0.740000002,,,,
59054799.71,10:00.5,67.78,67,0.780000001,,,,
59054871.1,10:00.5,71.39,72,-0.609999999,,,,
59054999.91,10:00.7,128.81,129,-0.190000005,,,,
59055067.69,10:00.7,67.78,67,0.780000001,,,,
59055263.54,10:00.9,195.85,196,-0.149999999,,,,
59055331.31,10:01.0,67.77,68,-0.229999997,,,,
59055535.22,10:01.2,203.91,204,-0.090000004,,,,
59055603,10:01.3,67.78,68,-0.219999999,,,,
59055800.27,10:01.5,197.27,197,0.270000003,,,,
59055868.05,10:01.5,67.77999999,68,-0.220000006,,,,
59056058.85,10:01.7,190.8,191,-0.199999996,,,,
59056126.62,10:01.8,67.77,67,0.769999996,,,,
59056360.28,10:02.0,233.66,234,-0.339999996,,,,
59056428.06,10:02.1,67.78,68,-0.219999999,,,,
59056616.16,10:02.3,188.1,188,0.099999994,,,,
59056683.93,10:02.3,67.77,68,-0.229999997,,,,
59056903.01,10:02.6,219.08,219,0.079999998,,,,
59056970.79,10:02.6,67.78,67,0.780000001,,,,
59057177.91,10:02.8,207.12,208,-0.880000003,,,,
59057245.69,10:02.9,67.78,67,0.780000001,,,,
59057334.2,10:03.0,88.51000001,89,-0.489999995,,,,
59057453.45,10:03.1,119.25,119,0.25,,,,
59057521.23,10:03.2,67.77999999,68,-0.220000006,,,,
59057725.09,10:03.4,203.86,204,-0.139999993,,,,
59057792.87,10:03.4,67.77999999,68,-0.220000006,,,,
59058016.3,10:03.7,223.43,223,0.43,,,,
59058084.09,10:03.7,67.79000001,68,-0.209999993,,,,
59058296.78,10:04.0,212.69,212,0.689999998,,,,
59058364.57,10:04.0,67.79,68,-0.210000001,,,,
59058587.52,10:04.2,222.95,223,-0.049999997,,,,
59058655.3,10:04.3,67.77999999,68,-0.220000006,,,,
59058870.26,10:04.5,214.96,215,-0.039999999,,,,
59058938.03,10:04.6,67.77,68,-0.229999997,,,,
59059288.66,10:04.9,350.63,350,0.629999995,,,,
59059356.44,10:05.0,67.78,68,-0.219999999,,,,
59059432.09,10:05.1,75.65000001,76,-0.349999994,,,,
59059709.15,10:05.4,277.06,277,0.059999995,,,,
59059776.94,10:05.4,67.79,68,-0.210000001,,,,
59059994.9,10:05.6,217.96,218,-0.039999999,,,,
59060062.67,10:05.7,67.77,67,0.770000003,,,,
59060286.13,10:05.9,223.46,224,-0.539999999,,,,
59060353.9,10:06.0,67.77,68,-0.230000004,,,,
59060436.96,10:06.1,83.06,83,0.060000002,,,,
59060569.22,10:06.2,132.26,132,0.259999998,,,,
59060637,10:06.3,67.78,68,-0.219999999,,,,
59060734.17,10:06.4,97.17,97,0.170000002,,,,
59060877.03,10:06.5,142.86,143,-0.140000001,,,,
59060944.8,10:06.6,67.77,67,0.769999996,,,,
59061024.69,10:06.7,79.89,80,-0.109999999,,,,
59061181.76,10:06.8,157.07,157,0.07,,,,
59061249.54,10:06.9,67.78,68,-0.219999999,,,,
59061448.96,10:07.1,199.42,200,-0.579999998,,,,
59061516.74,10:07.2,67.78,67,0.780000001,,,,
59061589.81,10:07.2,73.07,74,-0.93,,,,
59061772.94,10:07.4,183.13,183,0.129999995,,,,
59061840.72,10:07.5,67.78,67,0.780000001,,,,
59062053.06,10:07.7,212.34,213,-0.659999996,,,,
59062120.84,10:07.8,67.78,68,-0.219999999,,,,
59198491.84,12:24.1,136371,136371,0,,,,
59198559.62,12:24.2,67.77999999,67,0.779999994,,,,
59302560.85,14:08.2,104001.23,104002,-0.769999996,,,,
59302628.64,14:08.3,67.79,68,-0.210000001,,,,
59303459,14:09.1,830.36,830,0.359999999,,,,
59303526.79,14:09.2,67.79,68,-0.210000001,,,,
59303937,14:09.6,410.21,410,0.210000001,,,,
59304004.78,14:09.7,67.78,68,-0.219999999,,,,
59304419.99,14:10.1,415.21,415,0.210000001,,,,
59304487.77,14:10.1,67.78,68,-0.219999999,,,,
59304699.14,14:10.4,211.37,211,0.369999997,,,,
59304766.92,14:10.4,67.78,68,-0.219999999,,,,
59304944.64,14:10.6,177.72,178,-0.280000001,,,,
59305012.42,14:10.7,67.78,67,0.780000001,,,,
59305102.78,14:10.8,90.36,91,-0.640000001,,,,
59313064.32,14:18.7,7961.54,7961,0.539999999,,,,
59313132.1,14:18.8,67.78,68,-0.219999999,,,,
59313446.68,14:19.1,314.58,315,-0.420000002,,,,
59313514.46,14:19.2,67.78,67,0.780000001,,,,
59379306.85,15:25.0,65792.39,65793,-0.609999999,,,,
59379758.11,15:25.4,451.26,451,0.259999998,,,,
59379826.16,15:25.5,68.05,68,0.049999997,,,,
59380567.28,15:26.2,741.12,741,0.120000005,,,,
59380630.3,15:26.3,63.02,63,0.019999996,,,,
59380698.36,15:26.4,68.06,68,0.060000002,,,,
59381175.93,15:26.8,477.57,478,-0.43,,,,
59396319.65,15:42.0,15143.72,15144,-0.280000001,,,,
59396844.24,15:42.5,524.59,524,0.590000004,,,,
59396912.29,15:42.6,68.05,68,0.049999997,,,,
59397651.89,15:43.3,739.6,740,-0.399999999,,,,
59397714.9,15:43.4,63.01,63,0.009999998,,,,
59397782.96,15:43.4,68.06,68,0.060000002,,,,
59398320.18,15:44.0,537.22,537,0.219999999,,,,
59534766.4,18:00.4,136446.22,136447,-0.780000001,,,,
59534834.18,18:00.5,67.78,67,0.780000001,,,,
59543019.28,18:08.7,8185.1,8185.000000000001,0.100000001,,,,
59543087.06,18:08.7,67.78,68,-0.219999999,,,,
59613229.71,19:18.9,70142.65,70143,-0.350000001,,,,
59613297.49,19:19.0,67.78,68,-0.219999999,,,,
59613382.7,19:19.0,85.21,85,0.210000001,,,,
59613605.45,19:19.3,222.75,223,-0.25,,,,
59613673.22,19:19.3,67.77,67,0.769999996,,,,
59614094.16,19:19.7,420.94,421,-0.060000002,,,,
59614161.93,19:19.8,67.77,68,-0.229999997,,,,
59614359.38,19:20.0,197.45,198,-0.549999997,,,,
59614427.16,19:20.1,67.77999999,67,0.779999994,,,,
59614635.98,19:20.3,208.82,209,-0.18,,,,
59614703.75,19:20.4,67.77,68,-0.229999997,,,,
59614903.4,19:20.6,199.65,200,-0.350000001,,,,
59614971.17,19:20.6,67.77,67,0.770000003,,,,
59632603.75,19:38.3,17632.58,17633,-0.420000002,,,,
59632671.53,19:38.3,67.78,68,-0.219999999,,,,
59639206.52,19:44.9,6534.99,6535,-0.009999998,,,,
59639989.71,19:45.6,783.19,783,0.189999998,,,,
59640057.76,19:45.7,68.05,68,0.049999997,,,,
59640759.68,19:46.4,701.92,702,-0.079999998,,,,
59640822.7,19:46.5,63.02,63,0.020000003,,,,
59640890.76,19:46.5,68.05999999,68,0.059999995,,,,
59648743.28,19:54.4,7852.52,7853,-0.479999997,,,,
59667000.26,20:12.7,18256.98,18257,-0.020000003,,,,
59667407.79,20:13.1,407.53,407,0.530000001,,,,
59667475.84,20:13.1,68.05,68,0.050000004,,,,
59668234.55,20:13.9,758.71,759,-0.290000007,,,,
59668297.57,20:14.0,63.02,63,0.020000003,,,,
59668365.62,20:14.0,68.05,68,0.049999997,,,,
59670758.18,20:16.4,2392.56,2392,0.560000002,,,,
59687657.73,20:33.3,16899.55,16900,-0.450000003,,,,
59688099.72,20:33.8,441.99,442,-0.009999998,,,,
59688167.77,20:33.8,68.05,68,0.050000004,,,,
59688895.61,20:34.6,727.84,728,-0.160000004,,,,
59688958.63,20:34.6,63.02,63,0.020000003,,,,
59689026.68,20:34.7,68.05,68,0.049999997,,,,
59689444.5,20:35.1,417.82,418,-0.18,,,,
59732615.25,21:18.3,43170.75,43171,-0.25,,,,
59732683.03,21:18.3,67.78,67,0.780000001,,,,
59998650.19,25:44.3,265967.16,265968,-0.840000004,,,,
59998717.05,25:44.4,66.86,67,-0.140000001,,,,
59998789.15,25:44.4,72.1,72,0.100000001,,,,
59999458.74,25:45.1,669.59,669,0.590000004,,,,
59999525.59,25:45.2,66.85,67,-0.149999999,,,,
59999802.95,25:45.5,277.36,278,-0.640000001,,,,
59999869.81,25:45.5,66.86,66,0.859999999,,,,
59999952.1,25:45.6,82.29,83,-0.710000001,,,,
60000311.42,25:46.0,359.32,359,0.32,,,,
60000378.28,25:46.0,66.86,67,-0.140000001,,,,
60000844.57,25:46.5,466.29,466,0.289999999,,,,
60000911.43,25:46.6,66.86,67,-0.140000001,,,,
60001256.3,25:46.9,344.87,345,-0.130000003,,,,
60001323.17,25:47.0,66.87,67,-0.129999995,,,,
60001422.62,25:47.1,99.45,99,0.449999996,,,,
60003233.9,25:48.9,1811.28,1812,-0.719999999,,,,
60003300.75,25:49.0,66.85,66,0.850000001,,,,
60003595.09,25:49.3,294.34,295,-0.659999996,,,,
60003661.95,25:49.3,66.86,67,-0.140000001,,,,
60003869.1,25:49.5,207.15,207,0.149999999,,,,
60003935.96,25:49.6,66.86,67,-0.140000001,,,,
60012694.29,25:58.3,8758.33,8758,0.329999998,,,,
60013279.05,25:58.9,584.76,585,-0.240000002,,,,
60013347.11,25:59.0,68.06,68,0.060000002,,,,
60014056.79,25:59.7,709.68,709,0.68,,,,
60014119.81,25:59.8,63.02,63,0.020000003,,,,
60014187.87,25:59.8,68.05999999,69,-0.940000005,,,,
60016880.4,26:02.5,2692.53,2692,0.530000001,,,,
60023057.38,26:08.7,6176.98,6177,-0.019999996,,,,
60044771.46,26:30.4,21714.08,21714,0.079999998,,,,
60045177.94,26:30.8,406.48,407,-0.520000003,,,,
60045246,26:30.9,68.06,68,0.060000002,,,,
60045997.33,26:31.7,751.33,751,0.329999998,,,,
60046060.35,26:31.7,63.02,63,0.020000003,,,,
60046128.4,26:31.8,68.05,68,0.049999997,,,,
60047442.2,26:33.1,1313.8,1314,-0.199999996,,,,
60061669.02,26:47.3,14226.82,14227,-0.18,,,,
60062600.95,26:48.3,931.93,932,-0.07,,,,
60062669,26:48.3,68.05,68,0.049999997,,,,
60063333.97,26:49.0,664.97,665,-0.030000001,,,,
60063396.99,26:49.1,63.02,63,0.020000003,,,,
60063465.04,26:49.1,68.05,68,0.049999997,,,,
60064898.24,26:50.6,1433.2,1433,0.200000003,,,,
60114418.41,27:40.1,49520.17,49520,0.169999994,,,,
60114827.34,27:40.5,408.93,409,-0.069999993,,,,
60114895.39,27:40.6,68.05,68,0.049999997,,,,
60115637.33,27:41.3,741.94,742,-0.060000002,,,,
60115700.35,27:41.4,63.02,63,0.020000003,,,,
60115768.41,27:41.4,68.05999999,68,0.059999995,,,,
60141236.84,28:06.9,25468.43,25469,-0.569999993,,,,
60141303.69,28:07.0,66.84999999,66,0.849999994,,,,
60141983.69,28:07.6,680,680,0,,,,
60142050.55,28:07.7,66.86,67,-0.140000001,,,,
60142349.71,28:08.0,299.16,299,0.160000004,,,,
60142416.56,28:08.1,66.85,67,-0.149999999,,,,
60142573.53,28:08.2,156.97,157,-0.030000001,,,,
60142640.39,28:08.3,66.86,67,-0.140000001,,,,
60143091.04,28:08.7,450.65,451,-0.350000001,,,,
60143157.9,28:08.8,66.86,67,-0.140000001,,,,
60143883.05,28:09.5,725.15,725,0.149999999,,,,
60143949.9,28:09.6,66.85,67,-0.149999999,,,,
60144809.71,28:10.5,859.81,860,-0.189999998,,,,
60144876.57,28:10.5,66.86,66,0.859999999,,,,
60145634.23,28:11.3,757.66,758,-0.340000004,,,,
60145701.09,28:11.4,66.86000001,67,-0.139999993,,,,
60145808.41,28:11.5,107.32,107,0.319999993,,,,
60146101.02,28:11.8,292.61,293,-0.389999993,,,,
60146167.88,28:11.8,66.86,67,-0.140000001,,,,
60497013.05,34:02.7,350845.17,350845,0.169999994,,,,
60648086.38,36:33.7,151073.33,151074,-0.669999994,,,,
60648154.16,36:33.8,67.77999999,67,0.779999994,,,,
60648317.78,36:34.0,163.62,164,-0.379999995,,,,
60648385.56,36:34.0,67.78,68,-0.219999999,,,,
60648546.08,36:34.2,160.52,160,0.519999996,,,,
60648613.86,36:34.3,67.78,68,-0.219999999,,,,
60648691.13,36:34.3,77.27,77,0.270000003,,,,
60648918.53,36:34.6,227.4,228,-0.600000001,,,,
60648986.31,36:34.6,67.78,68,-0.219999999,,,,
60649317.31,36:35.0,331,331,0,,,,
60649385.09,36:35.0,67.78,67,0.780000001,,,,
60649477.97,36:35.1,92.88,93,-0.120000005,,,,
60649593.87,36:35.2,115.9,116,-0.100000001,,,,
60649661.65,36:35.3,67.78,68,-0.219999999,,,,
60650146.01,36:35.8,484.36,484,0.359999999,,,,
60650213.78,36:35.9,67.77,68,-0.229999997,,,,
60650562.2,36:36.2,348.42,349,-0.579999998,,,,
60650629.99,36:36.3,67.79,67,0.789999999,,,,
60650966,36:36.6,336.01,336,0.009999998,,,,
60651033.79,36:36.7,67.79,68,-0.210000001,,,,
60651781.18,36:37.4,747.39,747,0.390000001,,,,
60651848.96,36:37.5,67.78,68,-0.219999999,,,,
60652028.7,36:37.7,179.74,180,-0.259999998,,,,
60652096.48,36:37.8,67.77999999,68,-0.220000006,,,,
60794823.67,39:00.5,142727.19,142727,0.190000005,,,,
60794890.52,39:00.5,66.85,67,-0.149999999,,,,
60795181.28,39:00.8,290.76,291,-0.240000002,,,,
60795248.14,39:00.9,66.86,67,-0.140000001,,,,
60795446.7,39:01.1,198.56,198,0.560000002,,,,
60795513.55,39:01.2,66.84999999,67,-0.150000006,,,,
60795589.83,39:01.2,76.28,76,0.280000001,,,,
60795953.44,39:01.6,363.61,364,-0.390000001,,,,
60796020.3,39:01.7,66.86,67,-0.140000001,,,,
60796365.34,39:02.0,345.04,345,0.040000007,,,,
60796432.21,39:02.1,66.87,67,-0.130000003,,,,
60796886.2,39:02.5,453.99,454,-0.009999998,,,,
60796953.06,39:02.6,66.86,67,-0.140000001,,,,
60797042.93,39:02.7,89.87,89,0.869999997,,,,
60797181.31,39:02.8,138.38,139,-0.619999997,,,,
60797248.16,39:02.9,66.84999999,67,-0.150000006,,,,
60797327.11,39:03.0,78.95,79,-0.049999997,,,,
60804957.98,39:10.6,7630.87,7630,0.869999997,,,,
60805024.84,39:10.7,66.86000001,67,-0.139999993,,,,
60994359.52,42:20.0,189334.68,189335,-0.32,,,,
60994426.38,42:20.1,66.86,67,-0.140000001,,,,
60994548.35,42:20.2,121.97,122,-0.030000001,,,,
61100440.26,44:06.1,105891.91,105892,-0.090000004,,,,
61100507.12,44:06.2,66.86,67,-0.140000001,,,,
61136465.18,44:42.1,35958.06,35958,0.060000002,,,,
61153804.92,44:59.5,17339.74,17340,-0.259999998,,,,
61153871.79,44:59.5,66.87,67,-0.130000003,,,,
61191165.17,45:36.8,37293.38,37293,0.380000003,,,,
61191232.03,45:36.9,66.86,67,-0.140000001,,,,
61213043.25,45:58.7,21811.22,21811,0.219999999,,,,
61221400.89,46:07.1,8357.64,8358,-0.359999999,,,,
61228111.6,46:13.8,6710.71,6710,0.710000001,,,,
61231075.62,46:16.7,2964.02,2964,0.019999996,,,,
61231142.47,46:16.8,66.85,67,-0.149999999,,,,
61231643.32,46:17.3,500.85,501,-0.149999999,,,,
61231710.18,46:17.4,66.86,67,-0.140000001,,,,
61232107.71,46:17.8,397.53,398,-0.469999999,,,,
61232174.57,46:17.8,66.86,66,0.859999999,,,,
61232516.03,46:18.2,341.46,342,-0.539999999,,,,
61232582.89,46:18.2,66.86,67,-0.140000001,,,,
61232658.47,46:18.3,75.58,75,0.579999998,,,,
61237279.37,46:22.9,4620.9,4621,-0.100000001,,,,
61576215,52:01.9,338935.63,338936,-0.369999997,,,,
61576281.87,52:01.9,66.87,67,-0.130000003,,,,
61576889.53,52:02.5,607.66,608,-0.339999996,,,,
61576956.4,52:02.6,66.87,67,-0.130000003,,,,
61577039.59,52:02.7,83.19000001,83,0.190000005,,,,
61791800.41,55:37.5,214760.82,214761,-0.180000007,,,,
61791867.27,55:37.5,66.86000001,67,-0.139999993,,,,
61792133.95,55:37.8,266.68,266,0.68,,,,
61792200.82,55:37.9,66.87,67,-0.130000003,,,,
61837654.42,56:23.3,45453.6,45454,-0.399999999,,,,
61837721.28,56:23.4,66.86,67,-0.140000001,,,,
61839642.25,56:25.3,1920.97,1921,-0.030000001,,,,
61839709.11,56:25.4,66.86,67,-0.140000001,,,,
61972060.11,58:37.7,132351,132351,0,,,,
61979908.72,58:45.6,7848.61,7848,0.609999999,,,,
62001713.35,59:07.4,21804.63,21805,-0.369999997,,,,
62337375.44,04:43.0,335662.09,335662,0.089999996,,,,
62337775.15,04:43.4,399.71,400,-0.289999999,,,,
62338180.91,04:43.8,405.76,406,-0.240000002,,,,
62341807.51,04:47.5,3626.6,3627,-0.399999999,,,,
62344718,04:50.4,2910.49,2910,0.490000002,,,,
62347318.67,04:53.0,2600.67,2601,-0.329999998,,,,
62367409.92,05:13.1,20091.25,20091,0.25,,,,
62368560.56,05:14.2,1150.64,1151,-0.359999999,,,,
62368628.62,05:14.3,68.05999999,68,0.059999995,,,,
62369366.07,05:15.0,737.45,737,0.450000003,,,,
62369429.09,05:15.1,63.02,63,0.020000003,,,,
62369497.15,05:15.2,68.05999999,68,0.059999995,,,,
62369914.58,05:15.6,417.43,418,-0.57,,,,
62385954.08,05:31.6,16039.5,16039.000000000002,0.5,,,,
62386415.75,05:32.1,461.67,462,-0.329999998,,,,
62386483.81,05:32.1,68.06,68,0.060000002,,,,
62386990.4,05:32.6,506.59,506,0.589999996,,,,
62387618.79,05:33.3,628.39,629,-0.609999999,,,,
62387681.81,05:33.3,63.02,63,0.020000003,,,,
62387749.86,05:33.4,68.05,68,0.049999997,,,,
62388525.19,05:34.2,775.33,775,0.329999998,,,,
62404669.92,05:50.3,16144.73,16145,-0.269999996,,,,
62405076.08,05:50.7,406.16,406,0.159999996,,,,
62405144.13,05:50.8,68.05,68,0.050000004,,,,
62406049.39,05:51.7,905.26,905,0.259999998,,,,
62406112.41,05:51.8,63.02,63,0.019999996,,,,
62406180.47,05:51.8,68.06,69,-0.939999998,,,,
62407015.81,05:52.7,835.34,835,0.340000004,,,,
62423064.03,06:08.7,16048.22,16047.999999999998,0.219999999,,,,
62423768.1,06:09.4,704.07,704,0.07,,,,
62423836.16,06:09.5,68.05999999,68,0.059999995,,,,
62424654.14,06:10.3,817.98,818,-0.019999996,,,,
62424717.16,06:10.4,63.02,63,0.019999996,,,,
62424785.21,06:10.4,68.05,68,0.050000004,,,,
62425381.89,06:11.0,596.68,597,-0.32,,,,
62441435.95,06:27.1,16054.06,16053.999999999998,0.060000002,,,,
62441842.06,06:27.5,406.11,406,0.109999999,,,,
62441910.11,06:27.6,68.05,68,0.049999997,,,,
62442093.65,06:27.8,183.54,184,-0.460000001,,,,
62443180.16,06:28.8,1086.51,1086,0.509999998,,,,
62443243.18,06:28.9,63.02,63,0.020000003,,,,
62443311.23,06:29.0,68.05,68,0.049999997,,,,
62443907.84,06:29.6,596.61,597,-0.389999993,,,,
62462483.94,06:48.1,18576.1,18576,0.099999994,,,,
62463047.87,06:48.7,563.93,564,-0.07,,,,
62463115.92,06:48.8,68.05,68,0.050000004,,,,
62465894.31,06:51.6,2778.39,2778,0.390000001,,,,
62465957.33,06:51.6,63.02,63,0.019999996,,,,
62466025.39,06:51.7,68.06,68,0.060000002,,,,
62468056.71,06:53.7,2031.32,2032,-0.68,,,,
62482288.33,07:07.9,14231.62,14231,0.619999997,,,,
62482726.27,07:08.4,437.94,438,-0.059999995,,,,
62482794.32,07:08.5,68.05,68,0.049999997,,,,
62483515.34,07:09.2,721.02,721,0.020000003,,,,
62483578.36,07:09.2,63.02,63,0.019999996,,,,
62483646.41,07:09.3,68.05,69,-0.950000003,,,,
62484242.92,07:09.9,596.51,596,0.510000005,,,,
62503048.44,07:28.7,18805.52,18806,-0.480000004,,,,
62503721.78,07:29.4,673.34,673,0.340000004,,,,
62503789.83,07:29.4,68.05,68,0.049999997,,,,
62504515.63,07:30.2,725.8,726,-0.199999996,,,,
62504578.65,07:30.2,63.02,63,0.019999996,,,,
62504646.71,07:30.3,68.06,68,0.060000002,,,,
62505004.68,07:30.7,357.97,358,-0.030000001,,,,
62659701.65,10:05.4,154696.97,154697,-0.030000001,,,,
62659768.51,10:05.4,66.86,67,-0.140000001,,,,
62660091.68,10:05.7,323.17,323,0.170000002,,,,
62660158.54,10:05.8,66.86,67,-0.140000001,,,,
62661376.96,10:07.0,1218.42,1218,0.420000002,,,,
62661443.84,10:07.1,66.88,67,-0.119999997,,,,
62662276.23,10:07.9,832.39,833,-0.610000007,,,,
62662343.08,10:08.0,66.85,66,0.850000001,,,,
62662978.02,10:08.6,634.94,635,-0.059999995,,,,
62663044.88,10:08.7,66.86,67,-0.140000001,,,,
62663370.38,10:09.0,325.5,326,-0.5,,,,
62663437.25,10:09.1,66.87,67,-0.130000003,,,,
62663792.37,10:09.5,355.12,355,0.119999997,,,,
62663859.23,10:09.5,66.86,67,-0.140000001,,,,
62664203.1,10:09.9,343.87,343,0.870000005,,,,
62664269.96,10:09.9,66.86,67,-0.140000001,,,,
62704729.08,10:50.4,40459.12,40459,0.119999997,,,,
62704796.86,10:50.5,67.78,68,-0.219999999,,,,
62705058.09,10:50.7,261.23,261,0.230000004,,,,
62705125.87,10:50.8,67.77999999,68,-0.220000006,,,,
62705314.91,10:51.0,189.04,189,0.039999999,,,,
62705382.69,10:51.0,67.78,68,-0.219999999,,,,
62705679.73,10:51.3,297.04,297,0.039999999,,,,
62705747.51,10:51.4,67.78,68,-0.219999999,,,,
62706079.1,10:51.7,331.59,331,0.590000004,,,,
62706146.88,10:51.8,67.78,68,-0.219999999,,,,
62706596.11,10:52.3,449.23,449,0.229999997,,,,
62706663.88,10:52.3,67.77,68,-0.229999997,,,,
62707264.98,10:52.9,601.1,601,0.099999994,,,,
62707332.76,10:53.0,67.78,68,-0.219999999,,,,
62716801.16,11:02.5,9468.4,9469,-0.600000001,,,,
62717207.12,11:02.9,405.96,405,0.960000001,,,,
62717275.18,11:02.9,68.06,69,-0.939999998,,,,
62718006.61,11:03.7,731.43,731,0.43,,,,
62718069.63,11:03.7,63.02,63,0.020000003,,,,
62718137.68,11:03.8,68.05,68,0.049999997,,,,
62858144.89,13:23.8,140007.21,140007,0.210000001,,,,
62937623.58,14:43.3,79478.69,79479,-0.310000002,,,,
62937691.36,14:43.3,67.78,68,-0.219999999,,,,
62938046.7,14:43.7,355.34,355,0.340000004,,,,
62938114.49,14:43.8,67.79,68,-0.210000001,,,,
62939281.71,14:44.9,1167.22,1167,0.219999999,,,,
62939349.49,14:45.0,67.78,68,-0.219999999,,,,
62939513.97,14:45.2,164.48,165,-0.520000003,,,,
62939581.75,14:45.2,67.78,67,0.780000001,,,,
62939748.34,14:45.4,166.59,167,-0.409999996,,,,
62939816.12,14:45.5,67.77999999,68,-0.220000006,,,,
62940114.15,14:45.8,298.03,298,0.030000001,,,,
62940181.94,14:45.8,67.79,68,-0.210000001,,,,
62940261.96,14:45.9,80.02,80,0.020000003,,,,
62940516.6,14:46.2,254.64,254,0.640000001,,,,
62940584.38,14:46.2,67.78,68,-0.219999999,,,,
62941062.06,14:46.7,477.68,478,-0.32,,,,
62941129.84,14:46.8,67.78,67,0.780000001,,,,
63018054.74,16:03.7,76924.9,76925,-0.100000001,,,,
63019186.51,16:04.8,1131.77,1132,-0.230000004,,,,
63019253.36,16:04.9,66.85,67,-0.149999999,,,,
63019384.57,16:05.0,131.21,131,0.210000001,,,,
