date,time,millis,event,pulseCount,rightCount,leftCount,dispensedCount,retrievedCount,rightWaterCount,leftWaterCount,LEDCount,toneCount,frontWaterCount,waterDispensedCount,rightWD_QTY,leftWD_QTY,frontWD_QTY,totalWD_QTY,rightWithPelletCount,leftWithPelletCount,rightDuringDispenseCount,leftDuringDispenseCount,rightinTimeoutCount,leftinTimeoutCount
3/17/2026,13:26:58,124140.73,Left,2.0,0.0,1.0,0.0,0.0,0.0,0.0,0.0,0.0,0.0,0.0,0.0,0.0,0.0,0.0,0.0,0.0,0.0,0.0,0.0,0.0
3/17/2026,13:26:58,124640.02,TONE,8.0,0.0,1.0,0.0,0.0,0.0,0.0,0.0,1.0,0.0,0.0,0.0,0.0,0.0,0.0,0.0,0.0,0.0,0.0,0.0,0.0
3/17/2026,13:26:58,124708.08,LED,7.0,0.0,1.0,0.0,0.0,0.0,0.0,1.0,1.0,0.0,0.0,0.0,0.0,0.0,0.0,0.0,0.0,0.0,0.0,0.0,0.0
3/17/2026,13:27:01,127956.85,Dispensed,3.0,0.0,1.0,1.0,0.0,0.0,0.0,1.0,1.0,0.0,0.0,0.0,0.0,0.0,0.0,0.0,0.0,0.0,0.0,0.0,0.0
3/17/2026,13:27:02,128019.87,TONE,8.0,0.0,1.0,1.0,0.0,0.0,0.0,1.0,2.0,0.0,0.0,0.0,0.0,0.0,0.0,0.0,0.0,0.0,0.0,0.0,0.0
3/17/2026,13:27:02,128087.93,LED,7.0,0.0,1.0,1.0,0.0,0.0,0.0,2.0,2.0,0.0,0.0,0.0,0.0,0.0,0.0,0.0,0.0,0.0,0.0,0.0,0.0
3/17/2026,13:27:02,128564.74,Retrieved,4.0,0.0,1.0,1.0,1.0,0.0,0.0,2.0,2.0,0.0,0.0,0.0,0.0,0.0,0.0,0.0,0.0,0.0,0.0,0.0,0.0
3/17/2026,13:27:19,145059.66,Left,2.0,0.0,2.0,1.0,1.0,0.0,0.0,2.0,2.0,0.0,0.0,0.0,0.0,0.0,0.0,0.0,0.0,0.0,0.0,0.0,0.0
3/17/2026,13:27:19,145465.81,TONE,8.0,0.0,2.0,1.0,1.0,0.0,0.0,2.0,3.0,0.0,0.0,0.0,0.0,0.0,0.0,0.0,0.0,0.0,0.0,0.0,0.0
3/17/2026,13:27:19,145533.86,LED,7.0,0.0,2.0,1.0,1.0,0.0,0.0,3.0,3.0,0.0,0.0,0.0,0.0,0.0,0.0,0.0,0.0,0.0,0.0,0.0,0.0
3/17/2026,13:27:20,146595.73,Dispensed,3.0,0.0,2.0,2.0,1.0,0.0,0.0,3.0,3.0,0.0,0.0,0.0,0.0,0.0,0.0,0.0,0.0,0.0,0.0,0.0,0.0
3/17/2026,13:27:20,146658.75,TONE,8.0,0.0,2.0,2.0,1.0,0.0,0.0,3.0,4.0,0.0,0.0,0.0,0.0,0.0,0.0,0.0,0.0,0.0,0.0,0.0,0.0
3/17/2026,13:27:20,146726.81,LED,7.0,0.0,2.0,2.0,1.0,0.0,0.0,4.0,4.0,0.0,0.0,0.0,0.0,0.0,0.0,0.0,0.0,0.0,0.0,0.0,0.0
3/17/2026,13:27:21,147263.27,Retrieved,4.0,0.0,2.0,2.0,2.0,0.0,0.0,4.0,4.0,0.0,0.0,0.0,0.0,0.0,0.0,0.0,0.0,0.0,0.0,0.0,0.0
3/17/2026,13:27:34,160879.83,Left,2.0,0.0,3.0,2.0,2.0,0.0,0.0,4.0,4.0,0.0,0.0,0.0,0.0,0.0,0.0,0.0,0.0,0.0,0.0,0.0,0.0
3/17/2026,13:27:35,161283.43,TONE,8.0,0.0,3.0,2.0,2.0,0.0,0.0,4.0,5.0,0.0,0.0,0.0,0.0,0.0,0.0,0.0,0.0,0.0,0.0,0.0,0.0
3/17/2026,13:27:35,161351.49,LED,7.0,0.0,3.0,2.0,2.0,0.0,0.0,5.0,5.0,0.0,0.0,0.0,0.0,0.0,0.0,0.0,0.0,0.0,0.0,0.0,0.0
3/17/2026,13:27:36,162288.06,Dispensed,3.0,0.0,3.0,3.0,2.0,0.0,0.0,5.0,5.0,0.0,0.0,0.0,0.0,0.0,0.0,0.0,0.0,0.0,0.0,0.0,0.0
3/17/2026,13:27:36,162351.08,TONE,8.0,0.0,3.0,3.0,2.0,0.0,0.0,5.0,6.0,0.0,0.0,0.0,0.0,0.0,0.0,0.0,0.0,0.0,0.0,0.0,0.0
3/17/2026,13:27:36,162419.14,LED,7.0,0.0,3.0,3.0,2.0,0.0,0.0,6.0,6.0,0.0,0.0,0.0,0.0,0.0,0.0,0.0,0.0,0.0,0.0,0.0,0.0
3/17/2026,13:27:36,162836.47,Retrieved,4.0,0.0,3.0,3.0,3.0,0.0,0.0,6.0,6.0,0.0,0.0,0.0,0.0,0.0,0.0,0.0,0.0,0.0,0.0,0.0,0.0
3/17/2026,13:28:03,189518.05,Left,2.0,0.0,4.0,3.0,3.0,0.0,0.0,6.0,6.0,0.0,0.0,0.0,0.0,0.0,0.0,0.0,0.0,0.0,0.0,0.0,0.0
3/17/2026,13:28:03,189921.58,TONE,8.0,0.0,4.0,3.0,3.0,0.0,0.0,6.0,7.0,0.0,0.0,0.0,0.0,0.0,0.0,0.0,0.0,0.0,0.0,0.0,0.0
3/17/2026,13:28:03,189989.63,LED,7.0,0.0,4.0,3.0,3.0,0.0,0.0,7.0,7.0,0.0,0.0,0.0,0.0,0.0,0.0,0.0,0.0,0.0,0.0,0.0,0.0
3/17/2026,13:28:04,190785.9,Dispensed,3.0,0.0,4.0,4.0,3.0,0.0,0.0,7.0,7.0,0.0,0.0,0.0,0.0,0.0,0.0,0.0,0.0,0.0,0.0,0.0,0.0
3/17/2026,13:28:04,190848.92,TONE,8.0,0.0,4.0,4.0,3.0,0.0,0.0,7.0,8.0,0.0,0.0,0.0,0.0,0.0,0.0,0.0,0.0,0.0,0.0,0.0,0.0
3/17/2026,13:28:04,190916.98,LED,7.0,0.0,4.0,4.0,3.0,0.0,0.0,8.0,8.0,0.0,0.0,0.0,0.0,0.0,0.0,0.0,0.0,0.0,0.0,0.0,0.0
3/17/2026,13:28:26,212548.22,Retrieved,4.0,0.0,4.0,4.0,4.0,0.0,0.0,8.0,8.0,0.0,0.0,0.0,0.0,0.0,0.0,0.0,0.0,0.0,0.0,0.0,0.0
3/17/2026,13:28:53,239046.58,Right,1.0,1.0,4.0,4.0,4.0,0.0,0.0,8.0,8.0,0.0,0.0,0.0,0.0,0.0,0.0,0.0,0.0,0.0,0.0,0.0,0.0
3/17/2026,13:28:53,239486.79,TONE,8.0,1.0,4.0,4.0,4.0,0.0,0.0,8.0,9.0,0.0,0.0,0.0,0.0,0.0,0.0,0.0,0.0,0.0,0.0,0.0,0.0
3/17/2026,13:28:53,239554.85,LED,7.0,1.0,4.0,4.0,4.0,0.0,0.0,9.0,9.0,0.0,0.0,0.0,0.0,0.0,0.0,0.0,0.0,0.0,0.0,0.0,0.0
3/17/2026,13:28:54,240267.39,Dispensed,3.0,1.0,4.0,5.0,4.0,0.0,0.0,9.0,10.0,0.0,0.0,0.0,0.0,0.0,0.0,0.0,0.0,0.0,0.0,0.0,0.0
3/17/2026,13:28:54,240330.41,TONE,8.0,1.0,4.0,5.0,4.0,0.0,0.0,9.0,10.0,0.0,0.0,0.0,0.0,0.0,0.0,0.0,0.0,0.0,0.0,0.0,0.0
3/17/2026,13:28:54,240398.47,LED,7.0,1.0,4.0,5.0,4.0,0.0,0.0,10.0,10.0,0.0,0.0,0.0,0.0,0.0,0.0,0.0,0.0,0.0,0.0,0.0,0.0
3/17/2026,13:28:55,241054.12,Retrieved,4.0,1.0,4.0,5.0,5.0,0.0,0.0,10.0,10.0,0.0,0.0,0.0,0.0,0.0,0.0,0.0,0.0,0.0,0.0,0.0,0.0
3/17/2026,13:29:15,261237.11,Right,1.0,2.0,4.0,5.0,5.0,0.0,0.0,10.0,10.0,0.0,0.0,0.0,0.0,0.0,0.0,0.0,0.0,0.0,0.0,0.0,0.0
3/17/2026,13:29:15,261660.18,TONE,8.0,2.0,4.0,5.0,5.0,0.0,0.0,10.0,11.0,0.0,0.0,0.0,0.0,0.0,0.0,0.0,0.0,0.0,0.0,0.0,0.0
3/17/2026,13:29:15,261728.24,LED,7.0,2.0,4.0,5.0,5.0,0.0,0.0,11.0,11.0,0.0,0.0,0.0,0.0,0.0,0.0,0.0,0.0,0.0,0.0,0.0,0.0
3/17/2026,13:29:16,262456.81,Dispensed,3.0,2.0,4.0,6.0,5.0,0.0,0.0,11.0,11.0,0.0,0.0,0.0,0.0,0.0,0.0,0.0,0.0,0.0,0.0,0.0,0.0
3/17/2026,13:29:16,262519.83,TONE,8.0,2.0,4.0,6.0,5.0,0.0,0.0,11.0,12.0,0.0,0.0,0.0,0.0,0.0,0.0,0.0,0.0,0.0,0.0,0.0,0.0
3/17/2026,13:29:16,262587.89,LED,7.0,2.0,4.0,6.0,5.0,0.0,0.0,12.0,12.0,0.0,0.0,0.0,0.0,0.0,0.0,0.0,0.0,0.0,0.0,0.0,0.0
3/17/2026,13:29:17,263660.96,Retrieved,4.0,2.0,4.0,6.0,6.0,0.0,0.0,12.0,12.0,0.0,0.0,0.0,0.0,0.0,0.0,0.0,0.0,0.0,0.0,0.0,0.0
3/17/2026,13:29:28,274405.24,Right,1.0,3.0,4.0,6.0,6.0,0.0,0.0,12.0,12.0,0.0,0.0,0.0,0.0,0.0,0.0,0.0,0.0,0.0,0.0,0.0,0.0
3/17/2026,13:29:28,274858.76,TONE,8.0,3.0,4.0,6.0,6.0,0.0,0.0,12.0,13.0,0.0,0.0,0.0,0.0,0.0,0.0,0.0,0.0,0.0,0.0,0.0,0.0
3/17/2026,13:29:28,274926.82,LED,7.0,3.0,4.0,6.0,6.0,0.0,0.0,13.0,13.0,0.0,0.0,0.0,0.0,0.0,0.0,0.0,0.0,0.0,0.0,0.0,0.0
3/17/2026,13:29:29,275705.93,Dispensed,3.0,3.0,4.0,7.0,6.0,0.0,0.0,13.0,13.0,0.0,0.0,0.0,0.0,0.0,0.0,0.0,0.0,0.0,0.0,0.0,0.0
3/17/2026,13:29:29,275768.95,TONE,8.0,3.0,4.0,7.0,6.0,0.0,0.0,13.0,14.0,0.0,0.0,0.0,0.0,0.0,0.0,0.0,0.0,0.0,0.0,0.0,0.0
3/17/2026,13:29:29,275837.0,LED,7.0,3.0,4.0,7.0,6.0,0.0,0.0,14.0,14.0,0.0,0.0,0.0,0.0,0.0,0.0,0.0,0.0,0.0,0.0,0.0,0.0
3/17/2026,13:29:30,276671.78,Retrieved,4.0,3.0,4.0,7.0,7.0,0.0,0.0,14.0,14.0,0.0,0.0,0.0,0.0,0.0,0.0,0.0,0.0,0.0,0.0,0.0,0.0
3/17/2026,13:30:01,307097.48,Right,1.0,4.0,4.0,7.0,7.0,0.0,0.0,14.0,14.0,0.0,0.0,0.0,0.0,0.0,0.0,0.0,0.0,0.0,0.0,0.0,0.0
3/17/2026,13:30:01,307502.63,TONE,8.0,4.0,4.0,7.0,7.0,0.0,0.0,14.0,15.0,0.0,0.0,0.0,0.0,0.0,0.0,0.0,0.0,0.0,0.0,0.0,0.0
3/17/2026,13:30:01,307570.69,LED,7.0,4.0,4.0,7.0,7.0,0.0,0.0,15.0,15.0,0.0,0.0,0.0,0.0,0.0,0.0,0.0,0.0,0.0,0.0,0.0,0.0
3/17/2026,13:30:02,308267.8,Dispensed,3.0,4.0,4.0,8.0,7.0,0.0,0.0,15.0,16.0,0.0,0.0,0.0,0.0,0.0,0.0,0.0,0.0,0.0,0.0,0.0,0.0
3/17/2026,13:30:02,308330.82,TONE,8.0,4.0,4.0,8.0,7.0,0.0,0.0,15.0,16.0,0.0,0.0,0.0,0.0,0.0,0.0,0.0,0.0,0.0,0.0,0.0,0.0
3/17/2026,13:30:02,308398.88,LED,7.0,4.0,4.0,8.0,7.0,0.0,0.0,16.0,16.0,0.0,0.0,0.0,0.0,0.0,0.0,0.0,0.0,0.0,0.0,0.0,0.0
3/17/2026,13:30:03,309650.78,Retrieved,4.0,4.0,4.0,8.0,8.0,0.0,0.0,16.0,16.0,0.0,0.0,0.0,0.0,0.0,0.0,0.0,0.0,0.0,0.0,0.0,0.0
3/17/2026,13:31:09,375804.78,Left,2.0,4.0,5.0,8.0,8.0,0.0,0.0,16.0,16.0,0.0,0.0,0.0,0.0,0.0,0.0,0.0,0.0,0.0,0.0,0.0,0.0
3/17/2026,13:31:10,376509.56,TONE,8.0,4.0,5.0,8.0,8.0,0.0,0.0,16.0,17.0,0.0,0.0,0.0,0.0,0.0,0.0,0.0,0.0,0.0,0.0,0.0,0.0
3/17/2026,13:31:10,376577.61,LED,7.0,4.0,5.0,8.0,8.0,0.0,0.0,17.0,17.0,0.0,0.0,0.0,0.0,0.0,0.0,0.0,0.0,0.0,0.0,0.0,0.0
3/17/2026,13:31:11,377312.92,Dispensed,3.0,4.0,5.0,9.0,8.0,0.0,0.0,17.0,17.0,0.0,0.0,0.0,0.0,0.0,0.0,0.0,0.0,0.0,0.0,0.0,0.0
3/17/2026,13:31:11,377375.94,TONE,8.0,4.0,5.0,9.0,8.0,0.0,0.0,17.0,18.0,0.0,0.0,0.0,0.0,0.0,0.0,0.0,0.0,0.0,0.0,0.0,0.0
3/17/2026,13:31:11,377444.0,LED,7.0,4.0,5.0,9.0,8.0,0.0,0.0,18.0,18.0,0.0,0.0,0.0,0.0,0.0,0.0,0.0,0.0,0.0,0.0,0.0,0.0
3/17/2026,13:31:12,378696.36,Retrieved,4.0,4.0,5.0,9.0,9.0,0.0,0.0,18.0,18.0,0.0,0.0,0.0,0.0,0.0,0.0,0.0,0.0,0.0,0.0,0.0,0.0
3/17/2026,13:31:23,389516.27,Left,2.0,4.0,6.0,9.0,9.0,0.0,0.0,18.0,18.0,0.0,0.0,0.0,0.0,0.0,0.0,0.0,0.0,0.0,0.0,0.0,0.0
3/17/2026,13:31:24,390032.52,TONE,8.0,4.0,6.0,9.0,9.0,0.0,0.0,18.0,19.0,0.0,0.0,0.0,0.0,0.0,0.0,0.0,0.0,0.0,0.0,0.0,0.0
3/17/2026,13:31:24,390100.57,LED,7.0,4.0,6.0,9.0,9.0,0.0,0.0,19.0,19.0,0.0,0.0,0.0,0.0,0.0,0.0,0.0,0.0,0.0,0.0,0.0,0.0
3/17/2026,13:31:24,390797.89,Dispensed,3.0,4.0,6.0,10.0,9.0,0.0,0.0,19.0,19.0,0.0,0.0,0.0,0.0,0.0,0.0,0.0,0.0,0.0,0.0,0.0,0.0
3/17/2026,13:31:24,390860.9,TONE,8.0,4.0,6.0,10.0,9.0,0.0,0.0,19.0,20.0,0.0,0.0,0.0,0.0,0.0,0.0,0.0,0.0,0.0,0.0,0.0,0.0
3/17/2026,13:31:24,390928.96,LED,7.0,4.0,6.0,10.0,9.0,0.0,0.0,20.0,20.0,0.0,0.0,0.0,0.0,0.0,0.0,0.0,0.0,0.0,0.0,0.0,0.0
3/17/2026,13:31:25,391882.7,Retrieved,4.0,4.0,6.0,10.0,10.0,0.0,0.0,20.0,20.0,0.0,0.0,0.0,0.0,0.0,0.0,0.0,0.0,0.0,0.0,0.0,0.0
3/17/2026,13:31:42,408931.85,Left,2.0,4.0,7.0,10.0,10.0,0.0,0.0,20.0,20.0,0.0,0.0,0.0,0.0,0.0,0.0,0.0,0.0,0.0,0.0,0.0,0.0
3/17/2026,13:31:43,409341.42,TONE,8.0,4.0,7.0,10.0,10.0,0.0,0.0,20.0,21.0,0.0,0.0,0.0,0.0,0.0,0.0,0.0,0.0,0.0,0.0,0.0,0.0
3/17/2026,13:31:43,409409.47,LED,7.0,4.0,7.0,10.0,10.0,0.0,0.0,21.0,21.0,0.0,0.0,0.0,0.0,0.0,0.0,0.0,0.0,0.0,0.0,0.0,0.0
3/17/2026,13:31:44,410151.62,Dispensed,3.0,4.0,7.0,11.0,10.0,0.0,0.0,21.0,21.0,0.0,0.0,0.0,0.0,0.0,0.0,0.0,0.0,0.0,0.0,0.0,0.0
3/17/2026,13:31:44,410214.64,TONE,8.0,4.0,7.0,11.0,10.0,0.0,0.0,21.0,22.0,0.0,0.0,0.0,0.0,0.0,0.0,0.0,0.0,0.0,0.0,0.0,0.0
3/17/2026,13:31:44,410282.69,LED,7.0,4.0,7.0,11.0,10.0,0.0,0.0,22.0,22.0,0.0,0.0,0.0,0.0,0.0,0.0,0.0,0.0,0.0,0.0,0.0,0.0
3/17/2026,13:31:44,410759.56,Retrieved,4.0,4.0,7.0,11.0,11.0,0.0,0.0,22.0,22.0,0.0,0.0,0.0,0.0,0.0,0.0,0.0,0.0,0.0,0.0,0.0,0.0
3/17/2026,13:32:27,454012.48,LeftWater,6.0,4.0,7.0,11.0,11.0,0.0,1.0,22.0,22.0,0.0,0.0,0.0,0.0,0.0,0.0,0.0,0.0,0.0,0.0,0.0,0.0
3/17/2026,13:32:28,454080.24,WaterDispensed,10.0,4.0,7.0,11.0,11.0,0.0,1.0,22.0,22.0,0.0,1.0,0.0,0.01428,0.0,0.01428,0.0,0.0,0.0,0.0,0.0,0.0
3/17/2026,13:33:06,492533.86,Right,1.0,5.0,7.0,11.0,11.0,0.0,1.0,22.0,22.0,0.0,1.0,0.0,0.01428,0.0,0.01428,0.0,0.0,0.0,0.0,0.0,0.0
3/17/2026,13:33:07,493102.59,TONE,8.0,5.0,7.0,11.0,11.0,0.0,1.0,22.0,23.0,0.0,1.0,0.0,0.01428,0.0,0.01428,0.0,0.0,0.0,0.0,0.0,0.0
3/17/2026,13:33:07,493170.65,LED,7.0,5.0,7.0,11.0,11.0,0.0,1.0,23.0,23.0,0.0,1.0,0.0,0.01428,0.0,0.01428,0.0,0.0,0.0,0.0,0.0,0.0
3/17/2026,13:33:07,493835.18,Dispensed,3.0,5.0,7.0,12.0,11.0,0.0,1.0,23.0,23.0,0.0,1.0,0.0,0.01428,0.0,0.01428,0.0,0.0,0.0,0.0,0.0,0.0
3/17/2026,13:33:07,493898.2,TONE,8.0,5.0,7.0,12.0,11.0,0.0,1.0,23.0,24.0,0.0,1.0,0.0,0.01428,0.0,0.01428,0.0,0.0,0.0,0.0,0.0,0.0
3/17/2026,13:33:07,493966.26,LED,7.0,5.0,7.0,12.0,11.0,0.0,1.0,24.0,24.0,0.0,1.0,0.0,0.01428,0.0,0.01428,0.0,0.0,0.0,0.0,0.0,0.0
3/17/2026,13:33:13,499745.94,RightWater,5.0,5.0,7.0,12.0,11.0,1.0,1.0,24.0,24.0,0.0,1.0,0.0,0.01428,0.0,0.01428,0.0,0.0,0.0,0.0,0.0,0.0
3/17/2026,13:33:13,499812.78,WaterDispensed,10.0,5.0,7.0,12.0,11.0,1.0,1.0,24.0,24.0,0.0,2.0,0.01428,0.01428,0.0,0.02856,0.0,0.0,0.0,0.0,0.0,0.0
3/17/2026,13:33:14,500794.09,LeftWater,6.0,5.0,7.0,12.0,11.0,1.0,2.0,24.0,24.0,0.0,2.0,0.01428,0.01428,0.0,0.02856,0.0,0.0,0.0,0.0,0.0,0.0
3/17/2026,13:33:14,500861.85,WaterDispensed,10.0,5.0,7.0,12.0,11.0,1.0,2.0,24.0,24.0,0.0,3.0,0.01428,0.02856,0.0,0.04284,0.0,0.0,0.0,0.0,0.0,0.0
3/17/2026,13:33:25,511757.34,RightWater,5.0,5.0,7.0,12.0,11.0,2.0,2.0,24.0,24.0,0.0,3.0,0.01428,0.02856,0.0,0.04284,0.0,0.0,0.0,0.0,0.0,0.0
3/17/2026,13:33:25,511824.18,WaterDispensed,10.0,5.0,7.0,12.0,11.0,2.0,2.0,24.0,24.0,0.0,4.0,0.02856,0.02856,0.0,0.05712,0.0,0.0,0.0,0.0,0.0,0.0
3/17/2026,13:33:26,512276.22,RightWater,5.0,5.0,7.0,12.0,11.0,3.0,2.0,24.0,24.0,0.0,5.0,0.04284,0.02856,0.0,0.0714,0.0,0.0,0.0,0.0,0.0,0.0
3/17/2026,13:33:26,512343.06,WaterDispensed,10.0,5.0,7.0,12.0,11.0,3.0,2.0,24.0,24.0,0.0,5.0,0.04284,0.02856,0.0,0.0714,0.0,0.0,0.0,0.0,0.0,0.0
3/17/2026,13:33:26,512506.79,RightWater,5.0,5.0,7.0,12.0,11.0,4.0,2.0,24.0,24.0,0.0,5.0,0.04284,0.02856,0.0,0.0714,0.0,0.0,0.0,0.0,0.0,0.0
3/17/2026,13:33:26,512573.66,WaterDispensed,10.0,5.0,7.0,12.0,11.0,4.0,2.0,24.0,24.0,0.0,6.0,0.05712,0.02856,0.0,0.08568,0.0,0.0,0.0,0.0,0.0,0.0
3/17/2026,13:33:27,513021.46,RightWater,5.0,5.0,7.0,12.0,11.0,5.0,2.0,24.0,24.0,0.0,6.0,0.05712,0.02856,0.0,0.08568,0.0,0.0,0.0,0.0,0.0,0.0
3/17/2026,13:33:27,513088.29,WaterDispensed,10.0,5.0,7.0,12.0,11.0,5.0,2.0,24.0,24.0,0.0,7.0,0.0714,0.02856,0.0,0.09996,0.0,0.0,0.0,0.0,0.0,0.0
3/17/2026,13:33:27,513986.88,RightWater,5.0,5.0,7.0,12.0,11.0,6.0,2.0,24.0,24.0,0.0,7.0,0.0714,0.02856,0.0,0.09996,0.0,0.0,0.0,0.0,0.0,0.0
3/17/2026,13:33:28,514053.71,WaterDispensed,10.0,5.0,7.0,12.0,11.0,6.0,2.0,24.0,24.0,0.0,8.0,0.08568,0.02856,0.0,0.11424,0.0,0.0,0.0,0.0,0.0,0.0
3/17/2026,13:33:28,514241.75,RightWater,5.0,5.0,7.0,12.0,11.0,7.0,2.0,24.0,24.0,0.0,8.0,0.08568,0.02856,0.0,0.11424,0.0,0.0,0.0,0.0,0.0,0.0
3/17/2026,13:33:28,514308.59,WaterDispensed,10.0,5.0,7.0,12.0,11.0,7.0,2.0,24.0,24.0,0.0,9.0,0.09996,0.02856,0.0,0.12852,0.0,0.0,0.0,0.0,0.0,0.0
3/17/2026,13:33:28,514628.06,RightWater,5.0,5.0,7.0,12.0,11.0,8.0,2.0,24.0,24.0,0.0,9.0,0.09996,0.02856,0.0,0.12852,0.0,0.0,0.0,0.0,0.0,0.0
3/17/2026,13:33:28,514694.9,WaterDispensed,10.0,5.0,7.0,12.0,11.0,8.0,2.0,24.0,24.0,0.0,10.0,0.11424,0.02856,0.0,0.1428,0.0,0.0,0.0,0.0,0.0,0.0
3/17/2026,13:33:28,514886.6,RightWater,5.0,5.0,7.0,12.0,11.0,9.0,2.0,24.0,24.0,0.0,10.0,0.11424,0.02856,0.0,0.1428,0.0,0.0,0.0,0.0,0.0,0.0
3/17/2026,13:33:28,514953.44,WaterDispensed,10.0,5.0,7.0,12.0,11.0,9.0,2.0,24.0,24.0,0.0,11.0,0.12852,0.02856,0.0,0.15708,0.0,0.0,0.0,0.0,0.0,0.0
3/17/2026,13:33:29,515568.57,RightWater,5.0,5.0,7.0,12.0,11.0,10.0,2.0,24.0,24.0,0.0,11.0,0.12852,0.02856,0.0,0.15708,0.0,0.0,0.0,0.0,0.0,0.0
3/17/2026,13:33:29,515635.41,WaterDispensed,10.0,5.0,7.0,12.0,11.0,10.0,2.0,24.0,24.0,0.0,12.0,0.1428,0.02856,0.0,0.17136,0.0,0.0,0.0,0.0,0.0,0.0
3/17/2026,13:33:29,515823.06,RightWater,5.0,5.0,7.0,12.0,11.0,11.0,2.0,24.0,24.0,0.0,12.0,0.1428,0.02856,0.0,0.17136,0.0,0.0,0.0,0.0,0.0,0.0
3/17/2026,13:33:29,515889.9,WaterDispensed,10.0,5.0,7.0,12.0,11.0,11.0,2.0,24.0,24.0,0.0,13.0,0.15708,0.02856,0.0,0.18564,0.0,0.0,0.0,0.0,0.0,0.0
3/17/2026,13:33:31,517426.89,RightWater,5.0,5.0,7.0,12.0,11.0,12.0,2.0,24.0,24.0,0.0,13.0,0.15708,0.02856,0.0,0.18564,0.0,0.0,0.0,0.0,0.0,0.0
3/17/2026,13:33:31,517493.72,WaterDispensed,10.0,5.0,7.0,12.0,11.0,12.0,2.0,24.0,24.0,0.0,14.0,0.17136,0.02856,0.0,0.19992,0.0,0.0,0.0,0.0,0.0,0.0
3/17/2026,13:33:31,517707.53,RightWater,5.0,5.0,7.0,12.0,11.0,13.0,2.0,24.0,24.0,0.0,14.0,0.17136,0.02856,0.0,0.19992,0.0,0.0,0.0,0.0,0.0,0.0
3/17/2026,13:33:31,517774.38,WaterDispensed,10.0,5.0,7.0,12.0,11.0,13.0,2.0,24.0,24.0,0.0,15.0,0.18564,0.02856,0.0,0.2142,0.0,0.0,0.0,0.0,0.0,0.0
3/17/2026,13:33:33,519052.27,RightWater,5.0,5.0,7.0,12.0,11.0,14.0,2.0,24.0,24.0,0.0,15.0,0.18564,0.02856,0.0,0.2142,0.0,0.0,0.0,0.0,0.0,0.0
3/17/2026,13:33:33,519119.1,WaterDispensed,10.0,5.0,7.0,12.0,11.0,14.0,2.0,24.0,24.0,0.0,16.0,0.19992,0.02856,0.0,0.22848,0.0,0.0,0.0,0.0,0.0,0.0
3/17/2026,13:33:34,520051.37,RightWater,5.0,5.0,7.0,12.0,11.0,15.0,2.0,24.0,24.0,0.0,16.0,0.19992,0.02856,0.0,0.22848,0.0,0.0,0.0,0.0,0.0,0.0
3/17/2026,13:33:34,520118.22,WaterDispensed,10.0,5.0,7.0,12.0,11.0,15.0,2.0,24.0,24.0,0.0,17.0,0.2142,0.02856,0.0,0.24276,0.0,0.0,0.0,0.0,0.0,0.0
3/17/2026,13:33:34,520726.15,RightWater,5.0,5.0,7.0,12.0,11.0,16.0,2.0,24.0,24.0,0.0,17.0,0.2142,0.02856,0.0,0.24276,0.0,0.0,0.0,0.0,0.0,0.0
3/17/2026,13:33:34,520792.98,WaterDispensed,10.0,5.0,7.0,12.0,11.0,16.0,2.0,24.0,24.0,0.0,18.0,0.22848,0.02856,0.0,0.25704,0.0,0.0,0.0,0.0,0.0,0.0
3/17/2026,13:33:35,521147.11,RightWater,5.0,5.0,7.0,12.0,11.0,17.0,2.0,24.0,24.0,0.0,18.0,0.22848,0.02856,0.0,0.25704,0.0,0.0,0.0,0.0,0.0,0.0
3/17/2026,13:33:35,521213.95,WaterDispensed,10.0,5.0,7.0,12.0,11.0,17.0,2.0,24.0,24.0,0.0,19.0,0.24276,0.02856,0.0,0.27132,0.0,0.0,0.0,0.0,0.0,0.0
3/17/2026,13:33:35,521554.17,RightWater,5.0,5.0,7.0,12.0,11.0,18.0,2.0,24.0,24.0,0.0,19.0,0.24276,0.02856,0.0,0.27132,0.0,0.0,0.0,0.0,0.0,0.0
3/17/2026,13:33:35,521621.01,WaterDispensed,10.0,5.0,7.0,12.0,11.0,18.0,2.0,24.0,24.0,0.0,20.0,0.25704,0.02856,0.0,0.2856,0.0,0.0,0.0,0.0,0.0,0.0
3/17/2026,13:33:35,521692.24,RightWater,5.0,5.0,7.0,12.0,11.0,19.0,2.0,24.0,24.0,0.0,20.0,0.25704,0.02856,0.0,0.2856,0.0,0.0,0.0,0.0,0.0,0.0
3/17/2026,13:33:36,522601.79,RightWater,5.0,5.0,7.0,12.0,11.0,20.0,2.0,24.0,24.0,0.0,20.0,0.25704,0.02856,0.0,0.2856,0.0,0.0,0.0,0.0,0.0,0.0
3/17/2026,13:33:36,522668.63,WaterDispensed,10.0,5.0,7.0,12.0,11.0,20.0,2.0,24.0,24.0,0.0,21.0,0.27132,0.02856,0.0,0.29988,0.0,0.0,0.0,0.0,0.0,0.0
3/17/2026,13:33:36,522997.5,RightWater,5.0,5.0,7.0,12.0,11.0,21.0,2.0,24.0,24.0,0.0,21.0,0.27132,0.02856,0.0,0.29988,0.0,0.0,0.0,0.0,0.0,0.0
3/17/2026,13:33:37,523064.35,WaterDispensed,10.0,5.0,7.0,12.0,11.0,21.0,2.0,24.0,24.0,0.0,22.0,0.2856,0.02856,0.0,0.31416,0.0,0.0,0.0,0.0,0.0,0.0
3/17/2026,13:33:37,523441.93,RightWater,5.0,5.0,7.0,12.0,11.0,22.0,2.0,24.0,24.0,0.0,22.0,0.2856,0.02856,0.0,0.31416,0.0,0.0,0.0,0.0,0.0,0.0
3/17/2026,13:33:37,523508.77,WaterDispensed,10.0,5.0,7.0,12.0,11.0,22.0,2.0,24.0,24.0,0.0,23.0,0.29988,0.02856,0.0,0.32844,0.0,0.0,0.0,0.0,0.0,0.0
3/17/2026,13:33:37,523834.14,RightWater,5.0,5.0,7.0,12.0,11.0,23.0,2.0,24.0,24.0,0.0,23.0,0.29988,0.02856,0.0,0.32844,0.0,0.0,0.0,0.0,0.0,0.0
3/17/2026,13:33:37,523900.98,WaterDispensed,10.0,5.0,7.0,12.0,11.0,23.0,2.0,24.0,24.0,0.0,24.0,0.31416,0.02856,0.0,0.34272,0.0,0.0,0.0,0.0,0.0,0.0
3/17/2026,13:33:41,527163.82,RightWater,5.0,5.0,7.0,12.0,11.0,24.0,2.0,24.0,24.0,0.0,24.0,0.31416,0.02856,0.0,0.34272,0.0,0.0,0.0,0.0,0.0,0.0
3/17/2026,13:33:41,527230.68,WaterDispensed,10.0,5.0,7.0,12.0,11.0,24.0,2.0,24.0,24.0,0.0,25.0,0.32844,0.02856,0.0,0.357,0.0,0.0,0.0,0.0,0.0,0.0
3/17/2026,13:33:41,527856.07,RightWater,5.0,5.0,7.0,12.0,11.0,25.0,2.0,24.0,24.0,0.0,25.0,0.32844,0.02856,0.0,0.357,0.0,0.0,0.0,0.0,0.0,0.0
3/17/2026,13:33:41,527922.94,WaterDispensed,10.0,5.0,7.0,12.0,11.0,25.0,2.0,24.0,24.0,0.0,26.0,0.34272,0.02856,0.0,0.37128,0.0,0.0,0.0,0.0,0.0,0.0
3/17/2026,13:33:47,533966.32,RightWater,5.0,5.0,7.0,12.0,11.0,26.0,2.0,24.0,24.0,0.0,26.0,0.34272,0.02856,0.0,0.37128,0.0,0.0,0.0,0.0,0.0,0.0
3/17/2026,13:33:48,534033.15,WaterDispensed,10.0,5.0,7.0,12.0,11.0,26.0,2.0,24.0,24.0,0.0,27.0,0.357,0.02856,0.0,0.38556,0.0,0.0,0.0,0.0,0.0,0.0
3/17/2026,13:33:48,534106.91,RightWater,5.0,5.0,7.0,12.0,11.0,27.0,2.0,24.0,24.0,0.0,27.0,0.357,0.02856,0.0,0.38556,0.0,0.0,0.0,0.0,0.0,0.0
3/17/2026,13:33:48,534321.72,RightWater,5.0,5.0,7.0,12.0,11.0,28.0,2.0,24.0,24.0,0.0,28.0,0.37128,0.02856,0.0,0.39984,0.0,0.0,0.0,0.0,0.0,0.0
3/17/2026,13:33:48,534388.56,WaterDispensed,10.0,5.0,7.0,12.0,11.0,28.0,2.0,24.0,24.0,0.0,28.0,0.37128,0.02856,0.0,0.39984,0.0,0.0,0.0,0.0,0.0,0.0
3/17/2026,13:33:48,534474.56,RightWater,5.0,5.0,7.0,12.0,11.0,29.0,2.0,24.0,24.0,0.0,28.0,0.37128,0.02856,0.0,0.39984,0.0,0.0,0.0,0.0,0.0,0.0
3/17/2026,13:33:48,534729.72,RightWater,5.0,5.0,7.0,12.0,11.0,30.0,2.0,24.0,24.0,0.0,28.0,0.37128,0.02856,0.0,0.39984,0.0,0.0,0.0,0.0,0.0,0.0
3/17/2026,13:33:48,534796.57,WaterDispensed,10.0,5.0,7.0,12.0,11.0,30.0,2.0,24.0,24.0,0.0,29.0,0.38556,0.02856,0.0,0.41412,0.0,0.0,0.0,0.0,0.0,0.0
3/17/2026,13:33:49,535151.4,RightWater,5.0,5.0,7.0,12.0,11.0,31.0,2.0,24.0,24.0,0.0,29.0,0.38556,0.02856,0.0,0.41412,0.0,0.0,0.0,0.0,0.0,0.0
3/17/2026,13:33:49,535218.24,WaterDispensed,10.0,5.0,7.0,12.0,11.0,31.0,2.0,24.0,24.0,0.0,30.0,0.39984,0.02856,0.0,0.4284,0.0,0.0,0.0,0.0,0.0,0.0
3/17/2026,13:33:49,535579.77,RightWater,5.0,5.0,7.0,12.0,11.0,32.0,2.0,24.0,24.0,0.0,30.0,0.39984,0.02856,0.0,0.4284,0.0,0.0,0.0,0.0,0.0,0.0
3/17/2026,13:33:49,535646.61,WaterDispensed,10.0,5.0,7.0,12.0,11.0,32.0,2.0,24.0,24.0,0.0,31.0,0.41412,0.02856,0.0,0.44268,0.0,0.0,0.0,0.0,0.0,0.0
3/17/2026,13:33:49,535739.74,RightWater,5.0,5.0,7.0,12.0,11.0,33.0,2.0,24.0,24.0,0.0,31.0,0.41412,0.02856,0.0,0.44268,0.0,0.0,0.0,0.0,0.0,0.0
3/17/2026,13:33:49,536005.18,RightWater,5.0,5.0,7.0,12.0,11.0,34.0,2.0,24.0,24.0,0.0,31.0,0.41412,0.02856,0.0,0.44268,0.0,0.0,0.0,0.0,0.0,0.0
3/17/2026,13:33:50,536072.02,WaterDispensed,10.0,5.0,7.0,12.0,11.0,34.0,2.0,24.0,24.0,0.0,32.0,0.4284,0.02856,0.0,0.45696,0.0,0.0,0.0,0.0,0.0,0.0
3/17/2026,13:33:50,536398.91,RightWater,5.0,5.0,7.0,12.0,11.0,35.0,2.0,24.0,24.0,0.0,32.0,0.4284,0.02856,0.0,0.45696,0.0,0.0,0.0,0.0,0.0,0.0
3/17/2026,13:33:50,536465.75,WaterDispensed,10.0,5.0,7.0,12.0,11.0,35.0,2.0,24.0,24.0,0.0,33.0,0.44268,0.02856,0.0,0.47124,0.0,0.0,0.0,0.0,0.0,0.0
3/17/2026,13:33:51,537122.65,RightWater,5.0,5.0,7.0,12.0,11.0,36.0,2.0,24.0,24.0,0.0,33.0,0.44268,0.02856,0.0,0.47124,0.0,0.0,0.0,0.0,0.0,0.0
3/17/2026,13:33:51,537189.48,WaterDispensed,10.0,5.0,7.0,12.0,11.0,36.0,2.0,24.0,24.0,0.0,34.0,0.45696,0.02856,0.0,0.48552,0.0,0.0,0.0,0.0,0.0,0.0
3/17/2026,13:33:51,537560.14,RightWater,5.0,5.0,7.0,12.0,11.0,37.0,2.0,24.0,24.0,0.0,34.0,0.45696,0.02856,0.0,0.48552,0.0,0.0,0.0,0.0,0.0,0.0
3/17/2026,13:33:51,537626.98,WaterDispensed,10.0,5.0,7.0,12.0,11.0,37.0,2.0,24.0,24.0,0.0,35.0,0.47124,0.02856,0.0,0.4998,0.0,0.0,0.0,0.0,0.0,0.0
3/17/2026,13:33:51,537698.21,RightWater,5.0,5.0,7.0,12.0,11.0,38.0,2.0,24.0,24.0,0.0,35.0,0.47124,0.02856,0.0,0.4998,0.0,0.0,0.0,0.0,0.0,0.0
3/17/2026,13:33:51,537778.51,RightWater,5.0,5.0,7.0,12.0,11.0,39.0,2.0,24.0,24.0,0.0,35.0,0.47124,0.02856,0.0,0.4998,0.0,0.0,0.0,0.0,0.0,0.0
3/17/2026,13:33:51,537845.36,WaterDispensed,10.0,5.0,7.0,12.0,11.0,39.0,2.0,24.0,24.0,0.0,36.0,0.48552,0.02856,0.0,0.51408,0.0,0.0,0.0,0.0,0.0,0.0
3/17/2026,13:33:51,537972.43,RightWater,5.0,5.0,7.0,12.0,11.0,40.0,2.0,24.0,24.0,0.0,36.0,0.48552,0.02856,0.0,0.51408,0.0,0.0,0.0,0.0,0.0,0.0
3/17/2026,13:35:18,624101.29,RightWater,5.0,5.0,7.0,12.0,11.0,41.0,2.0,24.0,24.0,0.0,36.0,0.48552,0.02856,0.0,0.51408,0.0,0.0,0.0,0.0,0.0,0.0
3/17/2026,13:35:18,624168.13,WaterDispensed,10.0,5.0,7.0,12.0,11.0,41.0,2.0,24.0,24.0,0.0,37.0,0.4998,0.02856,0.0,0.52836,0.0,0.0,0.0,0.0,0.0,0.0
3/17/2026,13:35:40,646468.76,LeftWater,6.0,5.0,7.0,12.0,11.0,41.0,3.0,24.0,24.0,0.0,37.0,0.4998,0.02856,0.0,0.52836,0.0,0.0,0.0,0.0,0.0,0.0
3/17/2026,13:35:40,646536.54,WaterDispensed,10.0,5.0,7.0,12.0,11.0,41.0,3.0,24.0,24.0,0.0,38.0,0.4998,0.04284,0.0,0.54264,0.0,0.0,0.0,0.0,0.0,0.0
3/17/2026,13:35:40,646664.82,LeftWater,6.0,5.0,7.0,12.0,11.0,41.0,4.0,24.0,24.0,0.0,38.0,0.4998,0.04284,0.0,0.54264,0.0,0.0,0.0,0.0,0.0,0.0
3/17/2026,13:35:41,647229.57,LeftWater,6.0,5.0,7.0,12.0,11.0,41.0,5.0,24.0,24.0,0.0,38.0,0.4998,0.04284,0.0,0.54264,0.0,0.0,0.0,0.0,0.0,0.0
3/17/2026,13:35:41,647297.35,WaterDispensed,10.0,5.0,7.0,12.0,11.0,41.0,6.0,24.0,24.0,0.0,39.0,0.4998,0.05712,0.0,0.55692,0.0,0.0,0.0,0.0,0.0,0.0
3/17/2026,13:35:41,647389.17,LeftWater,6.0,5.0,7.0,12.0,11.0,41.0,6.0,24.0,24.0,0.0,39.0,0.4998,0.05712,0.0,0.55692,0.0,0.0,0.0,0.0,0.0,0.0
3/17/2026,13:35:41,647874.62,LeftWater,6.0,5.0,7.0,12.0,11.0,41.0,7.0,24.0,24.0,0.0,39.0,0.4998,0.05712,0.0,0.55692,0.0,0.0,0.0,0.0,0.0,0.0
3/17/2026,13:35:41,647942.39,WaterDispensed,10.0,5.0,7.0,12.0,11.0,41.0,7.0,24.0,24.0,0.0,40.0,0.4998,0.0714,0.0,0.5712,0.0,0.0,0.0,0.0,0.0,0.0
3/17/2026,13:35:42,648512.08,LeftWater,6.0,5.0,7.0,12.0,11.0,41.0,8.0,24.0,24.0,0.0,40.0,0.4998,0.0714,0.0,0.5712,0.0,0.0,0.0,0.0,0.0,0.0
3/17/2026,13:35:42,648579.87,WaterDispensed,10.0,5.0,7.0,12.0,11.0,41.0,8.0,24.0,24.0,0.0,41.0,0.4998,0.08568,0.0,0.58548,0.0,0.0,0.0,0.0,0.0,0.0
3/17/2026,13:35:43,649557.57,LeftWater,6.0,5.0,7.0,12.0,11.0,41.0,9.0,24.0,24.0,0.0,41.0,0.4998,0.08568,0.0,0.58548,0.0,0.0,0.0,0.0,0.0,0.0
3/17/2026,13:35:43,649625.35,WaterDispensed,10.0,5.0,7.0,12.0,11.0,41.0,9.0,24.0,24.0,0.0,42.0,0.4998,0.09996,0.0,0.59976,0.0,0.0,0.0,0.0,0.0,0.0
3/17/2026,13:35:59,665428.14,RightWithPellet,11.0,5.0,7.0,12.0,11.0,41.0,9.0,24.0,24.0,0.0,42.0,0.4998,0.09996,0.0,0.59976,1.0,0.0,0.0,0.0,0.0,0.0
3/17/2026,13:36:01,667260.31,RightWithPellet,11.0,5.0,7.0,12.0,11.0,41.0,9.0,24.0,24.0,0.0,42.0,0.4998,0.09996,0.0,0.59976,2.0,0.0,0.0,0.0,0.0,0.0
3/17/2026,13:36:01,667616.43,RightWithPellet,11.0,5.0,7.0,12.0,11.0,41.0,9.0,24.0,24.0,0.0,42.0,0.4998,0.09996,0.0,0.59976,3.0,0.0,0.0,0.0,0.0,0.0
3/17/2026,13:36:02,668845.81,Retrieved,4.0,5.0,7.0,12.0,12.0,41.0,9.0,24.0,24.0,0.0,42.0,0.4998,0.09996,0.0,0.59976,3.0,0.0,0.0,0.0,0.0,0.0
3/17/2026,13:36:16,682655.47,Right,1.0,6.0,7.0,12.0,12.0,41.0,9.0,24.0,24.0,0.0,42.0,0.4998,0.09996,0.0,0.59976,3.0,0.0,0.0,0.0,0.0,0.0
3/17/2026,13:36:17,683126.54,TONE,8.0,6.0,7.0,12.0,12.0,41.0,9.0,24.0,25.0,0.0,42.0,0.4998,0.09996,0.0,0.59976,3.0,0.0,0.0,0.0,0.0,0.0
3/17/2026,13:36:17,683194.59,LED,7.0,6.0,7.0,12.0,12.0,41.0,9.0,25.0,25.0,0.0,42.0,0.4998,0.09996,0.0,0.59976,3.0,0.0,0.0,0.0,0.0,0.0
3/17/2026,13:36:17,683934.08,Dispensed,3.0,6.0,7.0,13.0,12.0,41.0,9.0,25.0,25.0,0.0,42.0,0.4998,0.09996,0.0,0.59976,3.0,0.0,0.0,0.0,0.0,0.0
3/17/2026,13:36:17,683997.1,TONE,8.0,6.0,7.0,13.0,12.0,41.0,9.0,25.0,26.0,0.0,42.0,0.4998,0.09996,0.0,0.59976,3.0,0.0,0.0,0.0,0.0,0.0
3/17/2026,13:36:18,684065.16,LED,7.0,6.0,7.0,13.0,12.0,41.0,9.0,26.0,26.0,0.0,42.0,0.4998,0.09996,0.0,0.59976,3.0,0.0,0.0,0.0,0.0,0.0
3/17/2026,13:36:18,684482.35,Retrieved,4.0,6.0,7.0,13.0,13.0,41.0,9.0,26.0,26.0,0.0,42.0,0.4998,0.09996,0.0,0.59976,3.0,0.0,0.0,0.0,0.0,0.0
3/17/2026,13:36:32,698908.75,Left,2.0,6.0,8.0,13.0,13.0,41.0,9.0,26.0,26.0,0.0,42.0,0.4998,0.09996,0.0,0.59976,3.0,0.0,0.0,0.0,0.0,0.0
3/17/2026,13:36:33,699485.14,TONE,8.0,6.0,8.0,13.0,13.0,41.0,9.0,26.0,27.0,0.0,42.0,0.4998,0.09996,0.0,0.59976,3.0,0.0,0.0,0.0,0.0,0.0
3/17/2026,13:36:33,699553.2,LED,7.0,6.0,8.0,13.0,13.0,41.0,9.0,27.0,27.0,0.0,42.0,0.4998,0.09996,0.0,0.59976,3.0,0.0,0.0,0.0,0.0,0.0
3/17/2026,13:36:34,700240.53,Dispensed,3.0,6.0,8.0,14.0,13.0,41.0,9.0,27.0,27.0,0.0,42.0,0.4998,0.09996,0.0,0.59976,3.0,0.0,0.0,0.0,0.0,0.0
3/17/2026,13:36:34,700303.55,TONE,8.0,6.0,8.0,14.0,13.0,41.0,9.0,28.0,28.0,0.0,42.0,0.4998,0.09996,0.0,0.59976,3.0,0.0,0.0,0.0,0.0,0.0
3/17/2026,13:36:34,700371.61,LED,7.0,6.0,8.0,14.0,13.0,41.0,9.0,28.0,28.0,0.0,42.0,0.4998,0.09996,0.0,0.59976,3.0,0.0,0.0,0.0,0.0,0.0
3/17/2026,13:36:39,705816.53,Retrieved,4.0,6.0,8.0,14.0,14.0,41.0,9.0,28.0,28.0,0.0,42.0,0.4998,0.09996,0.0,0.59976,3.0,0.0,0.0,0.0,0.0,0.0
3/17/2026,13:37:25,751541.09,RightWater,5.0,6.0,8.0,14.0,14.0,42.0,9.0,28.0,28.0,0.0,42.0,0.4998,0.09996,0.0,0.59976,3.0,0.0,0.0,0.0,0.0,0.0
3/17/2026,13:37:25,751607.95,WaterDispensed,10.0,6.0,8.0,14.0,14.0,42.0,9.0,28.0,28.0,0.0,43.0,0.51408,0.09996,0.0,0.61404,3.0,0.0,0.0,0.0,0.0,0.0
3/17/2026,13:37:33,759284.58,RightWater,5.0,6.0,8.0,14.0,14.0,43.0,9.0,28.0,28.0,0.0,43.0,0.51408,0.09996,0.0,0.61404,3.0,0.0,0.0,0.0,0.0,0.0
3/17/2026,13:37:33,759351.45,WaterDispensed,10.0,6.0,8.0,14.0,14.0,43.0,9.0,28.0,28.0,0.0,44.0,0.52836,0.09996,0.0,0.62832,3.0,0.0,0.0,0.0,0.0,0.0
3/17/2026,13:37:35,761887.88,RightWater,5.0,6.0,8.0,14.0,14.0,44.0,9.0,28.0,28.0,0.0,44.0,0.52836,0.09996,0.0,0.62832,3.0,0.0,0.0,0.0,0.0,0.0
3/17/2026,13:37:35,761954.75,WaterDispensed,10.0,6.0,8.0,14.0,14.0,44.0,9.0,28.0,28.0,0.0,45.0,0.54264,0.09996,0.0,0.6426,3.0,0.0,0.0,0.0,0.0,0.0
3/17/2026,13:37:49,775473.93,Right,1.0,7.0,8.0,14.0,14.0,44.0,9.0,28.0,28.0,0.0,45.0,0.54264,0.09996,0.0,0.6426,3.0,0.0,0.0,0.0,0.0,0.0
3/17/2026,13:37:50,776024.81,TONE,8.0,7.0,8.0,14.0,14.0,44.0,9.0,28.0,29.0,0.0,45.0,0.54264,0.09996,0.0,0.6426,3.0,0.0,0.0,0.0,0.0,0.0
3/17/2026,13:37:50,776092.87,LED,7.0,7.0,8.0,14.0,14.0,44.0,9.0,29.0,29.0,0.0,45.0,0.54264,0.09996,0.0,0.6426,3.0,0.0,0.0,0.0,0.0,0.0
3/17/2026,13:37:50,776820.41,Dispensed,3.0,7.0,8.0,15.0,14.0,44.0,9.0,29.0,29.0,0.0,45.0,0.54264,0.09996,0.0,0.6426,3.0,0.0,0.0,0.0,0.0,0.0
3/17/2026,13:37:50,776883.43,TONE,8.0,7.0,8.0,15.0,14.0,44.0,9.0,29.0,30.0,0.0,45.0,0.54264,0.09996,0.0,0.6426,3.0,0.0,0.0,0.0,0.0,0.0
3/17/2026,13:37:50,776951.49,LED,7.0,7.0,8.0,15.0,14.0,44.0,9.0,30.0,30.0,0.0,45.0,0.54264,0.09996,0.0,0.6426,3.0,0.0,0.0,0.0,0.0,0.0
3/17/2026,13:37:53,779759.25,Retrieved,4.0,7.0,8.0,15.0,15.0,44.0,9.0,30.0,30.0,0.0,45.0,0.54264,0.09996,0.0,0.6426,3.0,0.0,0.0,0.0,0.0,0.0
3/17/2026,13:40:05,911479.71,LeftWater,6.0,7.0,8.0,15.0,15.0,44.0,10.0,30.0,30.0,0.0,45.0,0.54264,0.09996,0.0,0.6426,3.0,0.0,0.0,0.0,0.0,0.0
3/17/2026,13:40:05,911547.49,WaterDispensed,10.0,7.0,8.0,15.0,15.0,44.0,10.0,30.0,30.0,0.0,46.0,0.54264,0.11424,0.0,0.65688,3.0,0.0,0.0,0.0,0.0,0.0
3/17/2026,13:40:15,921327.51,LeftWater,6.0,7.0,8.0,15.0,15.0,44.0,11.0,30.0,30.0,0.0,47.0,0.54264,0.12852,0.0,0.67116,3.0,0.0,0.0,0.0,0.0,0.0
3/17/2026,13:40:15,921395.29,WaterDispensed,10.0,7.0,8.0,15.0,15.0,44.0,11.0,30.0,30.0,0.0,47.0,0.54264,0.12852,0.0,0.67116,3.0,0.0,0.0,0.0,0.0,0.0
3/17/2026,13:40:16,922751.83,LeftWater,6.0,7.0,8.0,15.0,15.0,44.0,12.0,30.0,30.0,0.0,47.0,0.54264,0.12852,0.0,0.67116,3.0,0.0,0.0,0.0,0.0,0.0
3/17/2026,13:40:16,922819.6,WaterDispensed,10.0,7.0,8.0,15.0,15.0,44.0,12.0,30.0,30.0,0.0,48.0,0.54264,0.1428,0.0,0.68544,3.0,0.0,0.0,0.0,0.0,0.0
3/17/2026,13:40:24,930791.23,RightWater,5.0,7.0,8.0,15.0,15.0,45.0,12.0,30.0,30.0,0.0,48.0,0.54264,0.1428,0.0,0.68544,3.0,0.0,0.0,0.0,0.0,0.0
3/17/2026,13:40:24,930858.09,WaterDispensed,10.0,7.0,8.0,15.0,15.0,45.0,12.0,30.0,30.0,0.0,49.0,0.55692,0.1428,0.0,0.69972,3.0,0.0,0.0,0.0,0.0,0.0
3/17/2026,13:40:25,931020.01,RightWater,5.0,7.0,8.0,15.0,15.0,46.0,12.0,30.0,30.0,0.0,49.0,0.55692,0.1428,0.0,0.69972,3.0,0.0,0.0,0.0,0.0,0.0
3/17/2026,13:40:25,931086.88,WaterDispensed,10.0,7.0,8.0,15.0,15.0,46.0,12.0,30.0,30.0,0.0,50.0,0.5712,0.1428,0.0,0.714,3.0,0.0,0.0,0.0,0.0,0.0
3/17/2026,13:40:45,951329.07,RightWater,5.0,7.0,8.0,15.0,15.0,47.0,12.0,30.0,30.0,0.0,51.0,0.58548,0.1428,0.0,0.72828,3.0,0.0,0.0,0.0,0.0,0.0
3/17/2026,13:40:45,951395.93,WaterDispensed,10.0,7.0,8.0,15.0,15.0,47.0,12.0,30.0,30.0,0.0,51.0,0.58548,0.1428,0.0,0.72828,3.0,0.0,0.0,0.0,0.0,0.0
3/17/2026,13:41:35,1001098.42,LeftWater,6.0,7.0,8.0,15.0,15.0,47.0,13.0,30.0,30.0,0.0,51.0,0.58548,0.1428,0.0,0.72828,3.0,0.0,0.0,0.0,0.0,0.0
3/17/2026,13:41:35,1001166.21,WaterDispensed,10.0,7.0,8.0,15.0,15.0,47.0,13.0,30.0,30.0,0.0,52.0,0.58548,0.15708,0.0,0.74256,3.0,0.0,0.0,0.0,0.0,0.0
3/17/2026,13:41:39,1005616.68,Right,1.0,8.0,8.0,15.0,15.0,47.0,13.0,30.0,30.0,0.0,52.0,0.58548,0.15708,0.0,0.74256,3.0,0.0,0.0,0.0,0.0,0.0
3/17/2026,13:41:40,1006151.03,TONE,8.0,8.0,8.0,15.0,15.0,47.0,13.0,30.0,31.0,0.0,52.0,0.58548,0.15708,0.0,0.74256,3.0,0.0,0.0,0.0,0.0,0.0
3/17/2026,13:41:40,1006219.09,LED,7.0,8.0,8.0,15.0,15.0,47.0,13.0,31.0,31.0,0.0,52.0,0.58548,0.15708,0.0,0.74256,3.0,0.0,0.0,0.0,0.0,0.0
3/17/2026,13:41:40,1006970.02,Dispensed,3.0,8.0,8.0,16.0,15.0,47.0,13.0,31.0,31.0,0.0,52.0,0.58548,0.15708,0.0,0.74256,3.0,0.0,0.0,0.0,0.0,0.0
3/17/2026,13:41:41,1007033.04,TONE,8.0,8.0,8.0,16.0,15.0,47.0,13.0,31.0,32.0,0.0,52.0,0.58548,0.15708,0.0,0.74256,3.0,0.0,0.0,0.0,0.0,0.0
3/17/2026,13:41:41,1007101.1,LED,7.0,8.0,8.0,16.0,15.0,47.0,13.0,32.0,32.0,0.0,52.0,0.58548,0.15708,0.0,0.74256,3.0,0.0,0.0,0.0,0.0,0.0
3/17/2026,13:41:54,1020328.08,RightWater,5.0,8.0,8.0,16.0,15.0,48.0,13.0,32.0,32.0,0.0,53.0,0.59976,0.15708,0.0,0.75684,3.0,0.0,0.0,0.0,0.0,0.0
3/17/2026,13:41:54,1020394.93,WaterDispensed,10.0,8.0,8.0,16.0,15.0,48.0,13.0,32.0,32.0,0.0,53.0,0.59976,0.15708,0.0,0.75684,3.0,0.0,0.0,0.0,0.0,0.0
3/17/2026,13:42:29,1055200.84,LeftWater,6.0,8.0,8.0,16.0,15.0,48.0,14.0,32.0,32.0,0.0,53.0,0.59976,0.15708,0.0,0.75684,3.0,0.0,0.0,0.0,0.0,0.0
3/17/2026,13:42:29,1055268.61,WaterDispensed,10.0,8.0,8.0,16.0,15.0,48.0,14.0,32.0,32.0,0.0,54.0,0.59976,0.17136,0.0,0.77112,3.0,0.0,0.0,0.0,0.0,0.0
3/17/2026,13:43:38,1124829.1,LeftWithPellet,12.0,8.0,8.0,16.0,15.0,48.0,14.0,32.0,32.0,0.0,54.0,0.59976,0.17136,0.0,0.77112,3.0,1.0,0.0,0.0,0.0,0.0
3/17/2026,13:44:31,1177247.02,RightWater,5.0,8.0,8.0,16.0,15.0,49.0,14.0,32.0,32.0,0.0,54.0,0.59976,0.17136,0.0,0.77112,3.0,1.0,0.0,0.0,0.0,0.0
3/17/2026,13:44:31,1177313.87,WaterDispensed,10.0,8.0,8.0,16.0,15.0,50.0,14.0,32.0,32.0,0.0,55.0,0.61404,0.17136,0.0,0.7854,3.0,1.0,0.0,0.0,0.0,0.0
3/17/2026,13:44:31,1177412.8,RightWater,5.0,8.0,8.0,16.0,15.0,50.0,14.0,32.0,32.0,0.0,55.0,0.61404,0.17136,0.0,0.7854,3.0,1.0,0.0,0.0,0.0,0.0
3/17/2026,13:44:33,1179111.79,RightWater,5.0,8.0,8.0,16.0,15.0,51.0,14.0,32.0,32.0,0.0,55.0,0.61404,0.17136,0.0,0.7854,3.0,1.0,0.0,0.0,0.0,0.0
3/17/2026,13:44:33,1179178.66,WaterDispensed,10.0,8.0,8.0,16.0,15.0,51.0,14.0,32.0,32.0,0.0,56.0,0.62832,0.17136,0.0,0.79968,3.0,1.0,0.0,0.0,0.0,0.0
3/17/2026,13:44:33,1179741.41,RightWater,5.0,8.0,8.0,16.0,15.0,52.0,14.0,32.0,32.0,0.0,56.0,0.62832,0.17136,0.0,0.79968,3.0,1.0,0.0,0.0,0.0,0.0
3/17/2026,13:44:33,1179808.28,WaterDispensed,10.0,8.0,8.0,16.0,15.0,52.0,14.0,32.0,32.0,0.0,57.0,0.6426,0.17136,0.0,0.81396,3.0,1.0,0.0,0.0,0.0,0.0
3/17/2026,13:44:34,1180133.98,RightWater,5.0,8.0,8.0,16.0,15.0,53.0,14.0,32.0,32.0,0.0,57.0,0.6426,0.17136,0.0,0.81396,3.0,1.0,0.0,0.0,0.0,0.0
3/17/2026,13:44:34,1180200.84,WaterDispensed,10.0,8.0,8.0,16.0,15.0,53.0,14.0,32.0,32.0,0.0,58.0,0.65688,0.17136,0.0,0.82824,3.0,1.0,0.0,0.0,0.0,0.0
3/17/2026,13:44:35,1181143.3,RightWater,5.0,8.0,8.0,16.0,15.0,54.0,14.0,32.0,32.0,0.0,58.0,0.65688,0.17136,0.0,0.82824,3.0,1.0,0.0,0.0,0.0,0.0
3/17/2026,13:44:35,1181210.16,WaterDispensed,10.0,8.0,8.0,16.0,15.0,54.0,14.0,32.0,32.0,0.0,59.0,0.67116,0.17136,0.0,0.84252,3.0,1.0,0.0,0.0,0.0,0.0
3/17/2026,13:44:36,1182314.26,RightWater,5.0,8.0,8.0,16.0,15.0,55.0,14.0,32.0,32.0,0.0,59.0,0.67116,0.17136,0.0,0.84252,3.0,1.0,0.0,0.0,0.0,0.0
3/17/2026,13:44:36,1182381.12,WaterDispensed,10.0,8.0,8.0,16.0,15.0,55.0,14.0,32.0,32.0,0.0,60.0,0.68544,0.17136,0.0,0.8568,3.0,1.0,0.0,0.0,0.0,0.0
3/17/2026,13:44:36,1182731.68,RightWater,5.0,8.0,8.0,16.0,15.0,56.0,14.0,32.0,32.0,0.0,60.0,0.68544,0.17136,0.0,0.8568,3.0,1.0,0.0,0.0,0.0,0.0
3/17/2026,13:44:36,1182798.53,WaterDispensed,10.0,8.0,8.0,16.0,15.0,56.0,14.0,32.0,32.0,0.0,61.0,0.69972,0.17136,0.0,0.87108,3.0,1.0,0.0,0.0,0.0,0.0
3/17/2026,13:44:36,1182869.8,RightWater,5.0,8.0,8.0,16.0,15.0,57.0,14.0,32.0,32.0,0.0,61.0,0.69972,0.17136,0.0,0.87108,3.0,1.0,0.0,0.0,0.0,0.0
3/17/2026,13:44:37,1183537.25,RightWater,5.0,8.0,8.0,16.0,15.0,58.0,14.0,32.0,32.0,0.0,61.0,0.69972,0.17136,0.0,0.87108,3.0,1.0,0.0,0.0,0.0,0.0
3/17/2026,13:44:37,1183604.11,WaterDispensed,10.0,8.0,8.0,16.0,15.0,58.0,14.0,32.0,32.0,0.0,62.0,0.714,0.17136,0.0,0.88536,3.0,1.0,0.0,0.0,0.0,0.0
3/17/2026,13:44:38,1184069.56,RightWater,5.0,8.0,8.0,16.0,15.0,59.0,14.0,32.0,32.0,0.0,62.0,0.714,0.17136,0.0,0.88536,3.0,1.0,0.0,0.0,0.0,0.0
3/17/2026,13:44:38,1184136.41,WaterDispensed,10.0,8.0,8.0,16.0,15.0,59.0,14.0,32.0,32.0,0.0,63.0,0.72828,0.17136,0.0,0.899641,3.0,1.0,0.0,0.0,0.0,0.0
3/17/2026,13:44:38,1184482.68,RightWater,5.0,8.0,8.0,16.0,15.0,60.0,14.0,32.0,32.0,0.0,63.0,0.72828,0.17136,0.0,0.899641,3.0,1.0,0.0,0.0,0.0,0.0
3/17/2026,13:44:38,1184549.54,WaterDispensed,10.0,8.0,8.0,16.0,15.0,60.0,14.0,32.0,32.0,0.0,64.0,0.74256,0.17136,0.0,0.913921,3.0,1.0,0.0,0.0,0.0,0.0
3/17/2026,13:44:38,1184755.11,RightWater,5.0,8.0,8.0,16.0,15.0,61.0,14.0,32.0,32.0,0.0,64.0,0.74256,0.17136,0.0,0.913921,3.0,1.0,0.0,0.0,0.0,0.0
3/17/2026,13:44:38,1184821.98,WaterDispensed,10.0,8.0,8.0,16.0,15.0,61.0,14.0,32.0,32.0,0.0,65.0,0.75684,0.17136,0.0,0.928201,3.0,1.0,0.0,0.0,0.0,0.0
3/17/2026,13:44:38,1185008.25,RightWater,5.0,8.0,8.0,16.0,15.0,62.0,14.0,32.0,32.0,0.0,65.0,0.75684,0.17136,0.0,0.928201,3.0,1.0,0.0,0.0,0.0,0.0
3/17/2026,13:44:39,1185075.1,WaterDispensed,10.0,8.0,8.0,16.0,15.0,62.0,14.0,32.0,32.0,0.0,66.0,0.77112,0.17136,0.0,0.942481,3.0,1.0,0.0,0.0,0.0,0.0
3/17/2026,13:44:54,1200875.05,RightWater,5.0,8.0,8.0,16.0,15.0,63.0,14.0,32.0,32.0,0.0,66.0,0.77112,0.17136,0.0,0.942481,3.0,1.0,0.0,0.0,0.0,0.0
3/17/2026,13:44:54,1200941.91,WaterDispensed,10.0,8.0,8.0,16.0,15.0,63.0,14.0,32.0,32.0,0.0,67.0,0.7854,0.17136,0.0,0.956761,3.0,1.0,0.0,0.0,0.0,0.0
3/17/2026,13:44:55,1201282.9,RightWater,5.0,8.0,8.0,16.0,15.0,64.0,14.0,32.0,32.0,0.0,67.0,0.7854,0.17136,0.0,0.956761,3.0,1.0,0.0,0.0,0.0,0.0
3/17/2026,13:44:55,1201349.76,WaterDispensed,10.0,8.0,8.0,16.0,15.0,65.0,14.0,32.0,32.0,0.0,68.0,0.79968,0.17136,0.0,0.971041,3.0,1.0,0.0,0.0,0.0,0.0
3/17/2026,13:44:55,1201443.65,RightWater,5.0,8.0,8.0,16.0,15.0,65.0,14.0,32.0,32.0,0.0,68.0,0.79968,0.17136,0.0,0.971041,3.0,1.0,0.0,0.0,0.0,0.0
3/17/2026,13:44:55,1201903.21,RightWater,5.0,8.0,8.0,16.0,15.0,66.0,14.0,32.0,32.0,0.0,68.0,0.79968,0.17136,0.0,0.971041,3.0,1.0,0.0,0.0,0.0,0.0
3/17/2026,13:44:55,1201970.07,WaterDispensed,10.0,8.0,8.0,16.0,15.0,66.0,14.0,32.0,32.0,0.0,69.0,0.81396,0.17136,0.0,0.985321,3.0,1.0,0.0,0.0,0.0,0.0
3/17/2026,13:44:56,1202759.33,RightWater,5.0,8.0,8.0,16.0,15.0,67.0,14.0,32.0,32.0,0.0,69.0,0.81396,0.17136,0.0,0.985321,3.0,1.0,0.0,0.0,0.0,0.0
3/17/2026,13:44:56,1202826.19,WaterDispensed,10.0,8.0,8.0,16.0,15.0,67.0,14.0,32.0,32.0,0.0,70.0,0.82824,0.17136,0.0,0.999601,3.0,1.0,0.0,0.0,0.0,0.0
3/17/2026,13:44:57,1203150.24,RightWater,5.0,8.0,8.0,16.0,15.0,68.0,14.0,32.0,32.0,0.0,70.0,0.82824,0.17136,0.0,0.999601,3.0,1.0,0.0,0.0,0.0,0.0
3/17/2026,13:44:57,1203217.1,WaterDispensed,10.0,8.0,8.0,16.0,15.0,68.0,14.0,32.0,32.0,0.0,71.0,0.84252,0.17136,0.0,1.013881,3.0,1.0,0.0,0.0,0.0,0.0
3/17/2026,13:44:57,1203312.53,RightWater,5.0,8.0,8.0,16.0,15.0,69.0,14.0,32.0,32.0,0.0,71.0,0.84252,0.17136,0.0,1.013881,3.0,1.0,0.0,0.0,0.0,0.0
3/17/2026,13:44:57,1203550.82,RightWater,5.0,8.0,8.0,16.0,15.0,70.0,14.0,32.0,32.0,0.0,71.0,0.84252,0.17136,0.0,1.013881,3.0,1.0,0.0,0.0,0.0,0.0
3/17/2026,13:44:57,1203617.68,WaterDispensed,10.0,8.0,8.0,16.0,15.0,70.0,14.0,32.0,32.0,0.0,72.0,0.8568,0.17136,0.0,1.028161,3.0,1.0,0.0,0.0,0.0,0.0
3/17/2026,13:44:58,1204198.68,RightWater,5.0,8.0,8.0,16.0,15.0,71.0,14.0,32.0,32.0,0.0,72.0,0.8568,0.17136,0.0,1.028161,3.0,1.0,0.0,0.0,0.0,0.0
3/17/2026,13:44:58,1204265.55,WaterDispensed,10.0,8.0,8.0,16.0,15.0,71.0,14.0,32.0,32.0,0.0,73.0,0.87108,0.17136,0.0,1.042441,3.0,1.0,0.0,0.0,0.0,0.0
3/17/2026,13:45:35,1241680.36,LeftWater,6.0,8.0,8.0,16.0,15.0,71.0,15.0,32.0,32.0,0.0,73.0,0.87108,0.17136,0.0,1.042441,3.0,1.0,0.0,0.0,0.0,0.0
3/17/2026,13:45:35,1241748.13,WaterDispensed,10.0,8.0,8.0,16.0,15.0,71.0,15.0,32.0,32.0,0.0,74.0,0.87108,0.18564,0.0,1.05672,3.0,1.0,0.0,0.0,0.0,0.0
3/17/2026,13:46:56,1322706.67,RightWater,5.0,8.0,8.0,16.0,15.0,72.0,15.0,32.0,32.0,0.0,74.0,0.87108,0.18564,0.0,1.05672,3.0,1.0,0.0,0.0,0.0,0.0
3/17/2026,13:46:56,1322773.53,WaterDispensed,10.0,8.0,8.0,16.0,15.0,72.0,15.0,32.0,32.0,0.0,75.0,0.88536,0.18564,0.0,1.071,3.0,1.0,0.0,0.0,0.0,0.0
3/17/2026,13:46:56,1322933.92,RightWater,5.0,8.0,8.0,16.0,15.0,73.0,15.0,32.0,32.0,0.0,75.0,0.88536,0.18564,0.0,1.071,3.0,1.0,0.0,0.0,0.0,0.0
3/17/2026,13:46:56,1323000.78,WaterDispensed,10.0,8.0,8.0,16.0,15.0,73.0,15.0,32.0,32.0,0.0,76.0,0.899641,0.18564,0.0,1.08528,3.0,1.0,0.0,0.0,0.0,0.0
3/17/2026,13:47:02,1328141.19,RightWater,5.0,8.0,8.0,16.0,15.0,74.0,15.0,32.0,32.0,0.0,76.0,0.899641,0.18564,0.0,1.08528,3.0,1.0,0.0,0.0,0.0,0.0
3/17/2026,13:47:02,1328208.05,WaterDispensed,10.0,8.0,8.0,16.0,15.0,74.0,15.0,32.0,32.0,0.0,77.0,0.913921,0.18564,0.0,1.09956,3.0,1.0,0.0,0.0,0.0,0.0
3/17/2026,13:47:10,1336276.01,RightWithPellet,11.0,8.0,8.0,16.0,15.0,74.0,15.0,32.0,32.0,0.0,77.0,0.913921,0.18564,0.0,1.09956,4.0,1.0,0.0,0.0,0.0,0.0
3/17/2026,13:47:19,1345257.34,RightWater,5.0,8.0,8.0,16.0,15.0,75.0,15.0,32.0,32.0,0.0,77.0,0.913921,0.18564,0.0,1.09956,4.0,1.0,0.0,0.0,0.0,0.0
3/17/2026,13:47:19,1345324.2,WaterDispensed,10.0,8.0,8.0,16.0,15.0,75.0,15.0,32.0,32.0,0.0,78.0,0.928201,0.18564,0.0,1.11384,4.0,1.0,0.0,0.0,0.0,0.0
3/17/2026,13:47:22,1348083.46,RightWater,5.0,8.0,8.0,16.0,15.0,76.0,15.0,32.0,32.0,0.0,78.0,0.928201,0.18564,0.0,1.11384,4.0,1.0,0.0,0.0,0.0,0.0
3/17/2026,13:47:22,1348150.32,WaterDispensed,10.0,8.0,8.0,16.0,15.0,76.0,15.0,32.0,32.0,0.0,79.0,0.942481,0.18564,0.0,1.12812,4.0,1.0,0.0,0.0,0.0,0.0
3/17/2026,13:47:22,1348780.99,RightWater,5.0,8.0,8.0,16.0,15.0,77.0,15.0,32.0,32.0,0.0,79.0,0.942481,0.18564,0.0,1.12812,4.0,1.0,0.0,0.0,0.0,0.0
3/17/2026,13:47:22,1348847.86,WaterDispensed,10.0,8.0,8.0,16.0,15.0,77.0,15.0,32.0,32.0,0.0,80.0,0.956761,0.18564,0.0,1.1424,4.0,1.0,0.0,0.0,0.0,0.0
3/17/2026,13:47:27,1353610.3,RightWater,5.0,8.0,8.0,16.0,15.0,78.0,15.0,32.0,32.0,0.0,80.0,0.956761,0.18564,0.0,1.1424,4.0,1.0,0.0,0.0,0.0,0.0
3/17/2026,13:47:27,1353677.17,WaterDispensed,10.0,8.0,8.0,16.0,15.0,78.0,15.0,32.0,32.0,0.0,81.0,0.971041,0.18564,0.0,1.15668,4.0,1.0,0.0,0.0,0.0,0.0
3/17/2026,13:47:27,1353808.59,RightWater,5.0,8.0,8.0,16.0,15.0,79.0,15.0,32.0,32.0,0.0,81.0,0.971041,0.18564,0.0,1.15668,4.0,1.0,0.0,0.0,0.0,0.0
3/17/2026,13:47:28,1354450.39,RightWater,5.0,8.0,8.0,16.0,15.0,80.0,15.0,32.0,32.0,0.0,81.0,0.971041,0.18564,0.0,1.15668,4.0,1.0,0.0,0.0,0.0,0.0
3/17/2026,13:47:28,1354517.26,WaterDispensed,10.0,8.0,8.0,16.0,15.0,80.0,15.0,32.0,32.0,0.0,82.0,0.985321,0.18564,0.0,1.17096,4.0,1.0,0.0,0.0,0.0,0.0
3/17/2026,13:48:12,1398541.66,RightWater,5.0,8.0,8.0,16.0,15.0,81.0,15.0,32.0,32.0,0.0,82.0,0.985321,0.18564,0.0,1.17096,4.0,1.0,0.0,0.0,0.0,0.0
3/17/2026,13:48:12,1398608.53,WaterDispensed,10.0,8.0,8.0,16.0,15.0,81.0,15.0,32.0,32.0,0.0,83.0,0.999601,0.18564,0.0,1.18524,4.0,1.0,0.0,0.0,0.0,0.0
3/17/2026,13:49:27,1473415.11,RightWater,5.0,8.0,8.0,16.0,15.0,82.0,15.0,32.0,32.0,0.0,83.0,0.999601,0.18564,0.0,1.18524,4.0,1.0,0.0,0.0,0.0,0.0
3/17/2026,13:49:27,1473481.96,WaterDispensed,10.0,8.0,8.0,16.0,15.0,82.0,15.0,32.0,32.0,0.0,84.0,1.013881,0.18564,0.0,1.19952,4.0,1.0,0.0,0.0,0.0,0.0
3/17/2026,13:49:35,1481504.6,RightWater,5.0,8.0,8.0,16.0,15.0,83.0,15.0,32.0,32.0,0.0,84.0,1.013881,0.18564,0.0,1.19952,4.0,1.0,0.0,0.0,0.0,0.0
3/17/2026,13:49:35,1481571.46,WaterDispensed,10.0,8.0,8.0,16.0,15.0,83.0,15.0,32.0,32.0,0.0,85.0,1.028161,0.18564,0.0,1.2138,4.0,1.0,0.0,0.0,0.0,0.0
3/17/2026,13:49:35,1481668.62,RightWater,5.0,8.0,8.0,16.0,15.0,84.0,15.0,32.0,32.0,0.0,85.0,1.028161,0.18564,0.0,1.2138,4.0,1.0,0.0,0.0,0.0,0.0
3/17/2026,13:49:36,1482151.07,RightWater,5.0,8.0,8.0,16.0,15.0,85.0,15.0,32.0,32.0,0.0,85.0,1.028161,0.18564,0.0,1.2138,4.0,1.0,0.0,0.0,0.0,0.0
3/17/2026,13:49:36,1482217.94,WaterDispensed,10.0,8.0,8.0,16.0,15.0,85.0,15.0,32.0,32.0,0.0,86.0,1.042441,0.18564,0.0,1.22808,4.0,1.0,0.0,0.0,0.0,0.0
3/17/2026,13:49:36,1482376.53,RightWater,5.0,8.0,8.0,16.0,15.0,86.0,15.0,32.0,32.0,0.0,87.0,1.05672,0.18564,0.0,1.24236,4.0,1.0,0.0,0.0,0.0,0.0
3/17/2026,13:49:36,1482443.39,WaterDispensed,10.0,8.0,8.0,16.0,15.0,86.0,15.0,32.0,32.0,0.0,87.0,1.05672,0.18564,0.0,1.24236,4.0,1.0,0.0,0.0,0.0,0.0
3/17/2026,13:49:46,1492303.47,RightWater,5.0,8.0,8.0,16.0,15.0,87.0,15.0,32.0,32.0,0.0,87.0,1.05672,0.18564,0.0,1.24236,4.0,1.0,0.0,0.0,0.0,0.0
3/17/2026,13:49:46,1492370.33,WaterDispensed,10.0,8.0,8.0,16.0,15.0,87.0,15.0,32.0,32.0,0.0,88.0,1.071,0.18564,0.0,1.25664,4.0,1.0,0.0,0.0,0.0,0.0
3/17/2026,13:50:58,1564896.96,LeftWater,6.0,8.0,8.0,16.0,15.0,87.0,16.0,32.0,32.0,0.0,88.0,1.071,0.18564,0.0,1.25664,4.0,1.0,0.0,0.0,0.0,0.0
3/17/2026,13:50:58,1564964.75,WaterDispensed,10.0,8.0,8.0,16.0,15.0,87.0,16.0,32.0,32.0,0.0,89.0,1.071,0.19992,0.0,1.27092,4.0,1.0,0.0,0.0,0.0,0.0
3/17/2026,13:50:59,1565130.3,LeftWater,6.0,8.0,8.0,16.0,15.0,87.0,17.0,32.0,32.0,0.0,89.0,1.071,0.19992,0.0,1.27092,4.0,1.0,0.0,0.0,0.0,0.0
3/17/2026,13:50:59,1565198.09,WaterDispensed,10.0,8.0,8.0,16.0,15.0,87.0,17.0,32.0,32.0,0.0,90.0,1.071,0.2142,0.0,1.2852,4.0,1.0,0.0,0.0,0.0,0.0
3/17/2026,13:50:59,1565573.64,LeftWater,6.0,8.0,8.0,16.0,15.0,87.0,18.0,32.0,32.0,0.0,90.0,1.071,0.2142,0.0,1.2852,4.0,1.0,0.0,0.0,0.0,0.0
3/17/2026,13:50:59,1565641.42,WaterDispensed,10.0,8.0,8.0,16.0,15.0,87.0,18.0,32.0,32.0,0.0,91.0,1.071,0.22848,0.0,1.29948,4.0,1.0,0.0,0.0,0.0,0.0
3/17/2026,13:51:14,1580609.86,LeftWithPellet,12.0,8.0,8.0,16.0,15.0,87.0,18.0,32.0,32.0,0.0,91.0,1.071,0.22848,0.0,1.29948,4.0,2.0,0.0,0.0,0.0,0.0
3/17/2026,13:52:09,1635642.48,RightWater,5.0,8.0,8.0,16.0,15.0,88.0,18.0,32.0,32.0,0.0,91.0,1.071,0.22848,0.0,1.29948,4.0,2.0,0.0,0.0,0.0,0.0
3/17/2026,13:52:09,1635709.34,WaterDispensed,10.0,8.0,8.0,16.0,15.0,88.0,18.0,32.0,32.0,0.0,92.0,1.08528,0.22848,0.0,1.31376,4.0,2.0,0.0,0.0,0.0,0.0
3/17/2026,13:52:09,1635840.34,RightWater,5.0,8.0,8.0,16.0,15.0,89.0,18.0,32.0,32.0,0.0,92.0,1.08528,0.22848,0.0,1.31376,4.0,2.0,0.0,0.0,0.0,0.0
3/17/2026,13:52:09,1635927.59,RightWater,5.0,8.0,8.0,16.0,15.0,90.0,18.0,32.0,32.0,0.0,92.0,1.08528,0.22848,0.0,1.31376,4.0,2.0,0.0,0.0,0.0,0.0
3/17/2026,13:52:09,1635994.46,WaterDispensed,10.0,8.0,8.0,16.0,15.0,90.0,18.0,32.0,32.0,0.0,93.0,1.09956,0.22848,0.0,1.32804,4.0,2.0,0.0,0.0,0.0,0.0
3/17/2026,13:52:10,1636577.52,RightWater,5.0,8.0,8.0,16.0,15.0,91.0,18.0,32.0,32.0,0.0,93.0,1.09956,0.22848,0.0,1.32804,4.0,2.0,0.0,0.0,0.0,0.0
3/17/2026,13:52:10,1636644.38,WaterDispensed,10.0,8.0,8.0,16.0,15.0,91.0,18.0,32.0,32.0,0.0,94.0,1.11384,0.22848,0.0,1.34232,4.0,2.0,0.0,0.0,0.0,0.0
3/17/2026,13:52:12,1638600.42,RightWithPellet,11.0,8.0,8.0,16.0,15.0,91.0,18.0,32.0,32.0,0.0,94.0,1.11384,0.22848,0.0,1.34232,5.0,2.0,0.0,0.0,0.0,0.0
3/17/2026,13:52:48,1674612.57,RightWater,5.0,8.0,8.0,16.0,15.0,92.0,18.0,32.0,32.0,0.0,94.0,1.11384,0.22848,0.0,1.34232,5.0,2.0,0.0,0.0,0.0,0.0
3/17/2026,13:52:48,1674679.43,WaterDispensed,10.0,8.0,8.0,16.0,15.0,92.0,18.0,32.0,32.0,0.0,95.0,1.12812,0.22848,0.0,1.3566,5.0,2.0,0.0,0.0,0.0,0.0
3/17/2026,13:53:11,1697720.19,RightWater,5.0,8.0,8.0,16.0,15.0,93.0,18.0,32.0,32.0,0.0,95.0,1.12812,0.22848,0.0,1.3566,5.0,2.0,0.0,0.0,0.0,0.0
3/17/2026,13:53:11,1697787.05,WaterDispensed,10.0,8.0,8.0,16.0,15.0,93.0,18.0,32.0,32.0,0.0,96.0,1.1424,0.22848,0.0,1.37088,5.0,2.0,0.0,0.0,0.0,0.0
3/17/2026,13:53:38,1724857.36,RightWater,5.0,8.0,8.0,16.0,15.0,94.0,18.0,32.0,32.0,0.0,96.0,1.1424,0.22848,0.0,1.37088,5.0,2.0,0.0,0.0,0.0,0.0
3/17/2026,13:53:38,1724924.22,WaterDispensed,10.0,8.0,8.0,16.0,15.0,94.0,18.0,32.0,32.0,0.0,97.0,1.15668,0.22848,0.0,1.38516,5.0,2.0,0.0,0.0,0.0,0.0
3/17/2026,13:53:51,1737618.18,RightWithPellet,11.0,8.0,8.0,16.0,15.0,94.0,18.0,32.0,32.0,0.0,97.0,1.15668,0.22848,0.0,1.38516,6.0,2.0,0.0,0.0,0.0,0.0
3/17/2026,13:53:54,1740205.49,RightWithPellet,11.0,8.0,8.0,16.0,15.0,94.0,18.0,32.0,32.0,0.0,97.0,1.15668,0.22848,0.0,1.38516,7.0,2.0,0.0,0.0,0.0,0.0
3/17/2026,13:53:55,1741798.39,Retrieved,4.0,8.0,8.0,16.0,16.0,94.0,18.0,32.0,32.0,0.0,97.0,1.15668,0.22848,0.0,1.38516,7.0,2.0,0.0,0.0,0.0,0.0
3/17/2026,13:53:58,1744803.67,Left,2.0,8.0,9.0,16.0,16.0,94.0,18.0,32.0,32.0,0.0,97.0,1.15668,0.22848,0.0,1.38516,7.0,2.0,0.0,0.0,0.0,0.0
3/17/2026,13:53:59,1745263.47,TONE,8.0,8.0,9.0,16.0,16.0,94.0,18.0,32.0,33.0,0.0,97.0,1.15668,0.22848,0.0,1.38516,7.0,2.0,0.0,0.0,0.0,0.0
3/17/2026,13:53:59,1745331.52,LED,7.0,8.0,9.0,16.0,16.0,94.0,18.0,33.0,33.0,0.0,97.0,1.15668,0.22848,0.0,1.38516,7.0,2.0,0.0,0.0,0.0,0.0
3/17/2026,13:53:59,1745994.36,Dispensed,3.0,8.0,9.0,17.0,16.0,94.0,18.0,33.0,33.0,0.0,97.0,1.15668,0.22848,0.0,1.38516,7.0,2.0,0.0,0.0,0.0,0.0
3/17/2026,13:54:00,1746057.38,TONE,8.0,8.0,9.0,17.0,16.0,94.0,18.0,33.0,34.0,0.0,97.0,1.15668,0.22848,0.0,1.38516,7.0,2.0,0.0,0.0,0.0,0.0
3/17/2026,13:54:00,1746125.43,LED,7.0,8.0,9.0,17.0,16.0,94.0,18.0,34.0,34.0,0.0,97.0,1.15668,0.22848,0.0,1.38516,7.0,2.0,0.0,0.0,0.0,0.0
3/17/2026,13:54:03,1749893.22,Retrieved,4.0,8.0,9.0,17.0,17.0,94.0,18.0,34.0,34.0,0.0,97.0,1.15668,0.22848,0.0,1.38516,7.0,2.0,0.0,0.0,0.0,0.0
3/17/2026,13:55:04,1810586.03,Left,2.0,8.0,10.0,17.0,17.0,94.0,18.0,34.0,34.0,0.0,97.0,1.15668,0.22848,0.0,1.38516,7.0,2.0,0.0,0.0,0.0,0.0
3/17/2026,13:55:05,1811025.73,TONE,8.0,8.0,10.0,17.0,17.0,94.0,18.0,34.0,35.0,0.0,97.0,1.15668,0.22848,0.0,1.38516,7.0,2.0,0.0,0.0,0.0,0.0
3/17/2026,13:55:05,1811093.79,LED,7.0,8.0,10.0,17.0,17.0,94.0,18.0,35.0,35.0,0.0,97.0,1.15668,0.22848,0.0,1.38516,7.0,2.0,0.0,0.0,0.0,0.0
3/17/2026,13:55:05,1811870.04,Dispensed,3.0,8.0,10.0,18.0,17.0,94.0,18.0,35.0,35.0,0.0,97.0,1.15668,0.22848,0.0,1.38516,7.0,2.0,0.0,0.0,0.0,0.0
3/17/2026,13:55:05,1811933.06,TONE,8.0,8.0,10.0,18.0,17.0,94.0,18.0,35.0,36.0,0.0,97.0,1.15668,0.22848,0.0,1.38516,7.0,2.0,0.0,0.0,0.0,0.0
3/17/2026,13:55:05,1812001.11,LED,7.0,8.0,10.0,18.0,17.0,94.0,18.0,36.0,36.0,0.0,97.0,1.15668,0.22848,0.0,1.38516,7.0,2.0,0.0,0.0,0.0,0.0
3/17/2026,13:55:13,1819066.79,RightWithPellet,11.0,8.0,10.0,18.0,17.0,94.0,18.0,36.0,36.0,0.0,97.0,1.15668,0.22848,0.0,1.38516,8.0,2.0,0.0,0.0,0.0,0.0
3/17/2026,13:55:15,1821367.03,Retrieved,4.0,8.0,10.0,18.0,18.0,94.0,18.0,36.0,36.0,0.0,97.0,1.15668,0.22848,0.0,1.38516,8.0,2.0,0.0,0.0,0.0,0.0
3/17/2026,14:01:10,2176870.27,RightWater,5.0,8.0,10.0,18.0,18.0,95.0,18.0,36.0,36.0,0.0,97.0,1.15668,0.22848,0.0,1.38516,8.0,2.0,0.0,0.0,0.0,0.0
3/17/2026,14:01:10,2176937.13,WaterDispensed,10.0,8.0,10.0,18.0,18.0,95.0,18.0,36.0,36.0,0.0,98.0,1.17096,0.22848,0.0,1.39944,8.0,2.0,0.0,0.0,0.0,0.0
3/17/2026,14:04:12,2358716.51,Right,1.0,9.0,10.0,18.0,18.0,95.0,18.0,36.0,36.0,0.0,98.0,1.17096,0.22848,0.0,1.39944,8.0,2.0,0.0,0.0,0.0,0.0
3/17/2026,14:04:13,2359143.82,TONE,8.0,9.0,10.0,18.0,18.0,95.0,18.0,36.0,37.0,0.0,98.0,1.17096,0.22848,0.0,1.39944,8.0,2.0,0.0,0.0,0.0,0.0
3/17/2026,14:04:13,2359211.88,LED,7.0,9.0,10.0,18.0,18.0,95.0,18.0,37.0,37.0,0.0,98.0,1.17096,0.22848,0.0,1.39944,8.0,2.0,0.0,0.0,0.0,0.0
3/17/2026,14:04:13,2359924.63,Dispensed,3.0,9.0,10.0,19.0,18.0,95.0,18.0,37.0,37.0,0.0,98.0,1.17096,0.22848,0.0,1.39944,8.0,2.0,0.0,0.0,0.0,0.0
3/17/2026,14:04:13,2359987.64,TONE,8.0,9.0,10.0,19.0,18.0,95.0,18.0,37.0,38.0,0.0,98.0,1.17096,0.22848,0.0,1.39944,8.0,2.0,0.0,0.0,0.0,0.0
3/17/2026,14:04:14,2360055.7,LED,7.0,9.0,10.0,19.0,18.0,95.0,18.0,38.0,38.0,0.0,98.0,1.17096,0.22848,0.0,1.39944,8.0,2.0,0.0,0.0,0.0,0.0
3/17/2026,14:04:14,2360770.96,Retrieved,4.0,9.0,10.0,19.0,19.0,95.0,18.0,38.0,38.0,0.0,98.0,1.17096,0.22848,0.0,1.39944,8.0,2.0,0.0,0.0,0.0,0.0
3/17/2026,14:05:52,2458170.76,RightWater,5.0,9.0,10.0,19.0,19.0,96.0,18.0,38.0,38.0,0.0,98.0,1.17096,0.22848,0.0,1.39944,8.0,2.0,0.0,0.0,0.0,0.0
3/17/2026,14:05:52,2458237.62,WaterDispensed,10.0,9.0,10.0,19.0,19.0,96.0,18.0,38.0,38.0,0.0,99.0,1.18524,0.22848,0.0,1.41372,8.0,2.0,0.0,0.0,0.0,0.0
3/17/2026,14:05:52,2458337.95,RightWater,5.0,9.0,10.0,19.0,19.0,97.0,18.0,38.0,38.0,0.0,99.0,1.18524,0.22848,0.0,1.41372,8.0,2.0,0.0,0.0,0.0,0.0
3/17/2026,14:06:31,2497679.26,RightWater,5.0,9.0,10.0,19.0,19.0,98.0,18.0,38.0,38.0,0.0,99.0,1.18524,0.22848,0.0,1.41372,8.0,2.0,0.0,0.0,0.0,0.0
3/17/2026,14:06:31,2497746.12,WaterDispensed,10.0,9.0,10.0,19.0,19.0,98.0,18.0,38.0,38.0,0.0,100.0,1.19952,0.22848,0.0,1.427999,8.0,2.0,0.0,0.0,0.0,0.0
3/17/2026,14:06:31,2497883.19,RightWater,5.0,9.0,10.0,19.0,19.0,99.0,18.0,38.0,38.0,0.0,100.0,1.19952,0.22848,0.0,1.427999,8.0,2.0,0.0,0.0,0.0,0.0
3/17/2026,14:06:32,2498603.63,RightWater,5.0,9.0,10.0,19.0,19.0,100.0,18.0,38.0,38.0,0.0,100.0,1.19952,0.22848,0.0,1.427999,8.0,2.0,0.0,0.0,0.0,0.0
3/17/2026,14:06:32,2498670.48,WaterDispensed,10.0,9.0,10.0,19.0,19.0,100.0,18.0,38.0,38.0,0.0,101.0,1.2138,0.22848,0.0,1.442279,8.0,2.0,0.0,0.0,0.0,0.0
3/17/2026,14:06:32,2498786.33,RightWater,5.0,9.0,10.0,19.0,19.0,101.0,18.0,38.0,38.0,0.0,101.0,1.2138,0.22848,0.0,1.442279,8.0,2.0,0.0,0.0,0.0,0.0
3/17/2026,14:06:32,2498945.78,RightWater,5.0,9.0,10.0,19.0,19.0,102.0,18.0,38.0,38.0,0.0,101.0,1.2138,0.22848,0.0,1.442279,8.0,2.0,0.0,0.0,0.0,0.0
3/17/2026,14:06:32,2499012.64,WaterDispensed,10.0,9.0,10.0,19.0,19.0,102.0,18.0,38.0,38.0,0.0,102.0,1.22808,0.22848,0.0,1.456559,8.0,2.0,0.0,0.0,0.0,0.0
3/17/2026,14:06:33,2499523.61,RightWater,5.0,9.0,10.0,19.0,19.0,103.0,18.0,38.0,38.0,0.0,102.0,1.22808,0.22848,0.0,1.456559,8.0,2.0,0.0,0.0,0.0,0.0
3/17/2026,14:06:33,2499590.46,WaterDispensed,10.0,9.0,10.0,19.0,19.0,103.0,18.0,38.0,38.0,0.0,103.0,1.24236,0.22848,0.0,1.470839,8.0,2.0,0.0,0.0,0.0,0.0
3/17/2026,14:06:33,2499753.0,RightWater,5.0,9.0,10.0,19.0,19.0,104.0,18.0,38.0,38.0,0.0,103.0,1.24236,0.22848,0.0,1.470839,8.0,2.0,0.0,0.0,0.0,0.0
3/17/2026,14:06:33,2499819.86,WaterDispensed,10.0,9.0,10.0,19.0,19.0,104.0,18.0,38.0,38.0,0.0,104.0,1.25664,0.22848,0.0,1.485119,8.0,2.0,0.0,0.0,0.0,0.0
3/17/2026,14:06:33,2500012.06,RightWater,5.0,9.0,10.0,19.0,19.0,105.0,18.0,38.0,38.0,0.0,104.0,1.25664,0.22848,0.0,1.485119,8.0,2.0,0.0,0.0,0.0,0.0
3/17/2026,14:06:34,2500078.92,WaterDispensed,10.0,9.0,10.0,19.0,19.0,105.0,18.0,38.0,38.0,0.0,105.0,1.27092,0.22848,0.0,1.499399,8.0,2.0,0.0,0.0,0.0,0.0
3/17/2026,14:06:34,2500241.46,RightWater,5.0,9.0,10.0,19.0,19.0,106.0,18.0,38.0,38.0,0.0,105.0,1.27092,0.22848,0.0,1.499399,8.0,2.0,0.0,0.0,0.0,0.0
3/17/2026,14:06:34,2500308.32,WaterDispensed,10.0,9.0,10.0,19.0,19.0,106.0,18.0,38.0,38.0,0.0,106.0,1.2852,0.22848,0.0,1.513679,8.0,2.0,0.0,0.0,0.0,0.0
3/17/2026,14:06:34,2500379.58,RightWater,5.0,9.0,10.0,19.0,19.0,108.0,18.0,38.0,38.0,0.0,106.0,1.2852,0.22848,0.0,1.513679,8.0,2.0,0.0,0.0,0.0,0.0
3/17/2026,14:06:34,2500469.36,RightWater,5.0,9.0,10.0,19.0,19.0,108.0,18.0,38.0,38.0,0.0,106.0,1.2852,0.22848,0.0,1.513679,8.0,2.0,0.0,0.0,0.0,0.0
3/17/2026,14:06:34,2500536.21,WaterDispensed,10.0,9.0,10.0,19.0,19.0,108.0,18.0,38.0,38.0,0.0,107.0,1.29948,0.22848,0.0,1.527959,8.0,2.0,0.0,0.0,0.0,0.0
3/17/2026,14:06:34,2500865.48,RightWater,5.0,9.0,10.0,19.0,19.0,109.0,18.0,38.0,38.0,0.0,107.0,1.29948,0.22848,0.0,1.527959,8.0,2.0,0.0,0.0,0.0,0.0
3/17/2026,14:06:34,2500932.34,WaterDispensed,10.0,9.0,10.0,19.0,19.0,109.0,18.0,38.0,38.0,0.0,108.0,1.31376,0.22848,0.0,1.542239,8.0,2.0,0.0,0.0,0.0,0.0
3/17/2026,14:06:35,2501386.91,RightWater,5.0,9.0,10.0,19.0,19.0,110.0,18.0,38.0,38.0,0.0,109.0,1.32804,0.22848,0.0,1.556519,8.0,2.0,0.0,0.0,0.0,0.0
3/17/2026,14:06:35,2501453.77,WaterDispensed,10.0,9.0,10.0,19.0,19.0,110.0,18.0,38.0,38.0,0.0,109.0,1.32804,0.22848,0.0,1.556519,8.0,2.0,0.0,0.0,0.0,0.0
3/17/2026,14:06:36,2502202.23,RightWater,5.0,9.0,10.0,19.0,19.0,111.0,18.0,38.0,38.0,0.0,109.0,1.32804,0.22848,0.0,1.556519,8.0,2.0,0.0,0.0,0.0,0.0
3/17/2026,14:06:36,2502269.09,WaterDispensed,10.0,9.0,10.0,19.0,19.0,111.0,18.0,38.0,38.0,0.0,110.0,1.34232,0.22848,0.0,1.570799,8.0,2.0,0.0,0.0,0.0,0.0
3/17/2026,14:06:36,2502340.35,RightWater,5.0,9.0,10.0,19.0,19.0,112.0,18.0,38.0,38.0,0.0,110.0,1.34232,0.22848,0.0,1.570799,8.0,2.0,0.0,0.0,0.0,0.0
3/17/2026,14:06:37,2503622.94,RightWater,5.0,9.0,10.0,19.0,19.0,113.0,18.0,38.0,38.0,0.0,110.0,1.34232,0.22848,0.0,1.570799,8.0,2.0,0.0,0.0,0.0,0.0
3/17/2026,14:06:37,2503689.79,WaterDispensed,10.0,9.0,10.0,19.0,19.0,113.0,18.0,38.0,38.0,0.0,111.0,1.3566,0.22848,0.0,1.585079,8.0,2.0,0.0,0.0,0.0,0.0
3/17/2026,14:06:37,2503873.52,RightWater,5.0,9.0,10.0,19.0,19.0,114.0,18.0,38.0,38.0,0.0,111.0,1.3566,0.22848,0.0,1.585079,8.0,2.0,0.0,0.0,0.0,0.0
3/17/2026,14:06:37,2503940.38,WaterDispensed,10.0,9.0,10.0,19.0,19.0,114.0,18.0,38.0,38.0,0.0,112.0,1.37088,0.22848,0.0,1.599359,8.0,2.0,0.0,0.0,0.0,0.0
3/17/2026,14:06:38,2504177.16,RightWater,5.0,9.0,10.0,19.0,19.0,115.0,18.0,38.0,38.0,0.0,112.0,1.37088,0.22848,0.0,1.599359,8.0,2.0,0.0,0.0,0.0,0.0
3/17/2026,14:06:38,2504244.02,WaterDispensed,10.0,9.0,10.0,19.0,19.0,115.0,18.0,38.0,38.0,0.0,113.0,1.38516,0.22848,0.0,1.613639,8.0,2.0,0.0,0.0,0.0,0.0
3/17/2026,14:06:51,2517786.66,RightWater,5.0,9.0,10.0,19.0,19.0,116.0,18.0,38.0,38.0,0.0,113.0,1.38516,0.22848,0.0,1.613639,8.0,2.0,0.0,0.0,0.0,0.0
3/17/2026,14:06:51,2517853.52,WaterDispensed,10.0,9.0,10.0,19.0,19.0,116.0,18.0,38.0,38.0,0.0,114.0,1.39944,0.22848,0.0,1.627919,8.0,2.0,0.0,0.0,0.0,0.0
3/17/2026,14:06:52,2518180.04,RightWater,5.0,9.0,10.0,19.0,19.0,117.0,18.0,38.0,38.0,0.0,114.0,1.39944,0.22848,0.0,1.627919,8.0,2.0,0.0,0.0,0.0,0.0
3/17/2026,14:06:52,2518246.9,WaterDispensed,10.0,9.0,10.0,19.0,19.0,117.0,18.0,38.0,38.0,0.0,115.0,1.41372,0.22848,0.0,1.642199,8.0,2.0,0.0,0.0,0.0,0.0
3/17/2026,14:06:52,2518650.7,RightWater,5.0,9.0,10.0,19.0,19.0,118.0,18.0,38.0,38.0,0.0,115.0,1.41372,0.22848,0.0,1.642199,8.0,2.0,0.0,0.0,0.0,0.0
3/17/2026,14:06:52,2518717.57,WaterDispensed,10.0,9.0,10.0,19.0,19.0,118.0,18.0,38.0,38.0,0.0,116.0,1.427999,0.22848,0.0,1.656479,8.0,2.0,0.0,0.0,0.0,0.0
3/17/2026,14:06:53,2519871.92,RightWater,5.0,9.0,10.0,19.0,19.0,119.0,18.0,38.0,38.0,0.0,116.0,1.427999,0.22848,0.0,1.656479,8.0,2.0,0.0,0.0,0.0,0.0
3/17/2026,14:06:53,2519938.78,WaterDispensed,10.0,9.0,10.0,19.0,19.0,119.0,18.0,38.0,38.0,0.0,117.0,1.442279,0.22848,0.0,1.670759,8.0,2.0,0.0,0.0,0.0,0.0
3/17/2026,14:06:54,2520099.85,RightWater,5.0,9.0,10.0,19.0,19.0,120.0,18.0,38.0,38.0,0.0,117.0,1.442279,0.22848,0.0,1.670759,8.0,2.0,0.0,0.0,0.0,0.0
3/17/2026,14:06:54,2520166.71,WaterDispensed,10.0,9.0,10.0,19.0,19.0,120.0,18.0,38.0,38.0,0.0,118.0,1.456559,0.22848,0.0,1.685039,8.0,2.0,0.0,0.0,0.0,0.0
3/17/2026,14:07:16,2542271.06,Left,2.0,9.0,11.0,19.0,19.0,120.0,18.0,38.0,38.0,0.0,118.0,1.456559,0.22848,0.0,1.685039,8.0,2.0,0.0,0.0,0.0,0.0
3/17/2026,14:07:16,2542799.34,TONE,8.0,9.0,11.0,19.0,19.0,120.0,18.0,38.0,39.0,0.0,118.0,1.456559,0.22848,0.0,1.685039,8.0,2.0,0.0,0.0,0.0,0.0
3/17/2026,14:07:16,2542867.4,LED,7.0,9.0,11.0,19.0,19.0,120.0,18.0,39.0,39.0,0.0,118.0,1.456559,0.22848,0.0,1.685039,8.0,2.0,0.0,0.0,0.0,0.0
3/17/2026,14:07:17,2543050.94,LeftDuringDispense,14.0,9.0,11.0,19.0,19.0,120.0,18.0,39.0,39.0,0.0,118.0,1.456559,0.22848,0.0,1.685039,8.0,2.0,0.0,1.0,0.0,0.0
3/17/2026,14:07:18,2544523.95,Dispensed,3.0,9.0,11.0,20.0,19.0,120.0,18.0,39.0,39.0,0.0,118.0,1.456559,0.22848,0.0,1.685039,8.0,2.0,0.0,1.0,0.0,0.0
3/17/2026,14:07:18,2544586.97,TONE,8.0,9.0,11.0,20.0,19.0,120.0,18.0,39.0,40.0,0.0,118.0,1.456559,0.22848,0.0,1.685039,8.0,2.0,0.0,1.0,0.0,0.0
3/17/2026,14:07:18,2544655.03,LED,7.0,9.0,11.0,20.0,19.0,120.0,18.0,40.0,40.0,0.0,118.0,1.456559,0.22848,0.0,1.685039,8.0,2.0,0.0,1.0,0.0,0.0
3/17/2026,14:07:21,2547343.02,LeftWithPellet,12.0,9.0,11.0,20.0,19.0,120.0,18.0,40.0,40.0,0.0,118.0,1.456559,0.22848,0.0,1.685039,8.0,3.0,0.0,1.0,0.0,0.0
3/17/2026,14:07:31,2557461.09,Retrieved,4.0,9.0,11.0,20.0,20.0,120.0,18.0,40.0,40.0,0.0,118.0,1.456559,0.22848,0.0,1.685039,8.0,3.0,0.0,1.0,0.0,0.0
3/17/2026,14:07:41,2567772.69,Left,2.0,9.0,12.0,20.0,20.0,120.0,18.0,40.0,40.0,0.0,118.0,1.456559,0.22848,0.0,1.685039,8.0,3.0,0.0,1.0,0.0,0.0
3/17/2026,14:07:42,2568648.65,TONE,8.0,9.0,12.0,20.0,20.0,120.0,18.0,40.0,41.0,0.0,118.0,1.456559,0.22848,0.0,1.685039,8.0,3.0,0.0,1.0,0.0,0.0
3/17/2026,14:07:42,2568716.7,LED,7.0,9.0,12.0,20.0,20.0,120.0,18.0,41.0,41.0,0.0,118.0,1.456559,0.22848,0.0,1.685039,8.0,3.0,0.0,1.0,0.0,0.0
3/17/2026,14:07:43,2569433.43,Dispensed,3.0,9.0,12.0,21.0,20.0,120.0,18.0,41.0,42.0,0.0,118.0,1.456559,0.22848,0.0,1.685039,8.0,3.0,0.0,1.0,0.0,0.0
3/17/2026,14:07:43,2569496.45,TONE,8.0,9.0,12.0,21.0,20.0,120.0,18.0,41.0,42.0,0.0,118.0,1.456559,0.22848,0.0,1.685039,8.0,3.0,0.0,1.0,0.0,0.0
3/17/2026,14:07:43,2569564.5,LED,7.0,9.0,12.0,21.0,20.0,120.0,18.0,42.0,42.0,0.0,118.0,1.456559,0.22848,0.0,1.685039,8.0,3.0,0.0,1.0,0.0,0.0
3/17/2026,14:08:00,2586886.75,LeftWithPellet,12.0,9.0,12.0,21.0,20.0,120.0,18.0,42.0,42.0,0.0,118.0,1.456559,0.22848,0.0,1.685039,8.0,4.0,0.0,1.0,0.0,0.0
3/17/2026,14:08:07,2593089.26,LeftWater,6.0,9.0,12.0,21.0,20.0,120.0,19.0,42.0,42.0,0.0,118.0,1.456559,0.22848,0.0,1.685039,8.0,4.0,0.0,1.0,0.0,0.0
3/17/2026,14:08:07,2593157.03,WaterDispensed,10.0,9.0,12.0,21.0,20.0,120.0,19.0,42.0,42.0,0.0,119.0,1.456559,0.24276,0.0,1.699319,8.0,4.0,0.0,1.0,0.0,0.0
3/17/2026,14:08:14,2600337.37,LeftWater,6.0,9.0,12.0,21.0,20.0,120.0,20.0,42.0,42.0,0.0,119.0,1.456559,0.24276,0.0,1.699319,8.0,4.0,0.0,1.0,0.0,0.0
3/17/2026,14:08:14,2600405.15,WaterDispensed,10.0,9.0,12.0,21.0,20.0,120.0,20.0,42.0,42.0,0.0,120.0,1.456559,0.25704,0.0,1.713599,8.0,4.0,0.0,1.0,0.0,0.0
3/17/2026,14:08:21,2607729.65,LeftWater,6.0,9.0,12.0,21.0,20.0,120.0,21.0,42.0,42.0,0.0,120.0,1.456559,0.25704,0.0,1.713599,8.0,4.0,0.0,1.0,0.0,0.0
3/17/2026,14:08:21,2607797.42,WaterDispensed,10.0,9.0,12.0,21.0,20.0,120.0,21.0,42.0,42.0,0.0,121.0,1.456559,0.27132,0.0,1.727879,8.0,4.0,0.0,1.0,0.0,0.0
3/17/2026,14:09:11,2657974.37,LeftWater,6.0,9.0,12.0,21.0,20.0,120.0,22.0,42.0,42.0,0.0,121.0,1.456559,0.27132,0.0,1.727879,8.0,4.0,0.0,1.0,0.0,0.0
3/17/2026,14:09:12,2658042.16,WaterDispensed,10.0,9.0,12.0,21.0,20.0,120.0,22.0,42.0,42.0,0.0,122.0,1.456559,0.2856,0.0,1.742159,8.0,4.0,0.0,1.0,0.0,0.0
3/17/2026,14:09:42,2688547.46,RightWithPellet,11.0,9.0,12.0,21.0,20.0,120.0,22.0,42.0,42.0,0.0,122.0,1.456559,0.2856,0.0,1.742159,9.0,4.0,0.0,1.0,0.0,0.0
3/17/2026,14:09:56,2702020.19,Retrieved,4.0,9.0,12.0,21.0,21.0,120.0,22.0,42.0,42.0,0.0,122.0,1.456559,0.2856,0.0,1.742159,9.0,4.0,0.0,1.0,0.0,0.0
3/17/2026,14:10:12,2718474.86,Left,2.0,9.0,13.0,21.0,21.0,120.0,22.0,42.0,42.0,0.0,122.0,1.456559,0.2856,0.0,1.742159,9.0,4.0,0.0,1.0,0.0,0.0
3/17/2026,14:10:13,2719069.87,TONE,8.0,9.0,13.0,21.0,21.0,120.0,22.0,42.0,43.0,0.0,122.0,1.456559,0.2856,0.0,1.742159,9.0,4.0,0.0,1.0,0.0,0.0
3/17/2026,14:10:13,2719137.93,LED,7.0,9.0,13.0,21.0,21.0,120.0,22.0,43.0,43.0,0.0,122.0,1.456559,0.2856,0.0,1.742159,9.0,4.0,0.0,1.0,0.0,0.0
3/17/2026,14:10:13,2719892.12,Dispensed,3.0,9.0,13.0,22.0,21.0,120.0,22.0,43.0,43.0,0.0,122.0,1.456559,0.2856,0.0,1.742159,9.0,4.0,0.0,1.0,0.0,0.0
3/17/2026,14:10:13,2719955.14,TONE,8.0,9.0,13.0,22.0,21.0,120.0,22.0,43.0,44.0,0.0,122.0,1.456559,0.2856,0.0,1.742159,9.0,4.0,0.0,1.0,0.0,0.0
3/17/2026,14:10:14,2720023.19,LED,7.0,9.0,13.0,22.0,21.0,120.0,22.0,44.0,44.0,0.0,122.0,1.456559,0.2856,0.0,1.742159,9.0,4.0,0.0,1.0,0.0,0.0
3/17/2026,14:10:14,2720619.52,Retrieved,4.0,9.0,13.0,22.0,22.0,120.0,22.0,44.0,44.0,0.0,122.0,1.456559,0.2856,0.0,1.742159,9.0,4.0,0.0,1.0,0.0,0.0
3/17/2026,14:10:31,2737499.39,Left,2.0,9.0,14.0,22.0,22.0,120.0,22.0,44.0,44.0,0.0,122.0,1.456559,0.2856,0.0,1.742159,9.0,4.0,0.0,1.0,0.0,0.0
3/17/2026,14:10:32,2738031.53,TONE,8.0,9.0,14.0,22.0,22.0,120.0,22.0,44.0,45.0,0.0,122.0,1.456559,0.2856,0.0,1.742159,9.0,4.0,0.0,1.0,0.0,0.0
3/17/2026,14:10:32,2738099.58,LED,7.0,9.0,14.0,22.0,22.0,120.0,22.0,45.0,45.0,0.0,122.0,1.456559,0.2856,0.0,1.742159,9.0,4.0,0.0,1.0,0.0,0.0
3/17/2026,14:10:32,2738764.23,Dispensed,3.0,9.0,14.0,23.0,22.0,120.0,22.0,45.0,45.0,0.0,122.0,1.456559,0.2856,0.0,1.742159,9.0,4.0,0.0,1.0,0.0,0.0
3/17/2026,14:10:32,2738827.25,TONE,8.0,9.0,14.0,23.0,22.0,120.0,22.0,45.0,46.0,0.0,122.0,1.456559,0.2856,0.0,1.742159,9.0,4.0,0.0,1.0,0.0,0.0
3/17/2026,14:10:32,2738895.31,LED,7.0,9.0,14.0,23.0,22.0,120.0,22.0,46.0,46.0,0.0,122.0,1.456559,0.2856,0.0,1.742159,9.0,4.0,0.0,1.0,0.0,0.0
3/17/2026,14:10:34,2740506.78,LeftWithPellet,12.0,9.0,14.0,23.0,22.0,120.0,22.0,46.0,46.0,0.0,122.0,1.456559,0.2856,0.0,1.742159,9.0,5.0,0.0,1.0,0.0,0.0
3/17/2026,14:10:36,2742604.35,Retrieved,4.0,9.0,14.0,23.0,23.0,120.0,22.0,46.0,46.0,0.0,122.0,1.456559,0.2856,0.0,1.742159,9.0,5.0,0.0,1.0,0.0,0.0
3/17/2026,14:10:48,2754754.33,Left,2.0,9.0,15.0,23.0,23.0,120.0,22.0,46.0,46.0,0.0,122.0,1.456559,0.2856,0.0,1.742159,9.0,5.0,0.0,1.0,0.0,0.0
3/17/2026,14:10:49,2755359.08,TONE,8.0,9.0,15.0,23.0,23.0,120.0,22.0,46.0,47.0,0.0,122.0,1.456559,0.2856,0.0,1.742159,9.0,5.0,0.0,1.0,0.0,0.0
3/17/2026,14:10:49,2755427.13,LED,7.0,9.0,15.0,23.0,23.0,120.0,22.0,47.0,47.0,0.0,122.0,1.456559,0.2856,0.0,1.742159,9.0,5.0,0.0,1.0,0.0,0.0
3/17/2026,14:10:50,2756216.56,Dispensed,3.0,9.0,15.0,24.0,23.0,120.0,22.0,47.0,47.0,0.0,122.0,1.456559,0.2856,0.0,1.742159,9.0,5.0,0.0,1.0,0.0,0.0
3/17/2026,14:10:50,2756279.58,TONE,8.0,9.0,15.0,24.0,23.0,120.0,22.0,47.0,48.0,0.0,122.0,1.456559,0.2856,0.0,1.742159,9.0,5.0,0.0,1.0,0.0,0.0
3/17/2026,14:10:50,2756347.63,LED,7.0,9.0,15.0,24.0,23.0,120.0,22.0,48.0,48.0,0.0,122.0,1.456559,0.2856,0.0,1.742159,9.0,5.0,0.0,1.0,0.0,0.0
3/17/2026,14:10:50,2757003.55,Retrieved,4.0,9.0,15.0,24.0,24.0,120.0,22.0,48.0,48.0,0.0,122.0,1.456559,0.2856,0.0,1.742159,9.0,5.0,0.0,1.0,0.0,0.0
3/17/2026,14:11:20,2786023.99,RightWater,5.0,9.0,15.0,24.0,24.0,121.0,22.0,48.0,48.0,0.0,122.0,1.456559,0.2856,0.0,1.742159,9.0,5.0,0.0,1.0,0.0,0.0
3/17/2026,14:11:20,2786090.85,WaterDispensed,10.0,9.0,15.0,24.0,24.0,121.0,22.0,48.0,48.0,0.0,123.0,1.470839,0.2856,0.0,1.756439,9.0,5.0,0.0,1.0,0.0,0.0
3/17/2026,14:15:43,3049395.25,RightWater,5.0,9.0,15.0,24.0,24.0,122.0,22.0,48.0,48.0,0.0,124.0,1.485119,0.2856,0.0,1.770719,9.0,5.0,0.0,1.0,0.0,0.0
3/17/2026,14:15:43,3049462.12,WaterDispensed,10.0,9.0,15.0,24.0,24.0,122.0,22.0,48.0,48.0,0.0,124.0,1.485119,0.2856,0.0,1.770719,9.0,5.0,0.0,1.0,0.0,0.0
3/17/2026,14:15:46,3052297.32,RightWater,5.0,9.0,15.0,24.0,24.0,123.0,22.0,48.0,48.0,0.0,124.0,1.485119,0.2856,0.0,1.770719,9.0,5.0,0.0,1.0,0.0,0.0
3/17/2026,14:15:46,3052364.17,WaterDispensed,10.0,9.0,15.0,24.0,24.0,123.0,22.0,48.0,48.0,0.0,125.0,1.499399,0.2856,0.0,1.784999,9.0,5.0,0.0,1.0,0.0,0.0
3/17/2026,14:15:46,3052525.27,RightWater,5.0,9.0,15.0,24.0,24.0,124.0,22.0,48.0,48.0,0.0,125.0,1.499399,0.2856,0.0,1.784999,9.0,5.0,0.0,1.0,0.0,0.0
3/17/2026,14:15:46,3052592.14,WaterDispensed,10.0,9.0,15.0,24.0,24.0,124.0,22.0,48.0,48.0,0.0,126.0,1.513679,0.2856,0.0,1.799278,9.0,5.0,0.0,1.0,0.0,0.0
3/17/2026,14:15:47,3053517.09,RightWater,5.0,9.0,15.0,24.0,24.0,125.0,22.0,48.0,48.0,0.0,126.0,1.513679,0.2856,0.0,1.799278,9.0,5.0,0.0,1.0,0.0,0.0
3/17/2026,14:15:47,3053583.95,WaterDispensed,10.0,9.0,15.0,24.0,24.0,125.0,22.0,48.0,48.0,0.0,127.0,1.527959,0.2856,0.0,1.813558,9.0,5.0,0.0,1.0,0.0,0.0
3/17/2026,14:15:53,3059147.12,Right,1.0,10.0,15.0,24.0,24.0,125.0,22.0,48.0,48.0,0.0,127.0,1.527959,0.2856,0.0,1.813558,9.0,5.0,0.0,1.0,0.0,0.0
3/17/2026,14:15:54,3060303.82,TONE,8.0,10.0,15.0,24.0,24.0,125.0,22.0,48.0,49.0,0.0,127.0,1.527959,0.2856,0.0,1.813558,9.0,5.0,0.0,1.0,0.0,0.0
3/17/2026,14:15:54,3060371.87,LED,7.0,10.0,15.0,24.0,24.0,125.0,22.0,49.0,49.0,0.0,127.0,1.527959,0.2856,0.0,1.813558,9.0,5.0,0.0,1.0,0.0,0.0
3/17/2026,14:15:55,3061114.12,Dispensed,3.0,10.0,15.0,25.0,24.0,125.0,22.0,49.0,49.0,0.0,127.0,1.527959,0.2856,0.0,1.813558,9.0,5.0,0.0,1.0,0.0,0.0
3/17/2026,14:15:55,3061177.14,TONE,8.0,10.0,15.0,25.0,24.0,125.0,22.0,49.0,50.0,0.0,127.0,1.527959,0.2856,0.0,1.813558,9.0,5.0,0.0,1.0,0.0,0.0
3/17/2026,14:15:55,3061245.2,LED,7.0,10.0,15.0,25.0,24.0,125.0,22.0,50.0,50.0,0.0,127.0,1.527959,0.2856,0.0,1.813558,9.0,5.0,0.0,1.0,0.0,0.0
3/17/2026,14:18:00,3186703.43,RightWithPellet,11.0,10.0,15.0,25.0,24.0,125.0,22.0,50.0,50.0,0.0,127.0,1.527959,0.2856,0.0,1.813558,10.0,5.0,0.0,1.0,0.0,0.0
3/17/2026,14:18:26,3212595.71,RightWater,5.0,10.0,15.0,25.0,24.0,126.0,22.0,50.0,50.0,0.0,127.0,1.527959,0.2856,0.0,1.813558,10.0,5.0,0.0,1.0,0.0,0.0
3/17/2026,14:18:26,3212662.57,WaterDispensed,10.0,10.0,15.0,25.0,24.0,126.0,22.0,50.0,50.0,0.0,128.0,1.542239,0.2856,0.0,1.827838,10.0,5.0,0.0,1.0,0.0,0.0
3/17/2026,14:18:40,3226222.84,RightWater,5.0,10.0,15.0,25.0,24.0,127.0,22.0,50.0,50.0,0.0,128.0,1.542239,0.2856,0.0,1.827838,10.0,5.0,0.0,1.0,0.0,0.0
3/17/2026,14:18:40,3226289.7,WaterDispensed,10.0,10.0,15.0,25.0,24.0,127.0,22.0,50.0,50.0,0.0,129.0,1.556519,0.2856,0.0,1.842118,10.0,5.0,0.0,1.0,0.0,0.0
3/17/2026,14:18:41,3227233.81,RightWater,5.0,10.0,15.0,25.0,24.0,128.0,22.0,50.0,50.0,0.0,129.0,1.556519,0.2856,0.0,1.842118,10.0,5.0,0.0,1.0,0.0,0.0
3/17/2026,14:18:41,3227300.67,WaterDispensed,10.0,10.0,15.0,25.0,24.0,128.0,22.0,50.0,50.0,0.0,130.0,1.570799,0.2856,0.0,1.856398,10.0,5.0,0.0,1.0,0.0,0.0
3/17/2026,14:18:41,3227388.23,RightWater,5.0,10.0,15.0,25.0,24.0,129.0,22.0,50.0,50.0,0.0,130.0,1.570799,0.2856,0.0,1.856398,10.0,5.0,0.0,1.0,0.0,0.0
3/17/2026,14:18:42,3228181.97,RightWater,5.0,10.0,15.0,25.0,24.0,130.0,22.0,50.0,50.0,0.0,130.0,1.570799,0.2856,0.0,1.856398,10.0,5.0,0.0,1.0,0.0,0.0
3/17/2026,14:18:42,3228248.84,WaterDispensed,10.0,10.0,15.0,25.0,24.0,130.0,22.0,50.0,50.0,0.0,131.0,1.585079,0.2856,0.0,1.870678,10.0,5.0,0.0,1.0,0.0,0.0
3/17/2026,14:18:42,3228545.05,RightWater,5.0,10.0,15.0,25.0,24.0,131.0,22.0,50.0,50.0,0.0,131.0,1.585079,0.2856,0.0,1.870678,10.0,5.0,0.0,1.0,0.0,0.0
3/17/2026,14:18:42,3228611.91,WaterDispensed,10.0,10.0,15.0,25.0,24.0,131.0,22.0,50.0,50.0,0.0,132.0,1.599359,0.2856,0.0,1.884958,10.0,5.0,0.0,1.0,0.0,0.0
3/17/2026,14:18:42,3228683.18,RightWater,5.0,10.0,15.0,25.0,24.0,132.0,22.0,50.0,50.0,0.0,132.0,1.599359,0.2856,0.0,1.884958,10.0,5.0,0.0,1.0,0.0,0.0
3/17/2026,14:18:43,3229051.84,RightWater,5.0,10.0,15.0,25.0,24.0,133.0,22.0,50.0,50.0,0.0,132.0,1.599359,0.2856,0.0,1.884958,10.0,5.0,0.0,1.0,0.0,0.0
3/17/2026,14:18:43,3229118.71,WaterDispensed,10.0,10.0,15.0,25.0,24.0,133.0,22.0,50.0,50.0,0.0,133.0,1.613639,0.2856,0.0,1.899238,10.0,5.0,0.0,1.0,0.0,0.0
3/17/2026,14:18:43,3229279.79,RightWater,5.0,10.0,15.0,25.0,24.0,134.0,22.0,50.0,50.0,0.0,133.0,1.613639,0.2856,0.0,1.899238,10.0,5.0,0.0,1.0,0.0,0.0
3/17/2026,14:18:43,3229346.64,WaterDispensed,10.0,10.0,15.0,25.0,24.0,134.0,22.0,50.0,50.0,0.0,134.0,1.627919,0.2856,0.0,1.913518,10.0,5.0,0.0,1.0,0.0,0.0
3/17/2026,14:18:43,3229423.06,RightWater,5.0,10.0,15.0,25.0,24.0,135.0,22.0,50.0,50.0,0.0,134.0,1.627919,0.2856,0.0,1.913518,10.0,5.0,0.0,1.0,0.0,0.0
3/17/2026,14:18:43,3229668.21,RightWater,5.0,10.0,15.0,25.0,24.0,136.0,22.0,50.0,50.0,0.0,134.0,1.627919,0.2856,0.0,1.913518,10.0,5.0,0.0,1.0,0.0,0.0
3/17/2026,14:18:43,3229735.07,WaterDispensed,10.0,10.0,15.0,25.0,24.0,136.0,22.0,50.0,50.0,0.0,135.0,1.642199,0.2856,0.0,1.927798,10.0,5.0,0.0,1.0,0.0,0.0
3/17/2026,14:18:43,3229937.04,RightWater,5.0,10.0,15.0,25.0,24.0,137.0,22.0,50.0,50.0,0.0,135.0,1.642199,0.2856,0.0,1.927798,10.0,5.0,0.0,1.0,0.0,0.0
3/17/2026,14:18:43,3230003.89,WaterDispensed,10.0,10.0,15.0,25.0,24.0,137.0,22.0,50.0,50.0,0.0,136.0,1.656479,0.2856,0.0,1.942078,10.0,5.0,0.0,1.0,0.0,0.0
3/17/2026,14:18:44,3230167.32,RightWater,5.0,10.0,15.0,25.0,24.0,138.0,22.0,50.0,50.0,0.0,136.0,1.656479,0.2856,0.0,1.942078,10.0,5.0,0.0,1.0,0.0,0.0
3/17/2026,14:18:44,3230234.18,WaterDispensed,10.0,10.0,15.0,25.0,24.0,138.0,22.0,50.0,50.0,0.0,137.0,1.670759,0.2856,0.0,1.956358,10.0,5.0,0.0,1.0,0.0,0.0
3/17/2026,14:18:44,3230309.65,RightWater,5.0,10.0,15.0,25.0,24.0,139.0,22.0,50.0,50.0,0.0,137.0,1.670759,0.2856,0.0,1.956358,10.0,5.0,0.0,1.0,0.0,0.0
3/17/2026,14:18:44,3230831.41,RightWater,5.0,10.0,15.0,25.0,24.0,140.0,22.0,50.0,50.0,0.0,137.0,1.670759,0.2856,0.0,1.956358,10.0,5.0,0.0,1.0,0.0,0.0
3/17/2026,14:18:44,3230898.28,WaterDispensed,10.0,10.0,15.0,25.0,24.0,140.0,22.0,50.0,50.0,0.0,138.0,1.685039,0.2856,0.0,1.970638,10.0,5.0,0.0,1.0,0.0,0.0
3/17/2026,14:18:45,3231352.44,RightWater,5.0,10.0,15.0,25.0,24.0,141.0,22.0,50.0,50.0,0.0,138.0,1.685039,0.2856,0.0,1.970638,10.0,5.0,0.0,1.0,0.0,0.0
3/17/2026,14:18:45,3231419.29,WaterDispensed,10.0,10.0,15.0,25.0,24.0,141.0,22.0,50.0,50.0,0.0,139.0,1.699319,0.2856,0.0,1.984918,10.0,5.0,0.0,1.0,0.0,0.0
3/17/2026,14:18:54,3240110.94,RightWater,5.0,10.0,15.0,25.0,24.0,142.0,22.0,50.0,50.0,0.0,139.0,1.699319,0.2856,0.0,1.984918,10.0,5.0,0.0,1.0,0.0,0.0
3/17/2026,14:18:54,3240177.81,WaterDispensed,10.0,10.0,15.0,25.0,24.0,142.0,22.0,50.0,50.0,0.0,140.0,1.713599,0.2856,0.0,1.999198,10.0,5.0,0.0,1.0,0.0,0.0
3/17/2026,14:18:55,3241304.73,RightWater,5.0,10.0,15.0,25.0,24.0,143.0,22.0,50.0,50.0,0.0,140.0,1.713599,0.2856,0.0,1.999198,10.0,5.0,0.0,1.0,0.0,0.0
3/17/2026,14:18:55,3241371.6,WaterDispensed,10.0,10.0,15.0,25.0,24.0,143.0,22.0,50.0,50.0,0.0,141.0,1.727879,0.2856,0.0,2.013478,10.0,5.0,0.0,1.0,0.0,0.0
3/17/2026,14:19:14,3260258.08,LeftWater,6.0,10.0,15.0,25.0,24.0,143.0,23.0,50.0,50.0,0.0,141.0,1.727879,0.2856,0.0,2.013478,10.0,5.0,0.0,1.0,0.0,0.0
3/17/2026,14:19:14,3260325.87,WaterDispensed,10.0,10.0,15.0,25.0,24.0,143.0,23.0,50.0,50.0,0.0,142.0,1.727879,0.29988,0.0,2.027758,10.0,5.0,0.0,1.0,0.0,0.0
3/17/2026,14:19:18,3264109.32,LeftWater,6.0,10.0,15.0,25.0,24.0,143.0,24.0,50.0,50.0,0.0,142.0,1.727879,0.29988,0.0,2.027758,10.0,5.0,0.0,1.0,0.0,0.0
3/17/2026,14:19:18,3264177.1,WaterDispensed,10.0,10.0,15.0,25.0,24.0,143.0,24.0,50.0,50.0,0.0,143.0,1.727879,0.31416,0.0,2.042038,10.0,5.0,0.0,1.0,0.0,0.0
3/17/2026,14:19:18,3264270.56,LeftWater,6.0,10.0,15.0,25.0,24.0,143.0,25.0,50.0,50.0,0.0,143.0,1.727879,0.31416,0.0,2.042038,10.0,5.0,0.0,1.0,0.0,0.0
3/17/2026,14:19:18,3264458.17,LeftWater,6.0,10.0,15.0,25.0,24.0,143.0,26.0,50.0,50.0,0.0,144.0,1.727879,0.32844,0.0,2.056318,10.0,5.0,0.0,1.0,0.0,0.0
3/17/2026,14:19:18,3264525.95,WaterDispensed,10.0,10.0,15.0,25.0,24.0,143.0,26.0,50.0,50.0,0.0,144.0,1.727879,0.32844,0.0,2.056318,10.0,5.0,0.0,1.0,0.0,0.0
3/17/2026,14:19:39,3286006.24,LeftWater,6.0,10.0,15.0,25.0,24.0,143.0,27.0,50.0,50.0,0.0,144.0,1.727879,0.32844,0.0,2.056318,10.0,5.0,0.0,1.0,0.0,0.0
3/17/2026,14:19:40,3286074.02,WaterDispensed,10.0,10.0,15.0,25.0,24.0,143.0,27.0,50.0,50.0,0.0,145.0,1.727879,0.34272,0.0,2.070598,10.0,5.0,0.0,1.0,0.0,0.0
3/17/2026,14:23:36,3522093.23,RightWater,5.0,10.0,15.0,25.0,24.0,144.0,27.0,50.0,50.0,0.0,145.0,1.727879,0.34272,0.0,2.070598,10.0,5.0,0.0,1.0,0.0,0.0
3/17/2026,14:23:36,3522160.09,WaterDispensed,10.0,10.0,15.0,25.0,24.0,144.0,27.0,50.0,50.0,0.0,146.0,1.742159,0.34272,0.0,2.084878,10.0,5.0,0.0,1.0,0.0,0.0
3/17/2026,14:23:36,3522364.16,RightWater,5.0,10.0,15.0,25.0,24.0,145.0,27.0,50.0,50.0,0.0,146.0,1.742159,0.34272,0.0,2.084878,10.0,5.0,0.0,1.0,0.0,0.0
3/17/2026,14:23:36,3522431.04,WaterDispensed,10.0,10.0,15.0,25.0,24.0,145.0,27.0,50.0,50.0,0.0,147.0,1.756439,0.34272,0.0,2.099159,10.0,5.0,0.0,1.0,0.0,0.0
3/17/2026,14:24:07,3553126.83,RightWater,5.0,10.0,15.0,25.0,24.0,146.0,27.0,50.0,50.0,0.0,147.0,1.756439,0.34272,0.0,2.099159,10.0,5.0,0.0,1.0,0.0,0.0
3/17/2026,14:24:07,3553193.69,WaterDispensed,10.0,10.0,15.0,25.0,24.0,146.0,27.0,50.0,50.0,0.0,148.0,1.770719,0.34272,0.0,2.113439,10.0,5.0,0.0,1.0,0.0,0.0
3/17/2026,14:24:07,3553689.2,RightWater,5.0,10.0,15.0,25.0,24.0,147.0,27.0,50.0,50.0,0.0,148.0,1.770719,0.34272,0.0,2.113439,10.0,5.0,0.0,1.0,0.0,0.0
3/17/2026,14:24:07,3553756.05,WaterDispensed,10.0,10.0,15.0,25.0,24.0,147.0,27.0,50.0,50.0,0.0,149.0,1.784999,0.34272,0.0,2.127719,10.0,5.0,0.0,1.0,0.0,0.0
3/17/2026,14:24:08,3554864.14,RightWater,5.0,10.0,15.0,25.0,24.0,148.0,27.0,50.0,50.0,0.0,149.0,1.784999,0.34272,0.0,2.127719,10.0,5.0,0.0,1.0,0.0,0.0
3/17/2026,14:24:08,3554931.01,WaterDispensed,10.0,10.0,15.0,25.0,24.0,148.0,27.0,50.0,50.0,0.0,150.0,1.799278,0.34272,0.0,2.141999,10.0,5.0,0.0,1.0,0.0,0.0
3/17/2026,14:27:11,3737519.42,RightWater,5.0,10.0,15.0,25.0,24.0,149.0,27.0,50.0,50.0,0.0,150.0,1.799278,0.34272,0.0,2.141999,10.0,5.0,0.0,1.0,0.0,0.0
3/17/2026,14:27:11,3737586.27,WaterDispensed,10.0,10.0,15.0,25.0,24.0,149.0,27.0,50.0,50.0,0.0,151.0,1.813558,0.34272,0.0,2.156279,10.0,5.0,0.0,1.0,0.0,0.0
3/17/2026,14:27:33,3759423.38,RightWater,5.0,10.0,15.0,25.0,24.0,150.0,27.0,50.0,50.0,0.0,152.0,1.827838,0.34272,0.0,2.170559,10.0,5.0,0.0,1.0,0.0,0.0
3/17/2026,14:27:33,3759490.23,WaterDispensed,10.0,10.0,15.0,25.0,24.0,150.0,27.0,50.0,50.0,0.0,152.0,1.827838,0.34272,0.0,2.170559,10.0,5.0,0.0,1.0,0.0,0.0
3/17/2026,14:27:42,3768758.19,LeftWithPellet,12.0,10.0,15.0,25.0,24.0,150.0,27.0,50.0,50.0,0.0,152.0,1.827838,0.34272,0.0,2.170559,10.0,6.0,0.0,1.0,0.0,0.0
3/17/2026,14:27:45,3771971.01,LeftWithPellet,12.0,10.0,15.0,25.0,24.0,150.0,27.0,50.0,50.0,0.0,152.0,1.827838,0.34272,0.0,2.170559,10.0,7.0,0.0,1.0,0.0,0.0
3/17/2026,14:28:07,3793399.57,RightWithPellet,11.0,10.0,15.0,25.0,24.0,150.0,27.0,50.0,50.0,0.0,152.0,1.827838,0.34272,0.0,2.170559,11.0,7.0,0.0,1.0,0.0,0.0
3/17/2026,14:28:23,3809311.99,LeftWater,6.0,10.0,15.0,25.0,24.0,150.0,28.0,50.0,50.0,0.0,152.0,1.827838,0.34272,0.0,2.170559,11.0,7.0,0.0,1.0,0.0,0.0
3/17/2026,14:28:23,3809379.77,WaterDispensed,10.0,10.0,15.0,25.0,24.0,150.0,28.0,50.0,50.0,0.0,153.0,1.827838,0.357,0.0,2.184839,11.0,7.0,0.0,1.0,0.0,0.0
3/17/2026,14:30:23,3929884.49,RightWater,5.0,10.0,15.0,25.0,24.0,151.0,28.0,50.0,50.0,0.0,153.0,1.827838,0.357,0.0,2.184839,11.0,7.0,0.0,1.0,0.0,0.0
3/17/2026,14:30:23,3929951.35,WaterDispensed,10.0,10.0,15.0,25.0,24.0,151.0,28.0,50.0,50.0,0.0,154.0,1.842118,0.357,0.0,2.199119,11.0,7.0,0.0,1.0,0.0,0.0
3/17/2026,14:31:19,3985953.36,LeftWithPellet,12.0,10.0,15.0,25.0,24.0,151.0,28.0,50.0,50.0,0.0,154.0,1.842118,0.357,0.0,2.199119,11.0,8.0,0.0,1.0,0.0,0.0
3/17/2026,14:31:22,3988517.94,LeftWithPellet,12.0,10.0,15.0,25.0,24.0,151.0,28.0,50.0,50.0,0.0,154.0,1.842118,0.357,0.0,2.199119,11.0,9.0,0.0,1.0,0.0,0.0
3/17/2026,14:31:25,3991171.78,Retrieved,4.0,10.0,15.0,25.0,25.0,151.0,28.0,50.0,50.0,0.0,154.0,1.842118,0.357,0.0,2.199119,11.0,9.0,0.0,1.0,0.0,0.0
3/17/2026,14:32:00,4026285.77,Right,1.0,11.0,15.0,25.0,25.0,151.0,28.0,50.0,50.0,0.0,154.0,1.842118,0.357,0.0,2.199119,11.0,9.0,0.0,1.0,0.0,0.0
3/17/2026,14:32:00,4026905.47,TONE,8.0,11.0,15.0,25.0,25.0,151.0,28.0,50.0,51.0,0.0,154.0,1.842118,0.357,0.0,2.199119,11.0,9.0,0.0,1.0,0.0,0.0
3/17/2026,14:32:00,4026973.52,LED,7.0,11.0,15.0,25.0,25.0,151.0,28.0,51.0,51.0,0.0,154.0,1.842118,0.357,0.0,2.199119,11.0,9.0,0.0,1.0,0.0,0.0
3/17/2026,14:32:01,4027620.42,Dispensed,3.0,11.0,15.0,26.0,25.0,151.0,28.0,51.0,51.0,0.0,154.0,1.842118,0.357,0.0,2.199119,11.0,9.0,0.0,1.0,0.0,0.0
3/17/2026,14:32:01,4027683.43,TONE,8.0,11.0,15.0,26.0,25.0,151.0,28.0,51.0,52.0,0.0,154.0,1.842118,0.357,0.0,2.199119,11.0,9.0,0.0,1.0,0.0,0.0
3/17/2026,14:32:01,4027751.49,LED,7.0,11.0,15.0,26.0,25.0,151.0,28.0,52.0,52.0,0.0,154.0,1.842118,0.357,0.0,2.199119,11.0,9.0,0.0,1.0,0.0,0.0
3/17/2026,14:32:02,4028228.79,Retrieved,4.0,11.0,15.0,26.0,26.0,151.0,28.0,52.0,52.0,0.0,154.0,1.842118,0.357,0.0,2.199119,11.0,9.0,0.0,1.0,0.0,0.0
3/17/2026,14:33:24,4110050.67,Left,2.0,11.0,16.0,26.0,26.0,151.0,28.0,52.0,52.0,0.0,154.0,1.842118,0.357,0.0,2.199119,11.0,9.0,0.0,1.0,0.0,0.0
3/17/2026,14:33:24,4110466.67,TONE,8.0,11.0,16.0,26.0,26.0,151.0,28.0,53.0,53.0,0.0,154.0,1.842118,0.357,0.0,2.199119,11.0,9.0,0.0,1.0,0.0,0.0
3/17/2026,14:33:24,4110534.73,LED,7.0,11.0,16.0,26.0,26.0,151.0,28.0,53.0,53.0,0.0,154.0,1.842118,0.357,0.0,2.199119,11.0,9.0,0.0,1.0,0.0,0.0
3/17/2026,14:33:25,4111255.64,Dispensed,3.0,11.0,16.0,27.0,26.0,151.0,28.0,53.0,53.0,0.0,154.0,1.842118,0.357,0.0,2.199119,11.0,9.0,0.0,1.0,0.0,0.0
3/17/2026,14:33:25,4111318.66,TONE,8.0,11.0,16.0,27.0,26.0,151.0,28.0,53.0,54.0,0.0,154.0,1.842118,0.357,0.0,2.199119,11.0,9.0,0.0,1.0,0.0,0.0
3/17/2026,14:33:25,4111386.71,LED,7.0,11.0,16.0,27.0,26.0,151.0,28.0,54.0,54.0,0.0,154.0,1.842118,0.357,0.0,2.199119,11.0,9.0,0.0,1.0,0.0,0.0
3/17/2026,14:33:25,4111864.01,Retrieved,4.0,11.0,16.0,27.0,27.0,151.0,28.0,54.0,54.0,0.0,154.0,1.842118,0.357,0.0,2.199119,11.0,9.0,0.0,1.0,0.0,0.0
3/17/2026,14:33:38,4124827.98,Left,2.0,11.0,17.0,27.0,27.0,151.0,28.0,54.0,54.0,0.0,154.0,1.842118,0.357,0.0,2.199119,11.0,9.0,0.0,1.0,0.0,0.0
3/17/2026,14:33:39,4125287.84,TONE,8.0,11.0,17.0,27.0,27.0,151.0,28.0,54.0,55.0,0.0,154.0,1.842118,0.357,0.0,2.199119,11.0,9.0,0.0,1.0,0.0,0.0
3/17/2026,14:33:39,4125355.9,LED,7.0,11.0,17.0,27.0,27.0,151.0,28.0,55.0,55.0,0.0,154.0,1.842118,0.357,0.0,2.199119,11.0,9.0,0.0,1.0,0.0,0.0
3/17/2026,14:33:40,4126062.42,Dispensed,3.0,11.0,17.0,28.0,27.0,151.0,28.0,55.0,55.0,0.0,154.0,1.842118,0.357,0.0,2.199119,11.0,9.0,0.0,1.0,0.0,0.0
3/17/2026,14:33:40,4126125.44,TONE,8.0,11.0,17.0,28.0,27.0,151.0,28.0,55.0,56.0,0.0,154.0,1.842118,0.357,0.0,2.199119,11.0,9.0,0.0,1.0,0.0,0.0
3/17/2026,14:33:40,4126193.49,LED,7.0,11.0,17.0,28.0,27.0,151.0,28.0,56.0,56.0,0.0,154.0,1.842118,0.357,0.0,2.199119,11.0,9.0,0.0,1.0,0.0,0.0
3/17/2026,14:33:40,4126611.06,Retrieved,4.0,11.0,17.0,28.0,28.0,151.0,28.0,56.0,56.0,0.0,154.0,1.842118,0.357,0.0,2.199119,11.0,9.0,0.0,1.0,0.0,0.0
3/17/2026,14:34:06,4152069.99,Left,2.0,11.0,18.0,28.0,28.0,151.0,28.0,56.0,56.0,0.0,154.0,1.842118,0.357,0.0,2.199119,11.0,9.0,0.0,1.0,0.0,0.0
3/17/2026,14:34:06,4152529.18,TONE,8.0,11.0,18.0,28.0,28.0,151.0,28.0,56.0,57.0,0.0,154.0,1.842118,0.357,0.0,2.199119,11.0,9.0,0.0,1.0,0.0,0.0
3/17/2026,14:34:06,4152597.23,LED,7.0,11.0,18.0,28.0,28.0,151.0,28.0,57.0,57.0,0.0,154.0,1.842118,0.357,0.0,2.199119,11.0,9.0,0.0,1.0,0.0,0.0
3/17/2026,14:34:07,4153346.13,Dispensed,3.0,11.0,18.0,29.0,28.0,151.0,28.0,57.0,57.0,0.0,154.0,1.842118,0.357,0.0,2.199119,11.0,9.0,0.0,1.0,0.0,0.0
3/17/2026,14:34:07,4153409.15,TONE,8.0,11.0,18.0,29.0,28.0,151.0,28.0,57.0,58.0,0.0,154.0,1.842118,0.357,0.0,2.199119,11.0,9.0,0.0,1.0,0.0,0.0
3/17/2026,14:34:07,4153477.2,LED,7.0,11.0,18.0,29.0,28.0,151.0,28.0,58.0,58.0,0.0,154.0,1.842118,0.357,0.0,2.199119,11.0,9.0,0.0,1.0,0.0,0.0
3/17/2026,14:34:07,4153835.21,Retrieved,4.0,11.0,18.0,29.0,29.0,151.0,28.0,58.0,58.0,0.0,154.0,1.842118,0.357,0.0,2.199119,11.0,9.0,0.0,1.0,0.0,0.0
3/17/2026,14:35:04,4210117.78,RightWater,5.0,11.0,18.0,29.0,29.0,152.0,28.0,58.0,58.0,0.0,154.0,1.842118,0.357,0.0,2.199119,11.0,9.0,0.0,1.0,0.0,0.0
3/17/2026,14:35:04,4210184.64,WaterDispensed,10.0,11.0,18.0,29.0,29.0,152.0,28.0,58.0,58.0,0.0,155.0,1.856398,0.357,0.0,2.213399,11.0,9.0,0.0,1.0,0.0,0.0
3/17/2026,14:35:04,4210838.36,RightWater,5.0,11.0,18.0,29.0,29.0,153.0,28.0,58.0,58.0,0.0,155.0,1.856398,0.357,0.0,2.213399,11.0,9.0,0.0,1.0,0.0,0.0
3/17/2026,14:35:04,4210905.22,WaterDispensed,10.0,11.0,18.0,29.0,29.0,153.0,28.0,58.0,58.0,0.0,156.0,1.870678,0.357,0.0,2.227679,11.0,9.0,0.0,1.0,0.0,0.0
3/17/2026,14:35:05,4211300.4,RightWater,5.0,11.0,18.0,29.0,29.0,154.0,28.0,58.0,58.0,0.0,156.0,1.870678,0.357,0.0,2.227679,11.0,9.0,0.0,1.0,0.0,0.0
3/17/2026,14:35:05,4211367.26,WaterDispensed,10.0,11.0,18.0,29.0,29.0,154.0,28.0,58.0,58.0,0.0,157.0,1.884958,0.357,0.0,2.241959,11.0,9.0,0.0,1.0,0.0,0.0
3/17/2026,14:35:05,4211438.54,RightWater,5.0,11.0,18.0,29.0,29.0,155.0,28.0,58.0,58.0,0.0,157.0,1.884958,0.357,0.0,2.241959,11.0,9.0,0.0,1.0,0.0,0.0
3/17/2026,14:35:05,4211653.48,RightWater,5.0,11.0,18.0,29.0,29.0,156.0,28.0,58.0,58.0,0.0,157.0,1.884958,0.357,0.0,2.241959,11.0,9.0,0.0,1.0,0.0,0.0
3/17/2026,14:35:05,4211720.34,WaterDispensed,10.0,11.0,18.0,29.0,29.0,156.0,28.0,58.0,58.0,0.0,158.0,1.899238,0.357,0.0,2.256239,11.0,9.0,0.0,1.0,0.0,0.0
3/17/2026,14:35:05,4211880.96,RightWater,5.0,11.0,18.0,29.0,29.0,157.0,28.0,58.0,58.0,0.0,158.0,1.899238,0.357,0.0,2.256239,11.0,9.0,0.0,1.0,0.0,0.0
3/17/2026,14:35:05,4211947.82,WaterDispensed,10.0,11.0,18.0,29.0,29.0,157.0,28.0,58.0,58.0,0.0,159.0,1.913518,0.357,0.0,2.270519,11.0,9.0,0.0,1.0,0.0,0.0
3/17/2026,14:35:06,4212114.68,RightWater,5.0,11.0,18.0,29.0,29.0,158.0,28.0,58.0,58.0,0.0,159.0,1.913518,0.357,0.0,2.270519,11.0,9.0,0.0,1.0,0.0,0.0
3/17/2026,14:35:06,4212181.54,WaterDispensed,10.0,11.0,18.0,29.0,29.0,158.0,28.0,58.0,58.0,0.0,160.0,1.927798,0.357,0.0,2.2848,11.0,9.0,0.0,1.0,0.0,0.0
3/17/2026,14:35:06,4212477.92,RightWater,5.0,11.0,18.0,29.0,29.0,159.0,28.0,58.0,58.0,0.0,161.0,1.942078,0.357,0.0,2.29908,11.0,9.0,0.0,1.0,0.0,0.0
3/17/2026,14:35:06,4212544.78,WaterDispensed,10.0,11.0,18.0,29.0,29.0,159.0,28.0,58.0,58.0,0.0,161.0,1.942078,0.357,0.0,2.29908,11.0,9.0,0.0,1.0,0.0,0.0
3/17/2026,14:35:06,4212839.45,RightWater,5.0,11.0,18.0,29.0,29.0,160.0,28.0,58.0,58.0,0.0,161.0,1.942078,0.357,0.0,2.29908,11.0,9.0,0.0,1.0,0.0,0.0
3/17/2026,14:35:06,4212906.31,WaterDispensed,10.0,11.0,18.0,29.0,29.0,160.0,28.0,58.0,58.0,0.0,162.0,1.956358,0.357,0.0,2.31336,11.0,9.0,0.0,1.0,0.0,0.0
3/17/2026,14:35:07,4213222.41,RightWater,5.0,11.0,18.0,29.0,29.0,161.0,28.0,58.0,58.0,0.0,162.0,1.956358,0.357,0.0,2.31336,11.0,9.0,0.0,1.0,0.0,0.0
3/17/2026,14:35:07,4213289.27,WaterDispensed,10.0,11.0,18.0,29.0,29.0,161.0,28.0,58.0,58.0,0.0,163.0,1.970638,0.357,0.0,2.32764,11.0,9.0,0.0,1.0,0.0,0.0
3/17/2026,14:35:07,4213455.78,RightWater,5.0,11.0,18.0,29.0,29.0,162.0,28.0,58.0,58.0,0.0,163.0,1.970638,0.357,0.0,2.32764,11.0,9.0,0.0,1.0,0.0,0.0
3/17/2026,14:35:07,4213522.64,WaterDispensed,10.0,11.0,18.0,29.0,29.0,162.0,28.0,58.0,58.0,0.0,164.0,1.984918,0.357,0.0,2.34192,11.0,9.0,0.0,1.0,0.0,0.0
3/17/2026,14:35:07,4213843.4,RightWater,5.0,11.0,18.0,29.0,29.0,163.0,28.0,58.0,58.0,0.0,164.0,1.984918,0.357,0.0,2.34192,11.0,9.0,0.0,1.0,0.0,0.0
3/17/2026,14:35:07,4213910.25,WaterDispensed,10.0,11.0,18.0,29.0,29.0,163.0,28.0,58.0,58.0,0.0,165.0,1.999198,0.357,0.0,2.3562,11.0,9.0,0.0,1.0,0.0,0.0
3/17/2026,14:35:08,4214235.43,RightWater,5.0,11.0,18.0,29.0,29.0,164.0,28.0,58.0,58.0,0.0,165.0,1.999198,0.357,0.0,2.3562,11.0,9.0,0.0,1.0,0.0,0.0
3/17/2026,14:35:08,4214302.29,WaterDispensed,10.0,11.0,18.0,29.0,29.0,164.0,28.0,58.0,58.0,0.0,166.0,2.013478,0.357,0.0,2.37048,11.0,9.0,0.0,1.0,0.0,0.0
3/17/2026,14:35:09,4215646.44,RightWater,5.0,11.0,18.0,29.0,29.0,165.0,28.0,58.0,58.0,0.0,166.0,2.013478,0.357,0.0,2.37048,11.0,9.0,0.0,1.0,0.0,0.0
3/17/2026,14:35:09,4215713.3,WaterDispensed,10.0,11.0,18.0,29.0,29.0,165.0,28.0,58.0,58.0,0.0,167.0,2.027758,0.357,0.0,2.38476,11.0,9.0,0.0,1.0,0.0,0.0
3/17/2026,14:35:10,4216059.34,RightWater,5.0,11.0,18.0,29.0,29.0,166.0,28.0,58.0,58.0,0.0,167.0,2.027758,0.357,0.0,2.38476,11.0,9.0,0.0,1.0,0.0,0.0
3/17/2026,14:35:10,4216126.2,WaterDispensed,10.0,11.0,18.0,29.0,29.0,166.0,28.0,58.0,58.0,0.0,168.0,2.042038,0.357,0.0,2.39904,11.0,9.0,0.0,1.0,0.0,0.0
3/17/2026,14:35:12,4218932.23,RightWater,5.0,11.0,18.0,29.0,29.0,167.0,28.0,58.0,58.0,0.0,168.0,2.042038,0.357,0.0,2.39904,11.0,9.0,0.0,1.0,0.0,0.0
3/17/2026,14:35:12,4218999.09,WaterDispensed,10.0,11.0,18.0,29.0,29.0,167.0,28.0,58.0,58.0,0.0,169.0,2.056318,0.357,0.0,2.41332,11.0,9.0,0.0,1.0,0.0,0.0
3/17/2026,14:35:13,4219216.16,RightWater,5.0,11.0,18.0,29.0,29.0,168.0,28.0,58.0,58.0,0.0,169.0,2.056318,0.357,0.0,2.41332,11.0,9.0,0.0,1.0,0.0,0.0
3/17/2026,14:35:13,4219283.02,WaterDispensed,10.0,11.0,18.0,29.0,29.0,168.0,28.0,58.0,58.0,0.0,170.0,2.070598,0.357,0.0,2.4276,11.0,9.0,0.0,1.0,0.0,0.0
3/17/2026,14:35:13,4219760.68,RightWater,5.0,11.0,18.0,29.0,29.0,169.0,28.0,58.0,58.0,0.0,170.0,2.070598,0.357,0.0,2.4276,11.0,9.0,0.0,1.0,0.0,0.0
3/17/2026,14:35:13,4219827.54,WaterDispensed,10.0,11.0,18.0,29.0,29.0,169.0,28.0,58.0,58.0,0.0,171.0,2.084878,0.357,0.0,2.44188,11.0,9.0,0.0,1.0,0.0,0.0
3/17/2026,14:35:14,4220593.84,RightWater,5.0,11.0,18.0,29.0,29.0,170.0,28.0,58.0,58.0,0.0,171.0,2.084878,0.357,0.0,2.44188,11.0,9.0,0.0,1.0,0.0,0.0
3/17/2026,14:35:14,4220660.7,WaterDispensed,10.0,11.0,18.0,29.0,29.0,170.0,28.0,58.0,58.0,0.0,172.0,2.099159,0.357,0.0,2.456161,11.0,9.0,0.0,1.0,0.0,0.0
3/17/2026,14:35:15,4221953.85,RightWater,5.0,11.0,18.0,29.0,29.0,171.0,28.0,58.0,58.0,0.0,172.0,2.099159,0.357,0.0,2.456161,11.0,9.0,0.0,1.0,0.0,0.0
3/17/2026,14:35:16,4222020.71,WaterDispensed,10.0,11.0,18.0,29.0,29.0,171.0,28.0,58.0,58.0,0.0,173.0,2.113439,0.357,0.0,2.470441,11.0,9.0,0.0,1.0,0.0,0.0
3/17/2026,14:35:16,4222091.98,RightWater,5.0,11.0,18.0,29.0,29.0,172.0,28.0,58.0,58.0,0.0,173.0,2.113439,0.357,0.0,2.470441,11.0,9.0,0.0,1.0,0.0,0.0
3/17/2026,14:35:25,4231351.62,RightWater,5.0,11.0,18.0,29.0,29.0,173.0,28.0,58.0,58.0,0.0,173.0,2.113439,0.357,0.0,2.470441,11.0,9.0,0.0,1.0,0.0,0.0
3/17/2026,14:35:25,4231418.48,WaterDispensed,10.0,11.0,18.0,29.0,29.0,173.0,28.0,58.0,58.0,0.0,174.0,2.127719,0.357,0.0,2.484721,11.0,9.0,0.0,1.0,0.0,0.0
3/17/2026,14:35:26,4232025.89,RightWater,5.0,11.0,18.0,29.0,29.0,174.0,28.0,58.0,58.0,0.0,174.0,2.127719,0.357,0.0,2.484721,11.0,9.0,0.0,1.0,0.0,0.0
3/17/2026,14:35:26,4232092.75,WaterDispensed,10.0,11.0,18.0,29.0,29.0,174.0,28.0,58.0,58.0,0.0,175.0,2.141999,0.357,0.0,2.499001,11.0,9.0,0.0,1.0,0.0,0.0
3/17/2026,14:35:26,4232427.9,RightWater,5.0,11.0,18.0,29.0,29.0,175.0,28.0,58.0,58.0,0.0,175.0,2.141999,0.357,0.0,2.499001,11.0,9.0,0.0,1.0,0.0,0.0
3/17/2026,14:35:26,4232494.76,WaterDispensed,10.0,11.0,18.0,29.0,29.0,176.0,28.0,58.0,58.0,0.0,176.0,2.156279,0.357,0.0,2.513281,11.0,9.0,0.0,1.0,0.0,0.0
3/17/2026,14:35:26,4232569.45,RightWater,5.0,11.0,18.0,29.0,29.0,176.0,28.0,58.0,58.0,0.0,176.0,2.156279,0.357,0.0,2.513281,11.0,9.0,0.0,1.0,0.0,0.0
3/17/2026,14:35:27,4233245.15,RightWater,5.0,11.0,18.0,29.0,29.0,177.0,28.0,58.0,58.0,0.0,176.0,2.156279,0.357,0.0,2.513281,11.0,9.0,0.0,1.0,0.0,0.0
3/17/2026,14:35:27,4233312.01,WaterDispensed,10.0,11.0,18.0,29.0,29.0,177.0,28.0,58.0,58.0,0.0,177.0,2.170559,0.357,0.0,2.527561,11.0,9.0,0.0,1.0,0.0,0.0
3/17/2026,14:35:27,4233477.38,RightWater,5.0,11.0,18.0,29.0,29.0,178.0,28.0,58.0,58.0,0.0,177.0,2.170559,0.357,0.0,2.527561,11.0,9.0,0.0,1.0,0.0,0.0
3/17/2026,14:35:27,4233544.24,WaterDispensed,10.0,11.0,18.0,29.0,29.0,178.0,28.0,58.0,58.0,0.0,178.0,2.184839,0.357,0.0,2.541841,11.0,9.0,0.0,1.0,0.0,0.0
3/17/2026,14:35:28,4234122.72,RightWater,5.0,11.0,18.0,29.0,29.0,179.0,28.0,58.0,58.0,0.0,178.0,2.184839,0.357,0.0,2.541841,11.0,9.0,0.0,1.0,0.0,0.0
3/17/2026,14:35:28,4234189.58,WaterDispensed,10.0,11.0,18.0,29.0,29.0,179.0,28.0,58.0,58.0,0.0,179.0,2.199119,0.357,0.0,2.556121,11.0,9.0,0.0,1.0,0.0,0.0
3/17/2026,14:35:28,4234353.75,RightWater,5.0,11.0,18.0,29.0,29.0,180.0,28.0,58.0,58.0,0.0,179.0,2.199119,0.357,0.0,2.556121,11.0,9.0,0.0,1.0,0.0,0.0
3/17/2026,14:35:28,4234420.61,WaterDispensed,10.0,11.0,18.0,29.0,29.0,180.0,28.0,58.0,58.0,0.0,180.0,2.213399,0.357,0.0,2.570401,11.0,9.0,0.0,1.0,0.0,0.0
3/17/2026,14:35:28,4234516.43,RightWater,5.0,11.0,18.0,29.0,29.0,181.0,28.0,58.0,58.0,0.0,180.0,2.213399,0.357,0.0,2.570401,11.0,9.0,0.0,1.0,0.0,0.0
3/17/2026,14:35:29,4235225.59,RightWater,5.0,11.0,18.0,29.0,29.0,182.0,28.0,58.0,58.0,0.0,180.0,2.213399,0.357,0.0,2.570401,11.0,9.0,0.0,1.0,0.0,0.0
3/17/2026,14:35:29,4235292.45,WaterDispensed,10.0,11.0,18.0,29.0,29.0,182.0,28.0,58.0,58.0,0.0,181.0,2.227679,0.357,0.0,2.584681,11.0,9.0,0.0,1.0,0.0,0.0
3/17/2026,14:35:29,4235744.78,RightWater,5.0,11.0,18.0,29.0,29.0,183.0,28.0,58.0,58.0,0.0,181.0,2.227679,0.357,0.0,2.584681,11.0,9.0,0.0,1.0,0.0,0.0
3/17/2026,14:35:29,4235811.64,WaterDispensed,10.0,11.0,18.0,29.0,29.0,183.0,28.0,58.0,58.0,0.0,182.0,2.241959,0.357,0.0,2.598961,11.0,9.0,0.0,1.0,0.0,0.0
3/17/2026,14:35:49,4255862.87,RightWater,5.0,11.0,18.0,29.0,29.0,184.0,28.0,58.0,58.0,0.0,182.0,2.241959,0.357,0.0,2.598961,11.0,9.0,0.0,1.0,0.0,0.0
3/17/2026,14:35:49,4255929.73,WaterDispensed,10.0,11.0,18.0,29.0,29.0,184.0,28.0,58.0,58.0,0.0,183.0,2.256239,0.357,0.0,2.613241,11.0,9.0,0.0,1.0,0.0,0.0
3/17/2026,14:35:50,4256442.26,RightWater,5.0,11.0,18.0,29.0,29.0,185.0,28.0,58.0,58.0,0.0,183.0,2.256239,0.357,0.0,2.613241,11.0,9.0,0.0,1.0,0.0,0.0
3/17/2026,14:35:50,4256509.12,WaterDispensed,10.0,11.0,18.0,29.0,29.0,185.0,28.0,58.0,58.0,0.0,184.0,2.270519,0.357,0.0,2.627522,11.0,9.0,0.0,1.0,0.0,0.0
3/17/2026,14:35:50,4256946.52,RightWater,5.0,11.0,18.0,29.0,29.0,186.0,28.0,58.0,58.0,0.0,184.0,2.270519,0.357,0.0,2.627522,11.0,9.0,0.0,1.0,0.0,0.0
3/17/2026,14:35:51,4257013.38,WaterDispensed,10.0,11.0,18.0,29.0,29.0,186.0,28.0,58.0,58.0,0.0,185.0,2.2848,0.357,0.0,2.641802,11.0,9.0,0.0,1.0,0.0,0.0
3/17/2026,14:35:51,4257084.64,RightWater,5.0,11.0,18.0,29.0,29.0,187.0,28.0,58.0,58.0,0.0,185.0,2.2848,0.357,0.0,2.641802,11.0,9.0,0.0,1.0,0.0,0.0
3/17/2026,14:35:51,4257174.45,RightWater,5.0,11.0,18.0,29.0,29.0,188.0,28.0,58.0,58.0,0.0,185.0,2.2848,0.357,0.0,2.641802,11.0,9.0,0.0,1.0,0.0,0.0
3/17/2026,14:35:51,4257241.31,WaterDispensed,10.0,11.0,18.0,29.0,29.0,188.0,28.0,58.0,58.0,0.0,186.0,2.29908,0.357,0.0,2.656082,11.0,9.0,0.0,1.0,0.0,0.0
3/17/2026,14:35:51,4257951.56,RightWater,5.0,11.0,18.0,29.0,29.0,189.0,28.0,58.0,58.0,0.0,186.0,2.29908,0.357,0.0,2.656082,11.0,9.0,0.0,1.0,0.0,0.0
3/17/2026,14:35:52,4258018.41,WaterDispensed,10.0,11.0,18.0,29.0,29.0,189.0,28.0,58.0,58.0,0.0,187.0,2.31336,0.357,0.0,2.670362,11.0,9.0,0.0,1.0,0.0,0.0
3/17/2026,14:35:52,4258089.68,RightWater,5.0,11.0,18.0,29.0,29.0,190.0,28.0,58.0,58.0,0.0,187.0,2.31336,0.357,0.0,2.670362,11.0,9.0,0.0,1.0,0.0,0.0
3/17/2026,14:35:52,4258183.67,RightWater,5.0,11.0,18.0,29.0,29.0,191.0,28.0,58.0,58.0,0.0,187.0,2.31336,0.357,0.0,2.670362,11.0,9.0,0.0,1.0,0.0,0.0
3/17/2026,14:35:52,4258250.53,WaterDispensed,10.0,11.0,18.0,29.0,29.0,191.0,28.0,58.0,58.0,0.0,188.0,2.32764,0.357,0.0,2.684642,11.0,9.0,0.0,1.0,0.0,0.0
3/17/2026,14:35:52,4258345.93,RightWater,5.0,11.0,18.0,29.0,29.0,192.0,28.0,58.0,58.0,0.0,188.0,2.32764,0.357,0.0,2.684642,11.0,9.0,0.0,1.0,0.0,0.0
3/17/2026,14:35:53,4259581.81,RightWater,5.0,11.0,18.0,29.0,29.0,193.0,28.0,58.0,58.0,0.0,188.0,2.32764,0.357,0.0,2.684642,11.0,9.0,0.0,1.0,0.0,0.0
3/17/2026,14:35:53,4259648.66,WaterDispensed,10.0,11.0,18.0,29.0,29.0,193.0,28.0,58.0,58.0,0.0,189.0,2.34192,0.357,0.0,2.698922,11.0,9.0,0.0,1.0,0.0,0.0
3/17/2026,14:35:53,4259733.41,RightWater,5.0,11.0,18.0,29.0,29.0,194.0,28.0,58.0,58.0,0.0,189.0,2.34192,0.357,0.0,2.698922,11.0,9.0,0.0,1.0,0.0,0.0
3/17/2026,14:35:57,4263094.41,RightWater,5.0,11.0,18.0,29.0,29.0,195.0,28.0,58.0,58.0,0.0,189.0,2.34192,0.357,0.0,2.698922,11.0,9.0,0.0,1.0,0.0,0.0
3/17/2026,14:35:57,4263161.27,WaterDispensed,10.0,11.0,18.0,29.0,29.0,195.0,28.0,58.0,58.0,0.0,190.0,2.3562,0.357,0.0,2.713202,11.0,9.0,0.0,1.0,0.0,0.0
3/17/2026,14:35:57,4263875.97,RightWater,5.0,11.0,18.0,29.0,29.0,196.0,28.0,58.0,58.0,0.0,190.0,2.3562,0.357,0.0,2.713202,11.0,9.0,0.0,1.0,0.0,0.0
3/17/2026,14:35:57,4263942.84,WaterDispensed,10.0,11.0,18.0,29.0,29.0,196.0,28.0,58.0,58.0,0.0,191.0,2.37048,0.357,0.0,2.727482,11.0,9.0,0.0,1.0,0.0,0.0
3/17/2026,14:35:58,4264023.33,RightWater,5.0,11.0,18.0,29.0,29.0,197.0,28.0,58.0,58.0,0.0,191.0,2.37048,0.357,0.0,2.727482,11.0,9.0,0.0,1.0,0.0,0.0
3/17/2026,14:36:04,4270165.71,Right,1.0,12.0,18.0,29.0,29.0,197.0,28.0,58.0,58.0,0.0,191.0,2.37048,0.357,0.0,2.727482,11.0,9.0,0.0,1.0,0.0,0.0
3/17/2026,14:36:04,4270569.36,TONE,8.0,12.0,18.0,29.0,29.0,197.0,28.0,58.0,59.0,0.0,191.0,2.37048,0.357,0.0,2.727482,11.0,9.0,0.0,1.0,0.0,0.0
3/17/2026,14:36:04,4270637.41,LED,7.0,12.0,18.0,29.0,29.0,197.0,28.0,59.0,59.0,0.0,191.0,2.37048,0.357,0.0,2.727482,11.0,9.0,0.0,1.0,0.0,0.0
3/17/2026,14:36:05,4271336.87,Dispensed,3.0,12.0,18.0,30.0,29.0,197.0,28.0,59.0,59.0,0.0,191.0,2.37048,0.357,0.0,2.727482,11.0,9.0,0.0,1.0,0.0,0.0
3/17/2026,14:36:05,4271399.89,TONE,8.0,12.0,18.0,30.0,29.0,197.0,28.0,59.0,60.0,0.0,191.0,2.37048,0.357,0.0,2.727482,11.0,9.0,0.0,1.0,0.0,0.0
3/17/2026,14:36:05,4271467.94,LED,7.0,12.0,18.0,30.0,29.0,197.0,28.0,60.0,60.0,0.0,191.0,2.37048,0.357,0.0,2.727482,11.0,9.0,0.0,1.0,0.0,0.0
3/17/2026,14:36:06,4272064.66,Retrieved,4.0,12.0,18.0,30.0,30.0,197.0,28.0,60.0,60.0,0.0,191.0,2.37048,0.357,0.0,2.727482,11.0,9.0,0.0,1.0,0.0,0.0
3/17/2026,14:36:19,4285358.5,Left,2.0,12.0,19.0,30.0,30.0,197.0,28.0,60.0,60.0,0.0,191.0,2.37048,0.357,0.0,2.727482,11.0,9.0,0.0,1.0,0.0,0.0
3/17/2026,14:36:19,4285887.74,TONE,8.0,12.0,19.0,30.0,30.0,197.0,28.0,60.0,61.0,0.0,191.0,2.37048,0.357,0.0,2.727482,11.0,9.0,0.0,1.0,0.0,0.0
3/17/2026,14:36:19,4285955.8,LED,7.0,12.0,19.0,30.0,30.0,197.0,28.0,61.0,61.0,0.0,191.0,2.37048,0.357,0.0,2.727482,11.0,9.0,0.0,1.0,0.0,0.0
3/17/2026,14:36:20,4286669.89,Dispensed,3.0,12.0,19.0,31.0,30.0,197.0,28.0,61.0,61.0,0.0,191.0,2.37048,0.357,0.0,2.727482,11.0,9.0,0.0,1.0,0.0,0.0
3/17/2026,14:36:20,4286732.9,TONE,8.0,12.0,19.0,31.0,30.0,197.0,28.0,61.0,62.0,0.0,191.0,2.37048,0.357,0.0,2.727482,11.0,9.0,0.0,1.0,0.0,0.0
3/17/2026,14:36:20,4286800.96,LED,7.0,12.0,19.0,31.0,30.0,197.0,28.0,62.0,62.0,0.0,191.0,2.37048,0.357,0.0,2.727482,11.0,9.0,0.0,1.0,0.0,0.0
3/17/2026,14:36:28,4294094.99,LeftWater,6.0,12.0,19.0,31.0,30.0,197.0,29.0,62.0,62.0,0.0,191.0,2.37048,0.357,0.0,2.727482,11.0,9.0,0.0,1.0,0.0,0.0
3/17/2026,14:36:28,4294162.76,WaterDispensed,10.0,12.0,19.0,31.0,30.0,197.0,29.0,62.0,62.0,0.0,192.0,2.37048,0.37128,0.0,2.741762,11.0,9.0,0.0,1.0,0.0,0.0
3/17/2026,14:36:31,4297632.33,LeftWater,6.0,12.0,19.0,31.0,30.0,197.0,30.0,62.0,62.0,0.0,192.0,2.37048,0.37128,0.0,2.741762,11.0,9.0,0.0,1.0,0.0,0.0
3/17/2026,14:36:31,4297700.11,WaterDispensed,10.0,12.0,19.0,31.0,30.0,197.0,30.0,62.0,62.0,0.0,193.0,2.37048,0.38556,0.0,2.756042,11.0,9.0,0.0,1.0,0.0,0.0
3/17/2026,14:36:35,4301931.29,LeftWater,6.0,12.0,19.0,31.0,30.0,197.0,31.0,62.0,62.0,0.0,193.0,2.37048,0.38556,0.0,2.756042,11.0,9.0,0.0,1.0,0.0,0.0
3/17/2026,14:36:35,4301999.07,WaterDispensed,10.0,12.0,19.0,31.0,30.0,197.0,31.0,62.0,62.0,0.0,194.0,2.37048,0.39984,0.0,2.770322,11.0,9.0,0.0,1.0,0.0,0.0
3/17/2026,14:36:55,4321392.02,LeftWater,6.0,12.0,19.0,31.0,30.0,197.0,32.0,62.0,62.0,0.0,194.0,2.37048,0.39984,0.0,2.770322,11.0,9.0,0.0,1.0,0.0,0.0
3/17/2026,14:36:55,4321459.79,WaterDispensed,10.0,12.0,19.0,31.0,30.0,197.0,32.0,62.0,62.0,0.0,195.0,2.37048,0.41412,0.0,2.784602,11.0,9.0,0.0,1.0,0.0,0.0
3/17/2026,14:36:58,4324245.4,LeftWater,6.0,12.0,19.0,31.0,30.0,197.0,33.0,62.0,62.0,0.0,195.0,2.37048,0.41412,0.0,2.784602,11.0,9.0,0.0,1.0,0.0,0.0
3/17/2026,14:36:58,4324313.17,WaterDispensed,10.0,12.0,19.0,31.0,30.0,197.0,33.0,62.0,62.0,0.0,196.0,2.37048,0.4284,0.0,2.798882,11.0,9.0,0.0,1.0,0.0,0.0
3/17/2026,14:36:58,4324433.59,LeftWater,6.0,12.0,19.0,31.0,30.0,197.0,34.0,62.0,62.0,0.0,196.0,2.37048,0.4284,0.0,2.798882,11.0,9.0,0.0,1.0,0.0,0.0
3/17/2026,14:37:22,4348563.61,LeftWater,6.0,12.0,19.0,31.0,30.0,197.0,35.0,62.0,62.0,0.0,196.0,2.37048,0.4284,0.0,2.798882,11.0,9.0,0.0,1.0,0.0,0.0
3/17/2026,14:37:22,4348631.39,WaterDispensed,10.0,12.0,19.0,31.0,30.0,197.0,35.0,62.0,62.0,0.0,197.0,2.37048,0.44268,0.0,2.813163,11.0,9.0,0.0,1.0,0.0,0.0
3/17/2026,14:37:42,4368666.09,RightWater,5.0,12.0,19.0,31.0,30.0,198.0,35.0,62.0,62.0,0.0,197.0,2.37048,0.44268,0.0,2.813163,11.0,9.0,0.0,1.0,0.0,0.0
3/17/2026,14:37:42,4368732.95,WaterDispensed,10.0,12.0,19.0,31.0,30.0,198.0,35.0,62.0,62.0,0.0,198.0,2.38476,0.44268,0.0,2.827443,11.0,9.0,0.0,1.0,0.0,0.0
3/17/2026,14:37:43,4369612.13,RightWater,5.0,12.0,19.0,31.0,30.0,199.0,35.0,62.0,62.0,0.0,198.0,2.38476,0.44268,0.0,2.827443,11.0,9.0,0.0,1.0,0.0,0.0
3/17/2026,14:37:43,4369678.99,WaterDispensed,10.0,12.0,19.0,31.0,30.0,199.0,35.0,62.0,62.0,0.0,199.0,2.39904,0.44268,0.0,2.841723,11.0,9.0,0.0,1.0,0.0,0.0
3/17/2026,14:39:30,4476572.48,LeftWater,6.0,12.0,19.0,31.0,30.0,199.0,36.0,62.0,62.0,0.0,199.0,2.39904,0.44268,0.0,2.841723,11.0,9.0,0.0,1.0,0.0,0.0
3/17/2026,14:39:30,4476640.25,WaterDispensed,10.0,12.0,19.0,31.0,30.0,199.0,36.0,62.0,62.0,0.0,200.0,2.39904,0.45696,0.0,2.856003,11.0,9.0,0.0,1.0,0.0,0.0
3/17/2026,14:39:32,4478157.06,LeftWater,6.0,12.0,19.0,31.0,30.0,199.0,37.0,62.0,62.0,0.0,200.0,2.39904,0.45696,0.0,2.856003,11.0,9.0,0.0,1.0,0.0,0.0
3/17/2026,14:39:32,4478224.83,WaterDispensed,10.0,12.0,19.0,31.0,30.0,199.0,37.0,62.0,62.0,0.0,201.0,2.39904,0.47124,0.0,2.870283,11.0,9.0,0.0,1.0,0.0,0.0
3/17/2026,14:39:37,4483356.07,LeftWater,6.0,12.0,19.0,31.0,30.0,199.0,38.0,62.0,62.0,0.0,201.0,2.39904,0.47124,0.0,2.870283,11.0,9.0,0.0,1.0,0.0,0.0
3/17/2026,14:39:37,4483423.85,WaterDispensed,10.0,12.0,19.0,31.0,30.0,199.0,38.0,62.0,62.0,0.0,202.0,2.39904,0.48552,0.0,2.884563,11.0,9.0,0.0,1.0,0.0,0.0
3/17/2026,14:39:38,4484860.45,LeftWater,6.0,12.0,19.0,31.0,30.0,199.0,39.0,62.0,62.0,0.0,202.0,2.39904,0.48552,0.0,2.884563,11.0,9.0,0.0,1.0,0.0,0.0
3/17/2026,14:39:38,4484928.23,WaterDispensed,10.0,12.0,19.0,31.0,30.0,199.0,39.0,62.0,62.0,0.0,203.0,2.39904,0.4998,0.0,2.898843,11.0,9.0,0.0,1.0,0.0,0.0
3/17/2026,14:49:10,5056814.94,LeftWithPellet,12.0,12.0,19.0,31.0,30.0,199.0,39.0,62.0,62.0,0.0,203.0,2.39904,0.4998,0.0,2.898843,11.0,10.0,0.0,1.0,0.0,0.0
3/17/2026,14:50:12,5118019.92,LeftWater,6.0,12.0,19.0,31.0,30.0,199.0,40.0,62.0,62.0,0.0,203.0,2.39904,0.4998,0.0,2.898843,11.0,10.0,0.0,1.0,0.0,0.0
3/17/2026,14:50:12,5118087.71,WaterDispensed,10.0,12.0,19.0,31.0,30.0,199.0,40.0,62.0,62.0,0.0,204.0,2.39904,0.51408,0.0,2.913123,11.0,10.0,0.0,1.0,0.0,0.0
3/17/2026,14:50:19,5125049.95,RightWater,5.0,12.0,19.0,31.0,30.0,200.0,40.0,62.0,62.0,0.0,204.0,2.39904,0.51408,0.0,2.913123,11.0,10.0,0.0,1.0,0.0,0.0
3/17/2026,14:50:19,5125116.81,WaterDispensed,10.0,12.0,19.0,31.0,30.0,200.0,40.0,62.0,62.0,0.0,205.0,2.41332,0.51408,0.0,2.927403,11.0,10.0,0.0,1.0,0.0,0.0
3/17/2026,14:50:19,5125208.14,RightWater,5.0,12.0,19.0,31.0,30.0,201.0,40.0,62.0,62.0,0.0,205.0,2.41332,0.51408,0.0,2.927403,11.0,10.0,0.0,1.0,0.0,0.0
3/17/2026,14:50:50,5156620.56,LeftWater,6.0,12.0,19.0,31.0,30.0,201.0,41.0,62.0,62.0,0.0,205.0,2.41332,0.51408,0.0,2.927403,11.0,10.0,0.0,1.0,0.0,0.0
3/17/2026,14:50:50,5156688.35,WaterDispensed,10.0,12.0,19.0,31.0,30.0,201.0,41.0,62.0,62.0,0.0,206.0,2.41332,0.52836,0.0,2.941683,11.0,10.0,0.0,1.0,0.0,0.0
3/17/2026,14:50:59,5165594.5,LeftWithPellet,12.0,12.0,19.0,31.0,30.0,201.0,41.0,62.0,62.0,0.0,206.0,2.41332,0.52836,0.0,2.941683,11.0,11.0,0.0,1.0,0.0,0.0
3/17/2026,14:51:04,5170400.32,LeftWithPellet,12.0,12.0,19.0,31.0,30.0,201.0,41.0,62.0,62.0,0.0,206.0,2.41332,0.52836,0.0,2.941683,11.0,12.0,0.0,1.0,0.0,0.0
3/17/2026,14:51:06,5172950.91,RightWithPellet,11.0,12.0,19.0,31.0,30.0,201.0,41.0,62.0,62.0,0.0,206.0,2.41332,0.52836,0.0,2.941683,12.0,12.0,0.0,1.0,0.0,0.0
3/17/2026,14:51:14,5180299.13,RightWithPellet,11.0,12.0,19.0,31.0,30.0,201.0,41.0,62.0,62.0,0.0,206.0,2.41332,0.52836,0.0,2.941683,13.0,12.0,0.0,1.0,0.0,0.0
3/17/2026,14:51:17,5183154.04,LeftWithPellet,12.0,12.0,19.0,31.0,30.0,201.0,41.0,62.0,62.0,0.0,206.0,2.41332,0.52836,0.0,2.941683,13.0,13.0,0.0,1.0,0.0,0.0
3/17/2026,14:51:22,5188727.63,LeftWithPellet,12.0,12.0,19.0,31.0,30.0,201.0,41.0,62.0,62.0,0.0,206.0,2.41332,0.52836,0.0,2.941683,13.0,14.0,0.0,1.0,0.0,0.0
3/17/2026,14:51:29,5195310.58,Retrieved,4.0,12.0,19.0,31.0,31.0,201.0,41.0,62.0,62.0,0.0,206.0,2.41332,0.52836,0.0,2.941683,13.0,14.0,0.0,1.0,0.0,0.0
3/17/2026,14:51:53,5219901.51,Right,1.0,13.0,19.0,31.0,31.0,201.0,41.0,62.0,62.0,0.0,206.0,2.41332,0.52836,0.0,2.941683,13.0,14.0,0.0,1.0,0.0,0.0
3/17/2026,14:51:54,5220306.9,TONE,8.0,13.0,19.0,31.0,31.0,201.0,41.0,62.0,63.0,0.0,206.0,2.41332,0.52836,0.0,2.941683,13.0,14.0,0.0,1.0,0.0,0.0
3/17/2026,14:51:54,5220374.96,LED,7.0,13.0,19.0,31.0,31.0,201.0,41.0,63.0,63.0,0.0,206.0,2.41332,0.52836,0.0,2.941683,13.0,14.0,0.0,1.0,0.0,0.0
3/17/2026,14:51:55,5221124.05,Dispensed,3.0,13.0,19.0,32.0,31.0,201.0,41.0,63.0,63.0,0.0,206.0,2.41332,0.52836,0.0,2.941683,13.0,14.0,0.0,1.0,0.0,0.0
3/17/2026,14:51:55,5221187.07,TONE,8.0,13.0,19.0,32.0,31.0,201.0,41.0,63.0,64.0,0.0,206.0,2.41332,0.52836,0.0,2.941683,13.0,14.0,0.0,1.0,0.0,0.0
3/17/2026,14:51:55,5221255.12,LED,7.0,13.0,19.0,32.0,31.0,201.0,41.0,64.0,64.0,0.0,206.0,2.41332,0.52836,0.0,2.941683,13.0,14.0,0.0,1.0,0.0,0.0
3/17/2026,14:51:56,5222149.82,Retrieved,4.0,13.0,19.0,32.0,32.0,201.0,41.0,64.0,64.0,0.0,206.0,2.41332,0.52836,0.0,2.941683,13.0,14.0,0.0,1.0,0.0,0.0
3/17/2026,14:53:02,5288449.67,Left,2.0,13.0,20.0,32.0,32.0,201.0,41.0,64.0,64.0,0.0,206.0,2.41332,0.52836,0.0,2.941683,13.0,14.0,0.0,1.0,0.0,0.0
3/17/2026,14:53:03,5289057.6,TONE,8.0,13.0,20.0,32.0,32.0,201.0,41.0,64.0,65.0,0.0,206.0,2.41332,0.52836,0.0,2.941683,13.0,14.0,0.0,1.0,0.0,0.0
3/17/2026,14:53:03,5289125.66,LED,7.0,13.0,20.0,32.0,32.0,201.0,41.0,65.0,65.0,0.0,206.0,2.41332,0.52836,0.0,2.941683,13.0,14.0,0.0,1.0,0.0,0.0
3/17/2026,14:53:03,5289811.36,Dispensed,3.0,13.0,20.0,33.0,32.0,201.0,41.0,65.0,65.0,0.0,206.0,2.41332,0.52836,0.0,2.941683,13.0,14.0,0.0,1.0,0.0,0.0
3/17/2026,14:53:03,5289874.37,TONE,8.0,13.0,20.0,33.0,32.0,201.0,41.0,65.0,66.0,0.0,206.0,2.41332,0.52836,0.0,2.941683,13.0,14.0,0.0,1.0,0.0,0.0
3/17/2026,14:53:03,5289942.43,LED,7.0,13.0,20.0,33.0,32.0,201.0,41.0,66.0,66.0,0.0,206.0,2.41332,0.52836,0.0,2.941683,13.0,14.0,0.0,1.0,0.0,0.0
3/17/2026,14:53:07,5293474.03,Retrieved,4.0,13.0,20.0,33.0,33.0,201.0,41.0,66.0,66.0,0.0,206.0,2.41332,0.52836,0.0,2.941683,13.0,14.0,0.0,1.0,0.0,0.0
3/17/2026,14:53:40,5326982.2,LeftWater,6.0,13.0,20.0,33.0,33.0,201.0,42.0,66.0,66.0,0.0,206.0,2.41332,0.52836,0.0,2.941683,13.0,14.0,0.0,1.0,0.0,0.0
3/17/2026,14:53:41,5327049.99,WaterDispensed,10.0,13.0,20.0,33.0,33.0,201.0,42.0,66.0,66.0,0.0,207.0,2.41332,0.54264,0.0,2.955963,13.0,14.0,0.0,1.0,0.0,0.0
3/17/2026,14:53:49,5335257.14,LeftWater,6.0,13.0,20.0,33.0,33.0,201.0,43.0,66.0,66.0,0.0,207.0,2.41332,0.54264,0.0,2.955963,13.0,14.0,0.0,1.0,0.0,0.0
3/17/2026,14:53:49,5335324.92,WaterDispensed,10.0,13.0,20.0,33.0,33.0,201.0,43.0,66.0,66.0,0.0,208.0,2.41332,0.55692,0.0,2.970243,13.0,14.0,0.0,1.0,0.0,0.0
3/17/2026,14:53:52,5338784.28,LeftWater,6.0,13.0,20.0,33.0,33.0,201.0,44.0,66.0,66.0,0.0,208.0,2.41332,0.55692,0.0,2.970243,13.0,14.0,0.0,1.0,0.0,0.0
3/17/2026,14:53:52,5338852.07,WaterDispensed,10.0,13.0,20.0,33.0,33.0,201.0,44.0,66.0,66.0,0.0,209.0,2.41332,0.5712,0.0,2.984524,13.0,14.0,0.0,1.0,0.0,0.0
3/17/2026,14:54:11,5357311.61,RightWater,5.0,13.0,20.0,33.0,33.0,202.0,44.0,66.0,66.0,0.0,209.0,2.41332,0.5712,0.0,2.984524,13.0,14.0,0.0,1.0,0.0,0.0
3/17/2026,14:54:11,5357378.48,WaterDispensed,10.0,13.0,20.0,33.0,33.0,202.0,44.0,66.0,66.0,0.0,210.0,2.4276,0.5712,0.0,2.998804,13.0,14.0,0.0,1.0,0.0,0.0
3/17/2026,14:54:21,5367894.1,LeftWater,6.0,13.0,20.0,33.0,33.0,202.0,45.0,66.0,66.0,0.0,210.0,2.4276,0.5712,0.0,2.998804,13.0,14.0,0.0,1.0,0.0,0.0
3/17/2026,14:54:21,5367961.88,WaterDispensed,10.0,13.0,20.0,33.0,33.0,202.0,45.0,66.0,66.0,0.0,211.0,2.4276,0.58548,0.0,3.013084,13.0,14.0,0.0,1.0,0.0,0.0
3/17/2026,14:54:29,5375687.8,LeftWater,6.0,13.0,20.0,33.0,33.0,202.0,46.0,66.0,66.0,0.0,211.0,2.4276,0.58548,0.0,3.013084,13.0,14.0,0.0,1.0,0.0,0.0
3/17/2026,14:54:29,5375755.59,WaterDispensed,10.0,13.0,20.0,33.0,33.0,202.0,46.0,66.0,66.0,0.0,212.0,2.4276,0.59976,0.0,3.027364,13.0,14.0,0.0,1.0,0.0,0.0
3/17/2026,14:54:29,5375968.55,LeftWater,6.0,13.0,20.0,33.0,33.0,202.0,47.0,66.0,66.0,0.0,212.0,2.4276,0.59976,0.0,3.027364,13.0,14.0,0.0,1.0,0.0,0.0
3/17/2026,14:54:30,5376036.32,WaterDispensed,10.0,13.0,20.0,33.0,33.0,202.0,47.0,66.0,66.0,0.0,213.0,2.4276,0.61404,0.0,3.041644,13.0,14.0,0.0,1.0,0.0,0.0
3/17/2026,14:54:30,5376824.2,LeftWater,6.0,13.0,20.0,33.0,33.0,202.0,48.0,66.0,66.0,0.0,213.0,2.4276,0.61404,0.0,3.041644,13.0,14.0,0.0,1.0,0.0,0.0
3/17/2026,14:54:30,5376891.98,WaterDispensed,10.0,13.0,20.0,33.0,33.0,202.0,48.0,66.0,66.0,0.0,214.0,2.4276,0.62832,0.0,3.055924,13.0,14.0,0.0,1.0,0.0,0.0
3/17/2026,14:54:57,5403613.72,Left,2.0,13.0,21.0,33.0,33.0,202.0,48.0,66.0,66.0,0.0,214.0,2.4276,0.62832,0.0,3.055924,13.0,14.0,0.0,1.0,0.0,0.0
3/17/2026,14:54:58,5404777.08,TONE,8.0,13.0,21.0,33.0,33.0,202.0,48.0,66.0,67.0,0.0,214.0,2.4276,0.62832,0.0,3.055924,13.0,14.0,0.0,1.0,0.0,0.0
3/17/2026,14:54:58,5404845.13,LED,7.0,13.0,21.0,33.0,33.0,202.0,48.0,67.0,67.0,0.0,214.0,2.4276,0.62832,0.0,3.055924,13.0,14.0,0.0,1.0,0.0,0.0
3/17/2026,14:54:59,5405569.42,Dispensed,3.0,13.0,21.0,34.0,33.0,202.0,48.0,67.0,68.0,0.0,214.0,2.4276,0.62832,0.0,3.055924,13.0,14.0,0.0,1.0,0.0,0.0
3/17/2026,14:54:59,5405632.44,TONE,8.0,13.0,21.0,34.0,33.0,202.0,48.0,67.0,68.0,0.0,214.0,2.4276,0.62832,0.0,3.055924,13.0,14.0,0.0,1.0,0.0,0.0
3/17/2026,14:54:59,5405700.49,LED,7.0,13.0,21.0,34.0,33.0,202.0,48.0,68.0,68.0,0.0,214.0,2.4276,0.62832,0.0,3.055924,13.0,14.0,0.0,1.0,0.0,0.0
3/17/2026,14:55:00,5406177.8,Retrieved,4.0,13.0,21.0,34.0,34.0,202.0,48.0,68.0,68.0,0.0,214.0,2.4276,0.62832,0.0,3.055924,13.0,14.0,0.0,1.0,0.0,0.0
3/17/2026,14:59:19,5665162.21,LeftWater,6.0,13.0,21.0,34.0,34.0,202.0,49.0,68.0,68.0,0.0,214.0,2.4276,0.62832,0.0,3.055924,13.0,14.0,0.0,1.0,0.0,0.0
3/17/2026,14:59:19,5665229.99,WaterDispensed,10.0,13.0,21.0,34.0,34.0,202.0,49.0,68.0,68.0,0.0,215.0,2.4276,0.6426,0.0,3.070204,13.0,14.0,0.0,1.0,0.0,0.0
3/17/2026,14:59:19,5665373.59,LeftWater,6.0,13.0,21.0,34.0,34.0,202.0,50.0,68.0,68.0,0.0,215.0,2.4276,0.6426,0.0,3.070204,13.0,14.0,0.0,1.0,0.0,0.0
3/17/2026,14:59:19,5665441.38,WaterDispensed,10.0,13.0,21.0,34.0,34.0,202.0,50.0,68.0,68.0,0.0,216.0,2.4276,0.65688,0.0,3.084484,13.0,14.0,0.0,1.0,0.0,0.0
3/17/2026,14:59:35,5681122.04,LeftWater,6.0,13.0,21.0,34.0,34.0,202.0,51.0,68.0,68.0,0.0,216.0,2.4276,0.65688,0.0,3.084484,13.0,14.0,0.0,1.0,0.0,0.0
3/17/2026,14:59:35,5681189.82,WaterDispensed,10.0,13.0,21.0,34.0,34.0,202.0,51.0,68.0,68.0,0.0,217.0,2.4276,0.67116,0.0,3.098764,13.0,14.0,0.0,1.0,0.0,0.0
3/17/2026,14:59:50,5696432.29,LeftWater,6.0,13.0,21.0,34.0,34.0,202.0,52.0,68.0,68.0,0.0,217.0,2.4276,0.67116,0.0,3.098764,13.0,14.0,0.0,1.0,0.0,0.0
3/17/2026,14:59:50,5696500.08,WaterDispensed,10.0,13.0,21.0,34.0,34.0,202.0,52.0,68.0,68.0,0.0,218.0,2.4276,0.68544,0.0,3.113044,13.0,14.0,0.0,1.0,0.0,0.0
3/17/2026,14:59:51,5697697.41,LeftWater,6.0,13.0,21.0,34.0,34.0,202.0,53.0,68.0,68.0,0.0,218.0,2.4276,0.68544,0.0,3.113044,13.0,14.0,0.0,1.0,0.0,0.0
3/17/2026,14:59:51,5697765.2,WaterDispensed,10.0,13.0,21.0,34.0,34.0,202.0,53.0,68.0,68.0,0.0,219.0,2.4276,0.69972,0.0,3.127324,13.0,14.0,0.0,1.0,0.0,0.0
3/17/2026,14:59:52,5698229.6,LeftWater,6.0,13.0,21.0,34.0,34.0,202.0,54.0,68.0,68.0,0.0,219.0,2.4276,0.69972,0.0,3.127324,13.0,14.0,0.0,1.0,0.0,0.0
3/17/2026,14:59:52,5698297.39,WaterDispensed,10.0,13.0,21.0,34.0,34.0,202.0,54.0,68.0,68.0,0.0,220.0,2.4276,0.714,0.0,3.141604,13.0,14.0,0.0,1.0,0.0,0.0
3/17/2026,15:00:23,5729613.3,LeftWater,6.0,13.0,21.0,34.0,34.0,202.0,55.0,68.0,68.0,0.0,220.0,2.4276,0.714,0.0,3.141604,13.0,14.0,0.0,1.0,0.0,0.0
3/17/2026,15:00:23,5729681.08,WaterDispensed,10.0,13.0,21.0,34.0,34.0,202.0,55.0,68.0,68.0,0.0,221.0,2.4276,0.72828,0.0,3.155885,13.0,14.0,0.0,1.0,0.0,0.0
3/17/2026,15:00:25,5731260.59,LeftWater,6.0,13.0,21.0,34.0,34.0,202.0,56.0,68.0,68.0,0.0,221.0,2.4276,0.72828,0.0,3.155885,13.0,14.0,0.0,1.0,0.0,0.0
3/17/2026,15:00:25,5731328.37,WaterDispensed,10.0,13.0,21.0,34.0,34.0,202.0,56.0,68.0,68.0,0.0,222.0,2.4276,0.74256,0.0,3.170165,13.0,14.0,0.0,1.0,0.0,0.0
3/17/2026,15:00:25,5731431.95,LeftWater,6.0,13.0,21.0,34.0,34.0,202.0,57.0,68.0,68.0,0.0,222.0,2.4276,0.74256,0.0,3.170165,13.0,14.0,0.0,1.0,0.0,0.0
3/17/2026,15:01:49,5815547.17,LeftWater,6.0,13.0,21.0,34.0,34.0,202.0,58.0,68.0,68.0,0.0,223.0,2.4276,0.75684,0.0,3.184445,13.0,14.0,0.0,1.0,0.0,0.0
3/17/2026,15:01:49,5815614.95,WaterDispensed,10.0,13.0,21.0,34.0,34.0,202.0,58.0,68.0,68.0,0.0,223.0,2.4276,0.75684,0.0,3.184445,13.0,14.0,0.0,1.0,0.0,0.0
3/17/2026,15:03:58,5944753.07,Right,1.0,14.0,21.0,34.0,34.0,202.0,58.0,68.0,68.0,0.0,223.0,2.4276,0.75684,0.0,3.184445,13.0,14.0,0.0,1.0,0.0,0.0
3/17/2026,15:03:59,5945286.83,TONE,8.0,14.0,21.0,34.0,34.0,202.0,58.0,68.0,69.0,0.0,223.0,2.4276,0.75684,0.0,3.184445,13.0,14.0,0.0,1.0,0.0,0.0
3/17/2026,15:03:59,5945354.88,LED,7.0,14.0,21.0,34.0,34.0,202.0,58.0,69.0,69.0,0.0,223.0,2.4276,0.75684,0.0,3.184445,13.0,14.0,0.0,1.0,0.0,0.0
3/17/2026,15:04:00,5946084.57,Dispensed,3.0,14.0,21.0,35.0,34.0,202.0,58.0,69.0,69.0,0.0,223.0,2.4276,0.75684,0.0,3.184445,13.0,14.0,0.0,1.0,0.0,0.0
3/17/2026,15:04:00,5946147.59,TONE,8.0,14.0,21.0,35.0,34.0,202.0,58.0,69.0,70.0,0.0,223.0,2.4276,0.75684,0.0,3.184445,13.0,14.0,0.0,1.0,0.0,0.0
3/17/2026,15:04:00,5946215.65,LED,7.0,14.0,21.0,35.0,34.0,202.0,58.0,70.0,70.0,0.0,223.0,2.4276,0.75684,0.0,3.184445,13.0,14.0,0.0,1.0,0.0,0.0
3/17/2026,15:06:02,6068092.43,RightWater,5.0,14.0,21.0,35.0,34.0,203.0,58.0,70.0,70.0,0.0,223.0,2.4276,0.75684,0.0,3.184445,13.0,14.0,0.0,1.0,0.0,0.0
3/17/2026,15:06:02,6068159.29,WaterDispensed,10.0,14.0,21.0,35.0,34.0,203.0,58.0,70.0,70.0,0.0,224.0,2.44188,0.75684,0.0,3.198725,13.0,14.0,0.0,1.0,0.0,0.0
3/17/2026,15:06:06,6072176.1,RightWater,5.0,14.0,21.0,35.0,34.0,204.0,58.0,70.0,70.0,0.0,224.0,2.44188,0.75684,0.0,3.198725,13.0,14.0,0.0,1.0,0.0,0.0
3/17/2026,15:06:06,6072242.96,WaterDispensed,10.0,14.0,21.0,35.0,34.0,204.0,58.0,70.0,70.0,0.0,225.0,2.456161,0.75684,0.0,3.213005,13.0,14.0,0.0,1.0,0.0,0.0
3/17/2026,15:06:08,6074293.65,RightWater,5.0,14.0,21.0,35.0,34.0,205.0,58.0,70.0,70.0,0.0,225.0,2.456161,0.75684,0.0,3.213005,13.0,14.0,0.0,1.0,0.0,0.0
3/17/2026,15:06:08,6074360.51,WaterDispensed,10.0,14.0,21.0,35.0,34.0,205.0,58.0,70.0,70.0,0.0,226.0,2.470441,0.75684,0.0,3.227285,13.0,14.0,0.0,1.0,0.0,0.0
3/17/2026,15:06:08,6074564.15,RightWater,5.0,14.0,21.0,35.0,34.0,206.0,58.0,70.0,70.0,0.0,227.0,2.484721,0.75684,0.0,3.241565,13.0,14.0,0.0,1.0,0.0,0.0
3/17/2026,15:06:08,6074631.0,WaterDispensed,10.0,14.0,21.0,35.0,34.0,206.0,58.0,70.0,70.0,0.0,227.0,2.484721,0.75684,0.0,3.241565,13.0,14.0,0.0,1.0,0.0,0.0
3/17/2026,15:06:08,6074829.49,RightWater,5.0,14.0,21.0,35.0,34.0,207.0,58.0,70.0,70.0,0.0,227.0,2.484721,0.75684,0.0,3.241565,13.0,14.0,0.0,1.0,0.0,0.0
3/17/2026,15:06:08,6074896.35,WaterDispensed,10.0,14.0,21.0,35.0,34.0,207.0,58.0,70.0,70.0,0.0,228.0,2.499001,0.75684,0.0,3.255845,13.0,14.0,0.0,1.0,0.0,0.0
3/17/2026,15:06:09,6075530.44,RightWater,5.0,14.0,21.0,35.0,34.0,208.0,58.0,70.0,70.0,0.0,228.0,2.499001,0.75684,0.0,3.255845,13.0,14.0,0.0,1.0,0.0,0.0
3/17/2026,15:06:09,6075597.3,WaterDispensed,10.0,14.0,21.0,35.0,34.0,208.0,58.0,70.0,70.0,0.0,229.0,2.513281,0.75684,0.0,3.270125,13.0,14.0,0.0,1.0,0.0,0.0
3/17/2026,15:06:09,6075935.81,RightWater,5.0,14.0,21.0,35.0,34.0,209.0,58.0,70.0,70.0,0.0,229.0,2.513281,0.75684,0.0,3.270125,13.0,14.0,0.0,1.0,0.0,0.0
3/17/2026,15:06:09,6076002.68,WaterDispensed,10.0,14.0,21.0,35.0,34.0,209.0,58.0,70.0,70.0,0.0,230.0,2.527561,0.75684,0.0,3.284405,13.0,14.0,0.0,1.0,0.0,0.0
3/17/2026,15:07:47,6173367.67,RightWater,5.0,14.0,21.0,35.0,34.0,210.0,58.0,70.0,70.0,0.0,230.0,2.527561,0.75684,0.0,3.284405,13.0,14.0,0.0,1.0,0.0,0.0
3/17/2026,15:07:47,6173434.53,WaterDispensed,10.0,14.0,21.0,35.0,34.0,210.0,58.0,70.0,70.0,0.0,231.0,2.541841,0.75684,0.0,3.298685,13.0,14.0,0.0,1.0,0.0,0.0
3/17/2026,15:08:22,6208324.22,RightWater,5.0,14.0,21.0,35.0,34.0,211.0,58.0,70.0,70.0,0.0,231.0,2.541841,0.75684,0.0,3.298685,13.0,14.0,0.0,1.0,0.0,0.0
3/17/2026,15:08:22,6208391.08,WaterDispensed,10.0,14.0,21.0,35.0,34.0,211.0,58.0,70.0,70.0,0.0,232.0,2.556121,0.75684,0.0,3.312965,13.0,14.0,0.0,1.0,0.0,0.0
3/17/2026,15:08:41,6227896.49,RightWithPellet,11.0,14.0,21.0,35.0,34.0,211.0,58.0,70.0,70.0,0.0,232.0,2.556121,0.75684,0.0,3.312965,14.0,14.0,0.0,1.0,0.0,0.0
3/17/2026,15:08:50,6236379.95,RightWithPellet,11.0,14.0,21.0,35.0,34.0,211.0,58.0,70.0,70.0,0.0,232.0,2.556121,0.75684,0.0,3.312965,15.0,14.0,0.0,1.0,0.0,0.0
3/17/2026,15:08:54,6240186.58,Retrieved,4.0,14.0,21.0,35.0,35.0,211.0,58.0,70.0,70.0,0.0,232.0,2.556121,0.75684,0.0,3.312965,15.0,14.0,0.0,1.0,0.0,0.0
3/17/2026,15:09:03,6249721.16,Right,1.0,15.0,21.0,35.0,35.0,211.0,58.0,70.0,70.0,0.0,232.0,2.556121,0.75684,0.0,3.312965,15.0,14.0,0.0,1.0,0.0,0.0
3/17/2026,15:09:04,6250828.63,TONE,8.0,15.0,21.0,35.0,35.0,211.0,58.0,70.0,71.0,0.0,232.0,2.556121,0.75684,0.0,3.312965,15.0,14.0,0.0,1.0,0.0,0.0
3/17/2026,15:09:04,6250896.68,LED,7.0,15.0,21.0,35.0,35.0,211.0,58.0,71.0,71.0,0.0,232.0,2.556121,0.75684,0.0,3.312965,15.0,14.0,0.0,1.0,0.0,0.0
3/17/2026,15:09:05,6251589.11,Dispensed,3.0,15.0,21.0,36.0,35.0,211.0,58.0,71.0,72.0,0.0,232.0,2.556121,0.75684,0.0,3.312965,15.0,14.0,0.0,1.0,0.0,0.0
3/17/2026,15:09:05,6251652.13,TONE,8.0,15.0,21.0,36.0,35.0,211.0,58.0,71.0,72.0,0.0,232.0,2.556121,0.75684,0.0,3.312965,15.0,14.0,0.0,1.0,0.0,0.0
3/17/2026,15:09:05,6251720.19,LED,7.0,15.0,21.0,36.0,35.0,211.0,58.0,72.0,72.0,0.0,232.0,2.556121,0.75684,0.0,3.312965,15.0,14.0,0.0,1.0,0.0,0.0
3/17/2026,15:09:06,6252197.49,Retrieved,4.0,15.0,21.0,36.0,36.0,211.0,58.0,72.0,72.0,0.0,232.0,2.556121,0.75684,0.0,3.312965,15.0,14.0,0.0,1.0,0.0,0.0
3/17/2026,15:09:42,6288434.2,Left,2.0,15.0,22.0,36.0,36.0,211.0,58.0,72.0,72.0,0.0,232.0,2.556121,0.75684,0.0,3.312965,15.0,14.0,0.0,1.0,0.0,0.0
3/17/2026,15:09:43,6289214.34,TONE,8.0,15.0,22.0,36.0,36.0,211.0,58.0,72.0,73.0,0.0,232.0,2.556121,0.75684,0.0,3.312965,15.0,14.0,0.0,1.0,0.0,0.0
3/17/2026,15:09:43,6289282.39,LED,7.0,15.0,22.0,36.0,36.0,211.0,58.0,73.0,73.0,0.0,232.0,2.556121,0.75684,0.0,3.312965,15.0,14.0,0.0,1.0,0.0,0.0
3/17/2026,15:09:44,6290021.89,Dispensed,3.0,15.0,22.0,37.0,36.0,211.0,58.0,73.0,73.0,0.0,232.0,2.556121,0.75684,0.0,3.312965,15.0,14.0,0.0,1.0,0.0,0.0
3/17/2026,15:09:44,6290084.91,TONE,8.0,15.0,22.0,37.0,36.0,211.0,58.0,73.0,74.0,0.0,232.0,2.556121,0.75684,0.0,3.312965,15.0,14.0,0.0,1.0,0.0,0.0
3/17/2026,15:09:44,6290152.96,LED,7.0,15.0,22.0,37.0,36.0,211.0,58.0,74.0,74.0,0.0,232.0,2.556121,0.75684,0.0,3.312965,15.0,14.0,0.0,1.0,0.0,0.0
3/17/2026,15:09:45,6291048.02,Retrieved,4.0,15.0,22.0,37.0,37.0,211.0,58.0,74.0,74.0,0.0,232.0,2.556121,0.75684,0.0,3.312965,15.0,14.0,0.0,1.0,0.0,0.0
3/17/2026,15:11:55,6421946.62,LeftWater,6.0,15.0,22.0,37.0,37.0,211.0,59.0,74.0,74.0,0.0,232.0,2.556121,0.75684,0.0,3.312965,15.0,14.0,0.0,1.0,0.0,0.0
3/17/2026,15:11:56,6422014.41,WaterDispensed,10.0,15.0,22.0,37.0,37.0,211.0,59.0,74.0,74.0,0.0,233.0,2.556121,0.77112,0.0,3.327245,15.0,14.0,0.0,1.0,0.0,0.0
3/17/2026,15:12:10,6436976.41,Left,2.0,15.0,23.0,37.0,37.0,211.0,59.0,74.0,74.0,0.0,233.0,2.556121,0.77112,0.0,3.327245,15.0,14.0,0.0,1.0,0.0,0.0
3/17/2026,15:12:11,6437863.91,TONE,8.0,15.0,23.0,37.0,37.0,211.0,59.0,74.0,75.0,0.0,233.0,2.556121,0.77112,0.0,3.327245,15.0,14.0,0.0,1.0,0.0,0.0
3/17/2026,15:12:11,6437931.97,LED,7.0,15.0,23.0,37.0,37.0,211.0,59.0,75.0,75.0,0.0,233.0,2.556121,0.77112,0.0,3.327245,15.0,14.0,0.0,1.0,0.0,0.0
3/17/2026,15:12:12,6438628.28,Dispensed,3.0,15.0,23.0,38.0,37.0,211.0,59.0,75.0,75.0,0.0,233.0,2.556121,0.77112,0.0,3.327245,15.0,14.0,0.0,1.0,0.0,0.0
3/17/2026,15:12:12,6438691.3,TONE,8.0,15.0,23.0,38.0,37.0,211.0,59.0,75.0,76.0,0.0,233.0,2.556121,0.77112,0.0,3.327245,15.0,14.0,0.0,1.0,0.0,0.0
3/17/2026,15:12:12,6438759.36,LED,7.0,15.0,23.0,38.0,37.0,211.0,59.0,76.0,76.0,0.0,233.0,2.556121,0.77112,0.0,3.327245,15.0,14.0,0.0,1.0,0.0,0.0
3/17/2026,15:12:14,6440551.09,Retrieved,4.0,15.0,23.0,38.0,38.0,211.0,59.0,76.0,76.0,0.0,233.0,2.556121,0.77112,0.0,3.327245,15.0,14.0,0.0,1.0,0.0,0.0
3/17/2026,15:13:18,6504970.04,RightWater,5.0,15.0,23.0,38.0,38.0,212.0,59.0,76.0,76.0,0.0,233.0,2.556121,0.77112,0.0,3.327245,15.0,14.0,0.0,1.0,0.0,0.0
3/17/2026,15:13:19,6505036.9,WaterDispensed,10.0,15.0,23.0,38.0,38.0,212.0,59.0,76.0,76.0,0.0,234.0,2.570401,0.77112,0.0,3.341526,15.0,14.0,0.0,1.0,0.0,0.0
3/17/2026,15:13:34,6520252.66,RightWater,5.0,15.0,23.0,38.0,38.0,213.0,59.0,76.0,76.0,0.0,234.0,2.570401,0.77112,0.0,3.341526,15.0,14.0,0.0,1.0,0.0,0.0
3/17/2026,15:13:34,6520319.52,WaterDispensed,10.0,15.0,23.0,38.0,38.0,213.0,59.0,76.0,76.0,0.0,235.0,2.584681,0.77112,0.0,3.355806,15.0,14.0,0.0,1.0,0.0,0.0
3/17/2026,15:13:34,6520958.76,RightWater,5.0,15.0,23.0,38.0,38.0,214.0,59.0,76.0,76.0,0.0,235.0,2.584681,0.77112,0.0,3.355806,15.0,14.0,0.0,1.0,0.0,0.0
3/17/2026,15:13:35,6521025.62,WaterDispensed,10.0,15.0,23.0,38.0,38.0,214.0,59.0,76.0,76.0,0.0,236.0,2.598961,0.77112,0.0,3.370086,15.0,14.0,0.0,1.0,0.0,0.0
3/17/2026,15:13:35,6521516.74,RightWater,5.0,15.0,23.0,38.0,38.0,215.0,59.0,76.0,76.0,0.0,236.0,2.598961,0.77112,0.0,3.370086,15.0,14.0,0.0,1.0,0.0,0.0
3/17/2026,15:13:35,6521583.6,WaterDispensed,10.0,15.0,23.0,38.0,38.0,215.0,59.0,76.0,76.0,0.0,237.0,2.613241,0.77112,0.0,3.384366,15.0,14.0,0.0,1.0,0.0,0.0
3/17/2026,15:13:35,6521884.01,RightWater,5.0,15.0,23.0,38.0,38.0,216.0,59.0,76.0,76.0,0.0,237.0,2.613241,0.77112,0.0,3.384366,15.0,14.0,0.0,1.0,0.0,0.0
3/17/2026,15:13:35,6521950.87,WaterDispensed,10.0,15.0,23.0,38.0,38.0,216.0,59.0,76.0,76.0,0.0,238.0,2.627522,0.77112,0.0,3.398646,15.0,14.0,0.0,1.0,0.0,0.0
3/17/2026,15:13:36,6522258.02,RightWater,5.0,15.0,23.0,38.0,38.0,217.0,59.0,76.0,76.0,0.0,238.0,2.627522,0.77112,0.0,3.398646,15.0,14.0,0.0,1.0,0.0,0.0
3/17/2026,15:13:36,6522324.89,WaterDispensed,10.0,15.0,23.0,38.0,38.0,217.0,59.0,76.0,76.0,0.0,239.0,2.641802,0.77112,0.0,3.412926,15.0,14.0,0.0,1.0,0.0,0.0
3/17/2026,15:13:41,6527427.71,RightWater,5.0,15.0,23.0,38.0,38.0,218.0,59.0,76.0,76.0,0.0,239.0,2.641802,0.77112,0.0,3.412926,15.0,14.0,0.0,1.0,0.0,0.0
3/17/2026,15:13:41,6527494.57,WaterDispensed,10.0,15.0,23.0,38.0,38.0,218.0,59.0,76.0,76.0,0.0,240.0,2.656082,0.77112,0.0,3.427206,15.0,14.0,0.0,1.0,0.0,0.0
3/17/2026,15:14:00,6546884.31,RightWater,5.0,15.0,23.0,38.0,38.0,219.0,59.0,76.0,76.0,0.0,240.0,2.656082,0.77112,0.0,3.427206,15.0,14.0,0.0,1.0,0.0,0.0
3/17/2026,15:14:00,6546951.16,WaterDispensed,10.0,15.0,23.0,38.0,38.0,219.0,59.0,76.0,76.0,0.0,241.0,2.670362,0.77112,0.0,3.441486,15.0,14.0,0.0,1.0,0.0,0.0
3/17/2026,15:15:36,6642702.55,RightWater,5.0,15.0,23.0,38.0,38.0,220.0,59.0,76.0,76.0,0.0,241.0,2.670362,0.77112,0.0,3.441486,15.0,14.0,0.0,1.0,0.0,0.0
3/17/2026,15:15:36,6642769.4,WaterDispensed,10.0,15.0,23.0,38.0,38.0,220.0,59.0,76.0,76.0,0.0,242.0,2.684642,0.77112,0.0,3.455766,15.0,14.0,0.0,1.0,0.0,0.0
3/17/2026,15:16:06,6672983.85,LeftWater,6.0,15.0,23.0,38.0,38.0,220.0,60.0,76.0,76.0,0.0,242.0,2.684642,0.77112,0.0,3.455766,15.0,14.0,0.0,1.0,0.0,0.0
3/17/2026,15:16:07,6673051.63,WaterDispensed,10.0,15.0,23.0,38.0,38.0,220.0,60.0,76.0,76.0,0.0,243.0,2.684642,0.7854,0.0,3.470046,15.0,14.0,0.0,1.0,0.0,0.0
3/17/2026,15:16:16,6682714.75,RightWater,5.0,15.0,23.0,38.0,38.0,221.0,60.0,76.0,76.0,0.0,243.0,2.684642,0.7854,0.0,3.470046,15.0,14.0,0.0,1.0,0.0,0.0
3/17/2026,15:16:16,6682781.6,WaterDispensed,10.0,15.0,23.0,38.0,38.0,221.0,60.0,76.0,76.0,0.0,244.0,2.698922,0.7854,0.0,3.484326,15.0,14.0,0.0,1.0,0.0,0.0
3/17/2026,15:16:32,6698379.48,Left,2.0,15.0,24.0,38.0,38.0,221.0,60.0,76.0,76.0,0.0,244.0,2.698922,0.7854,0.0,3.484326,15.0,14.0,0.0,1.0,0.0,0.0
3/17/2026,15:16:33,6699145.11,TONE,8.0,15.0,24.0,38.0,38.0,221.0,60.0,76.0,77.0,0.0,244.0,2.698922,0.7854,0.0,3.484326,15.0,14.0,0.0,1.0,0.0,0.0
3/17/2026,15:16:33,6699213.17,LED,7.0,15.0,24.0,38.0,38.0,221.0,60.0,77.0,77.0,0.0,244.0,2.698922,0.7854,0.0,3.484326,15.0,14.0,0.0,1.0,0.0,0.0
3/17/2026,15:16:33,6700017.91,Dispensed,3.0,15.0,24.0,39.0,38.0,221.0,60.0,77.0,77.0,0.0,244.0,2.698922,0.7854,0.0,3.484326,15.0,14.0,0.0,1.0,0.0,0.0
3/17/2026,15:16:34,6700080.93,TONE,8.0,15.0,24.0,39.0,38.0,221.0,60.0,77.0,78.0,0.0,244.0,2.698922,0.7854,0.0,3.484326,15.0,14.0,0.0,1.0,0.0,0.0
3/17/2026,15:16:34,6700148.99,LED,7.0,15.0,24.0,39.0,38.0,221.0,60.0,78.0,78.0,0.0,244.0,2.698922,0.7854,0.0,3.484326,15.0,14.0,0.0,1.0,0.0,0.0
3/17/2026,15:16:34,6700447.54,Retrieved,4.0,15.0,24.0,39.0,39.0,221.0,60.0,78.0,78.0,0.0,244.0,2.698922,0.7854,0.0,3.484326,15.0,14.0,0.0,1.0,0.0,0.0
3/17/2026,15:18:33,6819099.01,LeftWater,6.0,15.0,24.0,39.0,39.0,221.0,61.0,78.0,78.0,0.0,244.0,2.698922,0.7854,0.0,3.484326,15.0,14.0,0.0,1.0,0.0,0.0
3/17/2026,15:18:33,6819166.8,WaterDispensed,10.0,15.0,24.0,39.0,39.0,221.0,61.0,78.0,78.0,0.0,245.0,2.698922,0.79968,0.0,3.498606,15.0,14.0,0.0,1.0,0.0,0.0
3/17/2026,15:18:37,6823112.01,LeftWater,6.0,15.0,24.0,39.0,39.0,221.0,62.0,78.0,78.0,0.0,245.0,2.698922,0.79968,0.0,3.498606,15.0,14.0,0.0,1.0,0.0,0.0
3/17/2026,15:18:37,6823179.79,WaterDispensed,10.0,15.0,24.0,39.0,39.0,221.0,62.0,78.0,78.0,0.0,246.0,2.698922,0.81396,0.0,3.512887,15.0,14.0,0.0,1.0,0.0,0.0
3/17/2026,15:19:52,6898798.59,RightWater,5.0,15.0,24.0,39.0,39.0,222.0,62.0,78.0,78.0,0.0,246.0,2.698922,0.81396,0.0,3.512887,15.0,14.0,0.0,1.0,0.0,0.0
3/17/2026,15:19:52,6898865.45,WaterDispensed,10.0,15.0,24.0,39.0,39.0,222.0,62.0,78.0,78.0,0.0,247.0,2.713202,0.81396,0.0,3.527167,15.0,14.0,0.0,1.0,0.0,0.0
3/17/2026,15:19:53,6899686.13,RightWater,5.0,15.0,24.0,39.0,39.0,223.0,62.0,78.0,78.0,0.0,247.0,2.713202,0.81396,0.0,3.527167,15.0,14.0,0.0,1.0,0.0,0.0
3/17/2026,15:19:53,6899752.99,WaterDispensed,10.0,15.0,24.0,39.0,39.0,223.0,62.0,78.0,78.0,0.0,248.0,2.727482,0.81396,0.0,3.541447,15.0,14.0,0.0,1.0,0.0,0.0
3/17/2026,15:19:54,6900726.41,RightWater,5.0,15.0,24.0,39.0,39.0,224.0,62.0,78.0,78.0,0.0,248.0,2.727482,0.81396,0.0,3.541447,15.0,14.0,0.0,1.0,0.0,0.0
3/17/2026,15:19:54,6900793.28,WaterDispensed,10.0,15.0,24.0,39.0,39.0,224.0,62.0,78.0,78.0,0.0,249.0,2.741762,0.81396,0.0,3.555727,15.0,14.0,0.0,1.0,0.0,0.0
3/17/2026,15:19:55,6901732.12,RightWater,5.0,15.0,24.0,39.0,39.0,225.0,62.0,78.0,78.0,0.0,249.0,2.741762,0.81396,0.0,3.555727,15.0,14.0,0.0,1.0,0.0,0.0
3/17/2026,15:19:55,6901798.99,WaterDispensed,10.0,15.0,24.0,39.0,39.0,225.0,62.0,78.0,78.0,0.0,250.0,2.756042,0.81396,0.0,3.570007,15.0,14.0,0.0,1.0,0.0,0.0
3/17/2026,15:19:55,6901892.92,RightWater,5.0,15.0,24.0,39.0,39.0,226.0,62.0,78.0,78.0,0.0,250.0,2.756042,0.81396,0.0,3.570007,15.0,14.0,0.0,1.0,0.0,0.0
3/17/2026,15:19:56,6902276.8,RightWater,5.0,15.0,24.0,39.0,39.0,227.0,62.0,78.0,78.0,0.0,250.0,2.756042,0.81396,0.0,3.570007,15.0,14.0,0.0,1.0,0.0,0.0
3/17/2026,15:19:56,6902343.66,WaterDispensed,10.0,15.0,24.0,39.0,39.0,227.0,62.0,78.0,78.0,0.0,251.0,2.770322,0.81396,0.0,3.584287,15.0,14.0,0.0,1.0,0.0,0.0
3/17/2026,15:19:56,6902414.93,RightWater,5.0,15.0,24.0,39.0,39.0,228.0,62.0,78.0,78.0,0.0,251.0,2.770322,0.81396,0.0,3.584287,15.0,14.0,0.0,1.0,0.0,0.0
3/17/2026,15:19:58,6904182.19,RightWater,5.0,15.0,24.0,39.0,39.0,229.0,62.0,78.0,78.0,0.0,251.0,2.770322,0.81396,0.0,3.584287,15.0,14.0,0.0,1.0,0.0,0.0
3/17/2026,15:19:58,6904249.06,WaterDispensed,10.0,15.0,24.0,39.0,39.0,229.0,62.0,78.0,78.0,0.0,252.0,2.784602,0.81396,0.0,3.598567,15.0,14.0,0.0,1.0,0.0,0.0
3/17/2026,15:19:58,6904409.7,RightWater,5.0,15.0,24.0,39.0,39.0,230.0,62.0,78.0,78.0,0.0,252.0,2.784602,0.81396,0.0,3.598567,15.0,14.0,0.0,1.0,0.0,0.0
3/17/2026,15:19:58,6904476.57,WaterDispensed,10.0,15.0,24.0,39.0,39.0,230.0,62.0,78.0,78.0,0.0,253.0,2.798882,0.81396,0.0,3.612847,15.0,14.0,0.0,1.0,0.0,0.0
3/17/2026,15:19:58,6904951.45,RightWater,5.0,15.0,24.0,39.0,39.0,231.0,62.0,78.0,78.0,0.0,253.0,2.798882,0.81396,0.0,3.612847,15.0,14.0,0.0,1.0,0.0,0.0
3/17/2026,15:19:59,6905018.31,WaterDispensed,10.0,15.0,24.0,39.0,39.0,231.0,62.0,78.0,78.0,0.0,254.0,2.813163,0.81396,0.0,3.627127,15.0,14.0,0.0,1.0,0.0,0.0
3/17/2026,15:19:59,6905097.99,RightWater,5.0,15.0,24.0,39.0,39.0,232.0,62.0,78.0,78.0,0.0,254.0,2.813163,0.81396,0.0,3.627127,15.0,14.0,0.0,1.0,0.0,0.0
3/17/2026,15:20:00,6906341.08,RightWater,5.0,15.0,24.0,39.0,39.0,233.0,62.0,78.0,78.0,0.0,254.0,2.813163,0.81396,0.0,3.627127,15.0,14.0,0.0,1.0,0.0,0.0
3/17/2026,15:20:00,6906407.95,WaterDispensed,10.0,15.0,24.0,39.0,39.0,233.0,62.0,78.0,78.0,0.0,255.0,2.827443,0.81396,0.0,3.641407,15.0,14.0,0.0,1.0,0.0,0.0
3/17/2026,15:20:00,6906871.0,RightWater,5.0,15.0,24.0,39.0,39.0,234.0,62.0,78.0,78.0,0.0,255.0,2.827443,0.81396,0.0,3.641407,15.0,14.0,0.0,1.0,0.0,0.0
3/17/2026,15:20:00,6906937.88,WaterDispensed,10.0,15.0,24.0,39.0,39.0,234.0,62.0,78.0,78.0,0.0,256.0,2.841723,0.81396,0.0,3.655687,15.0,14.0,0.0,1.0,0.0,0.0
3/17/2026,15:20:01,6907025.56,RightWater,5.0,15.0,24.0,39.0,39.0,235.0,62.0,78.0,78.0,0.0,256.0,2.841723,0.81396,0.0,3.655687,15.0,14.0,0.0,1.0,0.0,0.0
3/17/2026,15:23:32,7118510.89,LeftWater,6.0,15.0,24.0,39.0,39.0,235.0,63.0,78.0,78.0,0.0,256.0,2.841723,0.81396,0.0,3.655687,15.0,14.0,0.0,1.0,0.0,0.0
3/17/2026,15:23:32,7118578.67,WaterDispensed,10.0,15.0,24.0,39.0,39.0,235.0,63.0,78.0,78.0,0.0,257.0,2.841723,0.82824,0.0,3.669967,15.0,14.0,0.0,1.0,0.0,0.0
3/17/2026,15:23:52,7138724.83,LeftWater,6.0,15.0,24.0,39.0,39.0,235.0,64.0,78.0,78.0,0.0,257.0,2.841723,0.82824,0.0,3.669967,15.0,14.0,0.0,1.0,0.0,0.0
3/17/2026,15:23:52,7138792.61,WaterDispensed,10.0,15.0,24.0,39.0,39.0,235.0,64.0,78.0,78.0,0.0,258.0,2.841723,0.84252,0.0,3.684247,15.0,14.0,0.0,1.0,0.0,0.0
3/17/2026,15:24:11,7157340.72,LeftWater,6.0,15.0,24.0,39.0,39.0,235.0,65.0,78.0,78.0,0.0,258.0,2.841723,0.84252,0.0,3.684247,15.0,14.0,0.0,1.0,0.0,0.0
3/17/2026,15:24:11,7157408.49,WaterDispensed,10.0,15.0,24.0,39.0,39.0,235.0,65.0,78.0,78.0,0.0,259.0,2.841723,0.8568,0.0,3.698528,15.0,14.0,0.0,1.0,0.0,0.0
3/17/2026,15:24:20,7166577.86,LeftWater,6.0,15.0,24.0,39.0,39.0,235.0,66.0,78.0,78.0,0.0,259.0,2.841723,0.8568,0.0,3.698528,15.0,14.0,0.0,1.0,0.0,0.0
3/17/2026,15:24:20,7166645.64,WaterDispensed,10.0,15.0,24.0,39.0,39.0,235.0,66.0,78.0,78.0,0.0,260.0,2.841723,0.87108,0.0,3.712808,15.0,14.0,0.0,1.0,0.0,0.0
3/17/2026,15:25:21,7227924.56,Left,2.0,15.0,25.0,39.0,39.0,235.0,66.0,78.0,78.0,0.0,260.0,2.841723,0.87108,0.0,3.712808,15.0,14.0,0.0,1.0,0.0,0.0
3/17/2026,15:25:23,7229196.67,TONE,8.0,15.0,25.0,39.0,39.0,235.0,66.0,78.0,79.0,0.0,260.0,2.841723,0.87108,0.0,3.712808,15.0,14.0,0.0,1.0,0.0,0.0
3/17/2026,15:25:23,7229264.73,LED,7.0,15.0,25.0,39.0,39.0,235.0,66.0,79.0,79.0,0.0,260.0,2.841723,0.87108,0.0,3.712808,15.0,14.0,0.0,1.0,0.0,0.0
3/17/2026,15:25:23,7230017.71,Dispensed,3.0,15.0,25.0,40.0,39.0,235.0,66.0,79.0,79.0,0.0,260.0,2.841723,0.87108,0.0,3.712808,15.0,14.0,0.0,1.0,0.0,0.0
3/17/2026,15:25:24,7230080.73,TONE,8.0,15.0,25.0,40.0,39.0,235.0,66.0,79.0,80.0,0.0,260.0,2.841723,0.87108,0.0,3.712808,15.0,14.0,0.0,1.0,0.0,0.0
3/17/2026,15:25:24,7230148.79,LED,7.0,15.0,25.0,40.0,39.0,235.0,66.0,80.0,80.0,0.0,260.0,2.841723,0.87108,0.0,3.712808,15.0,14.0,0.0,1.0,0.0,0.0
3/17/2026,15:25:27,7233620.71,Retrieved,4.0,15.0,25.0,40.0,40.0,235.0,66.0,80.0,80.0,0.0,260.0,2.841723,0.87108,0.0,3.712808,15.0,14.0,0.0,1.0,0.0,0.0
3/17/2026,15:25:49,7255220.68,Left,2.0,15.0,26.0,40.0,40.0,235.0,66.0,80.0,80.0,0.0,260.0,2.841723,0.87108,0.0,3.712808,15.0,14.0,0.0,1.0,0.0,0.0
3/17/2026,15:25:50,7256075.25,TONE,8.0,15.0,26.0,40.0,40.0,235.0,66.0,80.0,81.0,0.0,260.0,2.841723,0.87108,0.0,3.712808,15.0,14.0,0.0,1.0,0.0,0.0
3/17/2026,15:25:50,7256143.31,LED,7.0,15.0,26.0,40.0,40.0,235.0,66.0,81.0,81.0,0.0,260.0,2.841723,0.87108,0.0,3.712808,15.0,14.0,0.0,1.0,0.0,0.0
3/17/2026,15:25:50,7256805.92,Dispensed,3.0,15.0,26.0,41.0,40.0,235.0,66.0,81.0,81.0,0.0,260.0,2.841723,0.87108,0.0,3.712808,15.0,14.0,0.0,1.0,0.0,0.0
3/17/2026,15:25:50,7256868.94,TONE,8.0,15.0,26.0,41.0,40.0,235.0,66.0,81.0,82.0,0.0,260.0,2.841723,0.87108,0.0,3.712808,15.0,14.0,0.0,1.0,0.0,0.0
3/17/2026,15:25:50,7256936.99,LED,7.0,15.0,26.0,41.0,40.0,235.0,66.0,82.0,82.0,0.0,260.0,2.841723,0.87108,0.0,3.712808,15.0,14.0,0.0,1.0,0.0,0.0
3/17/2026,15:25:53,7259027.46,Retrieved,4.0,15.0,26.0,41.0,41.0,235.0,66.0,82.0,82.0,0.0,260.0,2.841723,0.87108,0.0,3.712808,15.0,14.0,0.0,1.0,0.0,0.0
3/17/2026,15:26:11,7277049.2,Left,2.0,15.0,27.0,41.0,41.0,235.0,66.0,82.0,82.0,0.0,260.0,2.841723,0.87108,0.0,3.712808,15.0,14.0,0.0,1.0,0.0,0.0
3/17/2026,15:26:12,7278351.33,TONE,8.0,15.0,27.0,41.0,41.0,235.0,66.0,82.0,83.0,0.0,260.0,2.841723,0.87108,0.0,3.712808,15.0,14.0,0.0,1.0,0.0,0.0
3/17/2026,15:26:12,7278419.38,LED,7.0,15.0,27.0,41.0,41.0,235.0,66.0,83.0,83.0,0.0,260.0,2.841723,0.87108,0.0,3.712808,15.0,14.0,0.0,1.0,0.0,0.0
3/17/2026,15:26:13,7279112.01,Dispensed,3.0,15.0,27.0,42.0,41.0,235.0,66.0,83.0,83.0,0.0,260.0,2.841723,0.87108,0.0,3.712808,15.0,14.0,0.0,1.0,0.0,0.0
3/17/2026,15:26:13,7279175.03,TONE,8.0,15.0,27.0,42.0,41.0,235.0,66.0,83.0,84.0,0.0,260.0,2.841723,0.87108,0.0,3.712808,15.0,14.0,0.0,1.0,0.0,0.0
3/17/2026,15:26:13,7279243.09,LED,7.0,15.0,27.0,42.0,41.0,235.0,66.0,84.0,84.0,0.0,260.0,2.841723,0.87108,0.0,3.712808,15.0,14.0,0.0,1.0,0.0,0.0
3/17/2026,15:26:13,7279600.99,Retrieved,4.0,15.0,27.0,42.0,42.0,235.0,66.0,84.0,84.0,0.0,260.0,2.841723,0.87108,0.0,3.712808,15.0,14.0,0.0,1.0,0.0,0.0
3/17/2026,15:26:49,7315109.13,LeftWater,6.0,15.0,27.0,42.0,42.0,235.0,67.0,84.0,84.0,0.0,260.0,2.841723,0.87108,0.0,3.712808,15.0,14.0,0.0,1.0,0.0,0.0
3/17/2026,15:26:49,7315176.92,WaterDispensed,10.0,15.0,27.0,42.0,42.0,235.0,67.0,84.0,84.0,0.0,261.0,2.841723,0.88536,0.0,3.727088,15.0,14.0,0.0,1.0,0.0,0.0
3/17/2026,15:26:59,7325372.18,RightWater,5.0,15.0,27.0,42.0,42.0,236.0,67.0,84.0,84.0,0.0,261.0,2.841723,0.88536,0.0,3.727088,15.0,14.0,0.0,1.0,0.0,0.0
3/17/2026,15:26:59,7325439.05,WaterDispensed,10.0,15.0,27.0,42.0,42.0,236.0,67.0,84.0,84.0,0.0,262.0,2.856003,0.88536,0.0,3.741368,15.0,14.0,0.0,1.0,0.0,0.0
3/17/2026,15:31:03,7569574.63,Left,2.0,15.0,28.0,42.0,42.0,236.0,67.0,84.0,84.0,0.0,262.0,2.856003,0.88536,0.0,3.741368,15.0,14.0,0.0,1.0,0.0,0.0
3/17/2026,15:31:04,7570652.78,TONE,8.0,15.0,28.0,42.0,42.0,236.0,67.0,85.0,85.0,0.0,262.0,2.856003,0.88536,0.0,3.741368,15.0,14.0,0.0,1.0,0.0,0.0
3/17/2026,15:31:04,7570720.83,LED,7.0,15.0,28.0,42.0,42.0,236.0,67.0,85.0,85.0,0.0,262.0,2.856003,0.88536,0.0,3.741368,15.0,14.0,0.0,1.0,0.0,0.0
3/17/2026,15:31:05,7571477.69,Dispensed,3.0,15.0,28.0,43.0,42.0,236.0,67.0,85.0,85.0,0.0,262.0,2.856003,0.88536,0.0,3.741368,15.0,14.0,0.0,1.0,0.0,0.0
3/17/2026,15:31:05,7571540.71,TONE,8.0,15.0,28.0,43.0,42.0,236.0,67.0,85.0,86.0,0.0,262.0,2.856003,0.88536,0.0,3.741368,15.0,14.0,0.0,1.0,0.0,0.0
3/17/2026,15:31:05,7571608.77,LED,7.0,15.0,28.0,43.0,42.0,236.0,67.0,86.0,86.0,0.0,262.0,2.856003,0.88536,0.0,3.741368,15.0,14.0,0.0,1.0,0.0,0.0
3/17/2026,15:31:06,7572205.38,Retrieved,4.0,15.0,28.0,43.0,43.0,236.0,67.0,86.0,86.0,0.0,262.0,2.856003,0.88536,0.0,3.741368,15.0,14.0,0.0,1.0,0.0,0.0
3/17/2026,15:31:27,7593476.55,Left,2.0,15.0,29.0,43.0,43.0,236.0,67.0,86.0,86.0,0.0,262.0,2.856003,0.88536,0.0,3.741368,15.0,14.0,0.0,1.0,0.0,0.0
3/17/2026,15:31:27,7593918.88,TONE,8.0,15.0,29.0,43.0,43.0,236.0,67.0,86.0,87.0,0.0,262.0,2.856003,0.88536,0.0,3.741368,15.0,14.0,0.0,1.0,0.0,0.0
3/17/2026,15:31:27,7593986.94,LED,7.0,15.0,29.0,43.0,43.0,236.0,67.0,87.0,87.0,0.0,262.0,2.856003,0.88536,0.0,3.741368,15.0,14.0,0.0,1.0,0.0,0.0
3/17/2026,15:31:28,7594170.47,LeftDuringDispense,14.0,15.0,29.0,43.0,43.0,236.0,67.0,87.0,87.0,0.0,262.0,2.856003,0.88536,0.0,3.741368,15.0,14.0,0.0,2.0,0.0,0.0
3/17/2026,15:31:29,7595433.51,Dispensed,3.0,15.0,29.0,44.0,43.0,236.0,67.0,87.0,87.0,0.0,262.0,2.856003,0.88536,0.0,3.741368,15.0,14.0,0.0,2.0,0.0,0.0
3/17/2026,15:31:29,7595496.53,TONE,8.0,15.0,29.0,44.0,43.0,236.0,67.0,87.0,88.0,0.0,262.0,2.856003,0.88536,0.0,3.741368,15.0,14.0,0.0,2.0,0.0,0.0
3/17/2026,15:31:29,7595564.58,LED,7.0,15.0,29.0,44.0,43.0,236.0,67.0,88.0,88.0,0.0,262.0,2.856003,0.88536,0.0,3.741368,15.0,14.0,0.0,2.0,0.0,0.0
3/17/2026,15:31:31,7597056.84,Retrieved,4.0,15.0,29.0,44.0,44.0,236.0,67.0,88.0,88.0,0.0,262.0,2.856003,0.88536,0.0,3.741368,15.0,14.0,0.0,2.0,0.0,0.0
3/17/2026,15:31:45,7611764.93,Left,2.0,15.0,30.0,44.0,44.0,236.0,67.0,88.0,88.0,0.0,262.0,2.856003,0.88536,0.0,3.741368,15.0,14.0,0.0,2.0,0.0,0.0
3/17/2026,15:31:46,7612171.64,TONE,8.0,15.0,30.0,44.0,44.0,236.0,67.0,88.0,89.0,0.0,262.0,2.856003,0.88536,0.0,3.741368,15.0,14.0,0.0,2.0,0.0,0.0
3/17/2026,15:31:46,7612239.7,LED,7.0,15.0,30.0,44.0,44.0,236.0,67.0,89.0,89.0,0.0,262.0,2.856003,0.88536,0.0,3.741368,15.0,14.0,0.0,2.0,0.0,0.0
3/17/2026,15:31:46,7612423.23,LeftDuringDispense,14.0,15.0,30.0,44.0,44.0,236.0,67.0,89.0,89.0,0.0,262.0,2.856003,0.88536,0.0,3.741368,15.0,14.0,0.0,3.0,0.0,0.0
3/17/2026,15:31:47,7613249.11,Dispensed,3.0,15.0,30.0,45.0,44.0,236.0,67.0,89.0,89.0,0.0,262.0,2.856003,0.88536,0.0,3.741368,15.0,14.0,0.0,3.0,0.0,0.0
3/17/2026,15:31:47,7613312.12,TONE,8.0,15.0,30.0,45.0,44.0,236.0,67.0,89.0,90.0,0.0,262.0,2.856003,0.88536,0.0,3.741368,15.0,14.0,0.0,3.0,0.0,0.0
3/17/2026,15:31:47,7613380.18,LED,7.0,15.0,30.0,45.0,44.0,236.0,67.0,90.0,90.0,0.0,262.0,2.856003,0.88536,0.0,3.741368,15.0,14.0,0.0,3.0,0.0,0.0
3/17/2026,15:31:48,7614572.97,Retrieved,4.0,15.0,30.0,45.0,45.0,236.0,67.0,90.0,90.0,0.0,262.0,2.856003,0.88536,0.0,3.741368,15.0,14.0,0.0,3.0,0.0,0.0
3/17/2026,15:33:54,7740262.78,LeftWater,6.0,15.0,30.0,45.0,45.0,236.0,68.0,90.0,90.0,0.0,262.0,2.856003,0.88536,0.0,3.741368,15.0,14.0,0.0,3.0,0.0,0.0
3/17/2026,15:33:54,7740330.56,WaterDispensed,10.0,15.0,30.0,45.0,45.0,236.0,68.0,90.0,90.0,0.0,263.0,2.856003,0.899641,0.0,3.755648,15.0,14.0,0.0,3.0,0.0,0.0
3/17/2026,15:34:03,7749498.17,LeftWater,6.0,15.0,30.0,45.0,45.0,236.0,69.0,90.0,90.0,0.0,263.0,2.856003,0.899641,0.0,3.755648,15.0,14.0,0.0,3.0,0.0,0.0
3/17/2026,15:34:03,7749565.96,WaterDispensed,10.0,15.0,30.0,45.0,45.0,236.0,69.0,90.0,90.0,0.0,264.0,2.856003,0.913921,0.0,3.769928,15.0,14.0,0.0,3.0,0.0,0.0
3/17/2026,15:34:04,7750134.17,LeftWater,6.0,15.0,30.0,45.0,45.0,236.0,70.0,90.0,90.0,0.0,264.0,2.856003,0.913921,0.0,3.769928,15.0,14.0,0.0,3.0,0.0,0.0
3/17/2026,15:34:04,7750201.96,WaterDispensed,10.0,15.0,30.0,45.0,45.0,236.0,70.0,90.0,90.0,0.0,265.0,2.856003,0.928201,0.0,3.784208,15.0,14.0,0.0,3.0,0.0,0.0
3/17/2026,15:34:04,7750528.88,LeftWater,6.0,15.0,30.0,45.0,45.0,236.0,71.0,90.0,90.0,0.0,265.0,2.856003,0.928201,0.0,3.784208,15.0,14.0,0.0,3.0,0.0,0.0
3/17/2026,15:34:04,7750596.67,WaterDispensed,10.0,15.0,30.0,45.0,45.0,236.0,71.0,90.0,90.0,0.0,266.0,2.856003,0.942481,0.0,3.798488,15.0,14.0,0.0,3.0,0.0,0.0
3/17/2026,15:34:05,7751151.04,LeftWater,6.0,15.0,30.0,45.0,45.0,236.0,72.0,90.0,90.0,0.0,266.0,2.856003,0.942481,0.0,3.798488,15.0,14.0,0.0,3.0,0.0,0.0
3/17/2026,15:34:05,7751218.82,WaterDispensed,10.0,15.0,30.0,45.0,45.0,236.0,72.0,90.0,90.0,0.0,267.0,2.856003,0.956761,0.0,3.812768,15.0,14.0,0.0,3.0,0.0,0.0
3/17/2026,15:34:05,7751597.71,LeftWater,6.0,15.0,30.0,45.0,45.0,236.0,73.0,90.0,90.0,0.0,267.0,2.856003,0.956761,0.0,3.812768,15.0,14.0,0.0,3.0,0.0,0.0
3/17/2026,15:34:05,7751665.49,WaterDispensed,10.0,15.0,30.0,45.0,45.0,236.0,73.0,90.0,90.0,0.0,268.0,2.856003,0.971041,0.0,3.827048,15.0,14.0,0.0,3.0,0.0,0.0
3/17/2026,15:34:05,7751973.38,LeftWater,6.0,15.0,30.0,45.0,45.0,236.0,74.0,90.0,90.0,0.0,268.0,2.856003,0.971041,0.0,3.827048,15.0,14.0,0.0,3.0,0.0,0.0
3/17/2026,15:34:06,7752041.17,WaterDispensed,10.0,15.0,30.0,45.0,45.0,236.0,74.0,90.0,90.0,0.0,269.0,2.856003,0.985321,0.0,3.841328,15.0,14.0,0.0,3.0,0.0,0.0
3/17/2026,15:34:08,7754361.54,LeftWater,6.0,15.0,30.0,45.0,45.0,236.0,75.0,90.0,90.0,0.0,269.0,2.856003,0.985321,0.0,3.841328,15.0,14.0,0.0,3.0,0.0,0.0
3/17/2026,15:34:08,7754429.33,WaterDispensed,10.0,15.0,30.0,45.0,45.0,236.0,75.0,90.0,90.0,0.0,270.0,2.856003,0.999601,0.0,3.855608,15.0,14.0,0.0,3.0,0.0,0.0
3/17/2026,15:34:10,7756020.39,LeftWater,6.0,15.0,30.0,45.0,45.0,236.0,76.0,90.0,90.0,0.0,270.0,2.856003,0.999601,0.0,3.855608,15.0,14.0,0.0,3.0,0.0,0.0
3/17/2026,15:34:10,7756088.17,WaterDispensed,10.0,15.0,30.0,45.0,45.0,236.0,76.0,90.0,90.0,0.0,271.0,2.856003,1.013881,0.0,3.869889,15.0,14.0,0.0,3.0,0.0,0.0
3/17/2026,15:34:10,7756355.58,LeftWater,6.0,15.0,30.0,45.0,45.0,236.0,77.0,90.0,90.0,0.0,271.0,2.856003,1.013881,0.0,3.869889,15.0,14.0,0.0,3.0,0.0,0.0
3/17/2026,15:34:10,7756423.37,WaterDispensed,10.0,15.0,30.0,45.0,45.0,236.0,77.0,90.0,90.0,0.0,272.0,2.856003,1.028161,0.0,3.884169,15.0,14.0,0.0,3.0,0.0,0.0
3/17/2026,15:34:10,7756898.76,LeftWater,6.0,15.0,30.0,45.0,45.0,236.0,78.0,90.0,90.0,0.0,272.0,2.856003,1.028161,0.0,3.884169,15.0,14.0,0.0,3.0,0.0,0.0
3/17/2026,15:34:10,7756966.55,WaterDispensed,10.0,15.0,30.0,45.0,45.0,236.0,78.0,90.0,90.0,0.0,273.0,2.856003,1.042441,0.0,3.898449,15.0,14.0,0.0,3.0,0.0,0.0
3/17/2026,15:34:11,7757211.04,LeftWater,6.0,15.0,30.0,45.0,45.0,236.0,79.0,90.0,90.0,0.0,273.0,2.856003,1.042441,0.0,3.898449,15.0,14.0,0.0,3.0,0.0,0.0
3/17/2026,15:34:11,7757278.82,WaterDispensed,10.0,15.0,30.0,45.0,45.0,236.0,79.0,90.0,90.0,0.0,274.0,2.856003,1.05672,0.0,3.912729,15.0,14.0,0.0,3.0,0.0,0.0
3/17/2026,15:34:11,7757425.23,LeftWater,6.0,15.0,30.0,45.0,45.0,236.0,80.0,90.0,90.0,0.0,274.0,2.856003,1.05672,0.0,3.912729,15.0,14.0,0.0,3.0,0.0,0.0
3/17/2026,15:34:11,7757493.01,WaterDispensed,10.0,15.0,30.0,45.0,45.0,236.0,80.0,90.0,90.0,0.0,275.0,2.856003,1.071,0.0,3.927009,15.0,14.0,0.0,3.0,0.0,0.0
3/17/2026,15:34:11,7757727.48,LeftWater,6.0,15.0,30.0,45.0,45.0,236.0,81.0,90.0,90.0,0.0,275.0,2.856003,1.071,0.0,3.927009,15.0,14.0,0.0,3.0,0.0,0.0
3/17/2026,15:34:11,7757795.26,WaterDispensed,10.0,15.0,30.0,45.0,45.0,236.0,81.0,90.0,90.0,0.0,276.0,2.856003,1.08528,0.0,3.941289,15.0,14.0,0.0,3.0,0.0,0.0
3/17/2026,15:34:12,7758439.39,LeftWater,6.0,15.0,30.0,45.0,45.0,236.0,82.0,90.0,90.0,0.0,276.0,2.856003,1.08528,0.0,3.941289,15.0,14.0,0.0,3.0,0.0,0.0
3/17/2026,15:34:12,7758507.17,WaterDispensed,10.0,15.0,30.0,45.0,45.0,236.0,82.0,90.0,90.0,0.0,277.0,2.856003,1.09956,0.0,3.955569,15.0,14.0,0.0,3.0,0.0,0.0
3/17/2026,15:34:12,7758580.25,LeftWater,6.0,15.0,30.0,45.0,45.0,236.0,83.0,90.0,90.0,0.0,277.0,2.856003,1.09956,0.0,3.955569,15.0,14.0,0.0,3.0,0.0,0.0
3/17/2026,15:34:12,7758861.99,LeftWater,6.0,15.0,30.0,45.0,45.0,236.0,84.0,90.0,90.0,0.0,277.0,2.856003,1.09956,0.0,3.955569,15.0,14.0,0.0,3.0,0.0,0.0
3/17/2026,15:34:12,7758929.78,WaterDispensed,10.0,15.0,30.0,45.0,45.0,236.0,84.0,90.0,90.0,0.0,278.0,2.856003,1.11384,0.0,3.969849,15.0,14.0,0.0,3.0,0.0,0.0
3/17/2026,15:34:12,7759014.59,LeftWater,6.0,15.0,30.0,45.0,45.0,236.0,85.0,90.0,90.0,0.0,278.0,2.856003,1.11384,0.0,3.969849,15.0,14.0,0.0,3.0,0.0,0.0
3/17/2026,15:34:13,7759481.24,LeftWater,6.0,15.0,30.0,45.0,45.0,236.0,86.0,90.0,90.0,0.0,278.0,2.856003,1.11384,0.0,3.969849,15.0,14.0,0.0,3.0,0.0,0.0
3/17/2026,15:34:13,7759549.02,WaterDispensed,10.0,15.0,30.0,45.0,45.0,236.0,86.0,90.0,90.0,0.0,279.0,2.856003,1.12812,0.0,3.984129,15.0,14.0,0.0,3.0,0.0,0.0
3/17/2026,15:34:13,7759713.12,LeftWater,6.0,15.0,30.0,45.0,45.0,236.0,87.0,90.0,90.0,0.0,279.0,2.856003,1.12812,0.0,3.984129,15.0,14.0,0.0,3.0,0.0,0.0
3/17/2026,15:34:13,7759780.91,WaterDispensed,10.0,15.0,30.0,45.0,45.0,236.0,87.0,90.0,90.0,0.0,280.0,2.856003,1.1424,0.0,3.998409,15.0,14.0,0.0,3.0,0.0,0.0
3/17/2026,15:35:25,7831262.42,RightWater,5.0,15.0,30.0,45.0,45.0,237.0,87.0,90.0,90.0,0.0,280.0,2.856003,1.1424,0.0,3.998409,15.0,14.0,0.0,3.0,0.0,0.0
3/17/2026,15:35:25,7831329.29,WaterDispensed,10.0,15.0,30.0,45.0,45.0,237.0,87.0,90.0,90.0,0.0,281.0,2.870283,1.1424,0.0,4.012689,15.0,14.0,0.0,3.0,0.0,0.0
3/17/2026,15:35:26,7832254.67,RightWater,5.0,15.0,30.0,45.0,45.0,238.0,87.0,90.0,90.0,0.0,281.0,2.870283,1.1424,0.0,4.012689,15.0,14.0,0.0,3.0,0.0,0.0
3/17/2026,15:35:26,7832321.54,WaterDispensed,10.0,15.0,30.0,45.0,45.0,238.0,87.0,90.0,90.0,0.0,282.0,2.884563,1.1424,0.0,4.026969,15.0,14.0,0.0,3.0,0.0,0.0
3/17/2026,15:35:26,7832418.07,RightWater,5.0,15.0,30.0,45.0,45.0,239.0,87.0,90.0,90.0,0.0,282.0,2.884563,1.1424,0.0,4.026969,15.0,14.0,0.0,3.0,0.0,0.0
3/17/2026,15:35:26,7832519.16,RightWater,5.0,15.0,30.0,45.0,45.0,240.0,87.0,90.0,90.0,0.0,282.0,2.884563,1.1424,0.0,4.026969,15.0,14.0,0.0,3.0,0.0,0.0
3/17/2026,15:35:26,7832586.03,WaterDispensed,10.0,15.0,30.0,45.0,45.0,240.0,87.0,90.0,90.0,0.0,283.0,2.898843,1.1424,0.0,4.041249,15.0,14.0,0.0,3.0,0.0,0.0
3/17/2026,15:35:27,7833100.15,RightWater,5.0,15.0,30.0,45.0,45.0,241.0,87.0,90.0,90.0,0.0,283.0,2.898843,1.1424,0.0,4.041249,15.0,14.0,0.0,3.0,0.0,0.0
3/17/2026,15:35:27,7833167.02,WaterDispensed,10.0,15.0,30.0,45.0,45.0,241.0,87.0,90.0,90.0,0.0,284.0,2.913123,1.1424,0.0,4.055529,15.0,14.0,0.0,3.0,0.0,0.0
3/17/2026,15:35:27,7833558.81,RightWater,5.0,15.0,30.0,45.0,45.0,242.0,87.0,90.0,90.0,0.0,284.0,2.913123,1.1424,0.0,4.055529,15.0,14.0,0.0,3.0,0.0,0.0
3/17/2026,15:35:27,7833625.69,WaterDispensed,10.0,15.0,30.0,45.0,45.0,242.0,87.0,90.0,90.0,0.0,285.0,2.927403,1.1424,0.0,4.069808,15.0,14.0,0.0,3.0,0.0,0.0
3/17/2026,15:35:28,7834537.62,RightWater,5.0,15.0,30.0,45.0,45.0,243.0,87.0,90.0,90.0,0.0,285.0,2.927403,1.1424,0.0,4.069808,15.0,14.0,0.0,3.0,0.0,0.0
3/17/2026,15:35:28,7834604.49,WaterDispensed,10.0,15.0,30.0,45.0,45.0,243.0,87.0,90.0,90.0,0.0,286.0,2.941683,1.1424,0.0,4.084088,15.0,14.0,0.0,3.0,0.0,0.0
3/17/2026,15:35:29,7835404.38,RightWater,5.0,15.0,30.0,45.0,45.0,244.0,87.0,90.0,90.0,0.0,286.0,2.941683,1.1424,0.0,4.084088,15.0,14.0,0.0,3.0,0.0,0.0
3/17/2026,15:35:29,7835471.25,WaterDispensed,10.0,15.0,30.0,45.0,45.0,244.0,87.0,90.0,90.0,0.0,287.0,2.955963,1.1424,0.0,4.098368,15.0,14.0,0.0,3.0,0.0,0.0
3/17/2026,15:35:29,7835555.19,RightWater,5.0,15.0,30.0,45.0,45.0,245.0,87.0,90.0,90.0,0.0,287.0,2.955963,1.1424,0.0,4.098368,15.0,14.0,0.0,3.0,0.0,0.0
3/17/2026,15:35:36,7842588.47,RightWater,5.0,15.0,30.0,45.0,45.0,246.0,87.0,90.0,90.0,0.0,287.0,2.955963,1.1424,0.0,4.098368,15.0,14.0,0.0,3.0,0.0,0.0
3/17/2026,15:35:36,7842655.34,WaterDispensed,10.0,15.0,30.0,45.0,45.0,246.0,87.0,90.0,90.0,0.0,288.0,2.970243,1.1424,0.0,4.112648,15.0,14.0,0.0,3.0,0.0,0.0
3/17/2026,15:35:38,7844094.33,RightWater,5.0,15.0,30.0,45.0,45.0,247.0,87.0,90.0,90.0,0.0,288.0,2.970243,1.1424,0.0,4.112648,15.0,14.0,0.0,3.0,0.0,0.0
3/17/2026,15:35:38,7844161.19,WaterDispensed,10.0,15.0,30.0,45.0,45.0,247.0,87.0,90.0,90.0,0.0,289.0,2.984524,1.1424,0.0,4.126928,15.0,14.0,0.0,3.0,0.0,0.0
3/17/2026,15:35:44,7850410.39,RightWater,5.0,15.0,30.0,45.0,45.0,248.0,87.0,90.0,90.0,0.0,289.0,2.984524,1.1424,0.0,4.126928,15.0,14.0,0.0,3.0,0.0,0.0
3/17/2026,15:35:44,7850477.26,WaterDispensed,10.0,15.0,30.0,45.0,45.0,248.0,87.0,90.0,90.0,0.0,290.0,2.998804,1.1424,0.0,4.141208,15.0,14.0,0.0,3.0,0.0,0.0
3/17/2026,15:35:44,7850553.63,RightWater,5.0,15.0,30.0,45.0,45.0,249.0,87.0,90.0,90.0,0.0,290.0,2.998804,1.1424,0.0,4.141208,15.0,14.0,0.0,3.0,0.0,0.0
3/17/2026,15:35:44,7850715.23,RightWater,5.0,15.0,30.0,45.0,45.0,250.0,87.0,90.0,90.0,0.0,291.0,3.013084,1.1424,0.0,4.155488,15.0,14.0,0.0,3.0,0.0,0.0
3/17/2026,15:35:44,7850782.09,WaterDispensed,10.0,15.0,30.0,45.0,45.0,250.0,87.0,90.0,90.0,0.0,291.0,3.013084,1.1424,0.0,4.155488,15.0,14.0,0.0,3.0,0.0,0.0
3/17/2026,15:35:44,7850876.62,RightWater,5.0,15.0,30.0,45.0,45.0,251.0,87.0,90.0,90.0,0.0,291.0,3.013084,1.1424,0.0,4.155488,15.0,14.0,0.0,3.0,0.0,0.0
3/17/2026,15:35:45,7851954.74,RightWater,5.0,15.0,30.0,45.0,45.0,252.0,87.0,90.0,90.0,0.0,291.0,3.013084,1.1424,0.0,4.155488,15.0,14.0,0.0,3.0,0.0,0.0
3/17/2026,15:35:46,7852021.62,WaterDispensed,10.0,15.0,30.0,45.0,45.0,252.0,87.0,90.0,90.0,0.0,292.0,3.027364,1.1424,0.0,4.169767,15.0,14.0,0.0,3.0,0.0,0.0
3/17/2026,15:35:46,7852358.71,RightWater,5.0,15.0,30.0,45.0,45.0,253.0,87.0,90.0,90.0,0.0,292.0,3.027364,1.1424,0.0,4.169767,15.0,14.0,0.0,3.0,0.0,0.0
3/17/2026,15:35:46,7852425.58,WaterDispensed,10.0,15.0,30.0,45.0,45.0,253.0,87.0,90.0,90.0,0.0,293.0,3.041644,1.1424,0.0,4.184047,15.0,14.0,0.0,3.0,0.0,0.0
3/17/2026,15:35:46,7852585.2,RightWater,5.0,15.0,30.0,45.0,45.0,254.0,87.0,90.0,90.0,0.0,293.0,3.041644,1.1424,0.0,4.184047,15.0,14.0,0.0,3.0,0.0,0.0
3/17/2026,15:35:46,7852652.07,WaterDispensed,10.0,15.0,30.0,45.0,45.0,254.0,87.0,90.0,90.0,0.0,294.0,3.055924,1.1424,0.0,4.198327,15.0,14.0,0.0,3.0,0.0,0.0
3/17/2026,15:35:47,7853038.21,RightWater,5.0,15.0,30.0,45.0,45.0,255.0,87.0,90.0,90.0,0.0,294.0,3.055924,1.1424,0.0,4.198327,15.0,14.0,0.0,3.0,0.0,0.0
3/17/2026,15:35:47,7853105.08,WaterDispensed,10.0,15.0,30.0,45.0,45.0,255.0,87.0,90.0,90.0,0.0,295.0,3.070204,1.1424,0.0,4.212607,15.0,14.0,0.0,3.0,0.0,0.0
3/17/2026,15:35:47,7853552.48,RightWater,5.0,15.0,30.0,45.0,45.0,256.0,87.0,90.0,90.0,0.0,295.0,3.070204,1.1424,0.0,4.212607,15.0,14.0,0.0,3.0,0.0,0.0
3/17/2026,15:35:47,7853619.35,WaterDispensed,10.0,15.0,30.0,45.0,45.0,256.0,87.0,90.0,90.0,0.0,296.0,3.084484,1.1424,0.0,4.226887,15.0,14.0,0.0,3.0,0.0,0.0
3/17/2026,15:36:00,7866344.4,RightWater,5.0,15.0,30.0,45.0,45.0,257.0,87.0,90.0,90.0,0.0,296.0,3.084484,1.1424,0.0,4.226887,15.0,14.0,0.0,3.0,0.0,0.0
3/17/2026,15:36:00,7866411.27,WaterDispensed,10.0,15.0,30.0,45.0,45.0,257.0,87.0,90.0,90.0,0.0,297.0,3.098764,1.1424,0.0,4.241167,15.0,14.0,0.0,3.0,0.0,0.0
3/17/2026,15:36:03,7869117.37,RightWater,5.0,15.0,30.0,45.0,45.0,258.0,87.0,90.0,90.0,0.0,297.0,3.098764,1.1424,0.0,4.241167,15.0,14.0,0.0,3.0,0.0,0.0
3/17/2026,15:36:03,7869184.23,WaterDispensed,10.0,15.0,30.0,45.0,45.0,258.0,87.0,90.0,90.0,0.0,298.0,3.113044,1.1424,0.0,4.255446,15.0,14.0,0.0,3.0,0.0,0.0
3/17/2026,15:36:03,7869441.27,RightWater,5.0,15.0,30.0,45.0,45.0,259.0,87.0,90.0,90.0,0.0,298.0,3.113044,1.1424,0.0,4.255446,15.0,14.0,0.0,3.0,0.0,0.0
3/17/2026,15:36:03,7869508.14,WaterDispensed,10.0,15.0,30.0,45.0,45.0,259.0,87.0,90.0,90.0,0.0,299.0,3.127324,1.1424,0.0,4.269726,15.0,14.0,0.0,3.0,0.0,0.0
3/17/2026,15:36:04,7870601.64,RightWater,5.0,15.0,30.0,45.0,45.0,260.0,87.0,90.0,90.0,0.0,299.0,3.127324,1.1424,0.0,4.269726,15.0,14.0,0.0,3.0,0.0,0.0
3/17/2026,15:36:04,7870668.5,WaterDispensed,10.0,15.0,30.0,45.0,45.0,260.0,87.0,90.0,90.0,0.0,300.0,3.141604,1.1424,0.0,4.284006,15.0,14.0,0.0,3.0,0.0,0.0
3/17/2026,15:36:08,7874969.62,Right,1.0,16.0,30.0,45.0,45.0,260.0,87.0,90.0,90.0,0.0,300.0,3.141604,1.1424,0.0,4.284006,15.0,14.0,0.0,3.0,0.0,0.0
3/17/2026,15:36:10,7876045.47,TONE,8.0,16.0,30.0,45.0,45.0,260.0,87.0,90.0,91.0,0.0,300.0,3.141604,1.1424,0.0,4.284006,15.0,14.0,0.0,3.0,0.0,0.0
3/17/2026,15:36:10,7876113.52,LED,7.0,16.0,30.0,45.0,45.0,260.0,87.0,91.0,91.0,0.0,300.0,3.141604,1.1424,0.0,4.284006,15.0,14.0,0.0,3.0,0.0,0.0
3/17/2026,15:36:10,7876885.58,Dispensed,3.0,16.0,30.0,46.0,45.0,260.0,87.0,91.0,91.0,0.0,300.0,3.141604,1.1424,0.0,4.284006,15.0,14.0,0.0,3.0,0.0,0.0
3/17/2026,15:36:10,7876948.6,TONE,8.0,16.0,30.0,46.0,45.0,260.0,87.0,91.0,92.0,0.0,300.0,3.141604,1.1424,0.0,4.284006,15.0,14.0,0.0,3.0,0.0,0.0
3/17/2026,15:36:11,7877016.65,LED,7.0,16.0,30.0,46.0,45.0,260.0,87.0,92.0,92.0,0.0,300.0,3.141604,1.1424,0.0,4.284006,15.0,14.0,0.0,3.0,0.0,0.0
3/17/2026,15:36:34,7900113.59,Retrieved,4.0,16.0,30.0,46.0,46.0,260.0,87.0,92.0,92.0,0.0,300.0,3.141604,1.1424,0.0,4.284006,15.0,14.0,0.0,3.0,0.0,0.0
3/17/2026,15:37:55,7981203.86,Left,2.0,16.0,31.0,46.0,46.0,260.0,87.0,92.0,92.0,0.0,300.0,3.141604,1.1424,0.0,4.284006,15.0,14.0,0.0,3.0,0.0,0.0
3/17/2026,15:37:55,7981774.17,TONE,8.0,16.0,31.0,46.0,46.0,260.0,87.0,92.0,93.0,0.0,300.0,3.141604,1.1424,0.0,4.284006,15.0,14.0,0.0,3.0,0.0,0.0
3/17/2026,15:37:55,7981842.23,LED,7.0,16.0,31.0,46.0,46.0,260.0,87.0,93.0,93.0,0.0,300.0,3.141604,1.1424,0.0,4.284006,15.0,14.0,0.0,3.0,0.0,0.0
3/17/2026,15:37:56,7982543.23,Dispensed,3.0,16.0,31.0,47.0,46.0,260.0,87.0,93.0,93.0,0.0,300.0,3.141604,1.1424,0.0,4.284006,15.0,14.0,0.0,3.0,0.0,0.0
3/17/2026,15:37:56,7982606.25,TONE,8.0,16.0,31.0,47.0,46.0,260.0,87.0,93.0,94.0,0.0,300.0,3.141604,1.1424,0.0,4.284006,15.0,14.0,0.0,3.0,0.0,0.0
3/17/2026,15:37:56,7982674.3,LED,7.0,16.0,31.0,47.0,46.0,260.0,87.0,94.0,94.0,0.0,300.0,3.141604,1.1424,0.0,4.284006,15.0,14.0,0.0,3.0,0.0,0.0
3/17/2026,15:37:57,7983032.19,Retrieved,4.0,16.0,31.0,47.0,47.0,260.0,87.0,94.0,94.0,0.0,300.0,3.141604,1.1424,0.0,4.284006,15.0,14.0,0.0,3.0,0.0,0.0
3/17/2026,15:41:10,8176957.24,RightWater,5.0,16.0,31.0,47.0,47.0,261.0,87.0,94.0,94.0,0.0,300.0,3.141604,1.1424,0.0,4.284006,15.0,14.0,0.0,3.0,0.0,0.0
3/17/2026,15:41:11,8177024.1,WaterDispensed,10.0,16.0,31.0,47.0,47.0,261.0,87.0,94.0,94.0,0.0,301.0,3.155885,1.1424,0.0,4.298286,15.0,14.0,0.0,3.0,0.0,0.0
3/17/2026,15:41:43,8209207.98,RightWater,5.0,16.0,31.0,47.0,47.0,262.0,87.0,94.0,94.0,0.0,301.0,3.155885,1.1424,0.0,4.298286,15.0,14.0,0.0,3.0,0.0,0.0
3/17/2026,15:41:43,8209274.84,WaterDispensed,10.0,16.0,31.0,47.0,47.0,262.0,87.0,94.0,94.0,0.0,302.0,3.170165,1.1424,0.0,4.312566,15.0,14.0,0.0,3.0,0.0,0.0
3/17/2026,15:42:15,8241545.75,RightWater,5.0,16.0,31.0,47.0,47.0,263.0,87.0,94.0,94.0,0.0,302.0,3.170165,1.1424,0.0,4.312566,15.0,14.0,0.0,3.0,0.0,0.0
3/17/2026,15:42:15,8241612.62,WaterDispensed,10.0,16.0,31.0,47.0,47.0,263.0,87.0,94.0,94.0,0.0,303.0,3.184445,1.1424,0.0,4.326846,15.0,14.0,0.0,3.0,0.0,0.0
3/17/2026,15:42:39,8265410.25,LeftWater,6.0,16.0,31.0,47.0,47.0,263.0,88.0,94.0,94.0,0.0,303.0,3.184445,1.1424,0.0,4.326846,15.0,14.0,0.0,3.0,0.0,0.0
3/17/2026,15:42:39,8265478.03,WaterDispensed,10.0,16.0,31.0,47.0,47.0,263.0,88.0,94.0,94.0,0.0,304.0,3.184445,1.15668,0.0,4.341125,15.0,14.0,0.0,3.0,0.0,0.0
3/17/2026,15:42:52,8278612.04,LeftWater,6.0,16.0,31.0,47.0,47.0,263.0,89.0,94.0,94.0,0.0,304.0,3.184445,1.15668,0.0,4.341125,15.0,14.0,0.0,3.0,0.0,0.0
3/17/2026,15:42:52,8278679.83,WaterDispensed,10.0,16.0,31.0,47.0,47.0,263.0,89.0,94.0,94.0,0.0,305.0,3.184445,1.17096,0.0,4.355405,15.0,14.0,0.0,3.0,0.0,0.0
3/17/2026,15:42:52,8278911.93,LeftWater,6.0,16.0,31.0,47.0,47.0,263.0,90.0,94.0,94.0,0.0,305.0,3.184445,1.17096,0.0,4.355405,15.0,14.0,0.0,3.0,0.0,0.0
3/17/2026,15:42:52,8278979.71,WaterDispensed,10.0,16.0,31.0,47.0,47.0,263.0,90.0,94.0,94.0,0.0,306.0,3.184445,1.18524,0.0,4.369685,15.0,14.0,0.0,3.0,0.0,0.0
3/17/2026,15:42:54,8280402.9,LeftWater,6.0,16.0,31.0,47.0,47.0,263.0,91.0,94.0,94.0,0.0,306.0,3.184445,1.18524,0.0,4.369685,15.0,14.0,0.0,3.0,0.0,0.0
3/17/2026,15:42:54,8280470.68,WaterDispensed,10.0,16.0,31.0,47.0,47.0,263.0,91.0,94.0,94.0,0.0,307.0,3.184445,1.19952,0.0,4.383965,15.0,14.0,0.0,3.0,0.0,0.0
3/17/2026,15:43:56,8342178.49,LeftWater,6.0,16.0,31.0,47.0,47.0,263.0,92.0,94.0,94.0,0.0,307.0,3.184445,1.19952,0.0,4.383965,15.0,14.0,0.0,3.0,0.0,0.0
3/17/2026,15:43:56,8342246.28,WaterDispensed,10.0,16.0,31.0,47.0,47.0,263.0,92.0,94.0,94.0,0.0,308.0,3.184445,1.2138,0.0,4.398245,15.0,14.0,0.0,3.0,0.0,0.0
3/17/2026,15:43:56,8342328.85,LeftWater,6.0,16.0,31.0,47.0,47.0,263.0,93.0,94.0,94.0,0.0,308.0,3.184445,1.2138,0.0,4.398245,15.0,14.0,0.0,3.0,0.0,0.0
3/17/2026,15:43:56,8342421.25,LeftWater,6.0,16.0,31.0,47.0,47.0,263.0,94.0,94.0,94.0,0.0,308.0,3.184445,1.2138,0.0,4.398245,15.0,14.0,0.0,3.0,0.0,0.0
3/17/2026,15:43:56,8342489.04,WaterDispensed,10.0,16.0,31.0,47.0,47.0,263.0,94.0,94.0,94.0,0.0,309.0,3.184445,1.22808,0.0,4.412525,15.0,14.0,0.0,3.0,0.0,0.0
3/17/2026,15:43:57,8343678.75,LeftWater,6.0,16.0,31.0,47.0,47.0,263.0,95.0,94.0,94.0,0.0,309.0,3.184445,1.22808,0.0,4.412525,15.0,14.0,0.0,3.0,0.0,0.0
3/17/2026,15:43:57,8343746.54,WaterDispensed,10.0,16.0,31.0,47.0,47.0,263.0,95.0,94.0,94.0,0.0,310.0,3.184445,1.24236,0.0,4.426805,15.0,14.0,0.0,3.0,0.0,0.0
3/17/2026,15:44:54,8400899.5,LeftWater,6.0,16.0,31.0,47.0,47.0,263.0,96.0,94.0,94.0,0.0,310.0,3.184445,1.24236,0.0,4.426805,15.0,14.0,0.0,3.0,0.0,0.0
3/17/2026,15:44:54,8400967.29,WaterDispensed,10.0,16.0,31.0,47.0,47.0,263.0,96.0,94.0,94.0,0.0,311.0,3.184445,1.25664,0.0,4.441084,15.0,14.0,0.0,3.0,0.0,0.0
3/17/2026,15:45:14,8420578.11,Right,1.0,17.0,31.0,47.0,47.0,263.0,96.0,94.0,94.0,0.0,311.0,3.184445,1.25664,0.0,4.441084,15.0,14.0,0.0,3.0,0.0,0.0
3/17/2026,15:45:15,8421563.48,TONE,8.0,17.0,31.0,47.0,47.0,263.0,96.0,94.0,95.0,0.0,311.0,3.184445,1.25664,0.0,4.441084,15.0,14.0,0.0,3.0,0.0,0.0
3/17/2026,15:45:15,8421631.53,LED,7.0,17.0,31.0,47.0,47.0,263.0,96.0,95.0,95.0,0.0,311.0,3.184445,1.25664,0.0,4.441084,15.0,14.0,0.0,3.0,0.0,0.0
3/17/2026,15:45:16,8422320.28,Dispensed,3.0,17.0,31.0,48.0,47.0,263.0,96.0,95.0,95.0,0.0,311.0,3.184445,1.25664,0.0,4.441084,15.0,14.0,0.0,3.0,0.0,0.0
3/17/2026,15:45:16,8422383.3,TONE,8.0,17.0,31.0,48.0,47.0,263.0,96.0,95.0,96.0,0.0,311.0,3.184445,1.25664,0.0,4.441084,15.0,14.0,0.0,3.0,0.0,0.0
3/17/2026,15:45:16,8422451.35,LED,7.0,17.0,31.0,48.0,47.0,263.0,96.0,96.0,96.0,0.0,311.0,3.184445,1.25664,0.0,4.441084,15.0,14.0,0.0,3.0,0.0,0.0
3/17/2026,15:45:20,8426027.2,RightWater,5.0,17.0,31.0,48.0,47.0,264.0,96.0,96.0,96.0,0.0,311.0,3.184445,1.25664,0.0,4.441084,15.0,14.0,0.0,3.0,0.0,0.0
3/17/2026,15:45:20,8426094.07,WaterDispensed,10.0,17.0,31.0,48.0,47.0,264.0,96.0,96.0,96.0,0.0,312.0,3.198725,1.25664,0.0,4.455364,15.0,14.0,0.0,3.0,0.0,0.0
3/17/2026,15:45:20,8426562.63,RightWater,5.0,17.0,31.0,48.0,47.0,265.0,96.0,96.0,96.0,0.0,312.0,3.198725,1.25664,0.0,4.455364,15.0,14.0,0.0,3.0,0.0,0.0
3/17/2026,15:45:20,8426629.5,WaterDispensed,10.0,17.0,31.0,48.0,47.0,265.0,96.0,96.0,96.0,0.0,313.0,3.213005,1.25664,0.0,4.469644,15.0,14.0,0.0,3.0,0.0,0.0
3/17/2026,15:52:23,8849546.42,LeftWater,6.0,17.0,31.0,48.0,47.0,265.0,97.0,96.0,96.0,0.0,313.0,3.213005,1.25664,0.0,4.469644,15.0,14.0,0.0,3.0,0.0,0.0
3/17/2026,15:52:23,8849614.2,WaterDispensed,10.0,17.0,31.0,48.0,47.0,265.0,97.0,96.0,96.0,0.0,314.0,3.213005,1.27092,0.0,4.483924,15.0,14.0,0.0,3.0,0.0,0.0
3/17/2026,15:52:26,8852212.11,LeftWithPellet,12.0,17.0,31.0,48.0,47.0,265.0,97.0,96.0,96.0,0.0,314.0,3.213005,1.27092,0.0,4.483924,15.0,15.0,0.0,3.0,0.0,0.0
3/17/2026,15:52:30,8856905.71,LeftWithPellet,12.0,17.0,31.0,48.0,47.0,265.0,97.0,96.0,96.0,0.0,314.0,3.213005,1.27092,0.0,4.483924,15.0,16.0,0.0,3.0,0.0,0.0
3/17/2026,15:52:33,8859803.54,Retrieved,4.0,17.0,31.0,48.0,48.0,265.0,97.0,96.0,96.0,0.0,314.0,3.213005,1.27092,0.0,4.483924,15.0,16.0,0.0,3.0,0.0,0.0
3/17/2026,15:52:35,8861962.45,Left,2.0,17.0,32.0,48.0,48.0,265.0,97.0,96.0,96.0,0.0,314.0,3.213005,1.27092,0.0,4.483924,15.0,16.0,0.0,3.0,0.0,0.0
3/17/2026,15:52:36,8862465.52,TONE,8.0,17.0,32.0,48.0,48.0,265.0,97.0,96.0,97.0,0.0,314.0,3.213005,1.27092,0.0,4.483924,15.0,16.0,0.0,3.0,0.0,0.0
3/17/2026,15:52:36,8862533.58,LED,7.0,17.0,32.0,48.0,48.0,265.0,97.0,97.0,97.0,0.0,314.0,3.213005,1.27092,0.0,4.483924,15.0,16.0,0.0,3.0,0.0,0.0
3/17/2026,15:52:36,8862717.41,LeftDuringDispense,14.0,17.0,32.0,48.0,48.0,265.0,97.0,97.0,97.0,0.0,314.0,3.213005,1.27092,0.0,4.483924,15.0,16.0,0.0,4.0,0.0,0.0
3/17/2026,15:52:37,8863639.94,Dispensed,3.0,17.0,32.0,49.0,48.0,265.0,97.0,97.0,97.0,0.0,314.0,3.213005,1.27092,0.0,4.483924,15.0,16.0,0.0,4.0,0.0,0.0
3/17/2026,15:52:37,8863702.95,TONE,8.0,17.0,32.0,49.0,48.0,265.0,97.0,97.0,98.0,0.0,314.0,3.213005,1.27092,0.0,4.483924,15.0,16.0,0.0,4.0,0.0,0.0
3/17/2026,15:52:37,8863771.01,LED,7.0,17.0,32.0,49.0,48.0,265.0,97.0,98.0,98.0,0.0,314.0,3.213005,1.27092,0.0,4.483924,15.0,16.0,0.0,4.0,0.0,0.0
3/17/2026,15:52:38,8864367.56,Retrieved,4.0,17.0,32.0,49.0,49.0,265.0,97.0,98.0,98.0,0.0,314.0,3.213005,1.27092,0.0,4.483924,15.0,16.0,0.0,4.0,0.0,0.0
3/17/2026,15:52:59,8885837.28,Right,1.0,18.0,32.0,49.0,49.0,265.0,97.0,98.0,98.0,0.0,314.0,3.213005,1.27092,0.0,4.483924,15.0,16.0,0.0,4.0,0.0,0.0
3/17/2026,15:53:00,8886715.42,TONE,8.0,18.0,32.0,49.0,49.0,265.0,97.0,98.0,99.0,0.0,314.0,3.213005,1.27092,0.0,4.483924,15.0,16.0,0.0,4.0,0.0,0.0
3/17/2026,15:53:00,8886783.47,LED,7.0,18.0,32.0,49.0,49.0,265.0,97.0,99.0,99.0,0.0,314.0,3.213005,1.27092,0.0,4.483924,15.0,16.0,0.0,4.0,0.0,0.0
3/17/2026,15:53:01,8887525.01,Dispensed,3.0,18.0,32.0,50.0,49.0,265.0,97.0,99.0,99.0,0.0,314.0,3.213005,1.27092,0.0,4.483924,15.0,16.0,0.0,4.0,0.0,0.0
3/17/2026,15:53:01,8887588.02,TONE,8.0,18.0,32.0,50.0,49.0,265.0,97.0,99.0,100.0,0.0,314.0,3.213005,1.27092,0.0,4.483924,15.0,16.0,0.0,4.0,0.0,0.0
3/17/2026,15:53:01,8887656.08,LED,7.0,18.0,32.0,50.0,49.0,265.0,97.0,100.0,100.0,0.0,314.0,3.213005,1.27092,0.0,4.483924,15.0,16.0,0.0,4.0,0.0,0.0
3/17/2026,15:53:02,8888192.93,Retrieved,4.0,18.0,32.0,50.0,50.0,265.0,97.0,100.0,100.0,0.0,314.0,3.213005,1.27092,0.0,4.483924,15.0,16.0,0.0,4.0,0.0,0.0
3/17/2026,15:59:50,9296834.64,LeftWater,6.0,18.0,32.0,50.0,50.0,265.0,98.0,100.0,100.0,0.0,314.0,3.213005,1.27092,0.0,4.483924,15.0,16.0,0.0,4.0,0.0,0.0
3/17/2026,15:59:50,9296902.42,WaterDispensed,10.0,18.0,32.0,50.0,50.0,265.0,98.0,100.0,100.0,0.0,315.0,3.213005,1.2852,0.0,4.498204,15.0,16.0,0.0,4.0,0.0,0.0
3/17/2026,16:02:00,9427009.51,RightWater,5.0,18.0,32.0,50.0,50.0,266.0,98.0,100.0,100.0,0.0,315.0,3.213005,1.2852,0.0,4.498204,15.0,16.0,0.0,4.0,0.0,0.0
3/17/2026,16:02:01,9427076.37,WaterDispensed,10.0,18.0,32.0,50.0,50.0,266.0,98.0,100.0,100.0,0.0,316.0,3.227285,1.2852,0.0,4.512484,15.0,16.0,0.0,4.0,0.0,0.0
3/17/2026,16:02:11,9437642.92,RightWater,5.0,18.0,32.0,50.0,50.0,267.0,98.0,100.0,100.0,0.0,316.0,3.227285,1.2852,0.0,4.512484,15.0,16.0,0.0,4.0,0.0,0.0
3/17/2026,16:02:11,9437709.79,WaterDispensed,10.0,18.0,32.0,50.0,50.0,267.0,98.0,100.0,100.0,0.0,317.0,3.241565,1.2852,0.0,4.526763,15.0,16.0,0.0,4.0,0.0,0.0
3/17/2026,16:02:11,9437925.74,RightWater,5.0,18.0,32.0,50.0,50.0,268.0,98.0,100.0,100.0,0.0,317.0,3.241565,1.2852,0.0,4.526763,15.0,16.0,0.0,4.0,0.0,0.0
3/17/2026,16:02:11,9437992.61,WaterDispensed,10.0,18.0,32.0,50.0,50.0,268.0,98.0,100.0,100.0,0.0,318.0,3.255845,1.2852,0.0,4.541043,15.0,16.0,0.0,4.0,0.0,0.0
3/17/2026,16:02:15,9441293.86,Right,1.0,19.0,32.0,50.0,50.0,268.0,98.0,100.0,100.0,0.0,318.0,3.255845,1.2852,0.0,4.541043,15.0,16.0,0.0,4.0,0.0,0.0
3/17/2026,16:02:16,9442386.5,TONE,8.0,19.0,32.0,50.0,50.0,268.0,98.0,100.0,101.0,0.0,318.0,3.255845,1.2852,0.0,4.541043,15.0,16.0,0.0,4.0,0.0,0.0
3/17/2026,16:02:16,9442454.55,LED,7.0,19.0,32.0,50.0,50.0,268.0,98.0,101.0,101.0,0.0,318.0,3.255845,1.2852,0.0,4.541043,15.0,16.0,0.0,4.0,0.0,0.0
3/17/2026,16:02:17,9443169.25,Dispensed,3.0,19.0,32.0,51.0,50.0,268.0,98.0,101.0,101.0,0.0,318.0,3.255845,1.2852,0.0,4.541043,15.0,16.0,0.0,4.0,0.0,0.0
3/17/2026,16:02:17,9443232.26,TONE,8.0,19.0,32.0,51.0,50.0,268.0,98.0,101.0,102.0,0.0,318.0,3.255845,1.2852,0.0,4.541043,15.0,16.0,0.0,4.0,0.0,0.0
3/17/2026,16:02:17,9443300.32,LED,7.0,19.0,32.0,51.0,50.0,268.0,98.0,102.0,102.0,0.0,318.0,3.255845,1.2852,0.0,4.541043,15.0,16.0,0.0,4.0,0.0,0.0
3/17/2026,16:02:40,9466987.63,RightWater,5.0,19.0,32.0,51.0,50.0,269.0,98.0,102.0,102.0,0.0,318.0,3.255845,1.2852,0.0,4.541043,15.0,16.0,0.0,4.0,0.0,0.0
3/17/2026,16:02:41,9467054.48,WaterDispensed,10.0,19.0,32.0,51.0,50.0,269.0,98.0,102.0,102.0,0.0,319.0,3.270125,1.2852,0.0,4.555323,15.0,16.0,0.0,4.0,0.0,0.0
3/17/2026,16:02:49,9475670.11,RightWithPellet,11.0,19.0,32.0,51.0,50.0,269.0,98.0,102.0,102.0,0.0,319.0,3.270125,1.2852,0.0,4.555323,16.0,16.0,0.0,4.0,0.0,0.0
3/17/2026,16:02:52,9478226.14,LeftWater,6.0,19.0,32.0,51.0,50.0,269.0,99.0,102.0,102.0,0.0,319.0,3.270125,1.2852,0.0,4.555323,16.0,16.0,0.0,4.0,0.0,0.0
3/17/2026,16:02:52,9478293.93,WaterDispensed,10.0,19.0,32.0,51.0,50.0,269.0,99.0,102.0,102.0,0.0,320.0,3.270125,1.29948,0.0,4.569603,16.0,16.0,0.0,4.0,0.0,0.0
3/17/2026,16:03:07,9493133.4,RightWater,5.0,19.0,32.0,51.0,50.0,270.0,99.0,102.0,102.0,0.0,320.0,3.270125,1.29948,0.0,4.569603,16.0,16.0,0.0,4.0,0.0,0.0
3/17/2026,16:03:07,9493200.26,WaterDispensed,10.0,19.0,32.0,51.0,50.0,270.0,99.0,102.0,102.0,0.0,321.0,3.284405,1.29948,0.0,4.583883,16.0,16.0,0.0,4.0,0.0,0.0
3/17/2026,16:06:34,9700248.84,RightWithPellet,11.0,19.0,32.0,51.0,50.0,270.0,99.0,102.0,102.0,0.0,321.0,3.284405,1.29948,0.0,4.583883,17.0,16.0,0.0,4.0,0.0,0.0
3/17/2026,16:06:47,9713071.49,LeftWater,6.0,19.0,32.0,51.0,50.0,270.0,100.0,102.0,102.0,0.0,321.0,3.284405,1.29948,0.0,4.583883,17.0,16.0,0.0,4.0,0.0,0.0
3/17/2026,16:06:47,9713139.28,WaterDispensed,10.0,19.0,32.0,51.0,50.0,270.0,100.0,102.0,102.0,0.0,322.0,3.284405,1.31376,0.0,4.598163,17.0,16.0,0.0,4.0,0.0,0.0
3/17/2026,16:06:59,9725648.82,LeftWater,6.0,19.0,32.0,51.0,50.0,270.0,101.0,102.0,102.0,0.0,322.0,3.284405,1.31376,0.0,4.598163,17.0,16.0,0.0,4.0,0.0,0.0
3/17/2026,16:06:59,9725716.59,WaterDispensed,10.0,19.0,32.0,51.0,50.0,270.0,101.0,102.0,102.0,0.0,323.0,3.284405,1.32804,0.0,4.612442,17.0,16.0,0.0,4.0,0.0,0.0
3/17/2026,16:07:05,9731912.69,LeftWater,6.0,19.0,32.0,51.0,50.0,270.0,102.0,102.0,102.0,0.0,323.0,3.284405,1.32804,0.0,4.612442,17.0,16.0,0.0,4.0,0.0,0.0
3/17/2026,16:07:05,9731980.48,WaterDispensed,10.0,19.0,32.0,51.0,50.0,270.0,102.0,102.0,102.0,0.0,324.0,3.284405,1.34232,0.0,4.626722,17.0,16.0,0.0,4.0,0.0,0.0
3/17/2026,16:09:09,9855390.57,LeftWithPellet,12.0,19.0,32.0,51.0,50.0,270.0,102.0,102.0,102.0,0.0,324.0,3.284405,1.34232,0.0,4.626722,17.0,17.0,0.0,4.0,0.0,0.0
3/17/2026,16:09:12,9858975.25,LeftWithPellet,12.0,19.0,32.0,51.0,50.0,270.0,102.0,102.0,102.0,0.0,324.0,3.284405,1.34232,0.0,4.626722,17.0,18.0,0.0,4.0,0.0,0.0
3/17/2026,16:09:17,9863622.48,LeftWithPellet,12.0,19.0,32.0,51.0,50.0,270.0,102.0,102.0,102.0,0.0,324.0,3.284405,1.34232,0.0,4.626722,17.0,19.0,0.0,4.0,0.0,0.0
3/17/2026,16:10:50,9956829.22,RightWater,5.0,19.0,32.0,51.0,50.0,271.0,102.0,102.0,102.0,0.0,324.0,3.284405,1.34232,0.0,4.626722,17.0,19.0,0.0,4.0,0.0,0.0
3/17/2026,16:10:50,9956896.08,WaterDispensed,10.0,19.0,32.0,51.0,50.0,271.0,102.0,102.0,102.0,0.0,325.0,3.298685,1.34232,0.0,4.641002,17.0,19.0,0.0,4.0,0.0,0.0
3/17/2026,16:10:59,9965874.11,RightWater,5.0,19.0,32.0,51.0,50.0,272.0,102.0,102.0,102.0,0.0,325.0,3.298685,1.34232,0.0,4.641002,17.0,19.0,0.0,4.0,0.0,0.0
3/17/2026,16:10:59,9965940.96,WaterDispensed,10.0,19.0,32.0,51.0,50.0,272.0,102.0,102.0,102.0,0.0,326.0,3.312965,1.34232,0.0,4.655282,17.0,19.0,0.0,4.0,0.0,0.0
3/17/2026,16:11:37,10003238.44,RightWithPellet,11.0,19.0,32.0,51.0,50.0,272.0,102.0,102.0,102.0,0.0,326.0,3.312965,1.34232,0.0,4.655282,18.0,19.0,0.0,4.0,0.0,0.0
3/17/2026,16:12:28,10054116.99,RightWater,5.0,19.0,32.0,51.0,50.0,273.0,102.0,102.0,102.0,0.0,326.0,3.312965,1.34232,0.0,4.655282,18.0,19.0,0.0,4.0,0.0,0.0
3/17/2026,16:12:28,10054183.85,WaterDispensed,10.0,19.0,32.0,51.0,50.0,273.0,102.0,102.0,102.0,0.0,327.0,3.327245,1.34232,0.0,4.669562,18.0,19.0,0.0,4.0,0.0,0.0
3/17/2026,16:12:29,10055207.9,RightWater,5.0,19.0,32.0,51.0,50.0,274.0,102.0,102.0,102.0,0.0,327.0,3.327245,1.34232,0.0,4.669562,18.0,19.0,0.0,4.0,0.0,0.0
3/17/2026,16:12:29,10055274.78,WaterDispensed,10.0,19.0,32.0,51.0,50.0,274.0,102.0,102.0,102.0,0.0,328.0,3.341526,1.34232,0.0,4.683842,18.0,19.0,0.0,4.0,0.0,0.0
3/17/2026,16:12:29,10055347.78,RightWater,5.0,19.0,32.0,51.0,50.0,275.0,102.0,102.0,102.0,0.0,328.0,3.341526,1.34232,0.0,4.683842,18.0,19.0,0.0,4.0,0.0,0.0
3/17/2026,16:12:33,10059340.54,RightWater,5.0,19.0,32.0,51.0,50.0,276.0,102.0,102.0,102.0,0.0,328.0,3.341526,1.34232,0.0,4.683842,18.0,19.0,0.0,4.0,0.0,0.0
3/17/2026,16:12:33,10059407.41,WaterDispensed,10.0,19.0,32.0,51.0,50.0,276.0,102.0,102.0,102.0,0.0,329.0,3.355806,1.34232,0.0,4.698122,18.0,19.0,0.0,4.0,0.0,0.0
3/17/2026,16:15:43,10249650.96,RightWater,5.0,19.0,32.0,51.0,50.0,277.0,102.0,102.0,102.0,0.0,329.0,3.355806,1.34232,0.0,4.698122,18.0,19.0,0.0,4.0,0.0,0.0
3/17/2026,16:15:43,10249717.83,WaterDispensed,10.0,19.0,32.0,51.0,50.0,277.0,102.0,102.0,102.0,0.0,330.0,3.370086,1.34232,0.0,4.712401,18.0,19.0,0.0,4.0,0.0,0.0
3/17/2026,16:15:44,10250103.23,RightWater,5.0,19.0,32.0,51.0,50.0,278.0,102.0,102.0,102.0,0.0,330.0,3.370086,1.34232,0.0,4.712401,18.0,19.0,0.0,4.0,0.0,0.0
3/17/2026,16:15:44,10250170.09,WaterDispensed,10.0,19.0,32.0,51.0,50.0,278.0,102.0,102.0,102.0,0.0,331.0,3.384366,1.34232,0.0,4.726681,18.0,19.0,0.0,4.0,0.0,0.0
3/17/2026,16:15:44,10250268.02,RightWater,5.0,19.0,32.0,51.0,50.0,279.0,102.0,102.0,102.0,0.0,331.0,3.384366,1.34232,0.0,4.726681,18.0,19.0,0.0,4.0,0.0,0.0
3/17/2026,16:15:44,10250348.05,RightWater,5.0,19.0,32.0,51.0,50.0,280.0,102.0,102.0,102.0,0.0,331.0,3.384366,1.34232,0.0,4.726681,18.0,19.0,0.0,4.0,0.0,0.0
3/17/2026,16:15:44,10250414.92,WaterDispensed,10.0,19.0,32.0,51.0,50.0,280.0,102.0,102.0,102.0,0.0,332.0,3.398646,1.34232,0.0,4.740961,18.0,19.0,0.0,4.0,0.0,0.0
3/17/2026,16:15:44,10250488.74,RightWater,5.0,19.0,32.0,51.0,50.0,281.0,102.0,102.0,102.0,0.0,332.0,3.398646,1.34232,0.0,4.740961,18.0,19.0,0.0,4.0,0.0,0.0
3/17/2026,16:15:44,10250819.69,RightWater,5.0,19.0,32.0,51.0,50.0,282.0,102.0,102.0,102.0,0.0,332.0,3.398646,1.34232,0.0,4.740961,18.0,19.0,0.0,4.0,0.0,0.0
3/17/2026,16:15:44,10250886.55,WaterDispensed,10.0,19.0,32.0,51.0,50.0,282.0,102.0,102.0,102.0,0.0,333.0,3.412926,1.34232,0.0,4.755241,18.0,19.0,0.0,4.0,0.0,0.0
3/17/2026,16:15:45,10251050.83,RightWater,5.0,19.0,32.0,51.0,50.0,283.0,102.0,102.0,102.0,0.0,333.0,3.412926,1.34232,0.0,4.755241,18.0,19.0,0.0,4.0,0.0,0.0
3/17/2026,16:15:45,10251117.69,WaterDispensed,10.0,19.0,32.0,51.0,50.0,283.0,102.0,102.0,102.0,0.0,334.0,3.427206,1.34232,0.0,4.769521,18.0,19.0,0.0,4.0,0.0,0.0
3/17/2026,16:15:45,10251278.8,RightWater,5.0,19.0,32.0,51.0,50.0,284.0,102.0,102.0,102.0,0.0,334.0,3.427206,1.34232,0.0,4.769521,18.0,19.0,0.0,4.0,0.0,0.0
3/17/2026,16:15:45,10251345.66,WaterDispensed,10.0,19.0,32.0,51.0,50.0,284.0,102.0,102.0,102.0,0.0,335.0,3.441486,1.34232,0.0,4.783801,18.0,19.0,0.0,4.0,0.0,0.0
3/17/2026,16:15:45,10251792.86,RightWater,5.0,19.0,32.0,51.0,50.0,285.0,102.0,102.0,102.0,0.0,336.0,3.455766,1.34232,0.0,4.79808,18.0,19.0,0.0,4.0,0.0,0.0
3/17/2026,16:15:45,10251859.72,WaterDispensed,10.0,19.0,32.0,51.0,50.0,285.0,102.0,102.0,102.0,0.0,336.0,3.455766,1.34232,0.0,4.79808,18.0,19.0,0.0,4.0,0.0,0.0
3/17/2026,16:15:45,10251930.99,RightWater,5.0,19.0,32.0,51.0,50.0,286.0,102.0,102.0,102.0,0.0,336.0,3.455766,1.34232,0.0,4.79808,18.0,19.0,0.0,4.0,0.0,0.0
3/17/2026,16:15:46,10252200.74,RightWater,5.0,19.0,32.0,51.0,50.0,287.0,102.0,102.0,102.0,0.0,336.0,3.455766,1.34232,0.0,4.79808,18.0,19.0,0.0,4.0,0.0,0.0
3/17/2026,16:15:46,10252267.6,WaterDispensed,10.0,19.0,32.0,51.0,50.0,287.0,102.0,102.0,102.0,0.0,337.0,3.470046,1.34232,0.0,4.81236,18.0,19.0,0.0,4.0,0.0,0.0
3/17/2026,16:15:46,10252598.57,RightWater,5.0,19.0,32.0,51.0,50.0,288.0,102.0,102.0,102.0,0.0,337.0,3.470046,1.34232,0.0,4.81236,18.0,19.0,0.0,4.0,0.0,0.0
3/17/2026,16:15:46,10252665.44,WaterDispensed,10.0,19.0,32.0,51.0,50.0,288.0,102.0,102.0,102.0,0.0,338.0,3.484326,1.34232,0.0,4.82664,18.0,19.0,0.0,4.0,0.0,0.0
3/17/2026,16:15:46,10252981.99,RightWater,5.0,19.0,32.0,51.0,50.0,289.0,102.0,102.0,102.0,0.0,338.0,3.484326,1.34232,0.0,4.82664,18.0,19.0,0.0,4.0,0.0,0.0
3/17/2026,16:15:47,10253048.85,WaterDispensed,10.0,19.0,32.0,51.0,50.0,289.0,102.0,102.0,102.0,0.0,339.0,3.498606,1.34232,0.0,4.84092,18.0,19.0,0.0,4.0,0.0,0.0
3/17/2026,16:15:47,10253385.46,RightWater,5.0,19.0,32.0,51.0,50.0,290.0,102.0,102.0,102.0,0.0,339.0,3.498606,1.34232,0.0,4.84092,18.0,19.0,0.0,4.0,0.0,0.0
3/17/2026,16:15:47,10253452.32,WaterDispensed,10.0,19.0,32.0,51.0,50.0,290.0,102.0,102.0,102.0,0.0,340.0,3.512887,1.34232,0.0,4.8552,18.0,19.0,0.0,4.0,0.0,0.0
3/17/2026,16:15:47,10253534.43,RightWater,5.0,19.0,32.0,51.0,50.0,291.0,102.0,102.0,102.0,0.0,340.0,3.512887,1.34232,0.0,4.8552,18.0,19.0,0.0,4.0,0.0,0.0
3/17/2026,16:15:47,10253922.05,RightWater,5.0,19.0,32.0,51.0,50.0,292.0,102.0,102.0,102.0,0.0,340.0,3.512887,1.34232,0.0,4.8552,18.0,19.0,0.0,4.0,0.0,0.0
3/17/2026,16:15:47,10253988.91,WaterDispensed,10.0,19.0,32.0,51.0,50.0,292.0,102.0,102.0,102.0,0.0,341.0,3.527167,1.34232,0.0,4.86948,18.0,19.0,0.0,4.0,0.0,0.0
3/17/2026,16:15:48,10254331.78,RightWater,5.0,19.0,32.0,51.0,50.0,293.0,102.0,102.0,102.0,0.0,341.0,3.527167,1.34232,0.0,4.86948,18.0,19.0,0.0,4.0,0.0,0.0
3/17/2026,16:15:48,10254398.64,WaterDispensed,10.0,19.0,32.0,51.0,50.0,293.0,102.0,102.0,102.0,0.0,342.0,3.541447,1.34232,0.0,4.883759,18.0,19.0,0.0,4.0,0.0,0.0
3/17/2026,16:15:48,10254752.37,RightWater,5.0,19.0,32.0,51.0,50.0,294.0,102.0,102.0,102.0,0.0,342.0,3.541447,1.34232,0.0,4.883759,18.0,19.0,0.0,4.0,0.0,0.0
3/17/2026,16:15:48,10254819.24,WaterDispensed,10.0,19.0,32.0,51.0,50.0,294.0,102.0,102.0,102.0,0.0,343.0,3.555727,1.34232,0.0,4.898039,18.0,19.0,0.0,4.0,0.0,0.0
3/17/2026,16:15:50,10256019.8,RightWater,5.0,19.0,32.0,51.0,50.0,295.0,102.0,102.0,102.0,0.0,343.0,3.555727,1.34232,0.0,4.898039,18.0,19.0,0.0,4.0,0.0,0.0
3/17/2026,16:15:50,10256086.66,WaterDispensed,10.0,19.0,32.0,51.0,50.0,295.0,102.0,102.0,102.0,0.0,344.0,3.570007,1.34232,0.0,4.912319,18.0,19.0,0.0,4.0,0.0,0.0
3/17/2026,16:15:50,10256186.99,RightWater,5.0,19.0,32.0,51.0,50.0,296.0,102.0,102.0,102.0,0.0,344.0,3.570007,1.34232,0.0,4.912319,18.0,19.0,0.0,4.0,0.0,0.0
3/17/2026,16:20:19,10525630.97,RightWater,5.0,19.0,32.0,51.0,50.0,297.0,102.0,102.0,102.0,0.0,344.0,3.570007,1.34232,0.0,4.912319,18.0,19.0,0.0,4.0,0.0,0.0
3/17/2026,16:20:19,10525697.82,WaterDispensed,10.0,19.0,32.0,51.0,50.0,297.0,102.0,102.0,102.0,0.0,345.0,3.584287,1.34232,0.0,4.926599,18.0,19.0,0.0,4.0,0.0,0.0
3/17/2026,17:05:46,13252604.57,RightWater,5.0,19.0,32.0,51.0,50.0,298.0,102.0,102.0,102.0,0.0,345.0,3.584287,1.34232,0.0,4.926599,18.0,19.0,0.0,4.0,0.0,0.0
3/17/2026,17:05:46,13252671.44,WaterDispensed,10.0,19.0,32.0,51.0,50.0,298.0,102.0,102.0,102.0,0.0,346.0,3.598567,1.34232,0.0,4.940879,18.0,19.0,0.0,4.0,0.0,0.0
3/17/2026,17:20:24,14130439.97,RightWater,5.0,19.0,32.0,51.0,50.0,299.0,102.0,102.0,102.0,0.0,346.0,3.598567,1.34232,0.0,4.940879,18.0,19.0,0.0,4.0,0.0,0.0
3/17/2026,17:20:24,14130506.82,WaterDispensed,10.0,19.0,32.0,51.0,50.0,299.0,102.0,102.0,102.0,0.0,347.0,3.612847,1.34232,0.0,4.955159,18.0,19.0,0.0,4.0,0.0,0.0
3/17/2026,17:20:53,14159846.42,RightWithPellet,11.0,19.0,32.0,51.0,50.0,299.0,102.0,102.0,102.0,0.0,347.0,3.612847,1.34232,0.0,4.955159,19.0,19.0,0.0,4.0,0.0,0.0
3/17/2026,17:20:55,14161641.63,RightWithPellet,11.0,19.0,32.0,51.0,50.0,299.0,102.0,102.0,102.0,0.0,347.0,3.612847,1.34232,0.0,4.955159,20.0,19.0,0.0,4.0,0.0,0.0
3/17/2026,17:20:58,14164046.03,Retrieved,4.0,19.0,32.0,51.0,51.0,299.0,102.0,102.0,102.0,0.0,347.0,3.612847,1.34232,0.0,4.955159,20.0,19.0,0.0,4.0,0.0,0.0
3/17/2026,17:22:06,14232775.17,Right,1.0,20.0,32.0,51.0,51.0,299.0,102.0,102.0,102.0,0.0,347.0,3.612847,1.34232,0.0,4.955159,20.0,19.0,0.0,4.0,0.0,0.0
3/17/2026,17:22:07,14233315.18,TONE,8.0,20.0,32.0,51.0,51.0,299.0,102.0,102.0,103.0,0.0,347.0,3.612847,1.34232,0.0,4.955159,20.0,19.0,0.0,4.0,0.0,0.0
3/17/2026,17:22:07,14233383.23,LED,7.0,20.0,32.0,51.0,51.0,299.0,102.0,103.0,103.0,0.0,347.0,3.612847,1.34232,0.0,4.955159,20.0,19.0,0.0,4.0,0.0,0.0
3/17/2026,17:22:08,14234111.81,Dispensed,3.0,20.0,32.0,52.0,51.0,299.0,102.0,103.0,103.0,0.0,347.0,3.612847,1.34232,0.0,4.955159,20.0,19.0,0.0,4.0,0.0,0.0
3/17/2026,17:22:08,14234174.82,TONE,8.0,20.0,32.0,52.0,51.0,299.0,102.0,103.0,104.0,0.0,347.0,3.612847,1.34232,0.0,4.955159,20.0,19.0,0.0,4.0,0.0,0.0
3/17/2026,17:22:08,14234242.88,LED,7.0,20.0,32.0,52.0,51.0,299.0,102.0,104.0,104.0,0.0,347.0,3.612847,1.34232,0.0,4.955159,20.0,19.0,0.0,4.0,0.0,0.0
3/17/2026,17:23:23,14309589.45,Retrieved,4.0,20.0,32.0,52.0,52.0,299.0,102.0,104.0,104.0,0.0,347.0,3.612847,1.34232,0.0,4.955159,20.0,19.0,0.0,4.0,0.0,0.0
3/17/2026,17:23:50,14336147.48,Right,1.0,21.0,32.0,52.0,52.0,299.0,102.0,104.0,104.0,0.0,347.0,3.612847,1.34232,0.0,4.955159,20.0,19.0,0.0,4.0,0.0,0.0
3/17/2026,17:23:50,14336981.07,TONE,8.0,21.0,32.0,52.0,52.0,299.0,102.0,104.0,105.0,0.0,347.0,3.612847,1.34232,0.0,4.955159,20.0,19.0,0.0,4.0,0.0,0.0
3/17/2026,17:23:51,14337049.13,LED,7.0,21.0,32.0,52.0,52.0,299.0,102.0,105.0,105.0,0.0,347.0,3.612847,1.34232,0.0,4.955159,20.0,19.0,0.0,4.0,0.0,0.0
3/17/2026,17:23:51,14337827.22,Dispensed,3.0,21.0,32.0,53.0,52.0,299.0,102.0,105.0,106.0,0.0,347.0,3.612847,1.34232,0.0,4.955159,20.0,19.0,0.0,4.0,0.0,0.0
3/17/2026,17:23:51,14337890.24,TONE,8.0,21.0,32.0,53.0,52.0,299.0,102.0,105.0,106.0,0.0,347.0,3.612847,1.34232,0.0,4.955159,20.0,19.0,0.0,4.0,0.0,0.0
3/17/2026,17:23:51,14337958.29,LED,7.0,21.0,32.0,53.0,52.0,299.0,102.0,106.0,106.0,0.0,347.0,3.612847,1.34232,0.0,4.955159,20.0,19.0,0.0,4.0,0.0,0.0
3/17/2026,17:23:52,14338793.47,Retrieved,4.0,21.0,32.0,53.0,53.0,299.0,102.0,106.0,106.0,0.0,347.0,3.612847,1.34232,0.0,4.955159,20.0,19.0,0.0,4.0,0.0,0.0
3/17/2026,17:24:22,14368206.56,Right,1.0,22.0,32.0,53.0,53.0,299.0,102.0,106.0,106.0,0.0,347.0,3.612847,1.34232,0.0,4.955159,20.0,19.0,0.0,4.0,0.0,0.0
3/17/2026,17:24:23,14369235.81,TONE,8.0,22.0,32.0,53.0,53.0,299.0,102.0,106.0,107.0,0.0,347.0,3.612847,1.34232,0.0,4.955159,20.0,19.0,0.0,4.0,0.0,0.0
3/17/2026,17:24:23,14369303.86,LED,7.0,22.0,32.0,53.0,53.0,299.0,102.0,107.0,107.0,0.0,347.0,3.612847,1.34232,0.0,4.955159,20.0,19.0,0.0,4.0,0.0,0.0
3/17/2026,17:24:23,14369987.01,Dispensed,3.0,22.0,32.0,54.0,53.0,299.0,102.0,107.0,107.0,0.0,347.0,3.612847,1.34232,0.0,4.955159,20.0,19.0,0.0,4.0,0.0,0.0
3/17/2026,17:24:24,14370050.02,TONE,8.0,22.0,32.0,54.0,53.0,299.0,102.0,107.0,108.0,0.0,347.0,3.612847,1.34232,0.0,4.955159,20.0,19.0,0.0,4.0,0.0,0.0
3/17/2026,17:24:24,14370118.08,LED,7.0,22.0,32.0,54.0,53.0,299.0,102.0,108.0,108.0,0.0,347.0,3.612847,1.34232,0.0,4.955159,20.0,19.0,0.0,4.0,0.0,0.0
3/17/2026,17:24:24,14370655.02,Retrieved,4.0,22.0,32.0,54.0,54.0,299.0,102.0,108.0,108.0,0.0,347.0,3.612847,1.34232,0.0,4.955159,20.0,19.0,0.0,4.0,0.0,0.0
3/17/2026,17:25:05,14411197.79,Right,1.0,23.0,32.0,54.0,54.0,299.0,102.0,108.0,108.0,0.0,347.0,3.612847,1.34232,0.0,4.955159,20.0,19.0,0.0,4.0,0.0,0.0
3/17/2026,17:25:05,14411942.54,TONE,8.0,23.0,32.0,54.0,54.0,299.0,102.0,108.0,109.0,0.0,347.0,3.612847,1.34232,0.0,4.955159,20.0,19.0,0.0,4.0,0.0,0.0
3/17/2026,17:25:05,14412010.59,LED,7.0,23.0,32.0,54.0,54.0,299.0,102.0,109.0,109.0,0.0,347.0,3.612847,1.34232,0.0,4.955159,20.0,19.0,0.0,4.0,0.0,0.0
3/17/2026,17:25:06,14412720.49,Dispensed,3.0,23.0,32.0,55.0,54.0,299.0,102.0,109.0,109.0,0.0,347.0,3.612847,1.34232,0.0,4.955159,20.0,19.0,0.0,4.0,0.0,0.0
3/17/2026,17:25:06,14412783.5,TONE,8.0,23.0,32.0,55.0,54.0,299.0,102.0,109.0,110.0,0.0,347.0,3.612847,1.34232,0.0,4.955159,20.0,19.0,0.0,4.0,0.0,0.0
3/17/2026,17:25:06,14412851.56,LED,7.0,23.0,32.0,55.0,54.0,299.0,102.0,110.0,110.0,0.0,347.0,3.612847,1.34232,0.0,4.955159,20.0,19.0,0.0,4.0,0.0,0.0
3/17/2026,17:25:07,14413328.76,Retrieved,4.0,23.0,32.0,55.0,55.0,299.0,102.0,110.0,110.0,0.0,347.0,3.612847,1.34232,0.0,4.955159,20.0,19.0,0.0,4.0,0.0,0.0
3/17/2026,17:25:22,14428136.81,Right,1.0,24.0,32.0,55.0,55.0,299.0,102.0,110.0,110.0,0.0,347.0,3.612847,1.34232,0.0,4.955159,20.0,19.0,0.0,4.0,0.0,0.0
3/17/2026,17:25:22,14428747.6,TONE,8.0,24.0,32.0,55.0,55.0,299.0,102.0,110.0,111.0,0.0,347.0,3.612847,1.34232,0.0,4.955159,20.0,19.0,0.0,4.0,0.0,0.0
3/17/2026,17:25:22,14428815.65,LED,7.0,24.0,32.0,55.0,55.0,299.0,102.0,111.0,111.0,0.0,347.0,3.612847,1.34232,0.0,4.955159,20.0,19.0,0.0,4.0,0.0,0.0
3/17/2026,17:25:23,14429557.5,Dispensed,3.0,24.0,32.0,56.0,55.0,299.0,102.0,111.0,111.0,0.0,347.0,3.612847,1.34232,0.0,4.955159,20.0,19.0,0.0,4.0,0.0,0.0
3/17/2026,17:25:23,14429620.51,TONE,8.0,24.0,32.0,56.0,55.0,299.0,102.0,111.0,112.0,0.0,347.0,3.612847,1.34232,0.0,4.955159,20.0,19.0,0.0,4.0,0.0,0.0
3/17/2026,17:25:23,14429688.57,LED,7.0,24.0,32.0,56.0,55.0,299.0,102.0,112.0,112.0,0.0,347.0,3.612847,1.34232,0.0,4.955159,20.0,19.0,0.0,4.0,0.0,0.0
3/17/2026,17:25:23,14429987.09,Retrieved,4.0,24.0,32.0,56.0,56.0,299.0,102.0,112.0,112.0,0.0,347.0,3.612847,1.34232,0.0,4.955159,20.0,19.0,0.0,4.0,0.0,0.0
3/17/2026,17:27:24,14550866.45,RightWater,5.0,24.0,32.0,56.0,56.0,300.0,102.0,112.0,112.0,0.0,348.0,3.627127,1.34232,0.0,4.969439,20.0,19.0,0.0,4.0,0.0,0.0
3/17/2026,17:27:24,14550933.31,WaterDispensed,10.0,24.0,32.0,56.0,56.0,300.0,102.0,112.0,112.0,0.0,348.0,3.627127,1.34232,0.0,4.969439,20.0,19.0,0.0,4.0,0.0,0.0
3/17/2026,17:27:24,14551009.73,RightWater,5.0,24.0,32.0,56.0,56.0,301.0,102.0,112.0,112.0,0.0,348.0,3.627127,1.34232,0.0,4.969439,20.0,19.0,0.0,4.0,0.0,0.0
3/17/2026,17:27:25,14551644.37,RightWater,5.0,24.0,32.0,56.0,56.0,302.0,102.0,112.0,112.0,0.0,348.0,3.627127,1.34232,0.0,4.969439,20.0,19.0,0.0,4.0,0.0,0.0
3/17/2026,17:27:25,14551711.23,WaterDispensed,10.0,24.0,32.0,56.0,56.0,302.0,102.0,112.0,112.0,0.0,349.0,3.641407,1.34232,0.0,4.983718,20.0,19.0,0.0,4.0,0.0,0.0
3/17/2026,17:27:25,14551877.95,RightWater,5.0,24.0,32.0,56.0,56.0,303.0,102.0,112.0,112.0,0.0,350.0,3.655687,1.34232,0.0,4.997998,20.0,19.0,0.0,4.0,0.0,0.0
3/17/2026,17:27:25,14551944.82,WaterDispensed,10.0,24.0,32.0,56.0,56.0,303.0,102.0,112.0,112.0,0.0,350.0,3.655687,1.34232,0.0,4.997998,20.0,19.0,0.0,4.0,0.0,0.0
3/17/2026,17:27:26,14552270.75,RightWater,5.0,24.0,32.0,56.0,56.0,304.0,102.0,112.0,112.0,0.0,350.0,3.655687,1.34232,0.0,4.997998,20.0,19.0,0.0,4.0,0.0,0.0
3/17/2026,17:27:26,14552337.62,WaterDispensed,10.0,24.0,32.0,56.0,56.0,304.0,102.0,112.0,112.0,0.0,351.0,3.669967,1.34232,0.0,5.012278,20.0,19.0,0.0,4.0,0.0,0.0
3/17/2026,17:27:26,14552781.13,RightWater,5.0,24.0,32.0,56.0,56.0,305.0,102.0,112.0,112.0,0.0,351.0,3.669967,1.34232,0.0,5.012278,20.0,19.0,0.0,4.0,0.0,0.0
3/17/2026,17:27:26,14552848.0,WaterDispensed,10.0,24.0,32.0,56.0,56.0,305.0,102.0,112.0,112.0,0.0,352.0,3.684247,1.34232,0.0,5.026558,20.0,19.0,0.0,4.0,0.0,0.0
3/17/2026,17:27:28,14554671.99,RightWater,5.0,24.0,32.0,56.0,56.0,306.0,102.0,112.0,112.0,0.0,352.0,3.684247,1.34232,0.0,5.026558,20.0,19.0,0.0,4.0,0.0,0.0
3/17/2026,17:27:28,14554738.85,WaterDispensed,10.0,24.0,32.0,56.0,56.0,306.0,102.0,112.0,112.0,0.0,353.0,3.698528,1.34232,0.0,5.040838,20.0,19.0,0.0,4.0,0.0,0.0
3/17/2026,17:27:30,14556744.61,RightWater,5.0,24.0,32.0,56.0,56.0,307.0,102.0,112.0,112.0,0.0,353.0,3.698528,1.34232,0.0,5.040838,20.0,19.0,0.0,4.0,0.0,0.0
3/17/2026,17:27:30,14556811.48,WaterDispensed,10.0,24.0,32.0,56.0,56.0,307.0,102.0,112.0,112.0,0.0,354.0,3.712808,1.34232,0.0,5.055118,20.0,19.0,0.0,4.0,0.0,0.0
3/17/2026,17:27:31,14557555.56,RightWater,5.0,24.0,32.0,56.0,56.0,308.0,102.0,112.0,112.0,0.0,354.0,3.712808,1.34232,0.0,5.055118,20.0,19.0,0.0,4.0,0.0,0.0
3/17/2026,17:27:31,14557622.43,WaterDispensed,10.0,24.0,32.0,56.0,56.0,308.0,102.0,112.0,112.0,0.0,355.0,3.727088,1.34232,0.0,5.069397,20.0,19.0,0.0,4.0,0.0,0.0
3/17/2026,17:27:32,14558767.84,RightWater,5.0,24.0,32.0,56.0,56.0,309.0,102.0,112.0,112.0,0.0,355.0,3.727088,1.34232,0.0,5.069397,20.0,19.0,0.0,4.0,0.0,0.0
3/17/2026,17:27:32,14558834.71,WaterDispensed,10.0,24.0,32.0,56.0,56.0,309.0,102.0,112.0,112.0,0.0,356.0,3.741368,1.34232,0.0,5.083677,20.0,19.0,0.0,4.0,0.0,0.0
3/17/2026,17:27:33,14559453.06,RightWater,5.0,24.0,32.0,56.0,56.0,310.0,102.0,112.0,112.0,0.0,356.0,3.741368,1.34232,0.0,5.083677,20.0,19.0,0.0,4.0,0.0,0.0
3/17/2026,17:27:33,14559519.93,WaterDispensed,10.0,24.0,32.0,56.0,56.0,310.0,102.0,112.0,112.0,0.0,357.0,3.755648,1.34232,0.0,5.097957,20.0,19.0,0.0,4.0,0.0,0.0
3/17/2026,17:27:34,14560873.4,RightWater,5.0,24.0,32.0,56.0,56.0,311.0,102.0,112.0,112.0,0.0,358.0,3.769928,1.34232,0.0,5.112237,20.0,19.0,0.0,4.0,0.0,0.0
3/17/2026,17:27:34,14560940.27,WaterDispensed,10.0,24.0,32.0,56.0,56.0,311.0,102.0,112.0,112.0,0.0,358.0,3.769928,1.34232,0.0,5.112237,20.0,19.0,0.0,4.0,0.0,0.0
3/17/2026,17:27:35,14561075.45,RightWater,5.0,24.0,32.0,56.0,56.0,312.0,102.0,112.0,112.0,0.0,358.0,3.769928,1.34232,0.0,5.112237,20.0,19.0,0.0,4.0,0.0,0.0
3/17/2026,17:27:36,14562518.72,RightWater,5.0,24.0,32.0,56.0,56.0,313.0,102.0,112.0,112.0,0.0,358.0,3.769928,1.34232,0.0,5.112237,20.0,19.0,0.0,4.0,0.0,0.0
3/17/2026,17:27:36,14562585.58,WaterDispensed,10.0,24.0,32.0,56.0,56.0,313.0,102.0,112.0,112.0,0.0,359.0,3.784208,1.34232,0.0,5.126517,20.0,19.0,0.0,4.0,0.0,0.0
3/17/2026,17:27:52,14578946.81,RightWater,5.0,24.0,32.0,56.0,56.0,314.0,102.0,112.0,112.0,0.0,359.0,3.784208,1.34232,0.0,5.126517,20.0,19.0,0.0,4.0,0.0,0.0
3/17/2026,17:27:53,14579013.67,WaterDispensed,10.0,24.0,32.0,56.0,56.0,314.0,102.0,112.0,112.0,0.0,360.0,3.798488,1.34232,0.0,5.140797,20.0,19.0,0.0,4.0,0.0,0.0
3/17/2026,17:27:54,14580606.31,RightWater,5.0,24.0,32.0,56.0,56.0,315.0,102.0,112.0,112.0,0.0,360.0,3.798488,1.34232,0.0,5.140797,20.0,19.0,0.0,4.0,0.0,0.0
3/17/2026,17:27:54,14580673.17,WaterDispensed,10.0,24.0,32.0,56.0,56.0,315.0,102.0,112.0,112.0,0.0,361.0,3.812768,1.34232,0.0,5.155077,20.0,19.0,0.0,4.0,0.0,0.0
3/17/2026,17:27:58,14584945.51,Right,1.0,25.0,32.0,56.0,56.0,315.0,102.0,112.0,112.0,0.0,361.0,3.812768,1.34232,0.0,5.155077,20.0,19.0,0.0,4.0,0.0,0.0
3/17/2026,17:27:59,14585366.49,TONE,8.0,25.0,32.0,56.0,56.0,315.0,102.0,112.0,113.0,0.0,361.0,3.812768,1.34232,0.0,5.155077,20.0,19.0,0.0,4.0,0.0,0.0
3/17/2026,17:27:59,14585434.55,LED,7.0,25.0,32.0,56.0,56.0,315.0,102.0,113.0,113.0,0.0,361.0,3.812768,1.34232,0.0,5.155077,20.0,19.0,0.0,4.0,0.0,0.0
3/17/2026,17:28:00,14586097.98,Dispensed,3.0,25.0,32.0,57.0,56.0,315.0,102.0,113.0,113.0,0.0,361.0,3.812768,1.34232,0.0,5.155077,20.0,19.0,0.0,4.0,0.0,0.0
3/17/2026,17:28:00,14586161.0,TONE,8.0,25.0,32.0,57.0,56.0,315.0,102.0,113.0,114.0,0.0,361.0,3.812768,1.34232,0.0,5.155077,20.0,19.0,0.0,4.0,0.0,0.0
3/17/2026,17:28:00,14586229.06,LED,7.0,25.0,32.0,57.0,56.0,315.0,102.0,114.0,114.0,0.0,361.0,3.812768,1.34232,0.0,5.155077,20.0,19.0,0.0,4.0,0.0,0.0
3/17/2026,17:28:00,14586706.26,Retrieved,4.0,25.0,32.0,57.0,57.0,315.0,102.0,114.0,114.0,0.0,361.0,3.812768,1.34232,0.0,5.155077,20.0,19.0,0.0,4.0,0.0,0.0
3/17/2026,17:29:56,14702930.67,Right,1.0,26.0,32.0,57.0,57.0,315.0,102.0,114.0,114.0,0.0,361.0,3.812768,1.34232,0.0,5.155077,20.0,19.0,0.0,4.0,0.0,0.0
3/17/2026,17:29:57,14703744.29,TONE,8.0,26.0,32.0,57.0,57.0,315.0,102.0,114.0,115.0,0.0,361.0,3.812768,1.34232,0.0,5.155077,20.0,19.0,0.0,4.0,0.0,0.0
3/17/2026,17:29:57,14703812.34,LED,7.0,26.0,32.0,57.0,57.0,315.0,102.0,115.0,115.0,0.0,361.0,3.812768,1.34232,0.0,5.155077,20.0,19.0,0.0,4.0,0.0,0.0
3/17/2026,17:29:58,14704524.18,Dispensed,3.0,26.0,32.0,58.0,57.0,315.0,102.0,115.0,115.0,0.0,361.0,3.812768,1.34232,0.0,5.155077,20.0,19.0,0.0,4.0,0.0,0.0
3/17/2026,17:29:58,14704587.19,TONE,8.0,26.0,32.0,58.0,57.0,315.0,102.0,115.0,116.0,0.0,361.0,3.812768,1.34232,0.0,5.155077,20.0,19.0,0.0,4.0,0.0,0.0
3/17/2026,17:29:58,14704655.25,LED,7.0,26.0,32.0,58.0,57.0,315.0,102.0,116.0,116.0,0.0,361.0,3.812768,1.34232,0.0,5.155077,20.0,19.0,0.0,4.0,0.0,0.0
3/17/2026,17:29:59,14705490.52,RightWithPellet,11.0,26.0,32.0,58.0,57.0,315.0,102.0,116.0,116.0,0.0,361.0,3.812768,1.34232,0.0,5.155077,21.0,19.0,0.0,4.0,0.0,0.0
3/17/2026,17:30:01,14707927.15,Retrieved,4.0,26.0,32.0,58.0,58.0,315.0,102.0,116.0,116.0,0.0,361.0,3.812768,1.34232,0.0,5.155077,21.0,19.0,0.0,4.0,0.0,0.0
3/17/2026,17:30:19,14725255.2,Left,2.0,26.0,33.0,58.0,58.0,315.0,102.0,116.0,116.0,0.0,361.0,3.812768,1.34232,0.0,5.155077,21.0,19.0,0.0,4.0,0.0,0.0
3/17/2026,17:30:20,14726047.33,TONE,8.0,26.0,33.0,58.0,58.0,315.0,102.0,116.0,117.0,0.0,361.0,3.812768,1.34232,0.0,5.155077,21.0,19.0,0.0,4.0,0.0,0.0
3/17/2026,17:30:20,14726115.38,LED,7.0,26.0,33.0,58.0,58.0,315.0,102.0,117.0,117.0,0.0,361.0,3.812768,1.34232,0.0,5.155077,21.0,19.0,0.0,4.0,0.0,0.0
3/17/2026,17:30:20,14726878.78,Dispensed,3.0,26.0,33.0,59.0,58.0,315.0,102.0,117.0,118.0,0.0,361.0,3.812768,1.34232,0.0,5.155077,21.0,19.0,0.0,4.0,0.0,0.0
3/17/2026,17:30:20,14726941.8,TONE,8.0,26.0,33.0,59.0,58.0,315.0,102.0,117.0,118.0,0.0,361.0,3.812768,1.34232,0.0,5.155077,21.0,19.0,0.0,4.0,0.0,0.0
3/17/2026,17:30:20,14727009.85,LED,7.0,26.0,33.0,59.0,58.0,315.0,102.0,118.0,118.0,0.0,361.0,3.812768,1.34232,0.0,5.155077,21.0,19.0,0.0,4.0,0.0,0.0
3/17/2026,17:30:21,14727725.65,Retrieved,4.0,26.0,33.0,59.0,59.0,315.0,102.0,118.0,118.0,0.0,361.0,3.812768,1.34232,0.0,5.155077,21.0,19.0,0.0,4.0,0.0,0.0
3/17/2026,17:30:40,14746296.68,Left,2.0,26.0,34.0,59.0,59.0,315.0,102.0,118.0,118.0,0.0,361.0,3.812768,1.34232,0.0,5.155077,21.0,19.0,0.0,4.0,0.0,0.0
3/17/2026,17:30:40,14746752.4,TONE,8.0,26.0,34.0,59.0,59.0,315.0,102.0,118.0,119.0,0.0,361.0,3.812768,1.34232,0.0,5.155077,21.0,19.0,0.0,4.0,0.0,0.0
3/17/2026,17:30:40,14746820.46,LED,7.0,26.0,34.0,59.0,59.0,315.0,102.0,119.0,119.0,0.0,361.0,3.812768,1.34232,0.0,5.155077,21.0,19.0,0.0,4.0,0.0,0.0
3/17/2026,17:30:41,14747478.65,,27.0,26.0,34.0,59.0,59.0,315.0,102.0,119.0,119.0,0.0,361.0,3.812768,1.34232,0.0,5.155077,21.0,19.0,0.0,4.0,0.0,0.0
3/17/2026,17:30:41,14747650.18,LED,7.0,26.0,34.0,59.0,59.0,315.0,102.0,120.0,119.0,0.0,361.0,3.812768,1.34232,0.0,5.155077,21.0,19.0,0.0,4.0,0.0,0.0
3/17/2026,17:33:50,14936615.0,RightWater,5.0,26.0,34.0,59.0,59.0,316.0,102.0,120.0,119.0,0.0,361.0,3.812768,1.34232,0.0,5.155077,21.0,19.0,0.0,4.0,0.0,0.0
3/17/2026,17:33:50,14936681.87,WaterDispensed,10.0,26.0,34.0,59.0,59.0,316.0,102.0,120.0,119.0,0.0,362.0,3.827048,1.34232,0.0,5.169356,21.0,19.0,0.0,4.0,0.0,0.0
3/17/2026,17:33:50,14936844.64,RightWater,5.0,26.0,34.0,59.0,59.0,317.0,102.0,120.0,119.0,0.0,362.0,3.827048,1.34232,0.0,5.169356,21.0,19.0,0.0,4.0,0.0,0.0
3/17/2026,17:33:50,14936911.5,WaterDispensed,10.0,26.0,34.0,59.0,59.0,317.0,102.0,120.0,119.0,0.0,363.0,3.841328,1.34232,0.0,5.183636,21.0,19.0,0.0,4.0,0.0,0.0
3/17/2026,17:33:51,14937373.65,RightWater,5.0,26.0,34.0,59.0,59.0,318.0,102.0,120.0,119.0,0.0,363.0,3.841328,1.34232,0.0,5.183636,21.0,19.0,0.0,4.0,0.0,0.0
3/17/2026,17:33:51,14937440.51,WaterDispensed,10.0,26.0,34.0,59.0,59.0,318.0,102.0,120.0,119.0,0.0,364.0,3.855608,1.34232,0.0,5.197916,21.0,19.0,0.0,4.0,0.0,0.0
3/17/2026,17:33:51,14937935.7,RightWater,5.0,26.0,34.0,59.0,59.0,319.0,102.0,120.0,119.0,0.0,364.0,3.855608,1.34232,0.0,5.197916,21.0,19.0,0.0,4.0,0.0,0.0
3/17/2026,17:33:51,14938002.55,WaterDispensed,10.0,26.0,34.0,59.0,59.0,319.0,102.0,120.0,119.0,0.0,365.0,3.869889,1.34232,0.0,5.212196,21.0,19.0,0.0,4.0,0.0,0.0
3/17/2026,17:33:52,14938458.4,RightWater,5.0,26.0,34.0,59.0,59.0,320.0,102.0,120.0,119.0,0.0,365.0,3.869889,1.34232,0.0,5.212196,21.0,19.0,0.0,4.0,0.0,0.0
3/17/2026,17:33:52,14938525.26,WaterDispensed,10.0,26.0,34.0,59.0,59.0,320.0,102.0,120.0,119.0,0.0,366.0,3.884169,1.34232,0.0,5.226476,21.0,19.0,0.0,4.0,0.0,0.0
3/17/2026,17:33:52,14938611.58,RightWater,5.0,26.0,34.0,59.0,59.0,321.0,102.0,120.0,119.0,0.0,366.0,3.884169,1.34232,0.0,5.226476,21.0,19.0,0.0,4.0,0.0,0.0
3/17/2026,17:33:52,14938732.44,RightWater,5.0,26.0,34.0,59.0,59.0,322.0,102.0,120.0,119.0,0.0,366.0,3.884169,1.34232,0.0,5.226476,21.0,19.0,0.0,4.0,0.0,0.0
3/17/2026,17:33:52,14938799.31,WaterDispensed,10.0,26.0,34.0,59.0,59.0,322.0,102.0,120.0,119.0,0.0,367.0,3.898449,1.34232,0.0,5.240756,21.0,19.0,0.0,4.0,0.0,0.0
3/17/2026,17:33:53,14939676.89,RightWater,5.0,26.0,34.0,59.0,59.0,323.0,102.0,120.0,119.0,0.0,367.0,3.898449,1.34232,0.0,5.240756,21.0,19.0,0.0,4.0,0.0,0.0
3/17/2026,17:33:53,14939743.75,WaterDispensed,10.0,26.0,34.0,59.0,59.0,323.0,102.0,120.0,119.0,0.0,368.0,3.912729,1.34232,0.0,5.255035,21.0,19.0,0.0,4.0,0.0,0.0
3/17/2026,17:33:53,14939829.4,RightWater,5.0,26.0,34.0,59.0,59.0,324.0,102.0,120.0,119.0,0.0,368.0,3.912729,1.34232,0.0,5.255035,21.0,19.0,0.0,4.0,0.0,0.0
3/17/2026,17:33:54,14940779.85,RightWater,5.0,26.0,34.0,59.0,59.0,325.0,102.0,120.0,119.0,0.0,368.0,3.912729,1.34232,0.0,5.255035,21.0,19.0,0.0,4.0,0.0,0.0
3/17/2026,17:33:54,14940846.71,WaterDispensed,10.0,26.0,34.0,59.0,59.0,325.0,102.0,120.0,119.0,0.0,369.0,3.927009,1.34232,0.0,5.269315,21.0,19.0,0.0,4.0,0.0,0.0
3/17/2026,17:33:56,14942213.02,RightWater,5.0,26.0,34.0,59.0,59.0,326.0,102.0,120.0,119.0,0.0,369.0,3.927009,1.34232,0.0,5.269315,21.0,19.0,0.0,4.0,0.0,0.0
3/17/2026,17:33:56,14942279.88,WaterDispensed,10.0,26.0,34.0,59.0,59.0,326.0,102.0,120.0,119.0,0.0,370.0,3.941289,1.34232,0.0,5.283595,21.0,19.0,0.0,4.0,0.0,0.0
3/17/2026,17:33:56,14942796.63,RightWater,5.0,26.0,34.0,59.0,59.0,327.0,102.0,120.0,119.0,0.0,370.0,3.941289,1.34232,0.0,5.283595,21.0,19.0,0.0,4.0,0.0,0.0
3/17/2026,17:33:56,14942863.5,WaterDispensed,10.0,26.0,34.0,59.0,59.0,327.0,102.0,120.0,119.0,0.0,371.0,3.955569,1.34232,0.0,5.297875,21.0,19.0,0.0,4.0,0.0,0.0
3/17/2026,17:33:56,14942938.14,RightWater,5.0,26.0,34.0,59.0,59.0,328.0,102.0,120.0,119.0,0.0,371.0,3.955569,1.34232,0.0,5.297875,21.0,19.0,0.0,4.0,0.0,0.0
3/17/2026,17:33:57,14943795.4,RightWater,5.0,26.0,34.0,59.0,59.0,329.0,102.0,120.0,119.0,0.0,371.0,3.955569,1.34232,0.0,5.297875,21.0,19.0,0.0,4.0,0.0,0.0
3/17/2026,17:33:57,14943862.27,WaterDispensed,10.0,26.0,34.0,59.0,59.0,329.0,102.0,120.0,119.0,0.0,372.0,3.969849,1.34232,0.0,5.312155,21.0,19.0,0.0,4.0,0.0,0.0
3/17/2026,17:33:58,14944964.41,RightWater,5.0,26.0,34.0,59.0,59.0,330.0,102.0,120.0,119.0,0.0,372.0,3.969849,1.34232,0.0,5.312155,21.0,19.0,0.0,4.0,0.0,0.0
3/17/2026,17:33:59,14945031.28,WaterDispensed,10.0,26.0,34.0,59.0,59.0,330.0,102.0,120.0,119.0,0.0,373.0,3.984129,1.34232,0.0,5.326435,21.0,19.0,0.0,4.0,0.0,0.0
3/17/2026,17:33:59,14945116.7,RightWater,5.0,26.0,34.0,59.0,59.0,331.0,102.0,120.0,119.0,0.0,373.0,3.984129,1.34232,0.0,5.326435,21.0,19.0,0.0,4.0,0.0,0.0
3/17/2026,17:33:59,14945273.84,RightWater,5.0,26.0,34.0,59.0,59.0,332.0,102.0,120.0,119.0,0.0,373.0,3.984129,1.34232,0.0,5.326435,21.0,19.0,0.0,4.0,0.0,0.0
3/17/2026,17:33:59,14945340.71,WaterDispensed,10.0,26.0,34.0,59.0,59.0,332.0,102.0,120.0,119.0,0.0,374.0,3.998409,1.34232,0.0,5.340714,21.0,19.0,0.0,4.0,0.0,0.0
3/17/2026,17:34:00,14946435.26,RightWater,5.0,26.0,34.0,59.0,59.0,333.0,102.0,120.0,119.0,0.0,374.0,3.998409,1.34232,0.0,5.340714,21.0,19.0,0.0,4.0,0.0,0.0
3/17/2026,17:34:00,14946502.12,WaterDispensed,10.0,26.0,34.0,59.0,59.0,333.0,102.0,120.0,119.0,0.0,375.0,4.012689,1.34232,0.0,5.354994,21.0,19.0,0.0,4.0,0.0,0.0
3/17/2026,17:34:01,14947958.09,RightWater,5.0,26.0,34.0,59.0,59.0,334.0,102.0,120.0,119.0,0.0,375.0,4.012689,1.34232,0.0,5.354994,21.0,19.0,0.0,4.0,0.0,0.0
3/17/2026,17:34:02,14948024.95,WaterDispensed,10.0,26.0,34.0,59.0,59.0,334.0,102.0,120.0,119.0,0.0,376.0,4.026969,1.34232,0.0,5.369274,21.0,19.0,0.0,4.0,0.0,0.0
3/17/2026,17:34:02,14948116.26,RightWater,5.0,26.0,34.0,59.0,59.0,335.0,102.0,120.0,119.0,0.0,376.0,4.026969,1.34232,0.0,5.369274,21.0,19.0,0.0,4.0,0.0,0.0
3/17/2026,17:34:03,14949276.7,RightWater,5.0,26.0,34.0,59.0,59.0,336.0,102.0,120.0,119.0,0.0,376.0,4.026969,1.34232,0.0,5.369274,21.0,19.0,0.0,4.0,0.0,0.0
3/17/2026,17:34:03,14949343.56,WaterDispensed,10.0,26.0,34.0,59.0,59.0,336.0,102.0,120.0,119.0,0.0,377.0,4.041249,1.34232,0.0,5.383554,21.0,19.0,0.0,4.0,0.0,0.0
3/17/2026,17:34:03,14949492.91,RightWater,5.0,26.0,34.0,59.0,59.0,337.0,102.0,120.0,119.0,0.0,377.0,4.041249,1.34232,0.0,5.383554,21.0,19.0,0.0,4.0,0.0,0.0
3/17/2026,17:34:03,14949559.77,WaterDispensed,10.0,26.0,34.0,59.0,59.0,337.0,102.0,120.0,119.0,0.0,378.0,4.055529,1.34232,0.0,5.397834,21.0,19.0,0.0,4.0,0.0,0.0
3/17/2026,17:34:06,14952752.73,RightWater,5.0,26.0,34.0,59.0,59.0,338.0,102.0,120.0,119.0,0.0,378.0,4.055529,1.34232,0.0,5.397834,21.0,19.0,0.0,4.0,0.0,0.0
3/17/2026,17:34:06,14952819.58,WaterDispensed,10.0,26.0,34.0,59.0,59.0,338.0,102.0,120.0,119.0,0.0,379.0,4.069808,1.34232,0.0,5.412114,21.0,19.0,0.0,4.0,0.0,0.0
3/17/2026,17:34:06,14952902.66,RightWater,5.0,26.0,34.0,59.0,59.0,339.0,102.0,120.0,119.0,0.0,379.0,4.069808,1.34232,0.0,5.412114,21.0,19.0,0.0,4.0,0.0,0.0
3/17/2026,17:34:07,14953160.75,RightWater,5.0,26.0,34.0,59.0,59.0,340.0,102.0,120.0,119.0,0.0,379.0,4.069808,1.34232,0.0,5.412114,21.0,19.0,0.0,4.0,0.0,0.0
3/17/2026,17:34:07,14953227.61,WaterDispensed,10.0,26.0,34.0,59.0,59.0,340.0,102.0,120.0,119.0,0.0,380.0,4.084088,1.34232,0.0,5.426394,21.0,19.0,0.0,4.0,0.0,0.0
3/17/2026,17:34:08,14954032.78,RightWater,5.0,26.0,34.0,59.0,59.0,341.0,102.0,120.0,119.0,0.0,380.0,4.084088,1.34232,0.0,5.426394,21.0,19.0,0.0,4.0,0.0,0.0
3/17/2026,17:34:08,14954099.65,WaterDispensed,10.0,26.0,34.0,59.0,59.0,341.0,102.0,120.0,119.0,0.0,381.0,4.098368,1.34232,0.0,5.440673,21.0,19.0,0.0,4.0,0.0,0.0
3/17/2026,17:34:08,14954186.95,RightWater,5.0,26.0,34.0,59.0,59.0,342.0,102.0,120.0,119.0,0.0,381.0,4.098368,1.34232,0.0,5.440673,21.0,19.0,0.0,4.0,0.0,0.0
3/17/2026,17:34:09,14955128.13,RightWater,5.0,26.0,34.0,59.0,59.0,343.0,102.0,120.0,119.0,0.0,381.0,4.098368,1.34232,0.0,5.440673,21.0,19.0,0.0,4.0,0.0,0.0
3/17/2026,17:34:09,14955195.0,WaterDispensed,10.0,26.0,34.0,59.0,59.0,343.0,102.0,120.0,119.0,0.0,382.0,4.112648,1.34232,0.0,5.454953,21.0,19.0,0.0,4.0,0.0,0.0
3/17/2026,17:34:25,14971993.66,RightWater,5.0,26.0,34.0,59.0,59.0,344.0,102.0,120.0,119.0,0.0,382.0,4.112648,1.34232,0.0,5.454953,21.0,19.0,0.0,4.0,0.0,0.0
3/17/2026,17:34:26,14972060.52,WaterDispensed,10.0,26.0,34.0,59.0,59.0,344.0,102.0,120.0,119.0,0.0,383.0,4.126928,1.34232,0.0,5.469233,21.0,19.0,0.0,4.0,0.0,0.0
3/17/2026,17:34:26,14972147.0,RightWater,5.0,26.0,34.0,59.0,59.0,345.0,102.0,120.0,119.0,0.0,383.0,4.126928,1.34232,0.0,5.469233,21.0,19.0,0.0,4.0,0.0,0.0
3/17/2026,17:34:26,14972644.14,RightWater,5.0,26.0,34.0,59.0,59.0,346.0,102.0,120.0,119.0,0.0,383.0,4.126928,1.34232,0.0,5.469233,21.0,19.0,0.0,4.0,0.0,0.0
3/17/2026,17:34:26,14972711.01,WaterDispensed,10.0,26.0,34.0,59.0,59.0,346.0,102.0,120.0,119.0,0.0,384.0,4.141208,1.34232,0.0,5.483513,21.0,19.0,0.0,4.0,0.0,0.0
3/17/2026,17:34:27,14973077.57,RightWater,5.0,26.0,34.0,59.0,59.0,347.0,102.0,120.0,119.0,0.0,384.0,4.141208,1.34232,0.0,5.483513,21.0,19.0,0.0,4.0,0.0,0.0
3/17/2026,17:34:27,14973144.42,WaterDispensed,10.0,26.0,34.0,59.0,59.0,347.0,102.0,120.0,119.0,0.0,385.0,4.155488,1.34232,0.0,5.497793,21.0,19.0,0.0,4.0,0.0,0.0
3/17/2026,17:34:27,14973567.82,RightWater,5.0,26.0,34.0,59.0,59.0,348.0,102.0,120.0,119.0,0.0,385.0,4.155488,1.34232,0.0,5.497793,21.0,19.0,0.0,4.0,0.0,0.0
3/17/2026,17:34:27,14973634.68,WaterDispensed,10.0,26.0,34.0,59.0,59.0,348.0,102.0,120.0,119.0,0.0,386.0,4.169767,1.34232,0.0,5.512073,21.0,19.0,0.0,4.0,0.0,0.0
3/17/2026,17:34:27,14973859.64,RightWater,5.0,26.0,34.0,59.0,59.0,349.0,102.0,120.0,119.0,0.0,386.0,4.169767,1.34232,0.0,5.512073,21.0,19.0,0.0,4.0,0.0,0.0
3/17/2026,17:34:27,14973926.51,WaterDispensed,10.0,26.0,34.0,59.0,59.0,349.0,102.0,120.0,119.0,0.0,387.0,4.184047,1.34232,0.0,5.526352,21.0,19.0,0.0,4.0,0.0,0.0
3/17/2026,17:34:28,14974802.14,RightWater,5.0,26.0,34.0,59.0,59.0,350.0,102.0,120.0,119.0,0.0,387.0,4.184047,1.34232,0.0,5.526352,21.0,19.0,0.0,4.0,0.0,0.0
3/17/2026,17:34:28,14974869.01,WaterDispensed,10.0,26.0,34.0,59.0,59.0,350.0,102.0,120.0,119.0,0.0,388.0,4.198327,1.34232,0.0,5.540632,21.0,19.0,0.0,4.0,0.0,0.0
3/17/2026,17:34:50,14996292.03,RightWater,5.0,26.0,34.0,59.0,59.0,351.0,102.0,120.0,119.0,0.0,388.0,4.198327,1.34232,0.0,5.540632,21.0,19.0,0.0,4.0,0.0,0.0
3/17/2026,17:34:50,14996358.89,WaterDispensed,10.0,26.0,34.0,59.0,59.0,351.0,102.0,120.0,119.0,0.0,389.0,4.212607,1.34232,0.0,5.554912,21.0,19.0,0.0,4.0,0.0,0.0
3/17/2026,17:34:51,14997676.72,RightWater,5.0,26.0,34.0,59.0,59.0,352.0,102.0,120.0,119.0,0.0,389.0,4.212607,1.34232,0.0,5.554912,21.0,19.0,0.0,4.0,0.0,0.0
3/17/2026,17:34:51,14997743.58,WaterDispensed,10.0,26.0,34.0,59.0,59.0,352.0,102.0,120.0,119.0,0.0,390.0,4.226887,1.34232,0.0,5.569192,21.0,19.0,0.0,4.0,0.0,0.0
3/17/2026,17:34:52,14998092.84,RightWater,5.0,26.0,34.0,59.0,59.0,353.0,102.0,120.0,119.0,0.0,390.0,4.226887,1.34232,0.0,5.569192,21.0,19.0,0.0,4.0,0.0,0.0
3/17/2026,17:34:52,14998159.71,WaterDispensed,10.0,26.0,34.0,59.0,59.0,353.0,102.0,120.0,119.0,0.0,391.0,4.241167,1.34232,0.0,5.583472,21.0,19.0,0.0,4.0,0.0,0.0
3/17/2026,17:34:52,14998246.03,RightWater,5.0,26.0,34.0,59.0,59.0,354.0,102.0,120.0,119.0,0.0,391.0,4.241167,1.34232,0.0,5.583472,21.0,19.0,0.0,4.0,0.0,0.0
3/17/2026,17:34:53,14999046.61,RightWater,5.0,26.0,34.0,59.0,59.0,355.0,102.0,120.0,119.0,0.0,391.0,4.241167,1.34232,0.0,5.583472,21.0,19.0,0.0,4.0,0.0,0.0
3/17/2026,17:34:53,14999113.48,WaterDispensed,10.0,26.0,34.0,59.0,59.0,355.0,102.0,120.0,119.0,0.0,392.0,4.255446,1.34232,0.0,5.597752,21.0,19.0,0.0,4.0,0.0,0.0
3/17/2026,17:34:53,14999349.14,RightWater,5.0,26.0,34.0,59.0,59.0,356.0,102.0,120.0,119.0,0.0,392.0,4.255446,1.34232,0.0,5.597752,21.0,19.0,0.0,4.0,0.0,0.0
3/17/2026,17:34:53,14999415.99,WaterDispensed,10.0,26.0,34.0,59.0,59.0,356.0,102.0,120.0,119.0,0.0,393.0,4.269726,1.34232,0.0,5.612031,21.0,19.0,0.0,4.0,0.0,0.0
3/17/2026,17:34:53,14999511.56,RightWater,5.0,26.0,34.0,59.0,59.0,357.0,102.0,120.0,119.0,0.0,393.0,4.269726,1.34232,0.0,5.612031,21.0,19.0,0.0,4.0,0.0,0.0
3/17/2026,17:34:53,14999868.31,RightWater,5.0,26.0,34.0,59.0,59.0,358.0,102.0,120.0,119.0,0.0,393.0,4.269726,1.34232,0.0,5.612031,21.0,19.0,0.0,4.0,0.0,0.0
3/17/2026,17:34:53,14999935.17,WaterDispensed,10.0,26.0,34.0,59.0,59.0,358.0,102.0,120.0,119.0,0.0,394.0,4.284006,1.34232,0.0,5.626311,21.0,19.0,0.0,4.0,0.0,0.0
3/17/2026,17:34:54,15000013.14,RightWater,5.0,26.0,34.0,59.0,59.0,359.0,102.0,120.0,119.0,0.0,394.0,4.284006,1.34232,0.0,5.626311,21.0,19.0,0.0,4.0,0.0,0.0
3/17/2026,17:35:24,15030474.98,RightWithPellet,11.0,26.0,34.0,59.0,59.0,359.0,102.0,120.0,119.0,0.0,394.0,4.284006,1.34232,0.0,5.626311,22.0,19.0,0.0,4.0,0.0,0.0
3/17/2026,17:35:27,15033917.42,RightWithPellet,11.0,26.0,34.0,59.0,59.0,359.0,102.0,120.0,119.0,0.0,394.0,4.284006,1.34232,0.0,5.626311,23.0,19.0,0.0,4.0,0.0,0.0
3/17/2026,17:35:37,15043767.43,RightWater,5.0,26.0,34.0,59.0,59.0,360.0,102.0,120.0,119.0,0.0,394.0,4.284006,1.34232,0.0,5.626311,23.0,19.0,0.0,4.0,0.0,0.0
3/17/2026,17:35:37,15043834.3,WaterDispensed,10.0,26.0,34.0,59.0,59.0,360.0,102.0,120.0,119.0,0.0,395.0,4.298286,1.34232,0.0,5.640591,23.0,19.0,0.0,4.0,0.0,0.0
3/17/2026,17:46:22,15688999.63,RightWater,5.0,26.0,34.0,59.0,59.0,361.0,102.0,120.0,119.0,0.0,395.0,4.298286,1.34232,0.0,5.640591,23.0,19.0,0.0,4.0,0.0,0.0
3/17/2026,17:46:23,15689066.49,WaterDispensed,10.0,26.0,34.0,59.0,59.0,361.0,102.0,120.0,119.0,0.0,396.0,4.312566,1.34232,0.0,5.654871,23.0,19.0,0.0,4.0,0.0,0.0
3/17/2026,18:11:48,17214446.59,RightWater,5.0,26.0,34.0,59.0,59.0,362.0,102.0,120.0,119.0,0.0,396.0,4.312566,1.34232,0.0,5.654871,23.0,19.0,0.0,4.0,0.0,0.0
3/17/2026,18:11:48,17214513.46,WaterDispensed,10.0,26.0,34.0,59.0,59.0,362.0,102.0,120.0,119.0,0.0,397.0,4.326846,1.34232,0.0,5.669151,23.0,19.0,0.0,4.0,0.0,0.0
3/17/2026,18:11:51,17217332.92,RightWithPellet,11.0,26.0,34.0,59.0,59.0,362.0,102.0,120.0,119.0,0.0,397.0,4.326846,1.34232,0.0,5.669151,24.0,19.0,0.0,4.0,0.0,0.0
3/17/2026,18:12:04,17230312.67,LeftWater,6.0,26.0,34.0,59.0,59.0,362.0,103.0,120.0,119.0,0.0,397.0,4.326846,1.34232,0.0,5.669151,24.0,19.0,0.0,4.0,0.0,0.0
3/17/2026,18:12:04,17230380.46,WaterDispensed,10.0,26.0,34.0,59.0,59.0,362.0,103.0,120.0,119.0,0.0,398.0,4.326846,1.3566,0.0,5.683431,24.0,19.0,0.0,4.0,0.0,0.0
3/17/2026,18:12:07,17233358.67,LeftWithPellet,12.0,26.0,34.0,59.0,59.0,362.0,103.0,120.0,119.0,0.0,398.0,4.326846,1.3566,0.0,5.683431,24.0,20.0,0.0,4.0,0.0,0.0
3/17/2026,18:12:16,17242767.64,LeftWithPellet,12.0,26.0,34.0,59.0,59.0,362.0,103.0,120.0,119.0,0.0,398.0,4.326846,1.3566,0.0,5.683431,24.0,21.0,0.0,4.0,0.0,0.0
3/17/2026,18:12:22,17248933.97,LeftWithPellet,12.0,26.0,34.0,59.0,59.0,362.0,103.0,120.0,119.0,0.0,398.0,4.326846,1.3566,0.0,5.683431,24.0,22.0,0.0,4.0,0.0,0.0
3/17/2026,18:12:28,17254334.83,Retrieved,4.0,26.0,34.0,59.0,60.0,362.0,103.0,120.0,119.0,0.0,398.0,4.326846,1.3566,0.0,5.683431,24.0,22.0,0.0,4.0,0.0,0.0
3/17/2026,18:15:06,17412940.3,Left,2.0,26.0,35.0,59.0,60.0,362.0,103.0,120.0,119.0,0.0,398.0,4.326846,1.3566,0.0,5.683431,24.0,22.0,0.0,4.0,0.0,0.0
3/17/2026,18:15:07,17413346.87,TONE,8.0,26.0,35.0,59.0,60.0,362.0,103.0,120.0,120.0,0.0,398.0,4.326846,1.3566,0.0,5.683431,24.0,22.0,0.0,4.0,0.0,0.0
3/17/2026,18:15:07,17413414.93,LED,7.0,26.0,35.0,59.0,60.0,362.0,103.0,121.0,120.0,0.0,398.0,4.326846,1.3566,0.0,5.683431,24.0,22.0,0.0,4.0,0.0,0.0
3/17/2026,18:15:08,17414174.12,Dispensed,3.0,26.0,35.0,60.0,60.0,362.0,103.0,121.0,120.0,0.0,398.0,4.326846,1.3566,0.0,5.683431,24.0,22.0,0.0,4.0,0.0,0.0
3/17/2026,18:15:08,17414237.14,TONE,8.0,26.0,35.0,60.0,60.0,362.0,103.0,121.0,121.0,0.0,398.0,4.326846,1.3566,0.0,5.683431,24.0,22.0,0.0,4.0,0.0,0.0
3/17/2026,18:15:08,17414305.19,LED,7.0,26.0,35.0,60.0,60.0,362.0,103.0,122.0,121.0,0.0,398.0,4.326846,1.3566,0.0,5.683431,24.0,22.0,0.0,4.0,0.0,0.0
3/17/2026,18:15:08,17414663.12,Retrieved,4.0,26.0,35.0,60.0,61.0,362.0,103.0,122.0,121.0,0.0,398.0,4.326846,1.3566,0.0,5.683431,24.0,22.0,0.0,4.0,0.0,0.0
3/17/2026,18:15:25,17431084.3,Left,2.0,26.0,36.0,60.0,61.0,362.0,103.0,122.0,121.0,0.0,398.0,4.326846,1.3566,0.0,5.683431,24.0,22.0,0.0,4.0,0.0,0.0
3/17/2026,18:15:25,17431605.99,TONE,8.0,26.0,36.0,60.0,61.0,362.0,103.0,122.0,122.0,0.0,398.0,4.326846,1.3566,0.0,5.683431,24.0,22.0,0.0,4.0,0.0,0.0
3/17/2026,18:15:25,17431674.05,LED,7.0,26.0,36.0,60.0,61.0,362.0,103.0,123.0,122.0,0.0,398.0,4.326846,1.3566,0.0,5.683431,24.0,22.0,0.0,4.0,0.0,0.0
3/17/2026,18:15:26,17432331.35,Dispensed,3.0,26.0,36.0,61.0,61.0,362.0,103.0,123.0,122.0,0.0,398.0,4.326846,1.3566,0.0,5.683431,24.0,22.0,0.0,4.0,0.0,0.0
3/17/2026,18:15:26,17432394.37,TONE,8.0,26.0,36.0,61.0,61.0,362.0,103.0,123.0,123.0,0.0,398.0,4.326846,1.3566,0.0,5.683431,24.0,22.0,0.0,4.0,0.0,0.0
3/17/2026,18:15:26,17432462.42,LED,7.0,26.0,36.0,61.0,61.0,362.0,103.0,124.0,123.0,0.0,398.0,4.326846,1.3566,0.0,5.683431,24.0,22.0,0.0,4.0,0.0,0.0
3/17/2026,18:15:26,17432760.91,Retrieved,4.0,26.0,36.0,61.0,62.0,362.0,103.0,124.0,123.0,0.0,398.0,4.326846,1.3566,0.0,5.683431,24.0,22.0,0.0,4.0,0.0,0.0
3/17/2026,18:15:50,17456949.57,Left,2.0,26.0,37.0,61.0,62.0,362.0,103.0,124.0,123.0,0.0,398.0,4.326846,1.3566,0.0,5.683431,24.0,22.0,0.0,4.0,0.0,0.0
3/17/2026,18:15:51,17457701.45,TONE,8.0,26.0,37.0,61.0,62.0,362.0,103.0,124.0,124.0,0.0,398.0,4.326846,1.3566,0.0,5.683431,24.0,22.0,0.0,4.0,0.0,0.0
3/17/2026,18:15:51,17457769.51,LED,7.0,26.0,37.0,61.0,62.0,362.0,103.0,125.0,124.0,0.0,398.0,4.326846,1.3566,0.0,5.683431,24.0,22.0,0.0,4.0,0.0,0.0
3/17/2026,18:15:52,17458510.84,Dispensed,3.0,26.0,37.0,62.0,62.0,362.0,103.0,125.0,124.0,0.0,398.0,4.326846,1.3566,0.0,5.683431,24.0,22.0,0.0,4.0,0.0,0.0
3/17/2026,18:15:52,17458573.86,TONE,8.0,26.0,37.0,62.0,62.0,362.0,103.0,125.0,125.0,0.0,398.0,4.326846,1.3566,0.0,5.683431,24.0,22.0,0.0,4.0,0.0,0.0
3/17/2026,18:15:52,17458641.91,LED,7.0,26.0,37.0,62.0,62.0,362.0,103.0,126.0,125.0,0.0,398.0,4.326846,1.3566,0.0,5.683431,24.0,22.0,0.0,4.0,0.0,0.0
3/17/2026,18:15:54,17460853.47,Retrieved,4.0,26.0,37.0,62.0,63.0,362.0,103.0,126.0,125.0,0.0,398.0,4.326846,1.3566,0.0,5.683431,24.0,22.0,0.0,4.0,0.0,0.0
3/17/2026,18:16:38,17504055.97,Right,1.0,27.0,37.0,62.0,63.0,362.0,103.0,126.0,125.0,0.0,398.0,4.326846,1.3566,0.0,5.683431,24.0,22.0,0.0,4.0,0.0,0.0
3/17/2026,18:16:38,17504768.57,TONE,8.0,27.0,37.0,62.0,63.0,362.0,103.0,126.0,126.0,0.0,398.0,4.326846,1.3566,0.0,5.683431,24.0,22.0,0.0,4.0,0.0,0.0
3/17/2026,18:16:38,17504836.62,LED,7.0,27.0,37.0,62.0,63.0,362.0,103.0,127.0,126.0,0.0,398.0,4.326846,1.3566,0.0,5.683431,24.0,22.0,0.0,4.0,0.0,0.0
3/17/2026,18:16:39,17505545.38,Dispensed,3.0,27.0,37.0,63.0,63.0,362.0,103.0,127.0,126.0,0.0,398.0,4.326846,1.3566,0.0,5.683431,24.0,22.0,0.0,4.0,0.0,0.0
3/17/2026,18:16:39,17505608.4,TONE,8.0,27.0,37.0,63.0,63.0,362.0,103.0,127.0,127.0,0.0,398.0,4.326846,1.3566,0.0,5.683431,24.0,22.0,0.0,4.0,0.0,0.0
3/17/2026,18:16:39,17505676.45,LED,7.0,27.0,37.0,63.0,63.0,362.0,103.0,128.0,127.0,0.0,398.0,4.326846,1.3566,0.0,5.683431,24.0,22.0,0.0,4.0,0.0,0.0
3/17/2026,18:16:41,17507049.19,Retrieved,4.0,27.0,37.0,63.0,64.0,362.0,103.0,128.0,127.0,0.0,398.0,4.326846,1.3566,0.0,5.683431,24.0,22.0,0.0,4.0,0.0,0.0
3/17/2026,18:17:35,17561854.01,LeftWater,6.0,27.0,37.0,63.0,64.0,362.0,104.0,128.0,127.0,0.0,398.0,4.326846,1.3566,0.0,5.683431,24.0,22.0,0.0,4.0,0.0,0.0
3/17/2026,18:17:35,17561921.79,WaterDispensed,10.0,27.0,37.0,63.0,64.0,362.0,104.0,128.0,127.0,0.0,399.0,4.326846,1.37088,0.0,5.697711,24.0,22.0,0.0,4.0,0.0,0.0
3/17/2026,18:17:59,17585466.31,RightWater,5.0,27.0,37.0,63.0,64.0,363.0,104.0,128.0,127.0,0.0,399.0,4.326846,1.37088,0.0,5.697711,24.0,22.0,0.0,4.0,0.0,0.0
3/17/2026,18:17:59,17585533.18,WaterDispensed,10.0,27.0,37.0,63.0,64.0,363.0,104.0,128.0,127.0,0.0,400.0,4.341125,1.37088,0.0,5.71199,24.0,22.0,0.0,4.0,0.0,0.0
3/17/2026,18:18:00,17586056.17,RightWater,5.0,27.0,37.0,63.0,64.0,364.0,104.0,128.0,127.0,0.0,401.0,4.355405,1.37088,0.0,5.72627,24.0,22.0,0.0,4.0,0.0,0.0
3/17/2026,18:18:00,17586123.03,WaterDispensed,10.0,27.0,37.0,63.0,64.0,364.0,104.0,128.0,127.0,0.0,401.0,4.355405,1.37088,0.0,5.72627,24.0,22.0,0.0,4.0,0.0,0.0
3/17/2026,18:18:00,17586688.27,RightWater,5.0,27.0,37.0,63.0,64.0,365.0,104.0,128.0,127.0,0.0,401.0,4.355405,1.37088,0.0,5.72627,24.0,22.0,0.0,4.0,0.0,0.0
3/17/2026,18:18:00,17586755.13,WaterDispensed,10.0,27.0,37.0,63.0,64.0,365.0,104.0,128.0,127.0,0.0,402.0,4.369685,1.37088,0.0,5.74055,24.0,22.0,0.0,4.0,0.0,0.0
3/17/2026,18:18:01,17587235.71,RightWater,5.0,27.0,37.0,63.0,64.0,366.0,104.0,128.0,127.0,0.0,402.0,4.369685,1.37088,0.0,5.74055,24.0,22.0,0.0,4.0,0.0,0.0
3/17/2026,18:18:01,17587302.57,WaterDispensed,10.0,27.0,37.0,63.0,64.0,366.0,104.0,128.0,127.0,0.0,403.0,4.383965,1.37088,0.0,5.75483,24.0,22.0,0.0,4.0,0.0,0.0
3/17/2026,18:18:01,17587684.9,RightWater,5.0,27.0,37.0,63.0,64.0,367.0,104.0,128.0,127.0,0.0,403.0,4.383965,1.37088,0.0,5.75483,24.0,22.0,0.0,4.0,0.0,0.0
3/17/2026,18:18:01,17587751.76,WaterDispensed,10.0,27.0,37.0,63.0,64.0,367.0,104.0,128.0,127.0,0.0,404.0,4.398245,1.37088,0.0,5.76911,24.0,22.0,0.0,4.0,0.0,0.0
3/17/2026,18:18:02,17588349.91,RightWater,5.0,27.0,37.0,63.0,64.0,368.0,104.0,128.0,127.0,0.0,404.0,4.398245,1.37088,0.0,5.76911,24.0,22.0,0.0,4.0,0.0,0.0
3/17/2026,18:18:02,17588416.77,WaterDispensed,10.0,27.0,37.0,63.0,64.0,368.0,104.0,128.0,127.0,0.0,405.0,4.412525,1.37088,0.0,5.78339,24.0,22.0,0.0,4.0,0.0,0.0
3/17/2026,18:18:03,17589329.37,RightWater,5.0,27.0,37.0,63.0,64.0,369.0,104.0,128.0,127.0,0.0,405.0,4.412525,1.37088,0.0,5.78339,24.0,22.0,0.0,4.0,0.0,0.0
3/17/2026,18:18:03,17589396.23,WaterDispensed,10.0,27.0,37.0,63.0,64.0,369.0,104.0,128.0,127.0,0.0,406.0,4.426805,1.37088,0.0,5.797669,24.0,22.0,0.0,4.0,0.0,0.0
3/17/2026,18:18:04,17590101.1,RightWater,5.0,27.0,37.0,63.0,64.0,370.0,104.0,128.0,127.0,0.0,406.0,4.426805,1.37088,0.0,5.797669,24.0,22.0,0.0,4.0,0.0,0.0
3/17/2026,18:18:04,17590167.95,WaterDispensed,10.0,27.0,37.0,63.0,64.0,370.0,104.0,128.0,127.0,0.0,407.0,4.441084,1.37088,0.0,5.811949,24.0,22.0,0.0,4.0,0.0,0.0
3/17/2026,18:18:04,17590936.49,RightWater,5.0,27.0,37.0,63.0,64.0,371.0,104.0,128.0,127.0,0.0,407.0,4.441084,1.37088,0.0,5.811949,24.0,22.0,0.0,4.0,0.0,0.0
3/17/2026,18:18:04,17591003.35,WaterDispensed,10.0,27.0,37.0,63.0,64.0,371.0,104.0,128.0,127.0,0.0,408.0,4.455364,1.37088,0.0,5.826229,24.0,22.0,0.0,4.0,0.0,0.0
3/17/2026,18:18:06,17592033.23,RightWater,5.0,27.0,37.0,63.0,64.0,372.0,104.0,128.0,127.0,0.0,408.0,4.455364,1.37088,0.0,5.826229,24.0,22.0,0.0,4.0,0.0,0.0
3/17/2026,18:18:06,17592100.09,WaterDispensed,10.0,27.0,37.0,63.0,64.0,372.0,104.0,128.0,127.0,0.0,409.0,4.469644,1.37088,0.0,5.840509,24.0,22.0,0.0,4.0,0.0,0.0
3/17/2026,18:18:06,17592788.55,RightWater,5.0,27.0,37.0,63.0,64.0,373.0,104.0,128.0,127.0,0.0,409.0,4.469644,1.37088,0.0,5.840509,24.0,22.0,0.0,4.0,0.0,0.0
3/17/2026,18:18:06,17592855.41,WaterDispensed,10.0,27.0,37.0,63.0,64.0,373.0,104.0,128.0,127.0,0.0,410.0,4.483924,1.37088,0.0,5.854789,24.0,22.0,0.0,4.0,0.0,0.0
3/17/2026,18:18:07,17593556.58,RightWater,5.0,27.0,37.0,63.0,64.0,374.0,104.0,128.0,127.0,0.0,410.0,4.483924,1.37088,0.0,5.854789,24.0,22.0,0.0,4.0,0.0,0.0
3/17/2026,18:18:07,17593623.44,WaterDispensed,10.0,27.0,37.0,63.0,64.0,374.0,104.0,128.0,127.0,0.0,411.0,4.498204,1.37088,0.0,5.869069,24.0,22.0,0.0,4.0,0.0,0.0
3/17/2026,18:18:08,17594677.4,RightWater,5.0,27.0,37.0,63.0,64.0,375.0,104.0,128.0,127.0,0.0,411.0,4.498204,1.37088,0.0,5.869069,24.0,22.0,0.0,4.0,0.0,0.0
3/17/2026,18:18:08,17594744.26,WaterDispensed,10.0,27.0,37.0,63.0,64.0,375.0,104.0,128.0,127.0,0.0,412.0,4.512484,1.37088,0.0,5.883348,24.0,22.0,0.0,4.0,0.0,0.0
3/17/2026,18:18:08,17594834.46,RightWater,5.0,27.0,37.0,63.0,64.0,376.0,104.0,128.0,127.0,0.0,412.0,4.512484,1.37088,0.0,5.883348,24.0,22.0,0.0,4.0,0.0,0.0
3/17/2026,20:08:55,24241191.77,Right,1.0,28.0,37.0,63.0,64.0,376.0,104.0,128.0,127.0,0.0,412.0,4.512484,1.37088,0.0,5.883348,24.0,22.0,0.0,4.0,0.0,0.0
3/17/2026,20:08:55,24241983.94,TONE,8.0,28.0,37.0,63.0,64.0,376.0,104.0,128.0,128.0,0.0,412.0,4.512484,1.37088,0.0,5.883348,24.0,22.0,0.0,4.0,0.0,0.0
3/17/2026,20:08:56,24242052.0,LED,7.0,28.0,37.0,63.0,64.0,376.0,104.0,129.0,128.0,0.0,412.0,4.512484,1.37088,0.0,5.883348,24.0,22.0,0.0,4.0,0.0,0.0
3/17/2026,20:08:56,24242817.64,Dispensed,3.0,28.0,37.0,64.0,64.0,376.0,104.0,129.0,128.0,0.0,412.0,4.512484,1.37088,0.0,5.883348,24.0,22.0,0.0,4.0,0.0,0.0
3/17/2026,20:08:56,24242880.65,TONE,8.0,28.0,37.0,64.0,64.0,376.0,104.0,129.0,129.0,0.0,412.0,4.512484,1.37088,0.0,5.883348,24.0,22.0,0.0,4.0,0.0,0.0
3/17/2026,20:08:56,24242948.71,LED,7.0,28.0,37.0,64.0,64.0,376.0,104.0,130.0,129.0,0.0,412.0,4.512484,1.37088,0.0,5.883348,24.0,22.0,0.0,4.0,0.0,0.0
3/17/2026,20:08:57,24243366.4,Retrieved,4.0,28.0,37.0,64.0,65.0,376.0,104.0,130.0,129.0,0.0,412.0,4.512484,1.37088,0.0,5.883348,24.0,22.0,0.0,4.0,0.0,0.0
3/17/2026,20:09:31,24277938.4,Left,2.0,28.0,38.0,64.0,65.0,376.0,104.0,130.0,129.0,0.0,412.0,4.512484,1.37088,0.0,5.883348,24.0,22.0,0.0,4.0,0.0,0.0
3/17/2026,20:09:32,24278732.89,TONE,8.0,28.0,38.0,64.0,65.0,376.0,104.0,130.0,130.0,0.0,412.0,4.512484,1.37088,0.0,5.883348,24.0,22.0,0.0,4.0,0.0,0.0
3/17/2026,20:09:32,24278800.95,LED,7.0,28.0,38.0,64.0,65.0,376.0,104.0,131.0,130.0,0.0,412.0,4.512484,1.37088,0.0,5.883348,24.0,22.0,0.0,4.0,0.0,0.0
3/17/2026,20:09:33,24279482.86,Dispensed,3.0,28.0,38.0,65.0,65.0,376.0,104.0,131.0,130.0,0.0,412.0,4.512484,1.37088,0.0,5.883348,24.0,22.0,0.0,4.0,0.0,0.0
3/17/2026,20:09:33,24279545.87,TONE,8.0,28.0,38.0,65.0,65.0,376.0,104.0,131.0,131.0,0.0,412.0,4.512484,1.37088,0.0,5.883348,24.0,22.0,0.0,4.0,0.0,0.0
3/17/2026,20:09:33,24279613.93,LED,7.0,28.0,38.0,65.0,65.0,376.0,104.0,132.0,131.0,0.0,412.0,4.512484,1.37088,0.0,5.883348,24.0,22.0,0.0,4.0,0.0,0.0
3/17/2026,20:09:38,24284465.84,Retrieved,4.0,28.0,38.0,65.0,66.0,376.0,104.0,132.0,131.0,0.0,412.0,4.512484,1.37088,0.0,5.883348,24.0,22.0,0.0,4.0,0.0,0.0
3/17/2026,20:10:04,24310030.78,Right,1.0,29.0,38.0,65.0,66.0,376.0,104.0,132.0,131.0,0.0,412.0,4.512484,1.37088,0.0,5.883348,24.0,22.0,0.0,4.0,0.0,0.0
3/17/2026,20:10:04,24310766.55,TONE,8.0,29.0,38.0,65.0,66.0,376.0,104.0,132.0,132.0,0.0,412.0,4.512484,1.37088,0.0,5.883348,24.0,22.0,0.0,4.0,0.0,0.0
3/17/2026,20:10:04,24310834.6,LED,7.0,29.0,38.0,65.0,66.0,376.0,104.0,133.0,132.0,0.0,412.0,4.512484,1.37088,0.0,5.883348,24.0,22.0,0.0,4.0,0.0,0.0
3/17/2026,20:10:05,24311624.64,Dispensed,3.0,29.0,38.0,66.0,66.0,376.0,104.0,133.0,132.0,0.0,412.0,4.512484,1.37088,0.0,5.883348,24.0,22.0,0.0,4.0,0.0,0.0
3/17/2026,20:10:05,24311687.66,TONE,8.0,29.0,38.0,66.0,66.0,376.0,104.0,133.0,133.0,0.0,412.0,4.512484,1.37088,0.0,5.883348,24.0,22.0,0.0,4.0,0.0,0.0
3/17/2026,20:10:05,24311755.72,LED,7.0,29.0,38.0,66.0,66.0,376.0,104.0,134.0,133.0,0.0,412.0,4.512484,1.37088,0.0,5.883348,24.0,22.0,0.0,4.0,0.0,0.0
3/17/2026,20:10:06,24312411.98,Retrieved,4.0,29.0,38.0,66.0,67.0,376.0,104.0,134.0,133.0,0.0,412.0,4.512484,1.37088,0.0,5.883348,24.0,22.0,0.0,4.0,0.0,0.0
3/17/2026,20:11:27,24393552.07,Left,2.0,29.0,39.0,66.0,67.0,376.0,104.0,134.0,133.0,0.0,412.0,4.512484,1.37088,0.0,5.883348,24.0,22.0,0.0,4.0,0.0,0.0
3/17/2026,20:11:28,24394032.9,TONE,8.0,29.0,39.0,66.0,67.0,376.0,104.0,134.0,134.0,0.0,412.0,4.512484,1.37088,0.0,5.883348,24.0,22.0,0.0,4.0,0.0,0.0
3/17/2026,20:11:28,24394100.95,LED,7.0,29.0,39.0,66.0,67.0,376.0,104.0,135.0,134.0,0.0,412.0,4.512484,1.37088,0.0,5.883348,24.0,22.0,0.0,4.0,0.0,0.0
3/17/2026,20:11:28,24394714.55,Dispensed,3.0,29.0,39.0,67.0,67.0,376.0,104.0,135.0,134.0,0.0,412.0,4.512484,1.37088,0.0,5.883348,24.0,22.0,0.0,4.0,0.0,0.0
3/17/2026,20:11:28,24394777.57,TONE,8.0,29.0,39.0,67.0,67.0,376.0,104.0,135.0,135.0,0.0,412.0,4.512484,1.37088,0.0,5.883348,24.0,22.0,0.0,4.0,0.0,0.0
3/17/2026,20:11:28,24394845.62,LED,7.0,29.0,39.0,67.0,67.0,376.0,104.0,136.0,135.0,0.0,412.0,4.512484,1.37088,0.0,5.883348,24.0,22.0,0.0,4.0,0.0,0.0
3/17/2026,20:11:29,24395203.71,Retrieved,4.0,29.0,39.0,67.0,68.0,376.0,104.0,136.0,135.0,0.0,412.0,4.512484,1.37088,0.0,5.883348,24.0,22.0,0.0,4.0,0.0,0.0
3/17/2026,20:11:45,24411827.02,Left,2.0,29.0,40.0,67.0,68.0,376.0,104.0,136.0,135.0,0.0,412.0,4.512484,1.37088,0.0,5.883348,24.0,22.0,0.0,4.0,0.0,0.0
3/17/2026,20:11:46,24412716.76,TONE,8.0,29.0,40.0,67.0,68.0,376.0,104.0,136.0,136.0,0.0,412.0,4.512484,1.37088,0.0,5.883348,24.0,22.0,0.0,4.0,0.0,0.0
3/17/2026,20:11:46,24412784.81,LED,7.0,29.0,40.0,67.0,68.0,376.0,104.0,137.0,136.0,0.0,412.0,4.512484,1.37088,0.0,5.883348,24.0,22.0,0.0,4.0,0.0,0.0
3/17/2026,20:11:47,24413576.88,Dispensed,3.0,29.0,40.0,68.0,68.0,376.0,104.0,137.0,136.0,0.0,412.0,4.512484,1.37088,0.0,5.883348,24.0,22.0,0.0,4.0,0.0,0.0
3/17/2026,20:11:47,24413639.9,TONE,8.0,29.0,40.0,68.0,68.0,376.0,104.0,137.0,137.0,0.0,412.0,4.512484,1.37088,0.0,5.883348,24.0,22.0,0.0,4.0,0.0,0.0
3/17/2026,20:11:47,24413707.96,LED,7.0,29.0,40.0,68.0,68.0,376.0,104.0,138.0,137.0,0.0,412.0,4.512484,1.37088,0.0,5.883348,24.0,22.0,0.0,4.0,0.0,0.0
3/17/2026,20:11:48,24414125.7,Retrieved,4.0,29.0,40.0,68.0,69.0,376.0,104.0,138.0,137.0,0.0,412.0,4.512484,1.37088,0.0,5.883348,24.0,22.0,0.0,4.0,0.0,0.0
3/17/2026,20:12:05,24431270.45,Left,2.0,29.0,41.0,68.0,69.0,376.0,104.0,138.0,137.0,0.0,412.0,4.512484,1.37088,0.0,5.883348,24.0,22.0,0.0,4.0,0.0,0.0
3/17/2026,20:12:05,24431946.01,TONE,8.0,29.0,41.0,68.0,69.0,376.0,104.0,138.0,138.0,0.0,412.0,4.512484,1.37088,0.0,5.883348,24.0,22.0,0.0,4.0,0.0,0.0
3/17/2026,20:12:05,24432014.06,LED,7.0,29.0,41.0,68.0,69.0,376.0,104.0,139.0,138.0,0.0,412.0,4.512484,1.37088,0.0,5.883348,24.0,22.0,0.0,4.0,0.0,0.0
3/17/2026,20:12:06,24432684.44,Dispensed,3.0,29.0,41.0,69.0,69.0,376.0,104.0,139.0,138.0,0.0,412.0,4.512484,1.37088,0.0,5.883348,24.0,22.0,0.0,4.0,0.0,0.0
3/17/2026,20:12:06,24432747.46,TONE,8.0,29.0,41.0,69.0,69.0,376.0,104.0,139.0,139.0,0.0,412.0,4.512484,1.37088,0.0,5.883348,24.0,22.0,0.0,4.0,0.0,0.0
3/17/2026,20:12:06,24432815.51,LED,7.0,29.0,41.0,69.0,69.0,376.0,104.0,140.0,139.0,0.0,412.0,4.512484,1.37088,0.0,5.883348,24.0,22.0,0.0,4.0,0.0,0.0
3/17/2026,20:12:07,24433949.31,Retrieved,4.0,29.0,41.0,69.0,70.0,376.0,104.0,140.0,139.0,0.0,412.0,4.512484,1.37088,0.0,5.883348,24.0,22.0,0.0,4.0,0.0,0.0
3/17/2026,20:12:21,24447664.62,Left,2.0,29.0,42.0,69.0,70.0,376.0,104.0,140.0,139.0,0.0,412.0,4.512484,1.37088,0.0,5.883348,24.0,22.0,0.0,4.0,0.0,0.0
3/17/2026,20:12:22,24448153.93,TONE,8.0,29.0,42.0,69.0,70.0,376.0,104.0,140.0,140.0,0.0,412.0,4.512484,1.37088,0.0,5.883348,24.0,22.0,0.0,4.0,0.0,0.0
3/17/2026,20:12:22,24448221.99,LED,7.0,29.0,42.0,69.0,70.0,376.0,104.0,141.0,140.0,0.0,412.0,4.512484,1.37088,0.0,5.883348,24.0,22.0,0.0,4.0,0.0,0.0
3/17/2026,20:12:22,24448947.09,Dispensed,3.0,29.0,42.0,70.0,70.0,376.0,104.0,141.0,140.0,0.0,412.0,4.512484,1.37088,0.0,5.883348,24.0,22.0,0.0,4.0,0.0,0.0
3/17/2026,20:12:22,24449010.1,TONE,8.0,29.0,42.0,70.0,70.0,376.0,104.0,141.0,141.0,0.0,412.0,4.512484,1.37088,0.0,5.883348,24.0,22.0,0.0,4.0,0.0,0.0
3/17/2026,20:12:23,24449078.16,LED,7.0,29.0,42.0,70.0,70.0,376.0,104.0,142.0,141.0,0.0,412.0,4.512484,1.37088,0.0,5.883348,24.0,22.0,0.0,4.0,0.0,0.0
3/17/2026,20:12:23,24449436.24,Retrieved,4.0,29.0,42.0,70.0,71.0,376.0,104.0,142.0,141.0,0.0,412.0,4.512484,1.37088,0.0,5.883348,24.0,22.0,0.0,4.0,0.0,0.0
3/17/2026,20:12:50,24477008.43,Left,2.0,29.0,43.0,70.0,71.0,376.0,104.0,142.0,141.0,0.0,412.0,4.512484,1.37088,0.0,5.883348,24.0,22.0,0.0,4.0,0.0,0.0
3/17/2026,20:12:51,24477862.03,TONE,8.0,29.0,43.0,70.0,71.0,376.0,104.0,142.0,142.0,0.0,412.0,4.512484,1.37088,0.0,5.883348,24.0,22.0,0.0,4.0,0.0,0.0
3/17/2026,20:12:51,24477930.09,LED,7.0,29.0,43.0,70.0,71.0,376.0,104.0,143.0,142.0,0.0,412.0,4.512484,1.37088,0.0,5.883348,24.0,22.0,0.0,4.0,0.0,0.0
3/17/2026,20:12:52,24478716.64,Dispensed,3.0,29.0,43.0,71.0,71.0,376.0,104.0,143.0,142.0,0.0,412.0,4.512484,1.37088,0.0,5.883348,24.0,22.0,0.0,4.0,0.0,0.0
3/17/2026,20:12:52,24478779.66,TONE,8.0,29.0,43.0,71.0,71.0,376.0,104.0,143.0,143.0,0.0,412.0,4.512484,1.37088,0.0,5.883348,24.0,22.0,0.0,4.0,0.0,0.0
3/17/2026,20:12:52,24478847.71,LED,7.0,29.0,43.0,71.0,71.0,376.0,104.0,144.0,143.0,0.0,412.0,4.512484,1.37088,0.0,5.883348,24.0,22.0,0.0,4.0,0.0,0.0
3/17/2026,20:12:53,24479921.41,Retrieved,4.0,29.0,43.0,71.0,72.0,376.0,104.0,144.0,143.0,0.0,412.0,4.512484,1.37088,0.0,5.883348,24.0,22.0,0.0,4.0,0.0,0.0
3/17/2026,20:13:11,24497312.55,Left,2.0,29.0,44.0,71.0,72.0,376.0,104.0,144.0,143.0,0.0,412.0,4.512484,1.37088,0.0,5.883348,24.0,22.0,0.0,4.0,0.0,0.0
3/17/2026,20:13:11,24497813.74,TONE,8.0,29.0,44.0,71.0,72.0,376.0,104.0,144.0,144.0,0.0,412.0,4.512484,1.37088,0.0,5.883348,24.0,22.0,0.0,4.0,0.0,0.0
3/17/2026,20:13:11,24497881.8,LED,7.0,29.0,44.0,71.0,72.0,376.0,104.0,145.0,144.0,0.0,412.0,4.512484,1.37088,0.0,5.883348,24.0,22.0,0.0,4.0,0.0,0.0
3/17/2026,20:13:12,24498569.33,Dispensed,3.0,29.0,44.0,72.0,72.0,376.0,104.0,145.0,144.0,0.0,412.0,4.512484,1.37088,0.0,5.883348,24.0,22.0,0.0,4.0,0.0,0.0
3/17/2026,20:13:12,24498632.35,TONE,8.0,29.0,44.0,72.0,72.0,376.0,104.0,145.0,145.0,0.0,412.0,4.512484,1.37088,0.0,5.883348,24.0,22.0,0.0,4.0,0.0,0.0
3/17/2026,20:13:12,24498700.41,LED,7.0,29.0,44.0,72.0,72.0,376.0,104.0,146.0,145.0,0.0,412.0,4.512484,1.37088,0.0,5.883348,24.0,22.0,0.0,4.0,0.0,0.0
3/17/2026,20:13:12,24498998.9,Retrieved,4.0,29.0,44.0,72.0,73.0,376.0,104.0,146.0,145.0,0.0,412.0,4.512484,1.37088,0.0,5.883348,24.0,22.0,0.0,4.0,0.0,0.0
3/17/2026,20:13:32,24518159.42,Left,2.0,29.0,45.0,72.0,73.0,376.0,104.0,146.0,145.0,0.0,412.0,4.512484,1.37088,0.0,5.883348,24.0,22.0,0.0,4.0,0.0,0.0
3/17/2026,20:13:32,24518789.9,TONE,8.0,29.0,45.0,72.0,73.0,376.0,104.0,146.0,146.0,0.0,412.0,4.512484,1.37088,0.0,5.883348,24.0,22.0,0.0,4.0,0.0,0.0
3/17/2026,20:13:32,24518857.95,LED,7.0,29.0,45.0,72.0,73.0,376.0,104.0,147.0,146.0,0.0,412.0,4.512484,1.37088,0.0,5.883348,24.0,22.0,0.0,4.0,0.0,0.0
3/17/2026,20:13:33,24519564.37,Dispensed,3.0,29.0,45.0,73.0,73.0,376.0,104.0,147.0,146.0,0.0,412.0,4.512484,1.37088,0.0,5.883348,24.0,22.0,0.0,4.0,0.0,0.0
3/17/2026,20:13:33,24519627.38,TONE,8.0,29.0,45.0,73.0,73.0,376.0,104.0,147.0,147.0,0.0,412.0,4.512484,1.37088,0.0,5.883348,24.0,22.0,0.0,4.0,0.0,0.0
3/17/2026,20:13:33,24519695.44,LED,7.0,29.0,45.0,73.0,73.0,376.0,104.0,148.0,147.0,0.0,412.0,4.512484,1.37088,0.0,5.883348,24.0,22.0,0.0,4.0,0.0,0.0
3/17/2026,20:13:34,24520172.61,Retrieved,4.0,29.0,45.0,73.0,74.0,376.0,104.0,148.0,147.0,0.0,412.0,4.512484,1.37088,0.0,5.883348,24.0,22.0,0.0,4.0,0.0,0.0
3/17/2026,20:13:51,24537023.76,Left,2.0,29.0,46.0,73.0,74.0,376.0,104.0,148.0,147.0,0.0,412.0,4.512484,1.37088,0.0,5.883348,24.0,22.0,0.0,4.0,0.0,0.0
3/17/2026,20:13:51,24537762.52,TONE,8.0,29.0,46.0,73.0,74.0,376.0,104.0,148.0,148.0,0.0,412.0,4.512484,1.37088,0.0,5.883348,24.0,22.0,0.0,4.0,0.0,0.0
3/17/2026,20:13:51,24537830.57,LED,7.0,29.0,46.0,73.0,74.0,376.0,104.0,149.0,148.0,0.0,412.0,4.512484,1.37088,0.0,5.883348,24.0,22.0,0.0,4.0,0.0,0.0
3/17/2026,20:13:52,24538519.72,Dispensed,3.0,29.0,46.0,74.0,74.0,376.0,104.0,149.0,148.0,0.0,412.0,4.512484,1.37088,0.0,5.883348,24.0,22.0,0.0,4.0,0.0,0.0
3/17/2026,20:13:52,24538582.74,TONE,8.0,29.0,46.0,74.0,74.0,376.0,104.0,149.0,149.0,0.0,412.0,4.512484,1.37088,0.0,5.883348,24.0,22.0,0.0,4.0,0.0,0.0
3/17/2026,20:13:52,24538650.8,LED,7.0,29.0,46.0,74.0,74.0,376.0,104.0,150.0,149.0,0.0,412.0,4.512484,1.37088,0.0,5.883348,24.0,22.0,0.0,4.0,0.0,0.0
3/17/2026,20:13:52,24538949.3,Retrieved,4.0,29.0,46.0,74.0,75.0,376.0,104.0,150.0,149.0,0.0,412.0,4.512484,1.37088,0.0,5.883348,24.0,22.0,0.0,4.0,0.0,0.0
3/17/2026,20:14:15,24561118.34,Left,2.0,29.0,47.0,74.0,75.0,376.0,104.0,150.0,149.0,0.0,412.0,4.512484,1.37088,0.0,5.883348,24.0,22.0,0.0,4.0,0.0,0.0
3/17/2026,20:14:15,24561527.43,TONE,8.0,29.0,47.0,74.0,75.0,376.0,104.0,150.0,150.0,0.0,412.0,4.512484,1.37088,0.0,5.883348,24.0,22.0,0.0,4.0,0.0,0.0
3/17/2026,20:14:15,24561595.48,LED,7.0,29.0,47.0,74.0,75.0,376.0,104.0,151.0,150.0,0.0,412.0,4.512484,1.37088,0.0,5.883348,24.0,22.0,0.0,4.0,0.0,0.0
3/17/2026,20:14:16,24562328.55,Dispensed,3.0,29.0,47.0,75.0,75.0,376.0,104.0,151.0,150.0,0.0,412.0,4.512484,1.37088,0.0,5.883348,24.0,22.0,0.0,4.0,0.0,0.0
3/17/2026,20:14:16,24562391.57,TONE,8.0,29.0,47.0,75.0,75.0,376.0,104.0,151.0,151.0,0.0,412.0,4.512484,1.37088,0.0,5.883348,24.0,22.0,0.0,4.0,0.0,0.0
3/17/2026,20:14:16,24562459.62,LED,7.0,29.0,47.0,75.0,75.0,376.0,104.0,152.0,151.0,0.0,412.0,4.512484,1.37088,0.0,5.883348,24.0,22.0,0.0,4.0,0.0,0.0
3/17/2026,20:14:17,24563056.12,Retrieved,4.0,29.0,47.0,75.0,76.0,376.0,104.0,152.0,151.0,0.0,412.0,4.512484,1.37088,0.0,5.883348,24.0,22.0,0.0,4.0,0.0,0.0
3/17/2026,20:14:50,24596155.67,Right,1.0,30.0,47.0,75.0,76.0,376.0,104.0,152.0,151.0,0.0,412.0,4.512484,1.37088,0.0,5.883348,24.0,22.0,0.0,4.0,0.0,0.0
3/17/2026,20:14:50,24596697.89,TONE,8.0,30.0,47.0,75.0,76.0,376.0,104.0,152.0,152.0,0.0,412.0,4.512484,1.37088,0.0,5.883348,24.0,22.0,0.0,4.0,0.0,0.0
3/17/2026,20:14:50,24596765.94,LED,7.0,30.0,47.0,75.0,76.0,376.0,104.0,153.0,152.0,0.0,412.0,4.512484,1.37088,0.0,5.883348,24.0,22.0,0.0,4.0,0.0,0.0
3/17/2026,20:14:51,24597494.11,Dispensed,3.0,30.0,47.0,76.0,76.0,376.0,104.0,153.0,152.0,0.0,412.0,4.512484,1.37088,0.0,5.883348,24.0,22.0,0.0,4.0,0.0,0.0
3/17/2026,20:14:51,24597557.13,TONE,8.0,30.0,47.0,76.0,76.0,376.0,104.0,153.0,153.0,0.0,412.0,4.512484,1.37088,0.0,5.883348,24.0,22.0,0.0,4.0,0.0,0.0
3/17/2026,20:14:51,24597625.18,LED,7.0,30.0,47.0,76.0,76.0,376.0,104.0,154.0,153.0,0.0,412.0,4.512484,1.37088,0.0,5.883348,24.0,22.0,0.0,4.0,0.0,0.0
3/17/2026,20:14:56,24602649.94,RightWater,5.0,30.0,47.0,76.0,76.0,377.0,104.0,154.0,153.0,0.0,412.0,4.512484,1.37088,0.0,5.883348,24.0,22.0,0.0,4.0,0.0,0.0
3/17/2026,20:14:56,24602716.8,WaterDispensed,10.0,30.0,47.0,76.0,76.0,377.0,104.0,154.0,153.0,0.0,413.0,4.526763,1.37088,0.0,5.897628,24.0,22.0,0.0,4.0,0.0,0.0
3/17/2026,20:14:56,24602843.02,RightWater,5.0,30.0,47.0,76.0,76.0,378.0,104.0,154.0,153.0,0.0,413.0,4.526763,1.37088,0.0,5.897628,24.0,22.0,0.0,4.0,0.0,0.0
3/17/2026,20:14:58,24604306.38,RightWater,5.0,30.0,47.0,76.0,76.0,379.0,104.0,154.0,153.0,0.0,413.0,4.526763,1.37088,0.0,5.897628,24.0,22.0,0.0,4.0,0.0,0.0
3/17/2026,20:14:58,24604373.24,WaterDispensed,10.0,30.0,47.0,76.0,76.0,379.0,104.0,154.0,153.0,0.0,414.0,4.541043,1.37088,0.0,5.911908,24.0,22.0,0.0,4.0,0.0,0.0
3/17/2026,20:14:58,24604450.31,RightWater,5.0,30.0,47.0,76.0,76.0,380.0,104.0,154.0,153.0,0.0,414.0,4.541043,1.37088,0.0,5.911908,24.0,22.0,0.0,4.0,0.0,0.0
3/17/2026,20:14:58,24604706.21,RightWater,5.0,30.0,47.0,76.0,76.0,381.0,104.0,154.0,153.0,0.0,414.0,4.541043,1.37088,0.0,5.911908,24.0,22.0,0.0,4.0,0.0,0.0
3/17/2026,20:14:58,24604773.06,WaterDispensed,10.0,30.0,47.0,76.0,76.0,381.0,104.0,154.0,153.0,0.0,415.0,4.555323,1.37088,0.0,5.926188,24.0,22.0,0.0,4.0,0.0,0.0
3/17/2026,20:14:59,24605094.05,RightWater,5.0,30.0,47.0,76.0,76.0,382.0,104.0,154.0,153.0,0.0,415.0,4.555323,1.37088,0.0,5.926188,24.0,22.0,0.0,4.0,0.0,0.0
3/17/2026,20:14:59,24605160.92,WaterDispensed,10.0,30.0,47.0,76.0,76.0,382.0,104.0,154.0,153.0,0.0,416.0,4.569603,1.37088,0.0,5.940468,24.0,22.0,0.0,4.0,0.0,0.0
3/17/2026,20:15:00,24606051.67,RightWater,5.0,30.0,47.0,76.0,76.0,383.0,104.0,154.0,153.0,0.0,416.0,4.569603,1.37088,0.0,5.940468,24.0,22.0,0.0,4.0,0.0,0.0
3/17/2026,20:15:00,24606118.54,WaterDispensed,10.0,30.0,47.0,76.0,76.0,383.0,104.0,154.0,153.0,0.0,417.0,4.583883,1.37088,0.0,5.954748,24.0,22.0,0.0,4.0,0.0,0.0
3/17/2026,20:15:01,24607609.8,RightWater,5.0,30.0,47.0,76.0,76.0,384.0,104.0,154.0,153.0,0.0,417.0,4.583883,1.37088,0.0,5.954748,24.0,22.0,0.0,4.0,0.0,0.0
3/17/2026,20:15:01,24607676.65,WaterDispensed,10.0,30.0,47.0,76.0,76.0,384.0,104.0,154.0,153.0,0.0,418.0,4.598163,1.37088,0.0,5.969028,24.0,22.0,0.0,4.0,0.0,0.0
3/17/2026,20:15:02,24608436.64,RightWater,5.0,30.0,47.0,76.0,76.0,385.0,104.0,154.0,153.0,0.0,418.0,4.598163,1.37088,0.0,5.969028,24.0,22.0,0.0,4.0,0.0,0.0
3/17/2026,20:15:02,24608503.51,WaterDispensed,10.0,30.0,47.0,76.0,76.0,385.0,104.0,154.0,153.0,0.0,419.0,4.612442,1.37088,0.0,5.983307,24.0,22.0,0.0,4.0,0.0,0.0
3/17/2026,20:15:05,24611381.02,RightWater,5.0,30.0,47.0,76.0,76.0,386.0,104.0,154.0,153.0,0.0,419.0,4.612442,1.37088,0.0,5.983307,24.0,22.0,0.0,4.0,0.0,0.0
3/17/2026,20:15:05,24611447.89,WaterDispensed,10.0,30.0,47.0,76.0,76.0,386.0,104.0,154.0,153.0,0.0,420.0,4.626722,1.37088,0.0,5.997587,24.0,22.0,0.0,4.0,0.0,0.0
3/17/2026,20:15:07,24613335.14,RightWater,5.0,30.0,47.0,76.0,76.0,387.0,104.0,154.0,153.0,0.0,420.0,4.626722,1.37088,0.0,5.997587,24.0,22.0,0.0,4.0,0.0,0.0
3/17/2026,20:15:07,24613402.01,WaterDispensed,10.0,30.0,47.0,76.0,76.0,387.0,104.0,154.0,153.0,0.0,421.0,4.641002,1.37088,0.0,6.011867,24.0,22.0,0.0,4.0,0.0,0.0
3/17/2026,20:15:07,24613875.03,RightWater,5.0,30.0,47.0,76.0,76.0,388.0,104.0,154.0,153.0,0.0,421.0,4.641002,1.37088,0.0,6.011867,24.0,22.0,0.0,4.0,0.0,0.0
3/17/2026,20:15:07,24613941.89,WaterDispensed,10.0,30.0,47.0,76.0,76.0,388.0,104.0,154.0,153.0,0.0,422.0,4.655282,1.37088,0.0,6.026147,24.0,22.0,0.0,4.0,0.0,0.0
3/17/2026,20:15:09,24615309.44,RightWater,5.0,30.0,47.0,76.0,76.0,389.0,104.0,154.0,153.0,0.0,422.0,4.655282,1.37088,0.0,6.026147,24.0,22.0,0.0,4.0,0.0,0.0
3/17/2026,20:15:09,24615376.3,WaterDispensed,10.0,30.0,47.0,76.0,76.0,389.0,104.0,154.0,153.0,0.0,423.0,4.669562,1.37088,0.0,6.040427,24.0,22.0,0.0,4.0,0.0,0.0
3/17/2026,20:15:26,24632766.67,LeftWater,6.0,30.0,47.0,76.0,76.0,389.0,105.0,154.0,153.0,0.0,423.0,4.669562,1.37088,0.0,6.040427,24.0,22.0,0.0,4.0,0.0,0.0
3/17/2026,20:15:26,24632834.45,WaterDispensed,10.0,30.0,47.0,76.0,76.0,389.0,105.0,154.0,153.0,0.0,424.0,4.669562,1.38516,0.0,6.054707,24.0,22.0,0.0,4.0,0.0,0.0
3/17/2026,20:15:27,24633646.06,LeftWater,6.0,30.0,47.0,76.0,76.0,389.0,106.0,154.0,153.0,0.0,424.0,4.669562,1.38516,0.0,6.054707,24.0,22.0,0.0,4.0,0.0,0.0
3/17/2026,20:15:27,24633713.83,WaterDispensed,10.0,30.0,47.0,76.0,76.0,389.0,106.0,154.0,153.0,0.0,425.0,4.669562,1.39944,0.0,6.068986,24.0,22.0,0.0,4.0,0.0,0.0
3/17/2026,20:15:28,24634138.7,LeftWater,6.0,30.0,47.0,76.0,76.0,389.0,107.0,154.0,153.0,0.0,425.0,4.669562,1.39944,0.0,6.068986,24.0,22.0,0.0,4.0,0.0,0.0
3/17/2026,20:15:28,24634206.48,WaterDispensed,10.0,30.0,47.0,76.0,76.0,389.0,107.0,154.0,153.0,0.0,426.0,4.669562,1.41372,0.0,6.083266,24.0,22.0,0.0,4.0,0.0,0.0
3/17/2026,20:15:28,24634522.89,LeftWater,6.0,30.0,47.0,76.0,76.0,389.0,108.0,154.0,153.0,0.0,426.0,4.669562,1.41372,0.0,6.083266,24.0,22.0,0.0,4.0,0.0,0.0
3/17/2026,20:15:28,24634590.67,WaterDispensed,10.0,30.0,47.0,76.0,76.0,389.0,108.0,154.0,153.0,0.0,427.0,4.669562,1.427999,0.0,6.097546,24.0,22.0,0.0,4.0,0.0,0.0
3/17/2026,20:15:28,24634928.88,LeftWater,6.0,30.0,47.0,76.0,76.0,389.0,109.0,154.0,153.0,0.0,427.0,4.669562,1.427999,0.0,6.097546,24.0,22.0,0.0,4.0,0.0,0.0
3/17/2026,20:15:28,24634996.65,WaterDispensed,10.0,30.0,47.0,76.0,76.0,389.0,109.0,154.0,153.0,0.0,428.0,4.669562,1.442279,0.0,6.111826,24.0,22.0,0.0,4.0,0.0,0.0
3/17/2026,20:15:29,24635590.07,LeftWater,6.0,30.0,47.0,76.0,76.0,389.0,110.0,154.0,153.0,0.0,428.0,4.669562,1.442279,0.0,6.111826,24.0,22.0,0.0,4.0,0.0,0.0
3/17/2026,20:15:29,24635657.85,WaterDispensed,10.0,30.0,47.0,76.0,76.0,389.0,110.0,154.0,153.0,0.0,429.0,4.669562,1.456559,0.0,6.126106,24.0,22.0,0.0,4.0,0.0,0.0
3/17/2026,20:15:29,24635865.23,LeftWater,6.0,30.0,47.0,76.0,76.0,389.0,111.0,154.0,153.0,0.0,429.0,4.669562,1.456559,0.0,6.126106,24.0,22.0,0.0,4.0,0.0,0.0
3/17/2026,20:15:29,24635933.0,WaterDispensed,10.0,30.0,47.0,76.0,76.0,389.0,111.0,154.0,153.0,0.0,430.0,4.669562,1.470839,0.0,6.140386,24.0,22.0,0.0,4.0,0.0,0.0
3/17/2026,20:15:30,24636136.61,LeftWater,6.0,30.0,47.0,76.0,76.0,389.0,112.0,154.0,153.0,0.0,430.0,4.669562,1.470839,0.0,6.140386,24.0,22.0,0.0,4.0,0.0,0.0
3/17/2026,20:15:30,24636204.39,WaterDispensed,10.0,30.0,47.0,76.0,76.0,389.0,112.0,154.0,153.0,0.0,431.0,4.669562,1.485119,0.0,6.154665,24.0,22.0,0.0,4.0,0.0,0.0
3/17/2026,20:17:49,24775531.11,RightWater,5.0,30.0,47.0,76.0,76.0,390.0,112.0,154.0,153.0,0.0,431.0,4.669562,1.485119,0.0,6.154665,24.0,22.0,0.0,4.0,0.0,0.0
3/17/2026,20:17:49,24775597.98,WaterDispensed,10.0,30.0,47.0,76.0,76.0,390.0,112.0,154.0,153.0,0.0,432.0,4.683842,1.485119,0.0,6.168945,24.0,22.0,0.0,4.0,0.0,0.0
3/17/2026,20:17:50,24776079.2,RightWater,5.0,30.0,47.0,76.0,76.0,391.0,112.0,154.0,153.0,0.0,432.0,4.683842,1.485119,0.0,6.168945,24.0,22.0,0.0,4.0,0.0,0.0
3/17/2026,20:17:50,24776146.07,WaterDispensed,10.0,30.0,47.0,76.0,76.0,391.0,112.0,154.0,153.0,0.0,433.0,4.698122,1.485119,0.0,6.183225,24.0,22.0,0.0,4.0,0.0,0.0
3/17/2026,20:18:05,24791586.79,LeftWithPellet,12.0,30.0,47.0,76.0,76.0,391.0,112.0,154.0,153.0,0.0,433.0,4.698122,1.485119,0.0,6.183225,24.0,23.0,0.0,4.0,0.0,0.0
3/17/2026,20:18:46,24832499.82,Retrieved,4.0,30.0,47.0,76.0,77.0,391.0,112.0,154.0,153.0,0.0,433.0,4.698122,1.485119,0.0,6.183225,24.0,23.0,0.0,4.0,0.0,0.0
3/17/2026,20:19:36,24882936.66,RightWater,5.0,30.0,47.0,76.0,77.0,392.0,112.0,154.0,153.0,0.0,433.0,4.698122,1.485119,0.0,6.183225,24.0,23.0,0.0,4.0,0.0,0.0
3/17/2026,20:19:36,24883003.52,WaterDispensed,10.0,30.0,47.0,76.0,77.0,392.0,112.0,154.0,153.0,0.0,434.0,4.712401,1.485119,0.0,6.197505,24.0,23.0,0.0,4.0,0.0,0.0
3/17/2026,20:19:37,24883096.46,RightWater,5.0,30.0,47.0,76.0,77.0,393.0,112.0,154.0,153.0,0.0,434.0,4.712401,1.485119,0.0,6.197505,24.0,23.0,0.0,4.0,0.0,0.0
3/17/2026,20:19:37,24883632.75,RightWater,5.0,30.0,47.0,76.0,77.0,394.0,112.0,154.0,153.0,0.0,434.0,4.712401,1.485119,0.0,6.197505,24.0,23.0,0.0,4.0,0.0,0.0
3/17/2026,20:19:37,24883699.62,WaterDispensed,10.0,30.0,47.0,76.0,77.0,394.0,112.0,154.0,153.0,0.0,435.0,4.726681,1.485119,0.0,6.211785,24.0,23.0,0.0,4.0,0.0,0.0
3/17/2026,20:19:38,24884963.39,RightWater,5.0,30.0,47.0,76.0,77.0,395.0,112.0,154.0,153.0,0.0,435.0,4.726681,1.485119,0.0,6.211785,24.0,23.0,0.0,4.0,0.0,0.0
3/17/2026,20:19:39,24885030.26,WaterDispensed,10.0,30.0,47.0,76.0,77.0,395.0,112.0,154.0,153.0,0.0,436.0,4.740961,1.485119,0.0,6.226065,24.0,23.0,0.0,4.0,0.0,0.0
3/17/2026,20:19:40,24886577.34,RightWater,5.0,30.0,47.0,76.0,77.0,396.0,112.0,154.0,153.0,0.0,436.0,4.740961,1.485119,0.0,6.226065,24.0,23.0,0.0,4.0,0.0,0.0
3/17/2026,20:19:40,24886644.2,WaterDispensed,10.0,30.0,47.0,76.0,77.0,396.0,112.0,154.0,153.0,0.0,437.0,4.755241,1.485119,0.0,6.240345,24.0,23.0,0.0,4.0,0.0,0.0
3/17/2026,20:19:41,24887960.31,RightWater,5.0,30.0,47.0,76.0,77.0,397.0,112.0,154.0,153.0,0.0,437.0,4.755241,1.485119,0.0,6.240345,24.0,23.0,0.0,4.0,0.0,0.0
3/17/2026,20:19:42,24888027.17,WaterDispensed,10.0,30.0,47.0,76.0,77.0,397.0,112.0,154.0,153.0,0.0,438.0,4.769521,1.485119,0.0,6.254624,24.0,23.0,0.0,4.0,0.0,0.0
3/17/2026,20:45:23,26429865.0,Right,1.0,31.0,47.0,76.0,77.0,397.0,112.0,154.0,153.0,0.0,438.0,4.769521,1.485119,0.0,6.254624,24.0,23.0,0.0,4.0,0.0,0.0
3/17/2026,20:45:24,26430908.83,TONE,8.0,31.0,47.0,76.0,77.0,397.0,112.0,154.0,154.0,0.0,438.0,4.769521,1.485119,0.0,6.254624,24.0,23.0,0.0,4.0,0.0,0.0
3/17/2026,20:45:24,26430976.89,LED,7.0,31.0,47.0,76.0,77.0,397.0,112.0,155.0,154.0,0.0,438.0,4.769521,1.485119,0.0,6.254624,24.0,23.0,0.0,4.0,0.0,0.0
3/17/2026,20:45:25,26431660.42,Dispensed,3.0,31.0,47.0,77.0,77.0,397.0,112.0,155.0,154.0,0.0,438.0,4.769521,1.485119,0.0,6.254624,24.0,23.0,0.0,4.0,0.0,0.0
3/17/2026,20:45:25,26431723.44,TONE,8.0,31.0,47.0,77.0,77.0,397.0,112.0,155.0,155.0,0.0,438.0,4.769521,1.485119,0.0,6.254624,24.0,23.0,0.0,4.0,0.0,0.0
3/17/2026,20:45:25,26431791.5,LED,7.0,31.0,47.0,77.0,77.0,397.0,112.0,156.0,155.0,0.0,438.0,4.769521,1.485119,0.0,6.254624,24.0,23.0,0.0,4.0,0.0,0.0
3/17/2026,20:45:26,26432566.87,Retrieved,4.0,31.0,47.0,77.0,78.0,397.0,112.0,156.0,155.0,0.0,438.0,4.769521,1.485119,0.0,6.254624,24.0,23.0,0.0,4.0,0.0,0.0
3/17/2026,20:46:12,26478244.59,Right,1.0,32.0,47.0,77.0,78.0,397.0,112.0,156.0,155.0,0.0,438.0,4.769521,1.485119,0.0,6.254624,24.0,23.0,0.0,4.0,0.0,0.0
3/17/2026,20:46:12,26478778.04,TONE,8.0,32.0,47.0,77.0,78.0,397.0,112.0,156.0,156.0,0.0,438.0,4.769521,1.485119,0.0,6.254624,24.0,23.0,0.0,4.0,0.0,0.0
3/17/2026,20:46:12,26478846.09,LED,7.0,32.0,47.0,77.0,78.0,397.0,112.0,157.0,156.0,0.0,438.0,4.769521,1.485119,0.0,6.254624,24.0,23.0,0.0,4.0,0.0,0.0
3/17/2026,20:46:13,26479577.62,Dispensed,3.0,32.0,47.0,78.0,78.0,397.0,112.0,157.0,156.0,0.0,438.0,4.769521,1.485119,0.0,6.254624,24.0,23.0,0.0,4.0,0.0,0.0
3/17/2026,20:46:13,26479640.64,TONE,8.0,32.0,47.0,78.0,78.0,397.0,112.0,157.0,157.0,0.0,438.0,4.769521,1.485119,0.0,6.254624,24.0,23.0,0.0,4.0,0.0,0.0
3/17/2026,20:46:13,26479708.69,LED,7.0,32.0,47.0,78.0,78.0,397.0,112.0,158.0,157.0,0.0,438.0,4.769521,1.485119,0.0,6.254624,24.0,23.0,0.0,4.0,0.0,0.0
3/17/2026,20:46:14,26480305.23,Retrieved,4.0,32.0,47.0,78.0,79.0,397.0,112.0,158.0,157.0,0.0,438.0,4.769521,1.485119,0.0,6.254624,24.0,23.0,0.0,4.0,0.0,0.0
3/17/2026,20:46:40,26506201.73,Right,1.0,33.0,47.0,78.0,79.0,397.0,112.0,158.0,157.0,0.0,438.0,4.769521,1.485119,0.0,6.254624,24.0,23.0,0.0,4.0,0.0,0.0
3/17/2026,20:46:40,26506606.92,TONE,8.0,33.0,47.0,78.0,79.0,397.0,112.0,158.0,158.0,0.0,438.0,4.769521,1.485119,0.0,6.254624,24.0,23.0,0.0,4.0,0.0,0.0
3/17/2026,20:46:40,26506674.98,LED,7.0,33.0,47.0,78.0,79.0,397.0,112.0,159.0,158.0,0.0,438.0,4.769521,1.485119,0.0,6.254624,24.0,23.0,0.0,4.0,0.0,0.0
3/17/2026,20:46:43,26509453.07,Dispensed,3.0,33.0,47.0,79.0,79.0,397.0,112.0,159.0,158.0,0.0,438.0,4.769521,1.485119,0.0,6.254624,24.0,23.0,0.0,4.0,0.0,0.0
3/17/2026,20:46:43,26509516.09,TONE,8.0,33.0,47.0,79.0,79.0,397.0,112.0,159.0,159.0,0.0,438.0,4.769521,1.485119,0.0,6.254624,24.0,23.0,0.0,4.0,0.0,0.0
3/17/2026,20:46:43,26509584.15,LED,7.0,33.0,47.0,79.0,79.0,397.0,112.0,160.0,159.0,0.0,438.0,4.769521,1.485119,0.0,6.254624,24.0,23.0,0.0,4.0,0.0,0.0
3/17/2026,20:46:44,26510717.19,Retrieved,4.0,33.0,47.0,79.0,80.0,397.0,112.0,160.0,159.0,0.0,438.0,4.769521,1.485119,0.0,6.254624,24.0,23.0,0.0,4.0,0.0,0.0
3/17/2026,22:13:28,31714857.44,LeftWater,6.0,33.0,47.0,79.0,80.0,397.0,113.0,160.0,159.0,0.0,438.0,4.769521,1.485119,0.0,6.254624,24.0,23.0,0.0,4.0,0.0,0.0
3/17/2026,22:13:28,31714925.22,WaterDispensed,10.0,33.0,47.0,79.0,80.0,397.0,113.0,160.0,159.0,0.0,439.0,4.769521,1.499399,0.0,6.268904,24.0,23.0,0.0,4.0,0.0,0.0
3/17/2026,22:17:05,31931733.51,Right,1.0,34.0,47.0,79.0,80.0,397.0,113.0,160.0,159.0,0.0,439.0,4.769521,1.499399,0.0,6.268904,24.0,23.0,0.0,4.0,0.0,0.0
3/17/2026,22:17:06,31932172.03,TONE,8.0,34.0,47.0,79.0,80.0,397.0,113.0,160.0,160.0,0.0,439.0,4.769521,1.499399,0.0,6.268904,24.0,23.0,0.0,4.0,0.0,0.0
3/17/2026,22:17:06,31932240.08,LED,7.0,34.0,47.0,79.0,80.0,397.0,113.0,161.0,160.0,0.0,439.0,4.769521,1.499399,0.0,6.268904,24.0,23.0,0.0,4.0,0.0,0.0
3/17/2026,22:17:06,31932933.83,Dispensed,3.0,34.0,47.0,80.0,80.0,397.0,113.0,161.0,160.0,0.0,439.0,4.769521,1.499399,0.0,6.268904,24.0,23.0,0.0,4.0,0.0,0.0
3/17/2026,22:17:06,31932996.85,TONE,8.0,34.0,47.0,80.0,80.0,397.0,113.0,161.0,161.0,0.0,439.0,4.769521,1.499399,0.0,6.268904,24.0,23.0,0.0,4.0,0.0,0.0
3/17/2026,22:17:07,31933064.91,LED,7.0,34.0,47.0,80.0,80.0,397.0,113.0,162.0,161.0,0.0,439.0,4.769521,1.499399,0.0,6.268904,24.0,23.0,0.0,4.0,0.0,0.0
3/17/2026,22:17:08,31934557.0,Retrieved,4.0,34.0,47.0,80.0,81.0,397.0,113.0,162.0,161.0,0.0,439.0,4.769521,1.499399,0.0,6.268904,24.0,23.0,0.0,4.0,0.0,0.0
3/17/2026,22:17:40,31966971.72,Left,2.0,34.0,48.0,80.0,81.0,397.0,113.0,162.0,161.0,0.0,439.0,4.769521,1.499399,0.0,6.268904,24.0,23.0,0.0,4.0,0.0,0.0
3/17/2026,22:17:41,31967773.55,TONE,8.0,34.0,48.0,80.0,81.0,397.0,113.0,162.0,162.0,0.0,439.0,4.769521,1.499399,0.0,6.268904,24.0,23.0,0.0,4.0,0.0,0.0
3/17/2026,22:17:41,31967841.6,LED,7.0,34.0,48.0,80.0,81.0,397.0,113.0,163.0,162.0,0.0,439.0,4.769521,1.499399,0.0,6.268904,24.0,23.0,0.0,4.0,0.0,0.0
3/17/2026,22:17:42,31968543.43,Dispensed,3.0,34.0,48.0,81.0,81.0,397.0,113.0,163.0,162.0,0.0,439.0,4.769521,1.499399,0.0,6.268904,24.0,23.0,0.0,4.0,0.0,0.0
3/17/2026,22:17:42,31968606.44,TONE,8.0,34.0,48.0,81.0,81.0,397.0,113.0,163.0,163.0,0.0,439.0,4.769521,1.499399,0.0,6.268904,24.0,23.0,0.0,4.0,0.0,0.0
3/17/2026,22:17:42,31968674.5,LED,7.0,34.0,48.0,81.0,81.0,397.0,113.0,164.0,163.0,0.0,439.0,4.769521,1.499399,0.0,6.268904,24.0,23.0,0.0,4.0,0.0,0.0
3/17/2026,22:17:43,31969867.85,Retrieved,4.0,34.0,48.0,81.0,82.0,397.0,113.0,164.0,163.0,0.0,439.0,4.769521,1.499399,0.0,6.268904,24.0,23.0,0.0,4.0,0.0,0.0
3/17/2026,22:18:01,31987648.05,Left,2.0,34.0,49.0,81.0,82.0,397.0,113.0,164.0,163.0,0.0,439.0,4.769521,1.499399,0.0,6.268904,24.0,23.0,0.0,4.0,0.0,0.0
3/17/2026,22:18:02,31988057.47,TONE,8.0,34.0,49.0,81.0,82.0,397.0,113.0,164.0,164.0,0.0,439.0,4.769521,1.499399,0.0,6.268904,24.0,23.0,0.0,4.0,0.0,0.0
3/17/2026,22:18:02,31988125.52,LED,7.0,34.0,49.0,81.0,82.0,397.0,113.0,165.0,164.0,0.0,439.0,4.769521,1.499399,0.0,6.268904,24.0,23.0,0.0,4.0,0.0,0.0
3/17/2026,22:18:02,31988940.06,Dispensed,3.0,34.0,49.0,82.0,82.0,397.0,113.0,165.0,164.0,0.0,439.0,4.769521,1.499399,0.0,6.268904,24.0,23.0,0.0,4.0,0.0,0.0
3/17/2026,22:18:02,31989003.08,TONE,8.0,34.0,49.0,82.0,82.0,397.0,113.0,165.0,165.0,0.0,439.0,4.769521,1.499399,0.0,6.268904,24.0,23.0,0.0,4.0,0.0,0.0
3/17/2026,22:18:03,31989071.13,LED,7.0,34.0,49.0,82.0,82.0,397.0,113.0,166.0,165.0,0.0,439.0,4.769521,1.499399,0.0,6.268904,24.0,23.0,0.0,4.0,0.0,0.0
3/17/2026,22:18:03,31989608.25,Retrieved,4.0,34.0,49.0,82.0,83.0,397.0,113.0,166.0,165.0,0.0,439.0,4.769521,1.499399,0.0,6.268904,24.0,23.0,0.0,4.0,0.0,0.0
3/17/2026,22:19:27,32073484.33,Right,1.0,35.0,49.0,82.0,83.0,397.0,113.0,166.0,165.0,0.0,439.0,4.769521,1.499399,0.0,6.268904,24.0,23.0,0.0,4.0,0.0,0.0
3/17/2026,22:19:27,32073943.28,TONE,8.0,35.0,49.0,82.0,83.0,397.0,113.0,166.0,166.0,0.0,439.0,4.769521,1.499399,0.0,6.268904,24.0,23.0,0.0,4.0,0.0,0.0
3/17/2026,22:19:27,32074011.33,LED,7.0,35.0,49.0,82.0,83.0,397.0,113.0,167.0,166.0,0.0,439.0,4.769521,1.499399,0.0,6.268904,24.0,23.0,0.0,4.0,0.0,0.0
3/17/2026,22:19:30,32076735.27,Dispensed,3.0,35.0,49.0,83.0,83.0,397.0,113.0,167.0,166.0,0.0,439.0,4.769521,1.499399,0.0,6.268904,24.0,23.0,0.0,4.0,0.0,0.0
3/17/2026,22:19:30,32076798.29,TONE,8.0,35.0,49.0,83.0,83.0,397.0,113.0,167.0,167.0,0.0,439.0,4.769521,1.499399,0.0,6.268904,24.0,23.0,0.0,4.0,0.0,0.0
3/17/2026,22:19:30,32076866.35,LED,7.0,35.0,49.0,83.0,83.0,397.0,113.0,168.0,167.0,0.0,439.0,4.769521,1.499399,0.0,6.268904,24.0,23.0,0.0,4.0,0.0,0.0
3/17/2026,22:19:31,32077105.4,Retrieved,4.0,35.0,49.0,83.0,84.0,397.0,113.0,168.0,167.0,0.0,439.0,4.769521,1.499399,0.0,6.268904,24.0,23.0,0.0,4.0,0.0,0.0
3/17/2026,22:19:41,32087888.58,Right,1.0,36.0,49.0,83.0,84.0,397.0,113.0,168.0,167.0,0.0,439.0,4.769521,1.499399,0.0,6.268904,24.0,23.0,0.0,4.0,0.0,0.0
3/17/2026,22:19:42,32088556.96,TONE,8.0,36.0,49.0,83.0,84.0,397.0,113.0,168.0,168.0,0.0,439.0,4.769521,1.499399,0.0,6.268904,24.0,23.0,0.0,4.0,0.0,0.0
3/17/2026,22:19:42,32088625.02,LED,7.0,36.0,49.0,83.0,84.0,397.0,113.0,169.0,168.0,0.0,439.0,4.769521,1.499399,0.0,6.268904,24.0,23.0,0.0,4.0,0.0,0.0
3/17/2026,22:19:43,32089311.41,Dispensed,3.0,36.0,49.0,84.0,84.0,397.0,113.0,169.0,168.0,0.0,439.0,4.769521,1.499399,0.0,6.268904,24.0,23.0,0.0,4.0,0.0,0.0
3/17/2026,22:19:43,32089374.43,TONE,8.0,36.0,49.0,84.0,84.0,397.0,113.0,169.0,169.0,0.0,439.0,4.769521,1.499399,0.0,6.268904,24.0,23.0,0.0,4.0,0.0,0.0
3/17/2026,22:19:43,32089442.48,LED,7.0,36.0,49.0,84.0,84.0,397.0,113.0,170.0,169.0,0.0,439.0,4.769521,1.499399,0.0,6.268904,24.0,23.0,0.0,4.0,0.0,0.0
3/17/2026,22:19:43,32089979.42,Retrieved,4.0,36.0,49.0,84.0,85.0,397.0,113.0,170.0,169.0,0.0,439.0,4.769521,1.499399,0.0,6.268904,24.0,23.0,0.0,4.0,0.0,0.0
3/17/2026,22:20:02,32108488.63,Left,2.0,36.0,50.0,84.0,85.0,397.0,113.0,170.0,169.0,0.0,439.0,4.769521,1.499399,0.0,6.268904,24.0,23.0,0.0,4.0,0.0,0.0
3/17/2026,22:20:02,32108897.87,TONE,8.0,36.0,50.0,84.0,85.0,397.0,113.0,170.0,170.0,0.0,439.0,4.769521,1.499399,0.0,6.268904,24.0,23.0,0.0,4.0,0.0,0.0
3/17/2026,22:20:02,32108965.93,LED,7.0,36.0,50.0,84.0,85.0,397.0,113.0,171.0,170.0,0.0,439.0,4.769521,1.499399,0.0,6.268904,24.0,23.0,0.0,4.0,0.0,0.0
3/17/2026,22:20:03,32109704.2,Dispensed,3.0,36.0,50.0,85.0,85.0,397.0,113.0,171.0,170.0,0.0,439.0,4.769521,1.499399,0.0,6.268904,24.0,23.0,0.0,4.0,0.0,0.0
3/17/2026,22:20:03,32109767.22,TONE,8.0,36.0,50.0,85.0,85.0,397.0,113.0,171.0,171.0,0.0,439.0,4.769521,1.499399,0.0,6.268904,24.0,23.0,0.0,4.0,0.0,0.0
3/17/2026,22:20:03,32109835.28,LED,7.0,36.0,50.0,85.0,85.0,397.0,113.0,172.0,171.0,0.0,439.0,4.769521,1.499399,0.0,6.268904,24.0,23.0,0.0,4.0,0.0,0.0
3/17/2026,22:20:04,32110610.79,Retrieved,4.0,36.0,50.0,85.0,86.0,397.0,113.0,172.0,171.0,0.0,439.0,4.769521,1.499399,0.0,6.268904,24.0,23.0,0.0,4.0,0.0,0.0
3/17/2026,22:21:07,32173718.31,LeftWater,6.0,36.0,50.0,85.0,86.0,397.0,114.0,172.0,171.0,0.0,439.0,4.769521,1.499399,0.0,6.268904,24.0,23.0,0.0,4.0,0.0,0.0
3/17/2026,22:21:07,32173786.09,WaterDispensed,10.0,36.0,50.0,85.0,86.0,397.0,114.0,172.0,171.0,0.0,440.0,4.769521,1.513679,0.0,6.283184,24.0,23.0,0.0,4.0,0.0,0.0
3/17/2026,22:21:09,32175853.55,LeftWater,6.0,36.0,50.0,85.0,86.0,397.0,115.0,172.0,171.0,0.0,440.0,4.769521,1.513679,0.0,6.283184,24.0,23.0,0.0,4.0,0.0,0.0
3/17/2026,22:21:09,32175921.33,WaterDispensed,10.0,36.0,50.0,85.0,86.0,397.0,115.0,172.0,171.0,0.0,441.0,4.769521,1.527959,0.0,6.297464,24.0,23.0,0.0,4.0,0.0,0.0
3/17/2026,22:21:10,32176079.98,LeftWater,6.0,36.0,50.0,85.0,86.0,397.0,116.0,172.0,171.0,0.0,441.0,4.769521,1.527959,0.0,6.297464,24.0,23.0,0.0,4.0,0.0,0.0
3/17/2026,22:21:10,32176147.76,WaterDispensed,10.0,36.0,50.0,85.0,86.0,397.0,116.0,172.0,171.0,0.0,442.0,4.769521,1.542239,0.0,6.311744,24.0,23.0,0.0,4.0,0.0,0.0
3/17/2026,22:21:11,32177078.62,LeftWater,6.0,36.0,50.0,85.0,86.0,397.0,117.0,172.0,171.0,0.0,442.0,4.769521,1.542239,0.0,6.311744,24.0,23.0,0.0,4.0,0.0,0.0
3/17/2026,22:21:11,32177146.4,WaterDispensed,10.0,36.0,50.0,85.0,86.0,397.0,117.0,172.0,171.0,0.0,443.0,4.769521,1.556519,0.0,6.326024,24.0,23.0,0.0,4.0,0.0,0.0
3/17/2026,22:21:11,32177890.08,LeftWater,6.0,36.0,50.0,85.0,86.0,397.0,118.0,172.0,171.0,0.0,443.0,4.769521,1.556519,0.0,6.326024,24.0,23.0,0.0,4.0,0.0,0.0
3/17/2026,22:21:11,32177957.86,WaterDispensed,10.0,36.0,50.0,85.0,86.0,397.0,118.0,172.0,171.0,0.0,444.0,4.769521,1.570799,0.0,6.340303,24.0,23.0,0.0,4.0,0.0,0.0
3/17/2026,22:21:12,32178310.73,LeftWater,6.0,36.0,50.0,85.0,86.0,397.0,119.0,172.0,171.0,0.0,444.0,4.769521,1.570799,0.0,6.340303,24.0,23.0,0.0,4.0,0.0,0.0
3/17/2026,22:21:12,32178378.52,WaterDispensed,10.0,36.0,50.0,85.0,86.0,397.0,119.0,172.0,171.0,0.0,445.0,4.769521,1.585079,0.0,6.354583,24.0,23.0,0.0,4.0,0.0,0.0
3/17/2026,22:21:12,32178701.76,LeftWater,6.0,36.0,50.0,85.0,86.0,397.0,120.0,172.0,171.0,0.0,445.0,4.769521,1.585079,0.0,6.354583,24.0,23.0,0.0,4.0,0.0,0.0
3/17/2026,22:21:12,32178769.54,WaterDispensed,10.0,36.0,50.0,85.0,86.0,397.0,120.0,172.0,171.0,0.0,446.0,4.769521,1.599359,0.0,6.368863,24.0,23.0,0.0,4.0,0.0,0.0
3/17/2026,22:21:12,32178986.4,LeftWater,6.0,36.0,50.0,85.0,86.0,397.0,121.0,172.0,171.0,0.0,446.0,4.769521,1.599359,0.0,6.368863,24.0,23.0,0.0,4.0,0.0,0.0
3/17/2026,22:21:13,32179054.19,WaterDispensed,10.0,36.0,50.0,85.0,86.0,397.0,121.0,172.0,171.0,0.0,447.0,4.769521,1.613639,0.0,6.383143,24.0,23.0,0.0,4.0,0.0,0.0
3/17/2026,22:21:13,32179529.67,LeftWater,6.0,36.0,50.0,85.0,86.0,397.0,122.0,172.0,171.0,0.0,447.0,4.769521,1.613639,0.0,6.383143,24.0,23.0,0.0,4.0,0.0,0.0
3/17/2026,22:21:13,32179597.46,WaterDispensed,10.0,36.0,50.0,85.0,86.0,397.0,122.0,172.0,171.0,0.0,448.0,4.769521,1.627919,0.0,6.397423,24.0,23.0,0.0,4.0,0.0,0.0
3/17/2026,22:21:13,32179952.78,LeftWater,6.0,36.0,50.0,85.0,86.0,397.0,123.0,172.0,171.0,0.0,448.0,4.769521,1.627919,0.0,6.397423,24.0,23.0,0.0,4.0,0.0,0.0
3/17/2026,22:21:14,32180020.56,WaterDispensed,10.0,36.0,50.0,85.0,86.0,397.0,123.0,172.0,171.0,0.0,449.0,4.769521,1.642199,0.0,6.411703,24.0,23.0,0.0,4.0,0.0,0.0
3/17/2026,22:21:14,32180095.38,LeftWater,6.0,36.0,50.0,85.0,86.0,397.0,124.0,172.0,171.0,0.0,449.0,4.769521,1.642199,0.0,6.411703,24.0,23.0,0.0,4.0,0.0,0.0
3/17/2026,22:21:14,32180524.88,LeftWater,6.0,36.0,50.0,85.0,86.0,397.0,125.0,172.0,171.0,0.0,449.0,4.769521,1.642199,0.0,6.411703,24.0,23.0,0.0,4.0,0.0,0.0
3/17/2026,22:21:14,32180592.66,WaterDispensed,10.0,36.0,50.0,85.0,86.0,397.0,125.0,172.0,171.0,0.0,450.0,4.769521,1.656479,0.0,6.425982,24.0,23.0,0.0,4.0,0.0,0.0
3/17/2026,22:21:15,32181359.11,LeftWater,6.0,36.0,50.0,85.0,86.0,397.0,126.0,172.0,171.0,0.0,450.0,4.769521,1.656479,0.0,6.425982,24.0,23.0,0.0,4.0,0.0,0.0
3/17/2026,22:21:15,32181426.9,WaterDispensed,10.0,36.0,50.0,85.0,86.0,397.0,126.0,172.0,171.0,0.0,451.0,4.769521,1.670759,0.0,6.440262,24.0,23.0,0.0,4.0,0.0,0.0
3/17/2026,22:21:16,32182391.82,LeftWater,6.0,36.0,50.0,85.0,86.0,397.0,127.0,172.0,171.0,0.0,451.0,4.769521,1.670759,0.0,6.440262,24.0,23.0,0.0,4.0,0.0,0.0
3/17/2026,22:21:16,32182459.61,WaterDispensed,10.0,36.0,50.0,85.0,86.0,397.0,127.0,172.0,171.0,0.0,452.0,4.769521,1.685039,0.0,6.454542,24.0,23.0,0.0,4.0,0.0,0.0
3/17/2026,22:21:16,32182556.95,LeftWater,6.0,36.0,50.0,85.0,86.0,397.0,128.0,172.0,171.0,0.0,452.0,4.769521,1.685039,0.0,6.454542,24.0,23.0,0.0,4.0,0.0,0.0
3/17/2026,22:21:16,32182967.61,LeftWater,6.0,36.0,50.0,85.0,86.0,397.0,129.0,172.0,171.0,0.0,452.0,4.769521,1.685039,0.0,6.454542,24.0,23.0,0.0,4.0,0.0,0.0
3/17/2026,22:21:17,32183035.39,WaterDispensed,10.0,36.0,50.0,85.0,86.0,397.0,129.0,172.0,171.0,0.0,453.0,4.769521,1.699319,0.0,6.468822,24.0,23.0,0.0,4.0,0.0,0.0
3/17/2026,22:21:17,32183115.99,LeftWater,6.0,36.0,50.0,85.0,86.0,397.0,130.0,172.0,171.0,0.0,453.0,4.769521,1.699319,0.0,6.468822,24.0,23.0,0.0,4.0,0.0,0.0
3/17/2026,22:21:17,32183558.1,LeftWater,6.0,36.0,50.0,85.0,86.0,397.0,131.0,172.0,171.0,0.0,453.0,4.769521,1.699319,0.0,6.468822,24.0,23.0,0.0,4.0,0.0,0.0
3/17/2026,22:21:17,32183625.88,WaterDispensed,10.0,36.0,50.0,85.0,86.0,397.0,131.0,172.0,171.0,0.0,454.0,4.769521,1.713599,0.0,6.483102,24.0,23.0,0.0,4.0,0.0,0.0
3/17/2026,22:21:17,32183869.55,LeftWater,6.0,36.0,50.0,85.0,86.0,397.0,132.0,172.0,171.0,0.0,454.0,4.769521,1.713599,0.0,6.483102,24.0,23.0,0.0,4.0,0.0,0.0
3/17/2026,22:21:17,32183937.33,WaterDispensed,10.0,36.0,50.0,85.0,86.0,397.0,132.0,172.0,171.0,0.0,455.0,4.769521,1.727879,0.0,6.497382,24.0,23.0,0.0,4.0,0.0,0.0
3/17/2026,22:21:18,32184303.88,LeftWater,6.0,36.0,50.0,85.0,86.0,397.0,133.0,172.0,171.0,0.0,455.0,4.769521,1.727879,0.0,6.497382,24.0,23.0,0.0,4.0,0.0,0.0
3/17/2026,22:21:18,32184371.66,WaterDispensed,10.0,36.0,50.0,85.0,86.0,397.0,133.0,172.0,171.0,0.0,456.0,4.769521,1.742159,0.0,6.511662,24.0,23.0,0.0,4.0,0.0,0.0
3/17/2026,22:21:18,32184896.4,LeftWater,6.0,36.0,50.0,85.0,86.0,397.0,134.0,172.0,171.0,0.0,456.0,4.769521,1.742159,0.0,6.511662,24.0,23.0,0.0,4.0,0.0,0.0
3/17/2026,22:21:18,32184964.19,WaterDispensed,10.0,36.0,50.0,85.0,86.0,397.0,134.0,172.0,171.0,0.0,457.0,4.769521,1.756439,0.0,6.525941,24.0,23.0,0.0,4.0,0.0,0.0
3/17/2026,22:21:19,32185351.26,LeftWater,6.0,36.0,50.0,85.0,86.0,397.0,135.0,172.0,171.0,0.0,457.0,4.769521,1.756439,0.0,6.525941,24.0,23.0,0.0,4.0,0.0,0.0
3/17/2026,22:21:19,32185419.05,WaterDispensed,10.0,36.0,50.0,85.0,86.0,397.0,135.0,172.0,171.0,0.0,458.0,4.769521,1.770719,0.0,6.540221,24.0,23.0,0.0,4.0,0.0,0.0
3/17/2026,22:21:19,32185807.46,LeftWater,6.0,36.0,50.0,85.0,86.0,397.0,136.0,172.0,171.0,0.0,458.0,4.769521,1.770719,0.0,6.540221,24.0,23.0,0.0,4.0,0.0,0.0
3/17/2026,22:21:19,32185875.24,WaterDispensed,10.0,36.0,50.0,85.0,86.0,397.0,136.0,172.0,171.0,0.0,459.0,4.769521,1.784999,0.0,6.554501,24.0,23.0,0.0,4.0,0.0,0.0
3/17/2026,22:21:19,32185953.35,LeftWater,6.0,36.0,50.0,85.0,86.0,397.0,137.0,172.0,171.0,0.0,459.0,4.769521,1.784999,0.0,6.554501,24.0,23.0,0.0,4.0,0.0,0.0
3/17/2026,22:21:20,32186609.04,LeftWater,6.0,36.0,50.0,85.0,86.0,397.0,138.0,172.0,171.0,0.0,459.0,4.769521,1.784999,0.0,6.554501,24.0,23.0,0.0,4.0,0.0,0.0
3/17/2026,22:21:20,32186676.82,WaterDispensed,10.0,36.0,50.0,85.0,86.0,397.0,138.0,172.0,171.0,0.0,460.0,4.769521,1.799278,0.0,6.568781,24.0,23.0,0.0,4.0,0.0,0.0
3/17/2026,22:21:20,32186766.63,LeftWater,6.0,36.0,50.0,85.0,86.0,397.0,139.0,172.0,171.0,0.0,460.0,4.769521,1.799278,0.0,6.568781,24.0,23.0,0.0,4.0,0.0,0.0
3/17/2026,22:21:22,32188108.42,LeftWater,6.0,36.0,50.0,85.0,86.0,397.0,140.0,172.0,171.0,0.0,460.0,4.769521,1.799278,0.0,6.568781,24.0,23.0,0.0,4.0,0.0,0.0
3/17/2026,22:21:22,32188176.2,WaterDispensed,10.0,36.0,50.0,85.0,86.0,397.0,140.0,172.0,171.0,0.0,461.0,4.769521,1.813558,0.0,6.583061,24.0,23.0,0.0,4.0,0.0,0.0
3/17/2026,22:21:22,32188257.63,LeftWater,6.0,36.0,50.0,85.0,86.0,397.0,141.0,172.0,171.0,0.0,461.0,4.769521,1.813558,0.0,6.583061,24.0,23.0,0.0,4.0,0.0,0.0
3/17/2026,22:21:25,32191159.17,LeftWater,6.0,36.0,50.0,85.0,86.0,397.0,142.0,172.0,171.0,0.0,461.0,4.769521,1.813558,0.0,6.583061,24.0,23.0,0.0,4.0,0.0,0.0
3/17/2026,22:21:25,32191226.95,WaterDispensed,10.0,36.0,50.0,85.0,86.0,397.0,143.0,172.0,171.0,0.0,462.0,4.769521,1.827838,0.0,6.597341,24.0,23.0,0.0,4.0,0.0,0.0
3/17/2026,22:21:25,32191319.51,LeftWater,6.0,36.0,50.0,85.0,86.0,397.0,143.0,172.0,171.0,0.0,462.0,4.769521,1.827838,0.0,6.597341,24.0,23.0,0.0,4.0,0.0,0.0
3/17/2026,22:21:25,32191936.3,LeftWater,6.0,36.0,50.0,85.0,86.0,397.0,144.0,172.0,171.0,0.0,462.0,4.769521,1.827838,0.0,6.597341,24.0,23.0,0.0,4.0,0.0,0.0
3/17/2026,22:21:25,32192004.08,WaterDispensed,10.0,36.0,50.0,85.0,86.0,397.0,144.0,172.0,171.0,0.0,463.0,4.769521,1.842118,0.0,6.61162,24.0,23.0,0.0,4.0,0.0,0.0
3/17/2026,22:21:26,32192410.05,LeftWater,6.0,36.0,50.0,85.0,86.0,397.0,145.0,172.0,171.0,0.0,463.0,4.769521,1.842118,0.0,6.61162,24.0,23.0,0.0,4.0,0.0,0.0
3/17/2026,22:21:26,32192477.84,WaterDispensed,10.0,36.0,50.0,85.0,86.0,397.0,145.0,172.0,171.0,0.0,464.0,4.769521,1.856398,0.0,6.6259,24.0,23.0,0.0,4.0,0.0,0.0
3/17/2026,22:21:27,32193784.93,LeftWater,6.0,36.0,50.0,85.0,86.0,397.0,146.0,172.0,171.0,0.0,464.0,4.769521,1.856398,0.0,6.6259,24.0,23.0,0.0,4.0,0.0,0.0
3/17/2026,22:21:27,32193852.72,WaterDispensed,10.0,36.0,50.0,85.0,86.0,397.0,146.0,172.0,171.0,0.0,465.0,4.769521,1.870678,0.0,6.64018,24.0,23.0,0.0,4.0,0.0,0.0
3/17/2026,22:21:27,32193957.38,LeftWater,6.0,36.0,50.0,85.0,86.0,397.0,147.0,172.0,171.0,0.0,465.0,4.769521,1.870678,0.0,6.64018,24.0,23.0,0.0,4.0,0.0,0.0
3/17/2026,22:21:28,32194135.2,LeftWater,6.0,36.0,50.0,85.0,86.0,397.0,148.0,172.0,171.0,0.0,465.0,4.769521,1.870678,0.0,6.64018,24.0,23.0,0.0,4.0,0.0,0.0
3/17/2026,22:21:28,32194202.98,WaterDispensed,10.0,36.0,50.0,85.0,86.0,397.0,148.0,172.0,171.0,0.0,466.0,4.769521,1.884958,0.0,6.65446,24.0,23.0,0.0,4.0,0.0,0.0
3/17/2026,22:21:28,32194281.9,LeftWater,6.0,36.0,50.0,85.0,86.0,397.0,149.0,172.0,171.0,0.0,466.0,4.769521,1.884958,0.0,6.65446,24.0,23.0,0.0,4.0,0.0,0.0
3/17/2026,22:21:28,32194600.48,LeftWater,6.0,36.0,50.0,85.0,86.0,397.0,150.0,172.0,171.0,0.0,466.0,4.769521,1.884958,0.0,6.65446,24.0,23.0,0.0,4.0,0.0,0.0
3/17/2026,22:21:28,32194668.26,WaterDispensed,10.0,36.0,50.0,85.0,86.0,397.0,150.0,172.0,171.0,0.0,467.0,4.769521,1.899238,0.0,6.66874,24.0,23.0,0.0,4.0,0.0,0.0
3/17/2026,22:21:28,32194745.68,LeftWater,6.0,36.0,50.0,85.0,86.0,397.0,151.0,172.0,171.0,0.0,467.0,4.769521,1.899238,0.0,6.66874,24.0,23.0,0.0,4.0,0.0,0.0
3/17/2026,22:21:29,32195028.68,LeftWater,6.0,36.0,50.0,85.0,86.0,397.0,152.0,172.0,171.0,0.0,467.0,4.769521,1.899238,0.0,6.66874,24.0,23.0,0.0,4.0,0.0,0.0
3/17/2026,22:21:29,32195096.46,WaterDispensed,10.0,36.0,50.0,85.0,86.0,397.0,152.0,172.0,171.0,0.0,468.0,4.769521,1.913518,0.0,6.68302,24.0,23.0,0.0,4.0,0.0,0.0
3/17/2026,22:21:31,32197029.26,LeftWater,6.0,36.0,50.0,85.0,86.0,397.0,153.0,172.0,171.0,0.0,468.0,4.769521,1.913518,0.0,6.68302,24.0,23.0,0.0,4.0,0.0,0.0
3/17/2026,22:21:31,32197097.04,WaterDispensed,10.0,36.0,50.0,85.0,86.0,397.0,153.0,172.0,171.0,0.0,469.0,4.769521,1.927798,0.0,6.697299,24.0,23.0,0.0,4.0,0.0,0.0
3/17/2026,22:21:31,32197243.34,LeftWater,6.0,36.0,50.0,85.0,86.0,397.0,154.0,172.0,171.0,0.0,470.0,4.769521,1.942078,0.0,6.711579,24.0,23.0,0.0,4.0,0.0,0.0
3/17/2026,22:21:31,32197311.13,WaterDispensed,10.0,36.0,50.0,85.0,86.0,397.0,154.0,172.0,171.0,0.0,470.0,4.769521,1.942078,0.0,6.711579,24.0,23.0,0.0,4.0,0.0,0.0
3/18/2026,0:39:54,40500906.4,RightWater,5.0,36.0,50.0,85.0,86.0,398.0,154.0,172.0,171.0,0.0,470.0,4.769521,1.942078,0.0,6.711579,24.0,23.0,0.0,4.0,0.0,0.0
3/18/2026,0:39:54,40500973.26,WaterDispensed,10.0,36.0,50.0,85.0,86.0,398.0,154.0,172.0,171.0,0.0,471.0,4.783801,1.942078,0.0,6.725859,24.0,23.0,0.0,4.0,0.0,0.0
3/18/2026,0:40:04,40510518.05,Left,2.0,36.0,51.0,85.0,86.0,398.0,154.0,172.0,171.0,0.0,471.0,4.783801,1.942078,0.0,6.725859,24.0,23.0,0.0,4.0,0.0,0.0
3/18/2026,0:40:05,40511248.52,TONE,8.0,36.0,51.0,85.0,86.0,398.0,154.0,172.0,172.0,0.0,471.0,4.783801,1.942078,0.0,6.725859,24.0,23.0,0.0,4.0,0.0,0.0
3/18/2026,0:40:05,40511316.57,LED,7.0,36.0,51.0,85.0,86.0,398.0,154.0,173.0,172.0,0.0,471.0,4.783801,1.942078,0.0,6.725859,24.0,23.0,0.0,4.0,0.0,0.0
3/18/2026,0:40:06,40512031.75,Dispensed,3.0,36.0,51.0,86.0,86.0,398.0,154.0,173.0,172.0,0.0,471.0,4.783801,1.942078,0.0,6.725859,24.0,23.0,0.0,4.0,0.0,0.0
3/18/2026,0:40:06,40512094.76,TONE,8.0,36.0,51.0,86.0,86.0,398.0,154.0,173.0,173.0,0.0,471.0,4.783801,1.942078,0.0,6.725859,24.0,23.0,0.0,4.0,0.0,0.0
3/18/2026,0:40:06,40512162.82,LED,7.0,36.0,51.0,86.0,86.0,398.0,154.0,174.0,173.0,0.0,471.0,4.783801,1.942078,0.0,6.725859,24.0,23.0,0.0,4.0,0.0,0.0
3/18/2026,0:40:06,40512699.72,Retrieved,4.0,36.0,51.0,86.0,87.0,398.0,154.0,174.0,173.0,0.0,471.0,4.783801,1.942078,0.0,6.725859,24.0,23.0,0.0,4.0,0.0,0.0
3/18/2026,0:40:39,40545122.56,Left,2.0,36.0,52.0,86.0,87.0,398.0,154.0,174.0,173.0,0.0,471.0,4.783801,1.942078,0.0,6.725859,24.0,23.0,0.0,4.0,0.0,0.0
3/18/2026,0:40:39,40545577.76,TONE,8.0,36.0,52.0,86.0,87.0,398.0,154.0,174.0,174.0,0.0,471.0,4.783801,1.942078,0.0,6.725859,24.0,23.0,0.0,4.0,0.0,0.0
3/18/2026,0:40:39,40545645.82,LED,7.0,36.0,52.0,86.0,87.0,398.0,154.0,175.0,174.0,0.0,471.0,4.783801,1.942078,0.0,6.725859,24.0,23.0,0.0,4.0,0.0,0.0
3/18/2026,0:40:40,40546371.93,Dispensed,3.0,36.0,52.0,87.0,87.0,398.0,154.0,175.0,174.0,0.0,471.0,4.783801,1.942078,0.0,6.725859,24.0,23.0,0.0,4.0,0.0,0.0
3/18/2026,0:40:40,40546434.95,TONE,8.0,36.0,52.0,87.0,87.0,398.0,154.0,175.0,175.0,0.0,471.0,4.783801,1.942078,0.0,6.725859,24.0,23.0,0.0,4.0,0.0,0.0
3/18/2026,0:40:40,40546503.01,LED,7.0,36.0,52.0,87.0,87.0,398.0,154.0,176.0,175.0,0.0,471.0,4.783801,1.942078,0.0,6.725859,24.0,23.0,0.0,4.0,0.0,0.0
3/18/2026,0:40:41,40547159.06,Retrieved,4.0,36.0,52.0,87.0,88.0,398.0,154.0,176.0,175.0,0.0,471.0,4.783801,1.942078,0.0,6.725859,24.0,23.0,0.0,4.0,0.0,0.0
3/18/2026,0:41:00,40566084.93,Left,2.0,36.0,53.0,87.0,88.0,398.0,154.0,176.0,175.0,0.0,471.0,4.783801,1.942078,0.0,6.725859,24.0,23.0,0.0,4.0,0.0,0.0
3/18/2026,0:41:00,40566491.71,TONE,8.0,36.0,53.0,87.0,88.0,398.0,154.0,176.0,176.0,0.0,471.0,4.783801,1.942078,0.0,6.725859,24.0,23.0,0.0,4.0,0.0,0.0
3/18/2026,0:41:00,40566559.77,LED,7.0,36.0,53.0,87.0,88.0,398.0,154.0,177.0,176.0,0.0,471.0,4.783801,1.942078,0.0,6.725859,24.0,23.0,0.0,4.0,0.0,0.0
3/18/2026,0:41:01,40567274.04,Dispensed,3.0,36.0,53.0,88.0,88.0,398.0,154.0,177.0,176.0,0.0,471.0,4.783801,1.942078,0.0,6.725859,24.0,23.0,0.0,4.0,0.0,0.0
3/18/2026,0:41:01,40567337.06,TONE,8.0,36.0,53.0,88.0,88.0,398.0,154.0,178.0,177.0,0.0,471.0,4.783801,1.942078,0.0,6.725859,24.0,23.0,0.0,4.0,0.0,0.0
3/18/2026,0:41:01,40567405.12,LED,7.0,36.0,53.0,88.0,88.0,398.0,154.0,178.0,177.0,0.0,471.0,4.783801,1.942078,0.0,6.725859,24.0,23.0,0.0,4.0,0.0,0.0
3/18/2026,0:41:01,40568001.71,Retrieved,4.0,36.0,53.0,88.0,89.0,398.0,154.0,178.0,177.0,0.0,471.0,4.783801,1.942078,0.0,6.725859,24.0,23.0,0.0,4.0,0.0,0.0
3/18/2026,0:41:25,40591695.15,Left,2.0,36.0,54.0,88.0,89.0,398.0,154.0,178.0,177.0,0.0,471.0,4.783801,1.942078,0.0,6.725859,24.0,23.0,0.0,4.0,0.0,0.0
3/18/2026,0:41:26,40592320.01,TONE,8.0,36.0,54.0,88.0,89.0,398.0,154.0,179.0,178.0,0.0,471.0,4.783801,1.942078,0.0,6.725859,24.0,23.0,0.0,4.0,0.0,0.0
3/18/2026,0:41:26,40592388.07,LED,7.0,36.0,54.0,88.0,89.0,398.0,154.0,179.0,178.0,0.0,471.0,4.783801,1.942078,0.0,6.725859,24.0,23.0,0.0,4.0,0.0,0.0
3/18/2026,0:41:27,40593107.65,Dispensed,3.0,36.0,54.0,89.0,89.0,398.0,154.0,179.0,178.0,0.0,471.0,4.783801,1.942078,0.0,6.725859,24.0,23.0,0.0,4.0,0.0,0.0
3/18/2026,0:41:27,40593170.67,TONE,8.0,36.0,54.0,89.0,89.0,398.0,154.0,179.0,179.0,0.0,471.0,4.783801,1.942078,0.0,6.725859,24.0,23.0,0.0,4.0,0.0,0.0
3/18/2026,0:41:27,40593238.72,LED,7.0,36.0,54.0,89.0,89.0,398.0,154.0,180.0,179.0,0.0,471.0,4.783801,1.942078,0.0,6.725859,24.0,23.0,0.0,4.0,0.0,0.0
3/18/2026,0:41:27,40593537.26,Retrieved,4.0,36.0,54.0,89.0,90.0,398.0,154.0,180.0,179.0,0.0,471.0,4.783801,1.942078,0.0,6.725859,24.0,23.0,0.0,4.0,0.0,0.0
3/18/2026,0:41:50,40616140.79,Left,2.0,36.0,55.0,89.0,90.0,398.0,154.0,180.0,179.0,0.0,471.0,4.783801,1.942078,0.0,6.725859,24.0,23.0,0.0,4.0,0.0,0.0
3/18/2026,0:41:50,40616617.8,TONE,8.0,36.0,55.0,89.0,90.0,398.0,154.0,180.0,180.0,0.0,471.0,4.783801,1.942078,0.0,6.725859,24.0,23.0,0.0,4.0,0.0,0.0
3/18/2026,0:41:50,40616685.85,LED,7.0,36.0,55.0,89.0,90.0,398.0,154.0,181.0,180.0,0.0,471.0,4.783801,1.942078,0.0,6.725859,24.0,23.0,0.0,4.0,0.0,0.0
3/18/2026,0:41:51,40617390.73,Dispensed,3.0,36.0,55.0,90.0,90.0,398.0,154.0,181.0,180.0,0.0,471.0,4.783801,1.942078,0.0,6.725859,24.0,23.0,0.0,4.0,0.0,0.0
3/18/2026,0:41:51,40617453.75,TONE,8.0,36.0,55.0,90.0,90.0,398.0,154.0,182.0,181.0,0.0,471.0,4.783801,1.942078,0.0,6.725859,24.0,23.0,0.0,4.0,0.0,0.0
3/18/2026,0:41:51,40617521.81,LED,7.0,36.0,55.0,90.0,90.0,398.0,154.0,182.0,181.0,0.0,471.0,4.783801,1.942078,0.0,6.725859,24.0,23.0,0.0,4.0,0.0,0.0
3/18/2026,0:41:51,40617760.85,Retrieved,4.0,36.0,55.0,90.0,91.0,398.0,154.0,182.0,181.0,0.0,471.0,4.783801,1.942078,0.0,6.725859,24.0,23.0,0.0,4.0,0.0,0.0
3/18/2026,0:42:24,40650602.15,Right,1.0,37.0,55.0,90.0,91.0,398.0,154.0,182.0,181.0,0.0,471.0,4.783801,1.942078,0.0,6.725859,24.0,23.0,0.0,4.0,0.0,0.0
3/18/2026,0:42:25,40651388.88,TONE,8.0,37.0,55.0,90.0,91.0,398.0,154.0,182.0,182.0,0.0,471.0,4.783801,1.942078,0.0,6.725859,24.0,23.0,0.0,4.0,0.0,0.0
3/18/2026,0:42:25,40651456.94,LED,7.0,37.0,55.0,90.0,91.0,398.0,154.0,183.0,182.0,0.0,471.0,4.783801,1.942078,0.0,6.725859,24.0,23.0,0.0,4.0,0.0,0.0
3/18/2026,0:42:26,40652232.58,Dispensed,3.0,37.0,55.0,91.0,91.0,398.0,154.0,183.0,182.0,0.0,471.0,4.783801,1.942078,0.0,6.725859,24.0,23.0,0.0,4.0,0.0,0.0
3/18/2026,0:42:26,40652295.6,TONE,8.0,37.0,55.0,91.0,91.0,398.0,154.0,183.0,183.0,0.0,471.0,4.783801,1.942078,0.0,6.725859,24.0,23.0,0.0,4.0,0.0,0.0
3/18/2026,0:42:26,40652363.65,LED,7.0,37.0,55.0,91.0,91.0,398.0,154.0,184.0,183.0,0.0,471.0,4.783801,1.942078,0.0,6.725859,24.0,23.0,0.0,4.0,0.0,0.0
3/18/2026,0:42:27,40653616.39,Retrieved,4.0,37.0,55.0,91.0,92.0,398.0,154.0,184.0,183.0,0.0,471.0,4.783801,1.942078,0.0,6.725859,24.0,23.0,0.0,4.0,0.0,0.0
3/18/2026,0:44:06,40752989.9,LeftWater,6.0,37.0,55.0,91.0,92.0,398.0,155.0,184.0,183.0,0.0,471.0,4.783801,1.942078,0.0,6.725859,24.0,23.0,0.0,4.0,0.0,0.0
3/18/2026,0:44:07,40753057.68,WaterDispensed,10.0,37.0,55.0,91.0,92.0,398.0,155.0,184.0,183.0,0.0,472.0,4.783801,1.956358,0.0,6.740139,24.0,23.0,0.0,4.0,0.0,0.0
3/18/2026,0:44:07,40753203.82,LeftWater,6.0,37.0,55.0,91.0,92.0,398.0,156.0,184.0,183.0,0.0,472.0,4.783801,1.956358,0.0,6.740139,24.0,23.0,0.0,4.0,0.0,0.0
3/18/2026,0:44:07,40753271.61,WaterDispensed,10.0,37.0,55.0,91.0,92.0,398.0,156.0,184.0,183.0,0.0,473.0,4.783801,1.970638,0.0,6.754419,24.0,23.0,0.0,4.0,0.0,0.0
3/18/2026,0:44:07,40753382.94,LeftWater,6.0,37.0,55.0,91.0,92.0,398.0,157.0,184.0,183.0,0.0,473.0,4.783801,1.970638,0.0,6.754419,24.0,23.0,0.0,4.0,0.0,0.0
3/18/2026,0:44:07,40753714.71,LeftWater,6.0,37.0,55.0,91.0,92.0,398.0,158.0,184.0,183.0,0.0,473.0,4.783801,1.970638,0.0,6.754419,24.0,23.0,0.0,4.0,0.0,0.0
3/18/2026,0:44:07,40753782.49,WaterDispensed,10.0,37.0,55.0,91.0,92.0,398.0,158.0,184.0,183.0,0.0,474.0,4.783801,1.984918,0.0,6.768699,24.0,23.0,0.0,4.0,0.0,0.0
3/18/2026,0:44:08,40754389.15,LeftWater,6.0,37.0,55.0,91.0,92.0,398.0,159.0,184.0,183.0,0.0,474.0,4.783801,1.984918,0.0,6.768699,24.0,23.0,0.0,4.0,0.0,0.0
3/18/2026,0:44:08,40754456.93,WaterDispensed,10.0,37.0,55.0,91.0,92.0,398.0,159.0,184.0,183.0,0.0,475.0,4.783801,1.999198,0.0,6.782979,24.0,23.0,0.0,4.0,0.0,0.0
3/18/2026,0:44:08,40754813.29,LeftWater,6.0,37.0,55.0,91.0,92.0,398.0,160.0,184.0,183.0,0.0,475.0,4.783801,1.999198,0.0,6.782979,24.0,23.0,0.0,4.0,0.0,0.0
3/18/2026,0:44:08,40754881.06,WaterDispensed,10.0,37.0,55.0,91.0,92.0,398.0,160.0,184.0,183.0,0.0,476.0,4.783801,2.013478,0.0,6.797258,24.0,23.0,0.0,4.0,0.0,0.0
3/18/2026,0:44:09,40755391.02,LeftWater,6.0,37.0,55.0,91.0,92.0,398.0,161.0,184.0,183.0,0.0,476.0,4.783801,2.013478,0.0,6.797258,24.0,23.0,0.0,4.0,0.0,0.0
3/18/2026,0:44:09,40755458.81,WaterDispensed,10.0,37.0,55.0,91.0,92.0,398.0,161.0,184.0,183.0,0.0,477.0,4.783801,2.027758,0.0,6.811538,24.0,23.0,0.0,4.0,0.0,0.0
3/18/2026,0:44:10,40756102.28,LeftWater,6.0,37.0,55.0,91.0,92.0,398.0,162.0,184.0,183.0,0.0,477.0,4.783801,2.027758,0.0,6.811538,24.0,23.0,0.0,4.0,0.0,0.0
3/18/2026,0:44:10,40756170.05,WaterDispensed,10.0,37.0,55.0,91.0,92.0,398.0,162.0,184.0,183.0,0.0,478.0,4.783801,2.042038,0.0,6.825818,24.0,23.0,0.0,4.0,0.0,0.0
3/18/2026,0:44:10,40756387.27,LeftWater,6.0,37.0,55.0,91.0,92.0,398.0,163.0,184.0,183.0,0.0,478.0,4.783801,2.042038,0.0,6.825818,24.0,23.0,0.0,4.0,0.0,0.0
3/18/2026,0:44:10,40756455.05,WaterDispensed,10.0,37.0,55.0,91.0,92.0,398.0,163.0,184.0,183.0,0.0,479.0,4.783801,2.056318,0.0,6.840098,24.0,23.0,0.0,4.0,0.0,0.0
3/18/2026,0:44:10,40757005.46,LeftWater,6.0,37.0,55.0,91.0,92.0,398.0,164.0,184.0,183.0,0.0,479.0,4.783801,2.056318,0.0,6.840098,24.0,23.0,0.0,4.0,0.0,0.0
3/18/2026,0:44:11,40757073.25,WaterDispensed,10.0,37.0,55.0,91.0,92.0,398.0,164.0,184.0,183.0,0.0,480.0,4.783801,2.070598,0.0,6.854378,24.0,23.0,0.0,4.0,0.0,0.0
3/18/2026,0:44:11,40757589.53,LeftWater,6.0,37.0,55.0,91.0,92.0,398.0,165.0,184.0,183.0,0.0,480.0,4.783801,2.070598,0.0,6.854378,24.0,23.0,0.0,4.0,0.0,0.0
3/18/2026,0:44:11,40757657.32,WaterDispensed,10.0,37.0,55.0,91.0,92.0,398.0,165.0,184.0,183.0,0.0,481.0,4.783801,2.084878,0.0,6.868658,24.0,23.0,0.0,4.0,0.0,0.0
3/18/2026,0:44:12,40758030.13,LeftWater,6.0,37.0,55.0,91.0,92.0,398.0,166.0,184.0,183.0,0.0,481.0,4.783801,2.084878,0.0,6.868658,24.0,23.0,0.0,4.0,0.0,0.0
3/18/2026,0:44:12,40758097.91,WaterDispensed,10.0,37.0,55.0,91.0,92.0,398.0,166.0,184.0,183.0,0.0,482.0,4.783801,2.099159,0.0,6.882937,24.0,23.0,0.0,4.0,0.0,0.0
3/18/2026,0:44:12,40758192.66,LeftWater,6.0,37.0,55.0,91.0,92.0,398.0,167.0,184.0,183.0,0.0,482.0,4.783801,2.099159,0.0,6.882937,24.0,23.0,0.0,4.0,0.0,0.0
3/18/2026,0:44:12,40758337.31,LeftWater,6.0,37.0,55.0,91.0,92.0,398.0,168.0,184.0,183.0,0.0,483.0,4.783801,2.113439,0.0,6.897217,24.0,23.0,0.0,4.0,0.0,0.0
3/18/2026,0:44:12,40758405.09,WaterDispensed,10.0,37.0,55.0,91.0,92.0,398.0,168.0,184.0,183.0,0.0,483.0,4.783801,2.113439,0.0,6.897217,24.0,23.0,0.0,4.0,0.0,0.0
3/18/2026,0:44:12,40758833.21,LeftWater,6.0,37.0,55.0,91.0,92.0,398.0,169.0,184.0,183.0,0.0,483.0,4.783801,2.113439,0.0,6.897217,24.0,23.0,0.0,4.0,0.0,0.0
3/18/2026,0:44:12,40758901.0,WaterDispensed,10.0,37.0,55.0,91.0,92.0,398.0,169.0,184.0,183.0,0.0,484.0,4.783801,2.127719,0.0,6.911497,24.0,23.0,0.0,4.0,0.0,0.0
3/18/2026,0:44:13,40759120.51,LeftWater,6.0,37.0,55.0,91.0,92.0,398.0,170.0,184.0,183.0,0.0,484.0,4.783801,2.127719,0.0,6.911497,24.0,23.0,0.0,4.0,0.0,0.0
3/18/2026,0:44:13,40759188.29,WaterDispensed,10.0,37.0,55.0,91.0,92.0,398.0,170.0,184.0,183.0,0.0,485.0,4.783801,2.141999,0.0,6.925777,24.0,23.0,0.0,4.0,0.0,0.0
3/18/2026,1:07:32,42158642.23,LeftWater,6.0,37.0,55.0,91.0,92.0,398.0,171.0,184.0,183.0,0.0,485.0,4.783801,2.141999,0.0,6.925777,24.0,23.0,0.0,4.0,0.0,0.0
3/18/2026,1:07:32,42158710.01,WaterDispensed,10.0,37.0,55.0,91.0,92.0,398.0,171.0,184.0,183.0,0.0,486.0,4.783801,2.156279,0.0,6.940057,24.0,23.0,0.0,4.0,0.0,0.0
3/18/2026,1:07:33,42159912.45,LeftWater,6.0,37.0,55.0,91.0,92.0,398.0,172.0,184.0,183.0,0.0,486.0,4.783801,2.156279,0.0,6.940057,24.0,23.0,0.0,4.0,0.0,0.0
3/18/2026,1:07:33,42159980.24,WaterDispensed,10.0,37.0,55.0,91.0,92.0,398.0,172.0,184.0,183.0,0.0,487.0,4.783801,2.170559,0.0,6.954337,24.0,23.0,0.0,4.0,0.0,0.0
3/18/2026,1:07:34,42160183.68,LeftWater,6.0,37.0,55.0,91.0,92.0,398.0,173.0,184.0,183.0,0.0,487.0,4.783801,2.170559,0.0,6.954337,24.0,23.0,0.0,4.0,0.0,0.0
3/18/2026,1:07:34,42160251.45,WaterDispensed,10.0,37.0,55.0,91.0,92.0,398.0,173.0,184.0,183.0,0.0,488.0,4.783801,2.184839,0.0,6.968616,24.0,23.0,0.0,4.0,0.0,0.0
3/18/2026,1:07:34,42160625.86,LeftWater,6.0,37.0,55.0,91.0,92.0,398.0,174.0,184.0,183.0,0.0,488.0,4.783801,2.184839,0.0,6.968616,24.0,23.0,0.0,4.0,0.0,0.0
3/18/2026,1:07:34,42160693.63,WaterDispensed,10.0,37.0,55.0,91.0,92.0,398.0,174.0,184.0,183.0,0.0,489.0,4.783801,2.199119,0.0,6.982896,24.0,23.0,0.0,4.0,0.0,0.0
3/18/2026,1:07:36,42162144.47,LeftWater,6.0,37.0,55.0,91.0,92.0,398.0,175.0,184.0,183.0,0.0,489.0,4.783801,2.199119,0.0,6.982896,24.0,23.0,0.0,4.0,0.0,0.0
3/18/2026,1:07:36,42162212.25,WaterDispensed,10.0,37.0,55.0,91.0,92.0,398.0,175.0,184.0,183.0,0.0,490.0,4.783801,2.213399,0.0,6.997176,24.0,23.0,0.0,4.0,0.0,0.0
3/18/2026,1:07:36,42162299.53,LeftWater,6.0,37.0,55.0,91.0,92.0,398.0,176.0,184.0,183.0,0.0,490.0,4.783801,2.213399,0.0,6.997176,24.0,23.0,0.0,4.0,0.0,0.0
3/18/2026,1:07:36,42162446.66,LeftWater,6.0,37.0,55.0,91.0,92.0,398.0,177.0,184.0,183.0,0.0,490.0,4.783801,2.213399,0.0,6.997176,24.0,23.0,0.0,4.0,0.0,0.0
3/18/2026,1:07:36,42162514.44,WaterDispensed,10.0,37.0,55.0,91.0,92.0,398.0,177.0,184.0,183.0,0.0,491.0,4.783801,2.227679,0.0,7.011456,24.0,23.0,0.0,4.0,0.0,0.0
3/18/2026,1:07:36,42162890.5,LeftWater,6.0,37.0,55.0,91.0,92.0,398.0,178.0,184.0,183.0,0.0,491.0,4.783801,2.227679,0.0,7.011456,24.0,23.0,0.0,4.0,0.0,0.0
3/18/2026,1:07:36,42162958.28,WaterDispensed,10.0,37.0,55.0,91.0,92.0,398.0,178.0,184.0,183.0,0.0,492.0,4.783801,2.241959,0.0,7.025736,24.0,23.0,0.0,4.0,0.0,0.0
3/18/2026,1:07:37,42163343.74,LeftWater,6.0,37.0,55.0,91.0,92.0,398.0,179.0,184.0,183.0,0.0,493.0,4.783801,2.256239,0.0,7.040016,24.0,23.0,0.0,4.0,0.0,0.0
3/18/2026,1:07:37,42163411.52,WaterDispensed,10.0,37.0,55.0,91.0,92.0,398.0,179.0,184.0,183.0,0.0,493.0,4.783801,2.256239,0.0,7.040016,24.0,23.0,0.0,4.0,0.0,0.0
3/18/2026,1:07:37,42163935.22,LeftWater,6.0,37.0,55.0,91.0,92.0,398.0,180.0,184.0,183.0,0.0,493.0,4.783801,2.256239,0.0,7.040016,24.0,23.0,0.0,4.0,0.0,0.0
3/18/2026,1:07:37,42164003.01,WaterDispensed,10.0,37.0,55.0,91.0,92.0,398.0,180.0,184.0,183.0,0.0,494.0,4.783801,2.270519,0.0,7.054296,24.0,23.0,0.0,4.0,0.0,0.0
3/18/2026,1:07:38,42164231.49,LeftWater,6.0,37.0,55.0,91.0,92.0,398.0,181.0,184.0,183.0,0.0,494.0,4.783801,2.270519,0.0,7.054296,24.0,23.0,0.0,4.0,0.0,0.0
3/18/2026,1:07:38,42164299.28,WaterDispensed,10.0,37.0,55.0,91.0,92.0,398.0,181.0,184.0,183.0,0.0,495.0,4.783801,2.2848,0.0,7.068575,24.0,23.0,0.0,4.0,0.0,0.0
3/18/2026,1:07:38,42164392.37,LeftWater,6.0,37.0,55.0,91.0,92.0,398.0,182.0,184.0,183.0,0.0,495.0,4.783801,2.2848,0.0,7.068575,24.0,23.0,0.0,4.0,0.0,0.0
3/18/2026,1:07:38,42164520.95,LeftWater,6.0,37.0,55.0,91.0,92.0,398.0,183.0,184.0,183.0,0.0,495.0,4.783801,2.2848,0.0,7.068575,24.0,23.0,0.0,4.0,0.0,0.0
3/18/2026,1:07:38,42164588.73,WaterDispensed,10.0,37.0,55.0,91.0,92.0,398.0,183.0,184.0,183.0,0.0,496.0,4.783801,2.29908,0.0,7.082855,24.0,23.0,0.0,4.0,0.0,0.0
3/18/2026,1:07:38,42164674.25,LeftWater,6.0,37.0,55.0,91.0,92.0,398.0,184.0,184.0,183.0,0.0,496.0,4.783801,2.29908,0.0,7.082855,24.0,23.0,0.0,4.0,0.0,0.0
3/18/2026,1:07:39,42165278.95,LeftWater,6.0,37.0,55.0,91.0,92.0,398.0,185.0,184.0,183.0,0.0,496.0,4.783801,2.29908,0.0,7.082855,24.0,23.0,0.0,4.0,0.0,0.0
3/18/2026,1:07:39,42165346.73,WaterDispensed,10.0,37.0,55.0,91.0,92.0,398.0,186.0,184.0,183.0,0.0,497.0,4.783801,2.31336,0.0,7.097135,24.0,23.0,0.0,4.0,0.0,0.0
3/18/2026,1:07:39,42165442.44,LeftWater,6.0,37.0,55.0,91.0,92.0,398.0,186.0,184.0,183.0,0.0,497.0,4.783801,2.31336,0.0,7.097135,24.0,23.0,0.0,4.0,0.0,0.0
3/18/2026,1:07:39,42165606.39,LeftWater,6.0,37.0,55.0,91.0,92.0,398.0,187.0,184.0,183.0,0.0,497.0,4.783801,2.31336,0.0,7.097135,24.0,23.0,0.0,4.0,0.0,0.0
3/18/2026,1:07:39,42165674.17,WaterDispensed,10.0,37.0,55.0,91.0,92.0,398.0,187.0,184.0,183.0,0.0,498.0,4.783801,2.32764,0.0,7.111415,24.0,23.0,0.0,4.0,0.0,0.0
3/18/2026,1:07:39,42165906.45,LeftWater,6.0,37.0,55.0,91.0,92.0,398.0,188.0,184.0,183.0,0.0,498.0,4.783801,2.32764,0.0,7.111415,24.0,23.0,0.0,4.0,0.0,0.0
3/18/2026,1:07:39,42165974.23,WaterDispensed,10.0,37.0,55.0,91.0,92.0,398.0,188.0,184.0,183.0,0.0,499.0,4.783801,2.34192,0.0,7.125695,24.0,23.0,0.0,4.0,0.0,0.0
3/18/2026,1:07:40,42166094.0,LeftWater,6.0,37.0,55.0,91.0,92.0,398.0,189.0,184.0,183.0,0.0,499.0,4.783801,2.34192,0.0,7.125695,24.0,23.0,0.0,4.0,0.0,0.0
3/18/2026,1:07:40,42166418.84,LeftWater,6.0,37.0,55.0,91.0,92.0,398.0,190.0,184.0,183.0,0.0,499.0,4.783801,2.34192,0.0,7.125695,24.0,23.0,0.0,4.0,0.0,0.0
3/18/2026,1:07:40,42166486.62,WaterDispensed,10.0,37.0,55.0,91.0,92.0,398.0,190.0,184.0,183.0,0.0,500.0,4.783801,2.3562,0.0,7.139975,24.0,23.0,0.0,4.0,0.0,0.0
3/18/2026,1:07:40,42166588.19,LeftWater,6.0,37.0,55.0,91.0,92.0,398.0,191.0,184.0,183.0,0.0,500.0,4.783801,2.3562,0.0,7.139975,24.0,23.0,0.0,4.0,0.0,0.0
3/18/2026,1:07:40,42166749.4,LeftWater,6.0,37.0,55.0,91.0,92.0,398.0,192.0,184.0,183.0,0.0,500.0,4.783801,2.3562,0.0,7.139975,24.0,23.0,0.0,4.0,0.0,0.0
3/18/2026,1:07:40,42166817.18,WaterDispensed,10.0,37.0,55.0,91.0,92.0,398.0,192.0,184.0,183.0,0.0,501.0,4.783801,2.37048,0.0,7.154254,24.0,23.0,0.0,4.0,0.0,0.0
3/18/2026,1:07:41,42167069.96,LeftWater,6.0,37.0,55.0,91.0,92.0,398.0,193.0,184.0,183.0,0.0,501.0,4.783801,2.37048,0.0,7.154254,24.0,23.0,0.0,4.0,0.0,0.0
3/18/2026,1:07:41,42167137.75,WaterDispensed,10.0,37.0,55.0,91.0,92.0,398.0,193.0,184.0,183.0,0.0,502.0,4.783801,2.38476,0.0,7.168534,24.0,23.0,0.0,4.0,0.0,0.0
3/18/2026,1:07:41,42167228.27,LeftWater,6.0,37.0,55.0,91.0,92.0,398.0,194.0,184.0,183.0,0.0,502.0,4.783801,2.38476,0.0,7.168534,24.0,23.0,0.0,4.0,0.0,0.0
3/18/2026,1:07:41,42167397.37,LeftWater,6.0,37.0,55.0,91.0,92.0,398.0,195.0,184.0,183.0,0.0,502.0,4.783801,2.38476,0.0,7.168534,24.0,23.0,0.0,4.0,0.0,0.0
3/18/2026,1:07:41,42167465.15,WaterDispensed,10.0,37.0,55.0,91.0,92.0,398.0,195.0,184.0,183.0,0.0,503.0,4.783801,2.39904,0.0,7.182814,24.0,23.0,0.0,4.0,0.0,0.0
3/18/2026,1:07:41,42167579.15,LeftWater,6.0,37.0,55.0,91.0,92.0,398.0,196.0,184.0,183.0,0.0,503.0,4.783801,2.39904,0.0,7.182814,24.0,23.0,0.0,4.0,0.0,0.0
3/18/2026,1:07:42,42168097.46,LeftWater,6.0,37.0,55.0,91.0,92.0,398.0,197.0,184.0,183.0,0.0,503.0,4.783801,2.39904,0.0,7.182814,24.0,23.0,0.0,4.0,0.0,0.0
3/18/2026,1:07:42,42168165.24,WaterDispensed,10.0,37.0,55.0,91.0,92.0,398.0,197.0,184.0,183.0,0.0,504.0,4.783801,2.41332,0.0,7.197094,24.0,23.0,0.0,4.0,0.0,0.0
3/18/2026,1:07:42,42168254.29,LeftWater,6.0,37.0,55.0,91.0,92.0,398.0,198.0,184.0,183.0,0.0,504.0,4.783801,2.41332,0.0,7.197094,24.0,23.0,0.0,4.0,0.0,0.0
3/18/2026,1:07:42,42168439.06,LeftWater,6.0,37.0,55.0,91.0,92.0,398.0,199.0,184.0,183.0,0.0,504.0,4.783801,2.41332,0.0,7.197094,24.0,23.0,0.0,4.0,0.0,0.0
3/18/2026,1:07:42,42168506.84,WaterDispensed,10.0,37.0,55.0,91.0,92.0,398.0,199.0,184.0,183.0,0.0,505.0,4.783801,2.4276,0.0,7.211374,24.0,23.0,0.0,4.0,0.0,0.0
3/18/2026,1:07:43,42169083.27,LeftWater,6.0,37.0,55.0,91.0,92.0,398.0,200.0,184.0,183.0,0.0,505.0,4.783801,2.4276,0.0,7.211374,24.0,23.0,0.0,4.0,0.0,0.0
3/18/2026,1:07:43,42169151.06,WaterDispensed,10.0,37.0,55.0,91.0,92.0,398.0,200.0,184.0,183.0,0.0,506.0,4.783801,2.44188,0.0,7.225654,24.0,23.0,0.0,4.0,0.0,0.0
3/18/2026,1:07:43,42169418.8,LeftWater,6.0,37.0,55.0,91.0,92.0,398.0,201.0,184.0,183.0,0.0,506.0,4.783801,2.44188,0.0,7.225654,24.0,23.0,0.0,4.0,0.0,0.0
3/18/2026,1:07:43,42169486.58,WaterDispensed,10.0,37.0,55.0,91.0,92.0,398.0,201.0,184.0,183.0,0.0,507.0,4.783801,2.456161,0.0,7.239933,24.0,23.0,0.0,4.0,0.0,0.0
3/18/2026,1:07:43,42169579.89,LeftWater,6.0,37.0,55.0,91.0,92.0,398.0,202.0,184.0,183.0,0.0,507.0,4.783801,2.456161,0.0,7.239933,24.0,23.0,0.0,4.0,0.0,0.0
3/18/2026,1:07:43,42169745.72,LeftWater,6.0,37.0,55.0,91.0,92.0,398.0,203.0,184.0,183.0,0.0,507.0,4.783801,2.456161,0.0,7.239933,24.0,23.0,0.0,4.0,0.0,0.0
3/18/2026,1:07:43,42169813.51,WaterDispensed,10.0,37.0,55.0,91.0,92.0,398.0,203.0,184.0,183.0,0.0,508.0,4.783801,2.470441,0.0,7.254213,24.0,23.0,0.0,4.0,0.0,0.0
3/18/2026,1:07:43,42169909.01,LeftWater,6.0,37.0,55.0,91.0,92.0,398.0,204.0,184.0,183.0,0.0,508.0,4.783801,2.470441,0.0,7.254213,24.0,23.0,0.0,4.0,0.0,0.0
3/18/2026,1:07:44,42170274.03,LeftWater,6.0,37.0,55.0,91.0,92.0,398.0,205.0,184.0,183.0,0.0,508.0,4.783801,2.470441,0.0,7.254213,24.0,23.0,0.0,4.0,0.0,0.0
3/18/2026,1:07:44,42170341.81,WaterDispensed,10.0,37.0,55.0,91.0,92.0,398.0,206.0,184.0,183.0,0.0,509.0,4.783801,2.484721,0.0,7.268493,24.0,23.0,0.0,4.0,0.0,0.0
3/18/2026,1:07:44,42170444.42,LeftWater,6.0,37.0,55.0,91.0,92.0,398.0,206.0,184.0,183.0,0.0,509.0,4.783801,2.484721,0.0,7.268493,24.0,23.0,0.0,4.0,0.0,0.0
3/18/2026,1:07:44,42170799.46,LeftWater,6.0,37.0,55.0,91.0,92.0,398.0,207.0,184.0,183.0,0.0,509.0,4.783801,2.484721,0.0,7.268493,24.0,23.0,0.0,4.0,0.0,0.0
3/18/2026,1:07:44,42170867.24,WaterDispensed,10.0,37.0,55.0,91.0,92.0,398.0,207.0,184.0,183.0,0.0,510.0,4.783801,2.499001,0.0,7.282773,24.0,23.0,0.0,4.0,0.0,0.0
3/18/2026,1:07:45,42171121.75,LeftWater,6.0,37.0,55.0,91.0,92.0,398.0,208.0,184.0,183.0,0.0,510.0,4.783801,2.499001,0.0,7.282773,24.0,23.0,0.0,4.0,0.0,0.0
3/18/2026,1:07:45,42171189.52,WaterDispensed,10.0,37.0,55.0,91.0,92.0,398.0,208.0,184.0,183.0,0.0,511.0,4.783801,2.513281,0.0,7.297053,24.0,23.0,0.0,4.0,0.0,0.0
3/18/2026,1:07:45,42171284.17,LeftWater,6.0,37.0,55.0,91.0,92.0,398.0,209.0,184.0,183.0,0.0,511.0,4.783801,2.513281,0.0,7.297053,24.0,23.0,0.0,4.0,0.0,0.0
3/18/2026,1:07:45,42171456.18,LeftWater,6.0,37.0,55.0,91.0,92.0,398.0,210.0,184.0,183.0,0.0,511.0,4.783801,2.513281,0.0,7.297053,24.0,23.0,0.0,4.0,0.0,0.0
3/18/2026,1:07:45,42171523.96,WaterDispensed,10.0,37.0,55.0,91.0,92.0,398.0,210.0,184.0,183.0,0.0,512.0,4.783801,2.527561,0.0,7.311333,24.0,23.0,0.0,4.0,0.0,0.0
3/18/2026,1:07:45,42171789.25,LeftWater,6.0,37.0,55.0,91.0,92.0,398.0,211.0,184.0,183.0,0.0,512.0,4.783801,2.527561,0.0,7.311333,24.0,23.0,0.0,4.0,0.0,0.0
3/18/2026,1:07:45,42171857.03,WaterDispensed,10.0,37.0,55.0,91.0,92.0,398.0,211.0,184.0,183.0,0.0,513.0,4.783801,2.541841,0.0,7.325613,24.0,23.0,0.0,4.0,0.0,0.0
3/18/2026,1:07:45,42171953.87,LeftWater,6.0,37.0,55.0,91.0,92.0,398.0,212.0,184.0,183.0,0.0,513.0,4.783801,2.541841,0.0,7.325613,24.0,23.0,0.0,4.0,0.0,0.0
3/18/2026,1:07:46,42172122.45,LeftWater,6.0,37.0,55.0,91.0,92.0,398.0,213.0,184.0,183.0,0.0,513.0,4.783801,2.541841,0.0,7.325613,24.0,23.0,0.0,4.0,0.0,0.0
3/18/2026,1:07:46,42172190.23,WaterDispensed,10.0,37.0,55.0,91.0,92.0,398.0,213.0,184.0,183.0,0.0,514.0,4.783801,2.556121,0.0,7.339892,24.0,23.0,0.0,4.0,0.0,0.0
3/18/2026,1:07:46,42172318.8,LeftWater,6.0,37.0,55.0,91.0,92.0,398.0,214.0,184.0,183.0,0.0,514.0,4.783801,2.556121,0.0,7.339892,24.0,23.0,0.0,4.0,0.0,0.0
3/18/2026,1:07:47,42173066.32,LeftWater,6.0,37.0,55.0,91.0,92.0,398.0,215.0,184.0,183.0,0.0,514.0,4.783801,2.556121,0.0,7.339892,24.0,23.0,0.0,4.0,0.0,0.0
3/18/2026,1:07:47,42173134.09,WaterDispensed,10.0,37.0,55.0,91.0,92.0,398.0,215.0,184.0,183.0,0.0,515.0,4.783801,2.570401,0.0,7.354172,24.0,23.0,0.0,4.0,0.0,0.0
3/18/2026,1:07:47,42173261.07,LeftWater,6.0,37.0,55.0,91.0,92.0,398.0,216.0,184.0,183.0,0.0,515.0,4.783801,2.570401,0.0,7.354172,24.0,23.0,0.0,4.0,0.0,0.0
3/18/2026,1:07:47,42173597.46,LeftWater,6.0,37.0,55.0,91.0,92.0,398.0,217.0,184.0,183.0,0.0,515.0,4.783801,2.570401,0.0,7.354172,24.0,23.0,0.0,4.0,0.0,0.0
3/18/2026,1:07:47,42173665.25,WaterDispensed,10.0,37.0,55.0,91.0,92.0,398.0,217.0,184.0,183.0,0.0,516.0,4.783801,2.584681,0.0,7.368452,24.0,23.0,0.0,4.0,0.0,0.0
3/18/2026,1:07:47,42173764.16,LeftWater,6.0,37.0,55.0,91.0,92.0,398.0,218.0,184.0,183.0,0.0,516.0,4.783801,2.584681,0.0,7.368452,24.0,23.0,0.0,4.0,0.0,0.0
3/18/2026,1:07:47,42173929.76,LeftWater,6.0,37.0,55.0,91.0,92.0,398.0,219.0,184.0,183.0,0.0,516.0,4.783801,2.584681,0.0,7.368452,24.0,23.0,0.0,4.0,0.0,0.0
3/18/2026,1:07:47,42173997.55,WaterDispensed,10.0,37.0,55.0,91.0,92.0,398.0,219.0,184.0,183.0,0.0,517.0,4.783801,2.598961,0.0,7.382732,24.0,23.0,0.0,4.0,0.0,0.0
3/18/2026,1:07:48,42174269.79,LeftWater,6.0,37.0,55.0,91.0,92.0,398.0,220.0,184.0,183.0,0.0,517.0,4.783801,2.598961,0.0,7.382732,24.0,23.0,0.0,4.0,0.0,0.0
3/18/2026,1:07:48,42174337.58,WaterDispensed,10.0,37.0,55.0,91.0,92.0,398.0,220.0,184.0,183.0,0.0,518.0,4.783801,2.613241,0.0,7.397012,24.0,23.0,0.0,4.0,0.0,0.0
3/18/2026,1:07:48,42174622.15,LeftWater,6.0,37.0,55.0,91.0,92.0,398.0,221.0,184.0,183.0,0.0,518.0,4.783801,2.613241,0.0,7.397012,24.0,23.0,0.0,4.0,0.0,0.0
3/18/2026,1:07:48,42174689.93,WaterDispensed,10.0,37.0,55.0,91.0,92.0,398.0,221.0,184.0,183.0,0.0,519.0,4.783801,2.627522,0.0,7.411292,24.0,23.0,0.0,4.0,0.0,0.0
3/18/2026,1:08:18,42204979.47,LeftWater,6.0,37.0,55.0,91.0,92.0,398.0,222.0,184.0,183.0,0.0,519.0,4.783801,2.627522,0.0,7.411292,24.0,23.0,0.0,4.0,0.0,0.0
3/18/2026,1:08:19,42205047.25,WaterDispensed,10.0,37.0,55.0,91.0,92.0,398.0,222.0,184.0,183.0,0.0,520.0,4.783801,2.641802,0.0,7.425571,24.0,23.0,0.0,4.0,0.0,0.0
3/18/2026,1:08:19,42205386.65,LeftWater,6.0,37.0,55.0,91.0,92.0,398.0,223.0,184.0,183.0,0.0,521.0,4.783801,2.656082,0.0,7.439851,24.0,23.0,0.0,4.0,0.0,0.0
3/18/2026,1:08:19,42205454.43,WaterDispensed,10.0,37.0,55.0,91.0,92.0,398.0,223.0,184.0,183.0,0.0,521.0,4.783801,2.656082,0.0,7.439851,24.0,23.0,0.0,4.0,0.0,0.0
3/18/2026,1:08:19,42205616.1,LeftWater,6.0,37.0,55.0,91.0,92.0,398.0,224.0,184.0,183.0,0.0,521.0,4.783801,2.656082,0.0,7.439851,24.0,23.0,0.0,4.0,0.0,0.0
3/18/2026,1:08:19,42205683.87,WaterDispensed,10.0,37.0,55.0,91.0,92.0,398.0,224.0,184.0,183.0,0.0,522.0,4.783801,2.670362,0.0,7.454131,24.0,23.0,0.0,4.0,0.0,0.0
3/18/2026,1:08:19,42205932.22,LeftWater,6.0,37.0,55.0,91.0,92.0,398.0,225.0,184.0,183.0,0.0,522.0,4.783801,2.670362,0.0,7.454131,24.0,23.0,0.0,4.0,0.0,0.0
3/18/2026,1:08:19,42206000.0,WaterDispensed,10.0,37.0,55.0,91.0,92.0,398.0,225.0,184.0,183.0,0.0,523.0,4.783801,2.684642,0.0,7.468411,24.0,23.0,0.0,4.0,0.0,0.0
3/18/2026,1:08:20,42206242.69,LeftWater,6.0,37.0,55.0,91.0,92.0,398.0,226.0,184.0,183.0,0.0,523.0,4.783801,2.684642,0.0,7.468411,24.0,23.0,0.0,4.0,0.0,0.0
3/18/2026,1:08:20,42206310.46,WaterDispensed,10.0,37.0,55.0,91.0,92.0,398.0,226.0,184.0,183.0,0.0,524.0,4.783801,2.698922,0.0,7.482691,24.0,23.0,0.0,4.0,0.0,0.0
3/18/2026,1:08:22,42208103.56,LeftWater,6.0,37.0,55.0,91.0,92.0,398.0,227.0,184.0,183.0,0.0,524.0,4.783801,2.698922,0.0,7.482691,24.0,23.0,0.0,4.0,0.0,0.0
3/18/2026,1:08:22,42208171.34,WaterDispensed,10.0,37.0,55.0,91.0,92.0,398.0,227.0,184.0,183.0,0.0,525.0,4.783801,2.713202,0.0,7.496971,24.0,23.0,0.0,4.0,0.0,0.0
3/18/2026,1:08:22,42208566.24,LeftWater,6.0,37.0,55.0,91.0,92.0,398.0,228.0,184.0,183.0,0.0,525.0,4.783801,2.713202,0.0,7.496971,24.0,23.0,0.0,4.0,0.0,0.0
3/18/2026,1:08:22,42208634.03,WaterDispensed,10.0,37.0,55.0,91.0,92.0,398.0,228.0,184.0,183.0,0.0,526.0,4.783801,2.727482,0.0,7.51125,24.0,23.0,0.0,4.0,0.0,0.0
3/18/2026,1:08:22,42208728.44,LeftWater,6.0,37.0,55.0,91.0,92.0,398.0,229.0,184.0,183.0,0.0,526.0,4.783801,2.727482,0.0,7.51125,24.0,23.0,0.0,4.0,0.0,0.0
3/18/2026,1:08:23,42209052.38,LeftWater,6.0,37.0,55.0,91.0,92.0,398.0,230.0,184.0,183.0,0.0,526.0,4.783801,2.727482,0.0,7.51125,24.0,23.0,0.0,4.0,0.0,0.0
3/18/2026,1:08:23,42209120.16,WaterDispensed,10.0,37.0,55.0,91.0,92.0,398.0,230.0,184.0,183.0,0.0,527.0,4.783801,2.741762,0.0,7.52553,24.0,23.0,0.0,4.0,0.0,0.0
3/18/2026,1:08:23,42209202.72,LeftWater,6.0,37.0,55.0,91.0,92.0,398.0,231.0,184.0,183.0,0.0,527.0,4.783801,2.741762,0.0,7.52553,24.0,23.0,0.0,4.0,0.0,0.0
3/18/2026,1:08:23,42209378.31,LeftWater,6.0,37.0,55.0,91.0,92.0,398.0,232.0,184.0,183.0,0.0,528.0,4.783801,2.756042,0.0,7.53981,24.0,23.0,0.0,4.0,0.0,0.0
3/18/2026,1:08:23,42209446.09,WaterDispensed,10.0,37.0,55.0,91.0,92.0,398.0,232.0,184.0,183.0,0.0,528.0,4.783801,2.756042,0.0,7.53981,24.0,23.0,0.0,4.0,0.0,0.0
3/18/2026,1:08:23,42209520.81,LeftWater,6.0,37.0,55.0,91.0,92.0,398.0,233.0,184.0,183.0,0.0,528.0,4.783801,2.756042,0.0,7.53981,24.0,23.0,0.0,4.0,0.0,0.0
3/18/2026,1:08:52,42238296.29,Left,2.0,37.0,56.0,91.0,92.0,398.0,233.0,184.0,183.0,0.0,528.0,4.783801,2.756042,0.0,7.53981,24.0,23.0,0.0,4.0,0.0,0.0
3/18/2026,1:08:53,42239105.82,TONE,8.0,37.0,56.0,91.0,92.0,398.0,233.0,184.0,184.0,0.0,528.0,4.783801,2.756042,0.0,7.53981,24.0,23.0,0.0,4.0,0.0,0.0
3/18/2026,1:08:53,42239173.87,LED,7.0,37.0,56.0,91.0,92.0,398.0,233.0,185.0,184.0,0.0,528.0,4.783801,2.756042,0.0,7.53981,24.0,23.0,0.0,4.0,0.0,0.0
3/18/2026,1:08:53,42239845.88,Dispensed,3.0,37.0,56.0,92.0,92.0,398.0,233.0,185.0,184.0,0.0,528.0,4.783801,2.756042,0.0,7.53981,24.0,23.0,0.0,4.0,0.0,0.0
3/18/2026,1:08:53,42239908.9,TONE,8.0,37.0,56.0,92.0,92.0,398.0,233.0,185.0,185.0,0.0,528.0,4.783801,2.756042,0.0,7.53981,24.0,23.0,0.0,4.0,0.0,0.0
3/18/2026,1:08:53,42239976.95,LED,7.0,37.0,56.0,92.0,92.0,398.0,233.0,186.0,185.0,0.0,528.0,4.783801,2.756042,0.0,7.53981,24.0,23.0,0.0,4.0,0.0,0.0
3/18/2026,1:09:03,42249569.07,Retrieved,4.0,37.0,56.0,92.0,93.0,398.0,233.0,186.0,185.0,0.0,528.0,4.783801,2.756042,0.0,7.53981,24.0,23.0,0.0,4.0,0.0,0.0
3/18/2026,1:09:32,42278919.9,Right,1.0,38.0,56.0,92.0,93.0,398.0,233.0,186.0,185.0,0.0,528.0,4.783801,2.756042,0.0,7.53981,24.0,23.0,0.0,4.0,0.0,0.0
3/18/2026,1:09:33,42279332.19,TONE,8.0,38.0,56.0,92.0,93.0,398.0,233.0,186.0,186.0,0.0,528.0,4.783801,2.756042,0.0,7.53981,24.0,23.0,0.0,4.0,0.0,0.0
3/18/2026,1:09:33,42279400.25,LED,7.0,38.0,56.0,92.0,93.0,398.0,233.0,187.0,186.0,0.0,528.0,4.783801,2.756042,0.0,7.53981,24.0,23.0,0.0,4.0,0.0,0.0
3/18/2026,1:09:34,42280135.55,Dispensed,3.0,38.0,56.0,93.0,93.0,398.0,233.0,187.0,186.0,0.0,528.0,4.783801,2.756042,0.0,7.53981,24.0,23.0,0.0,4.0,0.0,0.0
3/18/2026,1:09:34,42280198.57,TONE,8.0,38.0,56.0,93.0,93.0,398.0,233.0,187.0,187.0,0.0,528.0,4.783801,2.756042,0.0,7.53981,24.0,23.0,0.0,4.0,0.0,0.0
3/18/2026,1:09:34,42280266.62,LED,7.0,38.0,56.0,93.0,93.0,398.0,233.0,188.0,187.0,0.0,528.0,4.783801,2.756042,0.0,7.53981,24.0,23.0,0.0,4.0,0.0,0.0
3/18/2026,1:09:34,42280922.95,Retrieved,4.0,38.0,56.0,93.0,94.0,398.0,233.0,188.0,187.0,0.0,528.0,4.783801,2.756042,0.0,7.53981,24.0,23.0,0.0,4.0,0.0,0.0
3/18/2026,1:09:55,42301388.73,Right,1.0,39.0,56.0,93.0,94.0,398.0,233.0,188.0,187.0,0.0,528.0,4.783801,2.756042,0.0,7.53981,24.0,23.0,0.0,4.0,0.0,0.0
3/18/2026,1:09:55,42301794.45,TONE,8.0,39.0,56.0,93.0,94.0,398.0,233.0,188.0,188.0,0.0,528.0,4.783801,2.756042,0.0,7.53981,24.0,23.0,0.0,4.0,0.0,0.0
3/18/2026,1:09:55,42301862.5,LED,7.0,39.0,56.0,93.0,94.0,398.0,233.0,189.0,188.0,0.0,528.0,4.783801,2.756042,0.0,7.53981,24.0,23.0,0.0,4.0,0.0,0.0
3/18/2026,1:09:56,42302614.24,Dispensed,3.0,39.0,56.0,94.0,94.0,398.0,233.0,189.0,188.0,0.0,528.0,4.783801,2.756042,0.0,7.53981,24.0,23.0,0.0,4.0,0.0,0.0
3/18/2026,1:09:56,42302677.26,TONE,8.0,39.0,56.0,94.0,94.0,398.0,233.0,190.0,189.0,0.0,528.0,4.783801,2.756042,0.0,7.53981,24.0,23.0,0.0,4.0,0.0,0.0
3/18/2026,1:09:56,42302745.32,LED,7.0,39.0,56.0,94.0,94.0,398.0,233.0,190.0,189.0,0.0,528.0,4.783801,2.756042,0.0,7.53981,24.0,23.0,0.0,4.0,0.0,0.0
3/18/2026,1:09:57,42303222.6,Retrieved,4.0,39.0,56.0,94.0,95.0,398.0,233.0,190.0,189.0,0.0,528.0,4.783801,2.756042,0.0,7.53981,24.0,23.0,0.0,4.0,0.0,0.0
3/18/2026,1:10:16,42322263.24,Right,1.0,40.0,56.0,94.0,95.0,398.0,233.0,190.0,189.0,0.0,528.0,4.783801,2.756042,0.0,7.53981,24.0,23.0,0.0,4.0,0.0,0.0
3/18/2026,1:10:16,42322668.88,TONE,8.0,40.0,56.0,94.0,95.0,398.0,233.0,190.0,190.0,0.0,528.0,4.783801,2.756042,0.0,7.53981,24.0,23.0,0.0,4.0,0.0,0.0
3/18/2026,1:10:16,42322736.93,LED,7.0,40.0,56.0,94.0,95.0,398.0,233.0,191.0,190.0,0.0,528.0,4.783801,2.756042,0.0,7.53981,24.0,23.0,0.0,4.0,0.0,0.0
3/18/2026,1:10:17,42323422.32,Dispensed,3.0,40.0,56.0,95.0,95.0,398.0,233.0,191.0,191.0,0.0,528.0,4.783801,2.756042,0.0,7.53981,24.0,23.0,0.0,4.0,0.0,0.0
3/18/2026,1:10:17,42323485.34,TONE,8.0,40.0,56.0,95.0,95.0,398.0,233.0,191.0,191.0,0.0,528.0,4.783801,2.756042,0.0,7.53981,24.0,23.0,0.0,4.0,0.0,0.0
3/18/2026,1:10:17,42323553.4,LED,7.0,40.0,56.0,95.0,95.0,398.0,233.0,192.0,191.0,0.0,528.0,4.783801,2.756042,0.0,7.53981,24.0,23.0,0.0,4.0,0.0,0.0
3/18/2026,1:10:18,42324388.68,Retrieved,4.0,40.0,56.0,95.0,96.0,398.0,233.0,192.0,191.0,0.0,528.0,4.783801,2.756042,0.0,7.53981,24.0,23.0,0.0,4.0,0.0,0.0
3/18/2026,1:10:41,42347678.71,Right,1.0,41.0,56.0,95.0,96.0,398.0,233.0,192.0,191.0,0.0,528.0,4.783801,2.756042,0.0,7.53981,24.0,23.0,0.0,4.0,0.0,0.0
3/18/2026,1:10:42,42348275.0,TONE,8.0,41.0,56.0,95.0,96.0,398.0,233.0,192.0,192.0,0.0,528.0,4.783801,2.756042,0.0,7.53981,24.0,23.0,0.0,4.0,0.0,0.0
3/18/2026,1:10:42,42348343.05,LED,7.0,41.0,56.0,95.0,96.0,398.0,233.0,193.0,192.0,0.0,528.0,4.783801,2.756042,0.0,7.53981,24.0,23.0,0.0,4.0,0.0,0.0
3/18/2026,1:10:43,42349088.78,Dispensed,3.0,41.0,56.0,96.0,96.0,398.0,233.0,193.0,192.0,0.0,528.0,4.783801,2.756042,0.0,7.53981,24.0,23.0,0.0,4.0,0.0,0.0
3/18/2026,1:10:43,42349151.79,TONE,8.0,41.0,56.0,96.0,96.0,398.0,233.0,193.0,193.0,0.0,528.0,4.783801,2.756042,0.0,7.53981,24.0,23.0,0.0,4.0,0.0,0.0
3/18/2026,1:10:43,42349219.85,LED,7.0,41.0,56.0,96.0,96.0,398.0,233.0,194.0,193.0,0.0,528.0,4.783801,2.756042,0.0,7.53981,24.0,23.0,0.0,4.0,0.0,0.0
3/18/2026,1:10:43,42349577.92,Retrieved,4.0,41.0,56.0,96.0,97.0,398.0,233.0,194.0,193.0,0.0,528.0,4.783801,2.756042,0.0,7.53981,24.0,23.0,0.0,4.0,0.0,0.0
3/18/2026,1:11:09,42375217.98,Right,1.0,42.0,56.0,96.0,97.0,398.0,233.0,194.0,193.0,0.0,528.0,4.783801,2.756042,0.0,7.53981,24.0,23.0,0.0,4.0,0.0,0.0
3/18/2026,1:11:09,42375684.4,TONE,8.0,42.0,56.0,96.0,97.0,398.0,233.0,194.0,194.0,0.0,528.0,4.783801,2.756042,0.0,7.53981,24.0,23.0,0.0,4.0,0.0,0.0
3/18/2026,1:11:09,42375752.45,LED,7.0,42.0,56.0,96.0,97.0,398.0,233.0,195.0,194.0,0.0,528.0,4.783801,2.756042,0.0,7.53981,24.0,23.0,0.0,4.0,0.0,0.0
3/18/2026,1:11:10,42376469.89,Dispensed,3.0,42.0,56.0,97.0,97.0,398.0,233.0,195.0,194.0,0.0,528.0,4.783801,2.756042,0.0,7.53981,24.0,23.0,0.0,4.0,0.0,0.0
3/18/2026,1:11:10,42376532.91,TONE,8.0,42.0,56.0,97.0,97.0,398.0,233.0,195.0,195.0,0.0,528.0,4.783801,2.756042,0.0,7.53981,24.0,23.0,0.0,4.0,0.0,0.0
3/18/2026,1:11:10,42376600.96,LED,7.0,42.0,56.0,97.0,97.0,398.0,233.0,196.0,195.0,0.0,528.0,4.783801,2.756042,0.0,7.53981,24.0,23.0,0.0,4.0,0.0,0.0
3/18/2026,1:11:10,42376959.0,Retrieved,4.0,42.0,56.0,97.0,98.0,398.0,233.0,196.0,195.0,0.0,528.0,4.783801,2.756042,0.0,7.53981,24.0,23.0,0.0,4.0,0.0,0.0
3/18/2026,1:11:49,42415203.81,Left,2.0,42.0,57.0,97.0,98.0,398.0,233.0,196.0,195.0,0.0,528.0,4.783801,2.756042,0.0,7.53981,24.0,23.0,0.0,4.0,0.0,0.0
3/18/2026,1:11:49,42415835.82,TONE,8.0,42.0,57.0,97.0,98.0,398.0,233.0,196.0,196.0,0.0,528.0,4.783801,2.756042,0.0,7.53981,24.0,23.0,0.0,4.0,0.0,0.0
3/18/2026,1:11:49,42415903.88,LED,7.0,42.0,57.0,97.0,98.0,398.0,233.0,197.0,196.0,0.0,528.0,4.783801,2.756042,0.0,7.53981,24.0,23.0,0.0,4.0,0.0,0.0
3/18/2026,1:11:50,42416583.34,Dispensed,3.0,42.0,57.0,98.0,98.0,398.0,233.0,197.0,196.0,0.0,528.0,4.783801,2.756042,0.0,7.53981,24.0,23.0,0.0,4.0,0.0,0.0
3/18/2026,1:11:50,42416646.36,TONE,8.0,42.0,57.0,98.0,98.0,398.0,233.0,197.0,197.0,0.0,528.0,4.783801,2.756042,0.0,7.53981,24.0,23.0,0.0,4.0,0.0,0.0
3/18/2026,1:11:50,42416714.42,LED,7.0,42.0,57.0,98.0,98.0,398.0,233.0,198.0,197.0,0.0,528.0,4.783801,2.756042,0.0,7.53981,24.0,23.0,0.0,4.0,0.0,0.0
3/18/2026,1:11:51,42417430.38,Retrieved,4.0,42.0,57.0,98.0,99.0,398.0,233.0,198.0,197.0,0.0,528.0,4.783801,2.756042,0.0,7.53981,24.0,23.0,0.0,4.0,0.0,0.0
3/18/2026,1:17:56,42782192.06,LeftWater,6.0,42.0,57.0,98.0,99.0,398.0,234.0,198.0,197.0,0.0,528.0,4.783801,2.756042,0.0,7.53981,24.0,23.0,0.0,4.0,0.0,0.0
3/18/2026,1:17:56,42782259.84,WaterDispensed,10.0,42.0,57.0,98.0,99.0,398.0,234.0,198.0,197.0,0.0,529.0,4.783801,2.770322,0.0,7.55409,24.0,23.0,0.0,4.0,0.0,0.0
3/18/2026,1:17:56,42782519.65,LeftWater,6.0,42.0,57.0,98.0,99.0,398.0,235.0,198.0,197.0,0.0,529.0,4.783801,2.770322,0.0,7.55409,24.0,23.0,0.0,4.0,0.0,0.0
3/18/2026,1:17:56,42782587.44,WaterDispensed,10.0,42.0,57.0,98.0,99.0,398.0,235.0,198.0,197.0,0.0,530.0,4.783801,2.784602,0.0,7.56837,24.0,23.0,0.0,4.0,0.0,0.0
3/18/2026,1:17:56,42782898.5,LeftWater,6.0,42.0,57.0,98.0,99.0,398.0,236.0,198.0,197.0,0.0,530.0,4.783801,2.784602,0.0,7.56837,24.0,23.0,0.0,4.0,0.0,0.0
3/18/2026,1:17:56,42782966.28,WaterDispensed,10.0,42.0,57.0,98.0,99.0,398.0,236.0,198.0,197.0,0.0,531.0,4.783801,2.798882,0.0,7.58265,24.0,23.0,0.0,4.0,0.0,0.0
3/18/2026,1:17:57,42783155.19,LeftWater,6.0,42.0,57.0,98.0,99.0,398.0,237.0,198.0,197.0,0.0,531.0,4.783801,2.798882,0.0,7.58265,24.0,23.0,0.0,4.0,0.0,0.0
3/18/2026,1:17:57,42783222.97,WaterDispensed,10.0,42.0,57.0,98.0,99.0,398.0,237.0,198.0,197.0,0.0,532.0,4.783801,2.813163,0.0,7.59693,24.0,23.0,0.0,4.0,0.0,0.0
3/18/2026,1:17:57,42783679.3,LeftWater,6.0,42.0,57.0,98.0,99.0,398.0,238.0,198.0,197.0,0.0,532.0,4.783801,2.813163,0.0,7.59693,24.0,23.0,0.0,4.0,0.0,0.0
3/18/2026,1:17:57,42783747.09,WaterDispensed,10.0,42.0,57.0,98.0,99.0,398.0,238.0,198.0,197.0,0.0,533.0,4.783801,2.827443,0.0,7.611209,24.0,23.0,0.0,4.0,0.0,0.0
3/18/2026,1:17:57,42783953.6,LeftWater,6.0,42.0,57.0,98.0,99.0,398.0,239.0,198.0,197.0,0.0,533.0,4.783801,2.827443,0.0,7.611209,24.0,23.0,0.0,4.0,0.0,0.0
3/18/2026,1:17:58,42784021.37,WaterDispensed,10.0,42.0,57.0,98.0,99.0,398.0,239.0,198.0,197.0,0.0,534.0,4.783801,2.841723,0.0,7.625489,24.0,23.0,0.0,4.0,0.0,0.0
3/18/2026,1:17:58,42784334.9,LeftWater,6.0,42.0,57.0,98.0,99.0,398.0,240.0,198.0,197.0,0.0,534.0,4.783801,2.841723,0.0,7.625489,24.0,23.0,0.0,4.0,0.0,0.0
3/18/2026,1:17:58,42784402.7,WaterDispensed,10.0,42.0,57.0,98.0,99.0,398.0,240.0,198.0,197.0,0.0,535.0,4.783801,2.856003,0.0,7.639769,24.0,23.0,0.0,4.0,0.0,0.0
3/18/2026,1:17:59,42785302.62,LeftWater,6.0,42.0,57.0,98.0,99.0,398.0,241.0,198.0,197.0,0.0,535.0,4.783801,2.856003,0.0,7.639769,24.0,23.0,0.0,4.0,0.0,0.0
3/18/2026,1:17:59,42785370.4,WaterDispensed,10.0,42.0,57.0,98.0,99.0,398.0,241.0,198.0,197.0,0.0,536.0,4.783801,2.870283,0.0,7.654049,24.0,23.0,0.0,4.0,0.0,0.0
3/18/2026,1:17:59,42785853.93,LeftWater,6.0,42.0,57.0,98.0,99.0,398.0,242.0,198.0,197.0,0.0,536.0,4.783801,2.870283,0.0,7.654049,24.0,23.0,0.0,4.0,0.0,0.0
3/18/2026,1:17:59,42785921.72,WaterDispensed,10.0,42.0,57.0,98.0,99.0,398.0,242.0,198.0,197.0,0.0,537.0,4.783801,2.884563,0.0,7.668329,24.0,23.0,0.0,4.0,0.0,0.0
3/18/2026,1:18:00,42786271.67,LeftWater,6.0,42.0,57.0,98.0,99.0,398.0,243.0,198.0,197.0,0.0,537.0,4.783801,2.884563,0.0,7.668329,24.0,23.0,0.0,4.0,0.0,0.0
3/18/2026,1:18:00,42786339.44,WaterDispensed,10.0,42.0,57.0,98.0,99.0,398.0,243.0,198.0,197.0,0.0,538.0,4.783801,2.898843,0.0,7.682609,24.0,23.0,0.0,4.0,0.0,0.0
3/18/2026,1:18:00,42786564.52,LeftWater,6.0,42.0,57.0,98.0,99.0,398.0,244.0,198.0,197.0,0.0,538.0,4.783801,2.898843,0.0,7.682609,24.0,23.0,0.0,4.0,0.0,0.0
3/18/2026,1:18:00,42786632.3,WaterDispensed,10.0,42.0,57.0,98.0,99.0,398.0,244.0,198.0,197.0,0.0,539.0,4.783801,2.913123,0.0,7.696888,24.0,23.0,0.0,4.0,0.0,0.0
3/18/2026,1:18:01,42787586.13,LeftWater,6.0,42.0,57.0,98.0,99.0,398.0,245.0,198.0,197.0,0.0,539.0,4.783801,2.913123,0.0,7.696888,24.0,23.0,0.0,4.0,0.0,0.0
3/18/2026,1:18:01,42787653.9,WaterDispensed,10.0,42.0,57.0,98.0,99.0,398.0,245.0,198.0,197.0,0.0,540.0,4.783801,2.927403,0.0,7.711168,24.0,23.0,0.0,4.0,0.0,0.0
3/18/2026,1:18:01,42787884.02,LeftWater,6.0,42.0,57.0,98.0,99.0,398.0,246.0,198.0,197.0,0.0,540.0,4.783801,2.927403,0.0,7.711168,24.0,23.0,0.0,4.0,0.0,0.0
3/18/2026,1:18:01,42787951.8,WaterDispensed,10.0,42.0,57.0,98.0,99.0,398.0,246.0,198.0,197.0,0.0,541.0,4.783801,2.941683,0.0,7.725448,24.0,23.0,0.0,4.0,0.0,0.0
3/18/2026,1:18:02,42788326.47,LeftWater,6.0,42.0,57.0,98.0,99.0,398.0,247.0,198.0,197.0,0.0,541.0,4.783801,2.941683,0.0,7.725448,24.0,23.0,0.0,4.0,0.0,0.0
3/18/2026,1:18:02,42788394.25,WaterDispensed,10.0,42.0,57.0,98.0,99.0,398.0,247.0,198.0,197.0,0.0,542.0,4.783801,2.955963,0.0,7.739728,24.0,23.0,0.0,4.0,0.0,0.0
3/18/2026,1:18:02,42788465.64,LeftWater,6.0,42.0,57.0,98.0,99.0,398.0,248.0,198.0,197.0,0.0,542.0,4.783801,2.955963,0.0,7.739728,24.0,23.0,0.0,4.0,0.0,0.0
3/18/2026,1:18:02,42788744.09,LeftWater,6.0,42.0,57.0,98.0,99.0,398.0,249.0,198.0,197.0,0.0,542.0,4.783801,2.955963,0.0,7.739728,24.0,23.0,0.0,4.0,0.0,0.0
3/18/2026,1:18:02,42788811.87,WaterDispensed,10.0,42.0,57.0,98.0,99.0,398.0,249.0,198.0,197.0,0.0,543.0,4.783801,2.970243,0.0,7.754008,24.0,23.0,0.0,4.0,0.0,0.0
3/18/2026,1:18:03,42789055.08,LeftWater,6.0,42.0,57.0,98.0,99.0,398.0,250.0,198.0,197.0,0.0,543.0,4.783801,2.970243,0.0,7.754008,24.0,23.0,0.0,4.0,0.0,0.0
3/18/2026,1:18:03,42789122.86,WaterDispensed,10.0,42.0,57.0,98.0,99.0,398.0,250.0,198.0,197.0,0.0,544.0,4.783801,2.984524,0.0,7.768288,24.0,23.0,0.0,4.0,0.0,0.0
3/18/2026,1:18:03,42789488.03,LeftWater,6.0,42.0,57.0,98.0,99.0,398.0,251.0,198.0,197.0,0.0,544.0,4.783801,2.984524,0.0,7.768288,24.0,23.0,0.0,4.0,0.0,0.0
3/18/2026,1:18:03,42789555.82,WaterDispensed,10.0,42.0,57.0,98.0,99.0,398.0,251.0,198.0,197.0,0.0,545.0,4.783801,2.998804,0.0,7.782568,24.0,23.0,0.0,4.0,0.0,0.0
3/18/2026,1:18:03,42789936.18,LeftWater,6.0,42.0,57.0,98.0,99.0,398.0,252.0,198.0,197.0,0.0,545.0,4.783801,2.998804,0.0,7.782568,24.0,23.0,0.0,4.0,0.0,0.0
3/18/2026,1:18:03,42790003.95,WaterDispensed,10.0,42.0,57.0,98.0,99.0,398.0,252.0,198.0,197.0,0.0,546.0,4.783801,3.013084,0.0,7.796847,24.0,23.0,0.0,4.0,0.0,0.0
3/18/2026,1:18:06,42792716.66,LeftWater,6.0,42.0,57.0,98.0,99.0,398.0,253.0,198.0,197.0,0.0,546.0,4.783801,3.013084,0.0,7.796847,24.0,23.0,0.0,4.0,0.0,0.0
3/18/2026,1:18:06,42792784.44,WaterDispensed,10.0,42.0,57.0,98.0,99.0,398.0,253.0,198.0,197.0,0.0,547.0,4.783801,3.027364,0.0,7.811127,24.0,23.0,0.0,4.0,0.0,0.0
3/18/2026,1:18:06,42793011.95,LeftWater,6.0,42.0,57.0,98.0,99.0,398.0,254.0,198.0,197.0,0.0,547.0,4.783801,3.027364,0.0,7.811127,24.0,23.0,0.0,4.0,0.0,0.0
3/18/2026,1:18:07,42793079.73,WaterDispensed,10.0,42.0,57.0,98.0,99.0,398.0,254.0,198.0,197.0,0.0,548.0,4.783801,3.041644,0.0,7.825407,24.0,23.0,0.0,4.0,0.0,0.0
3/18/2026,1:18:07,42793278.8,LeftWater,6.0,42.0,57.0,98.0,99.0,398.0,255.0,198.0,197.0,0.0,548.0,4.783801,3.041644,0.0,7.825407,24.0,23.0,0.0,4.0,0.0,0.0
3/18/2026,1:18:07,42793346.57,WaterDispensed,10.0,42.0,57.0,98.0,99.0,398.0,255.0,198.0,197.0,0.0,549.0,4.783801,3.055924,0.0,7.839687,24.0,23.0,0.0,4.0,0.0,0.0
3/18/2026,1:18:07,42793417.95,LeftWater,6.0,42.0,57.0,98.0,99.0,398.0,256.0,198.0,197.0,0.0,549.0,4.783801,3.055924,0.0,7.839687,24.0,23.0,0.0,4.0,0.0,0.0
3/18/2026,1:18:07,42793713.65,LeftWater,6.0,42.0,57.0,98.0,99.0,398.0,257.0,198.0,197.0,0.0,549.0,4.783801,3.055924,0.0,7.839687,24.0,23.0,0.0,4.0,0.0,0.0
3/18/2026,1:18:07,42793781.43,WaterDispensed,10.0,42.0,57.0,98.0,99.0,398.0,257.0,198.0,197.0,0.0,550.0,4.783801,3.070204,0.0,7.853967,24.0,23.0,0.0,4.0,0.0,0.0
3/18/2026,1:18:08,42794150.94,LeftWater,6.0,42.0,57.0,98.0,99.0,398.0,258.0,198.0,197.0,0.0,550.0,4.783801,3.070204,0.0,7.853967,24.0,23.0,0.0,4.0,0.0,0.0
3/18/2026,1:18:08,42794218.72,WaterDispensed,10.0,42.0,57.0,98.0,99.0,398.0,258.0,198.0,197.0,0.0,551.0,4.783801,3.084484,0.0,7.868247,24.0,23.0,0.0,4.0,0.0,0.0
3/18/2026,1:18:08,42794301.91,LeftWater,6.0,42.0,57.0,98.0,99.0,398.0,259.0,198.0,197.0,0.0,551.0,4.783801,3.084484,0.0,7.868247,24.0,23.0,0.0,4.0,0.0,0.0
3/18/2026,1:18:20,42806715.85,Left,2.0,42.0,58.0,98.0,99.0,398.0,259.0,198.0,197.0,0.0,551.0,4.783801,3.084484,0.0,7.868247,24.0,23.0,0.0,4.0,0.0,0.0
3/18/2026,1:18:21,42807179.26,TONE,8.0,42.0,58.0,98.0,99.0,398.0,259.0,198.0,198.0,0.0,551.0,4.783801,3.084484,0.0,7.868247,24.0,23.0,0.0,4.0,0.0,0.0
3/18/2026,1:18:21,42807247.32,LED,7.0,42.0,58.0,98.0,99.0,398.0,259.0,199.0,198.0,0.0,551.0,4.783801,3.084484,0.0,7.868247,24.0,23.0,0.0,4.0,0.0,0.0
3/18/2026,1:18:21,42807971.8,Dispensed,3.0,42.0,58.0,99.0,99.0,398.0,259.0,199.0,198.0,0.0,551.0,4.783801,3.084484,0.0,7.868247,24.0,23.0,0.0,4.0,0.0,0.0
3/18/2026,1:18:22,42808034.82,TONE,8.0,42.0,58.0,99.0,99.0,398.0,259.0,199.0,199.0,0.0,551.0,4.783801,3.084484,0.0,7.868247,24.0,23.0,0.0,4.0,0.0,0.0
3/18/2026,1:18:22,42808102.88,LED,7.0,42.0,58.0,99.0,99.0,398.0,259.0,200.0,199.0,0.0,551.0,4.783801,3.084484,0.0,7.868247,24.0,23.0,0.0,4.0,0.0,0.0
3/18/2026,1:18:27,42813179.86,LeftWater,6.0,42.0,58.0,99.0,99.0,398.0,260.0,200.0,199.0,0.0,551.0,4.783801,3.084484,0.0,7.868247,24.0,23.0,0.0,4.0,0.0,0.0
3/18/2026,1:18:27,42813247.63,WaterDispensed,10.0,42.0,58.0,99.0,99.0,398.0,260.0,200.0,199.0,0.0,552.0,4.783801,3.098764,0.0,7.882526,24.0,23.0,0.0,4.0,0.0,0.0
3/18/2026,1:18:27,42813638.03,LeftWater,6.0,42.0,58.0,99.0,99.0,398.0,261.0,200.0,199.0,0.0,552.0,4.783801,3.098764,0.0,7.882526,24.0,23.0,0.0,4.0,0.0,0.0
3/18/2026,1:18:27,42813705.81,WaterDispensed,10.0,42.0,58.0,99.0,99.0,398.0,261.0,200.0,199.0,0.0,553.0,4.783801,3.113044,0.0,7.896806,24.0,23.0,0.0,4.0,0.0,0.0
3/18/2026,1:18:27,42813777.21,LeftWater,6.0,42.0,58.0,99.0,99.0,398.0,262.0,200.0,199.0,0.0,553.0,4.783801,3.113044,0.0,7.896806,24.0,23.0,0.0,4.0,0.0,0.0
3/18/2026,1:18:28,42814363.32,LeftWater,6.0,42.0,58.0,99.0,99.0,398.0,263.0,200.0,199.0,0.0,553.0,4.783801,3.113044,0.0,7.896806,24.0,23.0,0.0,4.0,0.0,0.0
3/18/2026,1:18:28,42814431.1,WaterDispensed,10.0,42.0,58.0,99.0,99.0,398.0,263.0,200.0,199.0,0.0,554.0,4.783801,3.127324,0.0,7.911086,24.0,23.0,0.0,4.0,0.0,0.0
3/18/2026,1:18:29,42815783.59,LeftWater,6.0,42.0,58.0,99.0,99.0,398.0,264.0,200.0,199.0,0.0,554.0,4.783801,3.127324,0.0,7.911086,24.0,23.0,0.0,4.0,0.0,0.0
3/18/2026,1:18:29,42815851.37,WaterDispensed,10.0,42.0,58.0,99.0,99.0,398.0,264.0,200.0,199.0,0.0,555.0,4.783801,3.141604,0.0,7.925366,24.0,23.0,0.0,4.0,0.0,0.0
3/18/2026,1:18:30,42816095.32,LeftWater,6.0,42.0,58.0,99.0,99.0,398.0,265.0,200.0,199.0,0.0,555.0,4.783801,3.141604,0.0,7.925366,24.0,23.0,0.0,4.0,0.0,0.0
3/18/2026,1:18:30,42816163.1,WaterDispensed,10.0,42.0,58.0,99.0,99.0,398.0,265.0,200.0,199.0,0.0,556.0,4.783801,3.155885,0.0,7.939646,24.0,23.0,0.0,4.0,0.0,0.0
3/18/2026,1:18:30,42816535.14,LeftWater,6.0,42.0,58.0,99.0,99.0,398.0,266.0,200.0,199.0,0.0,556.0,4.783801,3.155885,0.0,7.939646,24.0,23.0,0.0,4.0,0.0,0.0
3/18/2026,1:18:30,42816602.92,WaterDispensed,10.0,42.0,58.0,99.0,99.0,398.0,266.0,200.0,199.0,0.0,557.0,4.783801,3.170165,0.0,7.953926,24.0,23.0,0.0,4.0,0.0,0.0
3/18/2026,1:18:30,42816866.26,LeftWater,6.0,42.0,58.0,99.0,99.0,398.0,267.0,200.0,199.0,0.0,557.0,4.783801,3.170165,0.0,7.953926,24.0,23.0,0.0,4.0,0.0,0.0
3/18/2026,1:18:30,42816934.04,WaterDispensed,10.0,42.0,58.0,99.0,99.0,398.0,267.0,200.0,199.0,0.0,558.0,4.783801,3.184445,0.0,7.968205,24.0,23.0,0.0,4.0,0.0,0.0
3/18/2026,1:18:31,42817171.22,LeftWater,6.0,42.0,58.0,99.0,99.0,398.0,268.0,200.0,199.0,0.0,558.0,4.783801,3.184445,0.0,7.968205,24.0,23.0,0.0,4.0,0.0,0.0
3/18/2026,1:18:31,42817239.0,WaterDispensed,10.0,42.0,58.0,99.0,99.0,398.0,268.0,200.0,199.0,0.0,559.0,4.783801,3.198725,0.0,7.982485,24.0,23.0,0.0,4.0,0.0,0.0
3/18/2026,1:18:31,42817468.54,LeftWater,6.0,42.0,58.0,99.0,99.0,398.0,269.0,200.0,199.0,0.0,559.0,4.783801,3.198725,0.0,7.982485,24.0,23.0,0.0,4.0,0.0,0.0
3/18/2026,1:18:31,42817536.32,WaterDispensed,10.0,42.0,58.0,99.0,99.0,398.0,269.0,200.0,199.0,0.0,560.0,4.783801,3.213005,0.0,7.996765,24.0,23.0,0.0,4.0,0.0,0.0
3/18/2026,1:18:31,42817819.14,LeftWater,6.0,42.0,58.0,99.0,99.0,398.0,270.0,200.0,199.0,0.0,560.0,4.783801,3.213005,0.0,7.996765,24.0,23.0,0.0,4.0,0.0,0.0
3/18/2026,1:18:31,42817886.92,WaterDispensed,10.0,42.0,58.0,99.0,99.0,398.0,270.0,200.0,199.0,0.0,561.0,4.783801,3.227285,0.0,8.011045,24.0,23.0,0.0,4.0,0.0,0.0
3/18/2026,3:49:18,51864351.02,LeftWater,6.0,42.0,58.0,99.0,99.0,398.0,271.0,200.0,199.0,0.0,561.0,4.783801,3.227285,0.0,8.011045,24.0,23.0,0.0,4.0,0.0,0.0
3/18/2026,3:49:18,51864418.8,WaterDispensed,10.0,42.0,58.0,99.0,99.0,398.0,271.0,200.0,199.0,0.0,562.0,4.783801,3.241565,0.0,8.025326,24.0,23.0,0.0,4.0,0.0,0.0
3/18/2026,3:49:19,51865023.44,RightWater,5.0,42.0,58.0,99.0,99.0,399.0,271.0,200.0,199.0,0.0,562.0,4.783801,3.241565,0.0,8.025326,24.0,23.0,0.0,4.0,0.0,0.0
3/18/2026,3:49:19,51865089.73,LeftWater,6.0,42.0,58.0,99.0,99.0,399.0,272.0,200.0,199.0,0.0,562.0,4.783801,3.241565,0.0,8.025326,24.0,23.0,0.0,4.0,0.0,0.0
3/18/2026,3:49:19,51865157.5,WaterDispensed,10.0,42.0,58.0,99.0,99.0,399.0,272.0,200.0,199.0,0.0,563.0,4.783801,3.255845,0.0,8.039606,24.0,23.0,0.0,4.0,0.0,0.0
3/18/2026,3:49:19,51865227.78,WaterDispensed,10.0,42.0,58.0,99.0,99.0,399.0,272.0,200.0,199.0,0.0,564.0,4.783801,3.270125,0.0,8.053886,24.0,23.0,0.0,4.0,0.0,0.0
3/18/2026,3:49:24,51870772.81,Retrieved,4.0,42.0,58.0,99.0,100.0,399.0,272.0,200.0,199.0,0.0,564.0,4.783801,3.270125,0.0,8.053886,24.0,23.0,0.0,4.0,0.0,0.0
3/18/2026,3:50:00,51906955.92,Right,1.0,43.0,58.0,99.0,100.0,399.0,272.0,200.0,199.0,0.0,564.0,4.783801,3.270125,0.0,8.053886,24.0,23.0,0.0,4.0,0.0,0.0
3/18/2026,3:50:01,51907466.37,TONE,8.0,43.0,58.0,99.0,100.0,399.0,272.0,200.0,200.0,0.0,564.0,4.783801,3.270125,0.0,8.053886,24.0,23.0,0.0,4.0,0.0,0.0
3/18/2026,3:50:01,51907534.43,LED,7.0,43.0,58.0,99.0,100.0,399.0,272.0,201.0,200.0,0.0,564.0,4.783801,3.270125,0.0,8.053886,24.0,23.0,0.0,4.0,0.0,0.0
3/18/2026,3:50:02,51908278.71,Dispensed,3.0,43.0,58.0,100.0,100.0,399.0,272.0,201.0,200.0,0.0,564.0,4.783801,3.270125,0.0,8.053886,24.0,23.0,0.0,4.0,0.0,0.0
3/18/2026,3:50:02,51908341.73,TONE,8.0,43.0,58.0,100.0,100.0,399.0,272.0,201.0,201.0,0.0,564.0,4.783801,3.270125,0.0,8.053886,24.0,23.0,0.0,4.0,0.0,0.0
3/18/2026,3:50:02,51908409.79,LED,7.0,43.0,58.0,100.0,100.0,399.0,272.0,202.0,201.0,0.0,564.0,4.783801,3.270125,0.0,8.053886,24.0,23.0,0.0,4.0,0.0,0.0
3/18/2026,3:50:03,51909125.71,Retrieved,4.0,43.0,58.0,100.0,101.0,399.0,272.0,202.0,201.0,0.0,564.0,4.783801,3.270125,0.0,8.053886,24.0,23.0,0.0,4.0,0.0,0.0
3/18/2026,3:50:21,51927212.42,Right,1.0,44.0,58.0,100.0,101.0,399.0,272.0,202.0,201.0,0.0,564.0,4.783801,3.270125,0.0,8.053886,24.0,23.0,0.0,4.0,0.0,0.0
3/18/2026,3:50:21,51927621.13,TONE,8.0,44.0,58.0,100.0,101.0,399.0,272.0,202.0,202.0,0.0,564.0,4.783801,3.270125,0.0,8.053886,24.0,23.0,0.0,4.0,0.0,0.0
3/18/2026,3:50:21,51927689.18,LED,7.0,44.0,58.0,100.0,101.0,399.0,272.0,203.0,202.0,0.0,564.0,4.783801,3.270125,0.0,8.053886,24.0,23.0,0.0,4.0,0.0,0.0
3/18/2026,3:50:22,51928361.49,Dispensed,3.0,44.0,58.0,101.0,101.0,399.0,272.0,203.0,202.0,0.0,564.0,4.783801,3.270125,0.0,8.053886,24.0,23.0,0.0,4.0,0.0,0.0
3/18/2026,3:50:22,51928424.51,TONE,8.0,44.0,58.0,101.0,101.0,399.0,272.0,203.0,203.0,0.0,564.0,4.783801,3.270125,0.0,8.053886,24.0,23.0,0.0,4.0,0.0,0.0
3/18/2026,3:50:22,51928492.57,LED,7.0,44.0,58.0,101.0,101.0,399.0,272.0,204.0,203.0,0.0,564.0,4.783801,3.270125,0.0,8.053886,24.0,23.0,0.0,4.0,0.0,0.0
3/18/2026,3:50:23,51929148.85,Retrieved,4.0,44.0,58.0,101.0,102.0,399.0,272.0,204.0,203.0,0.0,564.0,4.783801,3.270125,0.0,8.053886,24.0,23.0,0.0,4.0,0.0,0.0
3/18/2026,3:50:54,51960402.24,Right,1.0,45.0,58.0,101.0,102.0,399.0,272.0,204.0,203.0,0.0,564.0,4.783801,3.270125,0.0,8.053886,24.0,23.0,0.0,4.0,0.0,0.0
3/18/2026,3:50:54,51960808.31,TONE,8.0,45.0,58.0,101.0,102.0,399.0,272.0,204.0,204.0,0.0,564.0,4.783801,3.270125,0.0,8.053886,24.0,23.0,0.0,4.0,0.0,0.0
3/18/2026,3:50:54,51960876.36,LED,7.0,45.0,58.0,101.0,102.0,399.0,272.0,205.0,204.0,0.0,564.0,4.783801,3.270125,0.0,8.053886,24.0,23.0,0.0,4.0,0.0,0.0
3/18/2026,3:50:55,51961694.53,Dispensed,3.0,45.0,58.0,102.0,102.0,399.0,272.0,205.0,204.0,0.0,564.0,4.783801,3.270125,0.0,8.053886,24.0,23.0,0.0,4.0,0.0,0.0
3/18/2026,3:50:55,51961757.55,TONE,8.0,45.0,58.0,102.0,102.0,399.0,272.0,205.0,205.0,0.0,564.0,4.783801,3.270125,0.0,8.053886,24.0,23.0,0.0,4.0,0.0,0.0
3/18/2026,3:50:55,51961825.61,LED,7.0,45.0,58.0,102.0,102.0,399.0,272.0,206.0,205.0,0.0,564.0,4.783801,3.270125,0.0,8.053886,24.0,23.0,0.0,4.0,0.0,0.0
3/18/2026,3:50:56,51962302.91,Retrieved,4.0,45.0,58.0,102.0,103.0,399.0,272.0,206.0,205.0,0.0,564.0,4.783801,3.270125,0.0,8.053886,24.0,23.0,0.0,4.0,0.0,0.0
3/18/2026,3:51:18,51984077.47,Right,1.0,46.0,58.0,102.0,103.0,399.0,272.0,206.0,205.0,0.0,564.0,4.783801,3.270125,0.0,8.053886,24.0,23.0,0.0,4.0,0.0,0.0
3/18/2026,3:51:19,51985478.9,TONE,8.0,46.0,58.0,102.0,103.0,399.0,272.0,206.0,206.0,0.0,564.0,4.783801,3.270125,0.0,8.053886,24.0,23.0,0.0,4.0,0.0,0.0
3/18/2026,3:51:19,51985546.95,LED,7.0,46.0,58.0,102.0,103.0,399.0,272.0,207.0,206.0,0.0,564.0,4.783801,3.270125,0.0,8.053886,24.0,23.0,0.0,4.0,0.0,0.0
3/18/2026,3:51:20,51986185.17,Dispensed,3.0,46.0,58.0,103.0,103.0,399.0,272.0,207.0,206.0,0.0,564.0,4.783801,3.270125,0.0,8.053886,24.0,23.0,0.0,4.0,0.0,0.0
3/18/2026,3:51:20,51986248.19,TONE,8.0,46.0,58.0,103.0,103.0,399.0,272.0,207.0,207.0,0.0,564.0,4.783801,3.270125,0.0,8.053886,24.0,23.0,0.0,4.0,0.0,0.0
3/18/2026,3:51:20,51986316.25,LED,7.0,46.0,58.0,103.0,103.0,399.0,272.0,208.0,207.0,0.0,564.0,4.783801,3.270125,0.0,8.053886,24.0,23.0,0.0,4.0,0.0,0.0
3/18/2026,3:51:21,51987509.87,Retrieved,4.0,46.0,58.0,103.0,104.0,399.0,272.0,208.0,207.0,0.0,564.0,4.783801,3.270125,0.0,8.053886,24.0,23.0,0.0,4.0,0.0,0.0
3/18/2026,3:51:40,52006950.38,Right,1.0,47.0,58.0,103.0,104.0,399.0,272.0,208.0,207.0,0.0,564.0,4.783801,3.270125,0.0,8.053886,24.0,23.0,0.0,4.0,0.0,0.0
3/18/2026,3:51:41,52007902.49,TONE,8.0,47.0,58.0,103.0,104.0,399.0,272.0,208.0,208.0,0.0,564.0,4.783801,3.270125,0.0,8.053886,24.0,23.0,0.0,4.0,0.0,0.0
3/18/2026,3:51:41,52007970.54,LED,7.0,47.0,58.0,103.0,104.0,399.0,272.0,209.0,208.0,0.0,564.0,4.783801,3.270125,0.0,8.053886,24.0,23.0,0.0,4.0,0.0,0.0
3/18/2026,3:51:42,52008689.82,Dispensed,3.0,47.0,58.0,104.0,104.0,399.0,272.0,209.0,208.0,0.0,564.0,4.783801,3.270125,0.0,8.053886,24.0,23.0,0.0,4.0,0.0,0.0
3/18/2026,3:51:42,52008752.83,TONE,8.0,47.0,58.0,104.0,104.0,399.0,272.0,209.0,209.0,0.0,564.0,4.783801,3.270125,0.0,8.053886,24.0,23.0,0.0,4.0,0.0,0.0
3/18/2026,3:51:42,52008820.89,LED,7.0,47.0,58.0,104.0,104.0,399.0,272.0,210.0,209.0,0.0,564.0,4.783801,3.270125,0.0,8.053886,24.0,23.0,0.0,4.0,0.0,0.0
3/18/2026,3:51:44,52010073.86,Retrieved,4.0,47.0,58.0,104.0,105.0,399.0,272.0,210.0,209.0,0.0,564.0,4.783801,3.270125,0.0,8.053886,24.0,23.0,0.0,4.0,0.0,0.0
3/18/2026,3:52:04,52030096.14,Right,1.0,48.0,58.0,104.0,105.0,399.0,272.0,210.0,209.0,0.0,564.0,4.783801,3.270125,0.0,8.053886,24.0,23.0,0.0,4.0,0.0,0.0
3/18/2026,3:52:04,52030502.2,TONE,8.0,48.0,58.0,104.0,105.0,399.0,272.0,210.0,210.0,0.0,564.0,4.783801,3.270125,0.0,8.053886,24.0,23.0,0.0,4.0,0.0,0.0
3/18/2026,3:52:04,52030570.26,LED,7.0,48.0,58.0,104.0,105.0,399.0,272.0,211.0,210.0,0.0,564.0,4.783801,3.270125,0.0,8.053886,24.0,23.0,0.0,4.0,0.0,0.0
3/18/2026,3:52:05,52031304.76,Dispensed,3.0,48.0,58.0,105.0,105.0,399.0,272.0,211.0,210.0,0.0,564.0,4.783801,3.270125,0.0,8.053886,24.0,23.0,0.0,4.0,0.0,0.0
3/18/2026,3:52:05,52031367.78,TONE,8.0,48.0,58.0,105.0,105.0,399.0,272.0,211.0,211.0,0.0,564.0,4.783801,3.270125,0.0,8.053886,24.0,23.0,0.0,4.0,0.0,0.0
3/18/2026,3:52:05,52031435.84,LED,7.0,48.0,58.0,105.0,105.0,399.0,272.0,212.0,211.0,0.0,564.0,4.783801,3.270125,0.0,8.053886,24.0,23.0,0.0,4.0,0.0,0.0
3/18/2026,3:52:06,52032092.24,Retrieved,4.0,48.0,58.0,105.0,106.0,399.0,272.0,212.0,211.0,0.0,564.0,4.783801,3.270125,0.0,8.053886,24.0,23.0,0.0,4.0,0.0,0.0
3/18/2026,3:52:24,52050335.67,Right,1.0,49.0,58.0,105.0,106.0,399.0,272.0,212.0,211.0,0.0,564.0,4.783801,3.270125,0.0,8.053886,24.0,23.0,0.0,4.0,0.0,0.0
3/18/2026,3:52:24,52050744.42,TONE,8.0,49.0,58.0,105.0,106.0,399.0,272.0,212.0,212.0,0.0,564.0,4.783801,3.270125,0.0,8.053886,24.0,23.0,0.0,4.0,0.0,0.0
3/18/2026,3:52:24,52050812.47,LED,7.0,49.0,58.0,105.0,106.0,399.0,272.0,213.0,212.0,0.0,564.0,4.783801,3.270125,0.0,8.053886,24.0,23.0,0.0,4.0,0.0,0.0
3/18/2026,3:52:25,52051558.29,Dispensed,3.0,49.0,58.0,106.0,106.0,399.0,272.0,213.0,213.0,0.0,564.0,4.783801,3.270125,0.0,8.053886,24.0,23.0,0.0,4.0,0.0,0.0
3/18/2026,3:52:25,52051621.31,TONE,8.0,49.0,58.0,106.0,106.0,399.0,272.0,213.0,213.0,0.0,564.0,4.783801,3.270125,0.0,8.053886,24.0,23.0,0.0,4.0,0.0,0.0
3/18/2026,3:52:25,52051689.36,LED,7.0,49.0,58.0,106.0,106.0,399.0,272.0,214.0,213.0,0.0,564.0,4.783801,3.270125,0.0,8.053886,24.0,23.0,0.0,4.0,0.0,0.0
3/18/2026,3:52:26,52052166.72,Retrieved,4.0,49.0,58.0,106.0,107.0,399.0,272.0,214.0,213.0,0.0,564.0,4.783801,3.270125,0.0,8.053886,24.0,23.0,0.0,4.0,0.0,0.0
3/18/2026,3:52:43,52069689.34,Right,1.0,50.0,58.0,106.0,107.0,399.0,272.0,214.0,213.0,0.0,564.0,4.783801,3.270125,0.0,8.053886,24.0,23.0,0.0,4.0,0.0,0.0
3/18/2026,3:52:44,52070158.67,TONE,8.0,50.0,58.0,106.0,107.0,399.0,272.0,214.0,214.0,0.0,564.0,4.783801,3.270125,0.0,8.053886,24.0,23.0,0.0,4.0,0.0,0.0
3/18/2026,3:52:44,52070226.72,LED,7.0,50.0,58.0,106.0,107.0,399.0,272.0,215.0,214.0,0.0,564.0,4.783801,3.270125,0.0,8.053886,24.0,23.0,0.0,4.0,0.0,0.0
3/18/2026,3:52:44,52070967.35,Dispensed,3.0,50.0,58.0,107.0,107.0,399.0,272.0,215.0,214.0,0.0,564.0,4.783801,3.270125,0.0,8.053886,24.0,23.0,0.0,4.0,0.0,0.0
3/18/2026,3:52:45,52071030.36,TONE,8.0,50.0,58.0,107.0,107.0,399.0,272.0,215.0,215.0,0.0,564.0,4.783801,3.270125,0.0,8.053886,24.0,23.0,0.0,4.0,0.0,0.0
3/18/2026,3:52:45,52071098.42,LED,7.0,50.0,58.0,107.0,107.0,399.0,272.0,216.0,215.0,0.0,564.0,4.783801,3.270125,0.0,8.053886,24.0,23.0,0.0,4.0,0.0,0.0
3/18/2026,3:52:45,52071515.95,Retrieved,4.0,50.0,58.0,107.0,108.0,399.0,272.0,216.0,215.0,0.0,564.0,4.783801,3.270125,0.0,8.053886,24.0,23.0,0.0,4.0,0.0,0.0
3/18/2026,3:58:50,52436729.65,LeftWater,6.0,50.0,58.0,107.0,108.0,399.0,273.0,216.0,215.0,0.0,564.0,4.783801,3.270125,0.0,8.053886,24.0,23.0,0.0,4.0,0.0,0.0
3/18/2026,3:58:50,52436797.43,WaterDispensed,10.0,50.0,58.0,107.0,108.0,399.0,273.0,216.0,215.0,0.0,565.0,4.783801,3.284405,0.0,8.068167,24.0,23.0,0.0,4.0,0.0,0.0
3/18/2026,3:58:51,52437508.04,LeftWater,6.0,50.0,58.0,107.0,108.0,399.0,274.0,216.0,215.0,0.0,565.0,4.783801,3.284405,0.0,8.068167,24.0,23.0,0.0,4.0,0.0,0.0
3/18/2026,3:58:51,52437575.81,WaterDispensed,10.0,50.0,58.0,107.0,108.0,399.0,274.0,216.0,215.0,0.0,566.0,4.783801,3.298685,0.0,8.082447,24.0,23.0,0.0,4.0,0.0,0.0
3/18/2026,3:58:52,52438077.66,LeftWater,6.0,50.0,58.0,107.0,108.0,399.0,275.0,216.0,215.0,0.0,566.0,4.783801,3.298685,0.0,8.082447,24.0,23.0,0.0,4.0,0.0,0.0
3/18/2026,3:58:52,52438145.44,WaterDispensed,10.0,50.0,58.0,107.0,108.0,399.0,275.0,216.0,215.0,0.0,567.0,4.783801,3.312965,0.0,8.096727,24.0,23.0,0.0,4.0,0.0,0.0
3/18/2026,3:58:52,52438650.35,LeftWater,6.0,50.0,58.0,107.0,108.0,399.0,276.0,216.0,215.0,0.0,567.0,4.783801,3.312965,0.0,8.096727,24.0,23.0,0.0,4.0,0.0,0.0
3/18/2026,3:58:52,52438718.12,WaterDispensed,10.0,50.0,58.0,107.0,108.0,399.0,276.0,216.0,215.0,0.0,568.0,4.783801,3.327245,0.0,8.111008,24.0,23.0,0.0,4.0,0.0,0.0
3/18/2026,3:58:52,52438817.85,LeftWater,6.0,50.0,58.0,107.0,108.0,399.0,277.0,216.0,215.0,0.0,568.0,4.783801,3.327245,0.0,8.111008,24.0,23.0,0.0,4.0,0.0,0.0
3/18/2026,3:58:53,52439596.37,LeftWater,6.0,50.0,58.0,107.0,108.0,399.0,278.0,216.0,215.0,0.0,569.0,4.783801,3.341526,0.0,8.125288,24.0,23.0,0.0,4.0,0.0,0.0
3/18/2026,3:58:53,52439664.17,WaterDispensed,10.0,50.0,58.0,107.0,108.0,399.0,278.0,216.0,215.0,0.0,569.0,4.783801,3.341526,0.0,8.125288,24.0,23.0,0.0,4.0,0.0,0.0
3/18/2026,3:58:54,52440034.28,LeftWater,6.0,50.0,58.0,107.0,108.0,399.0,279.0,216.0,215.0,0.0,569.0,4.783801,3.341526,0.0,8.125288,24.0,23.0,0.0,4.0,0.0,0.0
3/18/2026,3:58:54,52440102.07,WaterDispensed,10.0,50.0,58.0,107.0,108.0,399.0,279.0,216.0,215.0,0.0,570.0,4.783801,3.355806,0.0,8.139568,24.0,23.0,0.0,4.0,0.0,0.0
3/18/2026,3:58:54,52440441.96,LeftWater,6.0,50.0,58.0,107.0,108.0,399.0,280.0,216.0,215.0,0.0,570.0,4.783801,3.355806,0.0,8.139568,24.0,23.0,0.0,4.0,0.0,0.0
3/18/2026,3:58:54,52440509.74,WaterDispensed,10.0,50.0,58.0,107.0,108.0,399.0,280.0,216.0,215.0,0.0,571.0,4.783801,3.370086,0.0,8.153849,24.0,23.0,0.0,4.0,0.0,0.0
3/18/2026,3:58:54,52440909.23,LeftWater,6.0,50.0,58.0,107.0,108.0,399.0,281.0,216.0,215.0,0.0,571.0,4.783801,3.370086,0.0,8.153849,24.0,23.0,0.0,4.0,0.0,0.0
3/18/2026,3:58:54,52440977.01,WaterDispensed,10.0,50.0,58.0,107.0,108.0,399.0,281.0,216.0,215.0,0.0,572.0,4.783801,3.384366,0.0,8.168129,24.0,23.0,0.0,4.0,0.0,0.0
3/18/2026,3:58:55,52441335.36,LeftWater,6.0,50.0,58.0,107.0,108.0,399.0,282.0,216.0,215.0,0.0,572.0,4.783801,3.384366,0.0,8.168129,24.0,23.0,0.0,4.0,0.0,0.0
3/18/2026,3:58:55,52441403.14,WaterDispensed,10.0,50.0,58.0,107.0,108.0,399.0,282.0,216.0,215.0,0.0,573.0,4.783801,3.398646,0.0,8.182409,24.0,23.0,0.0,4.0,0.0,0.0
3/18/2026,3:58:55,52441486.47,LeftWater,6.0,50.0,58.0,107.0,108.0,399.0,283.0,216.0,215.0,0.0,573.0,4.783801,3.398646,0.0,8.182409,24.0,23.0,0.0,4.0,0.0,0.0
3/18/2026,3:58:55,52441780.57,LeftWater,6.0,50.0,58.0,107.0,108.0,399.0,284.0,216.0,215.0,0.0,573.0,4.783801,3.398646,0.0,8.182409,24.0,23.0,0.0,4.0,0.0,0.0
3/18/2026,3:58:55,52441848.35,WaterDispensed,10.0,50.0,58.0,107.0,108.0,399.0,284.0,216.0,215.0,0.0,574.0,4.783801,3.412926,0.0,8.19669,24.0,23.0,0.0,4.0,0.0,0.0
3/18/2026,3:58:55,52441944.67,LeftWater,6.0,50.0,58.0,107.0,108.0,399.0,285.0,216.0,215.0,0.0,574.0,4.783801,3.412926,0.0,8.19669,24.0,23.0,0.0,4.0,0.0,0.0
3/18/2026,3:58:56,52442233.72,LeftWater,6.0,50.0,58.0,107.0,108.0,399.0,286.0,216.0,215.0,0.0,574.0,4.783801,3.412926,0.0,8.19669,24.0,23.0,0.0,4.0,0.0,0.0
3/18/2026,3:58:56,52442301.51,WaterDispensed,10.0,50.0,58.0,107.0,108.0,399.0,286.0,216.0,215.0,0.0,575.0,4.783801,3.427206,0.0,8.21097,24.0,23.0,0.0,4.0,0.0,0.0
3/18/2026,3:58:56,52442379.63,LeftWater,6.0,50.0,58.0,107.0,108.0,399.0,287.0,216.0,215.0,0.0,575.0,4.783801,3.427206,0.0,8.21097,24.0,23.0,0.0,4.0,0.0,0.0
3/18/2026,3:58:56,52442524.24,LeftWater,6.0,50.0,58.0,107.0,108.0,399.0,288.0,216.0,215.0,0.0,575.0,4.783801,3.427206,0.0,8.21097,24.0,23.0,0.0,4.0,0.0,0.0
3/18/2026,3:58:56,52442592.02,WaterDispensed,10.0,50.0,58.0,107.0,108.0,399.0,288.0,216.0,215.0,0.0,576.0,4.783801,3.441486,0.0,8.22525,24.0,23.0,0.0,4.0,0.0,0.0
3/18/2026,3:58:56,52442677.09,LeftWater,6.0,50.0,58.0,107.0,108.0,399.0,289.0,216.0,215.0,0.0,576.0,4.783801,3.441486,0.0,8.22525,24.0,23.0,0.0,4.0,0.0,0.0
3/18/2026,3:59:20,52466503.24,Left,2.0,50.0,59.0,107.0,108.0,399.0,289.0,216.0,215.0,0.0,576.0,4.783801,3.441486,0.0,8.22525,24.0,23.0,0.0,4.0,0.0,0.0
3/18/2026,3:59:22,52468038.54,TONE,8.0,50.0,59.0,107.0,108.0,399.0,289.0,216.0,216.0,0.0,576.0,4.783801,3.441486,0.0,8.22525,24.0,23.0,0.0,4.0,0.0,0.0
3/18/2026,3:59:22,52468106.6,LED,7.0,50.0,59.0,107.0,108.0,399.0,289.0,217.0,216.0,0.0,576.0,4.783801,3.441486,0.0,8.22525,24.0,23.0,0.0,4.0,0.0,0.0
3/18/2026,3:59:22,52468811.78,Dispensed,3.0,50.0,59.0,108.0,108.0,399.0,289.0,217.0,216.0,0.0,576.0,4.783801,3.441486,0.0,8.22525,24.0,23.0,0.0,4.0,0.0,0.0
3/18/2026,3:59:22,52468874.79,TONE,8.0,50.0,59.0,108.0,108.0,399.0,289.0,217.0,217.0,0.0,576.0,4.783801,3.441486,0.0,8.22525,24.0,23.0,0.0,4.0,0.0,0.0
3/18/2026,3:59:22,52468942.85,LED,7.0,50.0,59.0,108.0,108.0,399.0,289.0,218.0,217.0,0.0,576.0,4.783801,3.441486,0.0,8.22525,24.0,23.0,0.0,4.0,0.0,0.0
3/18/2026,3:59:24,52470077.19,LeftWithPellet,12.0,50.0,59.0,108.0,108.0,399.0,289.0,218.0,217.0,0.0,576.0,4.783801,3.441486,0.0,8.22525,24.0,24.0,0.0,4.0,0.0,0.0
3/18/2026,3:59:26,52472797.6,Retrieved,4.0,50.0,59.0,108.0,109.0,399.0,289.0,218.0,217.0,0.0,576.0,4.783801,3.441486,0.0,8.22525,24.0,24.0,0.0,4.0,0.0,0.0
3/18/2026,5:25:42,57648517.01,Left,2.0,50.0,60.0,108.0,109.0,399.0,289.0,218.0,217.0,0.0,576.0,4.783801,3.441486,0.0,8.22525,24.0,24.0,0.0,4.0,0.0,0.0
3/18/2026,5:25:43,57649323.03,TONE,8.0,50.0,60.0,108.0,109.0,399.0,289.0,218.0,218.0,0.0,576.0,4.783801,3.441486,0.0,8.22525,24.0,24.0,0.0,4.0,0.0,0.0
3/18/2026,5:25:43,57649391.08,LED,7.0,50.0,60.0,108.0,109.0,399.0,289.0,219.0,218.0,0.0,576.0,4.783801,3.441486,0.0,8.22525,24.0,24.0,0.0,4.0,0.0,0.0
3/18/2026,5:25:44,57650174.59,Dispensed,3.0,50.0,60.0,109.0,109.0,399.0,289.0,219.0,218.0,0.0,576.0,4.783801,3.441486,0.0,8.22525,24.0,24.0,0.0,4.0,0.0,0.0
3/18/2026,5:25:44,57650237.6,TONE,8.0,50.0,60.0,109.0,109.0,399.0,289.0,219.0,219.0,0.0,576.0,4.783801,3.441486,0.0,8.22525,24.0,24.0,0.0,4.0,0.0,0.0
3/18/2026,5:25:44,57650305.66,LED,7.0,50.0,60.0,109.0,109.0,399.0,289.0,220.0,219.0,0.0,576.0,4.783801,3.441486,0.0,8.22525,24.0,24.0,0.0,4.0,0.0,0.0
3/18/2026,5:25:44,57650663.85,Retrieved,4.0,50.0,60.0,109.0,110.0,399.0,289.0,220.0,219.0,0.0,576.0,4.783801,3.441486,0.0,8.22525,24.0,24.0,0.0,4.0,0.0,0.0
3/18/2026,5:26:00,57666523.81,Left,2.0,50.0,61.0,109.0,110.0,399.0,289.0,220.0,219.0,0.0,576.0,4.783801,3.441486,0.0,8.22525,24.0,24.0,0.0,4.0,0.0,0.0
3/18/2026,5:26:00,57666990.98,TONE,8.0,50.0,61.0,109.0,110.0,399.0,289.0,220.0,220.0,0.0,576.0,4.783801,3.441486,0.0,8.22525,24.0,24.0,0.0,4.0,0.0,0.0
3/18/2026,5:26:01,57667059.03,LED,7.0,50.0,61.0,109.0,110.0,399.0,289.0,221.0,220.0,0.0,576.0,4.783801,3.441486,0.0,8.22525,24.0,24.0,0.0,4.0,0.0,0.0
3/18/2026,5:26:01,57667620.26,Dispensed,3.0,50.0,61.0,110.0,110.0,399.0,289.0,221.0,221.0,0.0,576.0,4.783801,3.441486,0.0,8.22525,24.0,24.0,0.0,4.0,0.0,0.0
3/18/2026,5:26:01,57667683.28,TONE,8.0,50.0,61.0,110.0,110.0,399.0,289.0,221.0,221.0,0.0,576.0,4.783801,3.441486,0.0,8.22525,24.0,24.0,0.0,4.0,0.0,0.0
3/18/2026,5:26:01,57667751.34,LED,7.0,50.0,61.0,110.0,110.0,399.0,289.0,222.0,221.0,0.0,576.0,4.783801,3.441486,0.0,8.22525,24.0,24.0,0.0,4.0,0.0,0.0
3/18/2026,5:26:02,57668228.72,Retrieved,4.0,50.0,61.0,110.0,111.0,399.0,289.0,222.0,221.0,0.0,576.0,4.783801,3.441486,0.0,8.22525,24.0,24.0,0.0,4.0,0.0,0.0
3/18/2026,5:26:33,57699819.46,Left,2.0,50.0,62.0,110.0,111.0,399.0,289.0,222.0,221.0,0.0,576.0,4.783801,3.441486,0.0,8.22525,24.0,24.0,0.0,4.0,0.0,0.0
3/18/2026,5:26:34,57700228.98,TONE,8.0,50.0,62.0,110.0,111.0,399.0,289.0,222.0,222.0,0.0,576.0,4.783801,3.441486,0.0,8.22525,24.0,24.0,0.0,4.0,0.0,0.0
3/18/2026,5:26:34,57700297.03,LED,7.0,50.0,62.0,110.0,111.0,399.0,289.0,223.0,222.0,0.0,576.0,4.783801,3.441486,0.0,8.22525,24.0,24.0,0.0,4.0,0.0,0.0
3/18/2026,5:26:35,57701069.19,Dispensed,3.0,50.0,62.0,111.0,111.0,399.0,289.0,223.0,222.0,0.0,576.0,4.783801,3.441486,0.0,8.22525,24.0,24.0,0.0,4.0,0.0,0.0
3/18/2026,5:26:35,57701132.21,TONE,8.0,50.0,62.0,111.0,111.0,399.0,289.0,223.0,223.0,0.0,576.0,4.783801,3.441486,0.0,8.22525,24.0,24.0,0.0,4.0,0.0,0.0
3/18/2026,5:26:35,57701200.27,LED,7.0,50.0,62.0,111.0,111.0,399.0,289.0,224.0,223.0,0.0,576.0,4.783801,3.441486,0.0,8.22525,24.0,24.0,0.0,4.0,0.0,0.0
3/18/2026,5:26:35,57701498.77,Retrieved,4.0,50.0,62.0,111.0,112.0,399.0,289.0,224.0,223.0,0.0,576.0,4.783801,3.441486,0.0,8.22525,24.0,24.0,0.0,4.0,0.0,0.0
3/18/2026,5:26:51,57717137.87,Left,2.0,50.0,63.0,111.0,112.0,399.0,289.0,224.0,223.0,0.0,576.0,4.783801,3.441486,0.0,8.22525,24.0,24.0,0.0,4.0,0.0,0.0
3/18/2026,5:26:51,57717544.73,TONE,8.0,50.0,63.0,111.0,112.0,399.0,289.0,224.0,224.0,0.0,576.0,4.783801,3.441486,0.0,8.22525,24.0,24.0,0.0,4.0,0.0,0.0
3/18/2026,5:26:51,57717612.79,LED,7.0,50.0,63.0,111.0,112.0,399.0,289.0,225.0,224.0,0.0,576.0,4.783801,3.441486,0.0,8.22525,24.0,24.0,0.0,4.0,0.0,0.0
3/18/2026,5:26:52,57718314.51,Dispensed,3.0,50.0,63.0,112.0,112.0,399.0,289.0,225.0,224.0,0.0,576.0,4.783801,3.441486,0.0,8.22525,24.0,24.0,0.0,4.0,0.0,0.0
3/18/2026,5:26:52,57718377.53,TONE,8.0,50.0,63.0,112.0,112.0,399.0,289.0,225.0,225.0,0.0,576.0,4.783801,3.441486,0.0,8.22525,24.0,24.0,0.0,4.0,0.0,0.0
3/18/2026,5:26:52,57718445.59,LED,7.0,50.0,63.0,112.0,112.0,399.0,289.0,226.0,225.0,0.0,576.0,4.783801,3.441486,0.0,8.22525,24.0,24.0,0.0,4.0,0.0,0.0
3/18/2026,5:26:52,57718982.62,Retrieved,4.0,50.0,63.0,112.0,113.0,399.0,289.0,226.0,225.0,0.0,576.0,4.783801,3.441486,0.0,8.22525,24.0,24.0,0.0,4.0,0.0,0.0
3/18/2026,5:27:07,57733118.01,Left,2.0,50.0,64.0,112.0,113.0,399.0,289.0,226.0,225.0,0.0,576.0,4.783801,3.441486,0.0,8.22525,24.0,24.0,0.0,4.0,0.0,0.0
3/18/2026,5:27:07,57733560.26,TONE,8.0,50.0,64.0,112.0,113.0,399.0,289.0,226.0,226.0,0.0,576.0,4.783801,3.441486,0.0,8.22525,24.0,24.0,0.0,4.0,0.0,0.0
3/18/2026,5:27:07,57733628.32,LED,7.0,50.0,64.0,112.0,113.0,399.0,289.0,227.0,226.0,0.0,576.0,4.783801,3.441486,0.0,8.22525,24.0,24.0,0.0,4.0,0.0,0.0
3/18/2026,5:27:08,57734483.79,Dispensed,3.0,50.0,64.0,113.0,113.0,399.0,289.0,227.0,226.0,0.0,576.0,4.783801,3.441486,0.0,8.22525,24.0,24.0,0.0,4.0,0.0,0.0
3/18/2026,5:27:08,57734546.81,TONE,8.0,50.0,64.0,113.0,113.0,399.0,289.0,227.0,227.0,0.0,576.0,4.783801,3.441486,0.0,8.22525,24.0,24.0,0.0,4.0,0.0,0.0
3/18/2026,5:27:08,57734614.86,LED,7.0,50.0,64.0,113.0,113.0,399.0,289.0,228.0,227.0,0.0,576.0,4.783801,3.441486,0.0,8.22525,24.0,24.0,0.0,4.0,0.0,0.0
3/18/2026,5:27:09,57735092.17,Retrieved,4.0,50.0,64.0,113.0,114.0,399.0,289.0,228.0,227.0,0.0,576.0,4.783801,3.441486,0.0,8.22525,24.0,24.0,0.0,4.0,0.0,0.0
3/18/2026,5:27:41,57767552.28,Left,2.0,50.0,65.0,113.0,114.0,399.0,289.0,228.0,227.0,0.0,576.0,4.783801,3.441486,0.0,8.22525,24.0,24.0,0.0,4.0,0.0,0.0
3/18/2026,5:27:41,57767959.18,TONE,8.0,50.0,65.0,113.0,114.0,399.0,289.0,228.0,228.0,0.0,576.0,4.783801,3.441486,0.0,8.22525,24.0,24.0,0.0,4.0,0.0,0.0
3/18/2026,5:27:42,57768027.23,LED,7.0,50.0,65.0,113.0,114.0,399.0,289.0,229.0,228.0,0.0,576.0,4.783801,3.441486,0.0,8.22525,24.0,24.0,0.0,4.0,0.0,0.0
3/18/2026,5:27:42,57768724.35,Dispensed,3.0,50.0,65.0,114.0,114.0,399.0,289.0,229.0,228.0,0.0,576.0,4.783801,3.441486,0.0,8.22525,24.0,24.0,0.0,4.0,0.0,0.0
3/18/2026,5:27:42,57768787.37,TONE,8.0,50.0,65.0,114.0,114.0,399.0,289.0,229.0,229.0,0.0,576.0,4.783801,3.441486,0.0,8.22525,24.0,24.0,0.0,4.0,0.0,0.0
3/18/2026,5:27:42,57768855.43,LED,7.0,50.0,65.0,114.0,114.0,399.0,289.0,230.0,229.0,0.0,576.0,4.783801,3.441486,0.0,8.22525,24.0,24.0,0.0,4.0,0.0,0.0
3/18/2026,5:27:43,57769272.95,Retrieved,4.0,50.0,65.0,114.0,115.0,399.0,289.0,230.0,229.0,0.0,576.0,4.783801,3.441486,0.0,8.22525,24.0,24.0,0.0,4.0,0.0,0.0
3/18/2026,5:27:54,57780754.68,Left,2.0,50.0,66.0,114.0,115.0,399.0,289.0,230.0,229.0,0.0,576.0,4.783801,3.441486,0.0,8.22525,24.0,24.0,0.0,4.0,0.0,0.0
3/18/2026,5:27:55,57781284.25,TONE,8.0,50.0,66.0,114.0,115.0,399.0,289.0,230.0,230.0,0.0,576.0,4.783801,3.441486,0.0,8.22525,24.0,24.0,0.0,4.0,0.0,0.0
3/18/2026,5:27:55,57781352.3,LED,7.0,50.0,66.0,114.0,115.0,399.0,289.0,231.0,230.0,0.0,576.0,4.783801,3.441486,0.0,8.22525,24.0,24.0,0.0,4.0,0.0,0.0
3/18/2026,5:27:56,57782065.56,Dispensed,3.0,50.0,66.0,115.0,115.0,399.0,289.0,231.0,230.0,0.0,576.0,4.783801,3.441486,0.0,8.22525,24.0,24.0,0.0,4.0,0.0,0.0
3/18/2026,5:27:56,57782128.57,TONE,8.0,50.0,66.0,115.0,115.0,399.0,289.0,231.0,231.0,0.0,576.0,4.783801,3.441486,0.0,8.22525,24.0,24.0,0.0,4.0,0.0,0.0
3/18/2026,5:27:56,57782196.63,LED,7.0,50.0,66.0,115.0,115.0,399.0,289.0,232.0,231.0,0.0,576.0,4.783801,3.441486,0.0,8.22525,24.0,24.0,0.0,4.0,0.0,0.0
3/18/2026,5:27:56,57782673.91,Retrieved,4.0,50.0,66.0,115.0,116.0,399.0,289.0,232.0,231.0,0.0,576.0,4.783801,3.441486,0.0,8.22525,24.0,24.0,0.0,4.0,0.0,0.0
3/18/2026,5:28:15,57801420.98,Left,2.0,50.0,67.0,115.0,116.0,399.0,289.0,232.0,231.0,0.0,576.0,4.783801,3.441486,0.0,8.22525,24.0,24.0,0.0,4.0,0.0,0.0
3/18/2026,5:28:15,57801913.08,TONE,8.0,50.0,67.0,115.0,116.0,399.0,289.0,232.0,232.0,0.0,576.0,4.783801,3.441486,0.0,8.22525,24.0,24.0,0.0,4.0,0.0,0.0
3/18/2026,5:28:15,57801981.14,LED,7.0,50.0,67.0,115.0,116.0,399.0,289.0,233.0,232.0,0.0,576.0,4.783801,3.441486,0.0,8.22525,24.0,24.0,0.0,4.0,0.0,0.0
3/18/2026,5:28:16,57802729.82,Dispensed,3.0,50.0,67.0,116.0,116.0,399.0,289.0,233.0,232.0,0.0,576.0,4.783801,3.441486,0.0,8.22525,24.0,24.0,0.0,4.0,0.0,0.0
3/18/2026,5:28:16,57802792.83,TONE,8.0,50.0,67.0,116.0,116.0,399.0,289.0,233.0,233.0,0.0,576.0,4.783801,3.441486,0.0,8.22525,24.0,24.0,0.0,4.0,0.0,0.0
3/18/2026,5:28:16,57802860.89,LED,7.0,50.0,67.0,116.0,116.0,399.0,289.0,234.0,233.0,0.0,576.0,4.783801,3.441486,0.0,8.22525,24.0,24.0,0.0,4.0,0.0,0.0
3/18/2026,5:28:17,57803278.55,Retrieved,4.0,50.0,67.0,116.0,117.0,399.0,289.0,234.0,233.0,0.0,576.0,4.783801,3.441486,0.0,8.22525,24.0,24.0,0.0,4.0,0.0,0.0
3/18/2026,5:28:39,57825034.75,Left,2.0,50.0,68.0,116.0,117.0,399.0,289.0,234.0,233.0,0.0,576.0,4.783801,3.441486,0.0,8.22525,24.0,24.0,0.0,4.0,0.0,0.0
3/18/2026,5:28:39,57825561.29,TONE,8.0,50.0,68.0,116.0,117.0,399.0,289.0,234.0,234.0,0.0,576.0,4.783801,3.441486,0.0,8.22525,24.0,24.0,0.0,4.0,0.0,0.0
3/18/2026,5:28:39,57825629.34,LED,7.0,50.0,68.0,116.0,117.0,399.0,289.0,235.0,234.0,0.0,576.0,4.783801,3.441486,0.0,8.22525,24.0,24.0,0.0,4.0,0.0,0.0
3/18/2026,5:28:40,57826292.57,Dispensed,3.0,50.0,68.0,117.0,117.0,399.0,289.0,235.0,234.0,0.0,576.0,4.783801,3.441486,0.0,8.22525,24.0,24.0,0.0,4.0,0.0,0.0
3/18/2026,5:28:40,57826355.59,TONE,8.0,50.0,68.0,117.0,117.0,399.0,289.0,236.0,235.0,0.0,576.0,4.783801,3.441486,0.0,8.22525,24.0,24.0,0.0,4.0,0.0,0.0
3/18/2026,5:28:40,57826423.64,LED,7.0,50.0,68.0,117.0,117.0,399.0,289.0,236.0,235.0,0.0,576.0,4.783801,3.441486,0.0,8.22525,24.0,24.0,0.0,4.0,0.0,0.0
3/18/2026,5:28:40,57826900.95,Retrieved,4.0,50.0,68.0,117.0,118.0,399.0,289.0,236.0,235.0,0.0,576.0,4.783801,3.441486,0.0,8.22525,24.0,24.0,0.0,4.0,0.0,0.0
3/18/2026,5:28:58,57844405.42,Left,2.0,50.0,69.0,117.0,118.0,399.0,289.0,236.0,235.0,0.0,576.0,4.783801,3.441486,0.0,8.22525,24.0,24.0,0.0,4.0,0.0,0.0
3/18/2026,5:28:58,57844949.9,TONE,8.0,50.0,69.0,117.0,118.0,399.0,289.0,236.0,236.0,0.0,576.0,4.783801,3.441486,0.0,8.22525,24.0,24.0,0.0,4.0,0.0,0.0
3/18/2026,5:28:59,57845017.95,LED,7.0,50.0,69.0,117.0,118.0,399.0,289.0,237.0,236.0,0.0,576.0,4.783801,3.441486,0.0,8.22525,24.0,24.0,0.0,4.0,0.0,0.0
3/18/2026,5:28:59,57845667.39,Dispensed,3.0,50.0,69.0,118.0,118.0,399.0,289.0,237.0,236.0,0.0,576.0,4.783801,3.441486,0.0,8.22525,24.0,24.0,0.0,4.0,0.0,0.0
3/18/2026,5:28:59,57845730.41,TONE,8.0,50.0,69.0,118.0,118.0,399.0,289.0,237.0,237.0,0.0,576.0,4.783801,3.441486,0.0,8.22525,24.0,24.0,0.0,4.0,0.0,0.0
3/18/2026,5:28:59,57845798.47,LED,7.0,50.0,69.0,118.0,118.0,399.0,289.0,238.0,237.0,0.0,576.0,4.783801,3.441486,0.0,8.22525,24.0,24.0,0.0,4.0,0.0,0.0
3/18/2026,5:29:00,57846693.86,Retrieved,4.0,50.0,69.0,118.0,119.0,399.0,289.0,238.0,237.0,0.0,576.0,4.783801,3.441486,0.0,8.22525,24.0,24.0,0.0,4.0,0.0,0.0
3/18/2026,5:29:20,57866044.62,Right,1.0,51.0,69.0,118.0,119.0,399.0,289.0,238.0,237.0,0.0,576.0,4.783801,3.441486,0.0,8.22525,24.0,24.0,0.0,4.0,0.0,0.0
3/18/2026,5:29:20,57866953.48,TONE,8.0,51.0,69.0,118.0,119.0,399.0,289.0,238.0,238.0,0.0,576.0,4.783801,3.441486,0.0,8.22525,24.0,24.0,0.0,4.0,0.0,0.0
3/18/2026,5:29:21,57867021.53,LED,7.0,51.0,69.0,118.0,119.0,399.0,289.0,239.0,238.0,0.0,576.0,4.783801,3.441486,0.0,8.22525,24.0,24.0,0.0,4.0,0.0,0.0
3/18/2026,5:29:21,57867751.32,Dispensed,3.0,51.0,69.0,119.0,119.0,399.0,289.0,239.0,238.0,0.0,576.0,4.783801,3.441486,0.0,8.22525,24.0,24.0,0.0,4.0,0.0,0.0
3/18/2026,5:29:21,57867814.33,TONE,8.0,51.0,69.0,119.0,119.0,399.0,289.0,239.0,239.0,0.0,576.0,4.783801,3.441486,0.0,8.22525,24.0,24.0,0.0,4.0,0.0,0.0
3/18/2026,5:29:21,57867882.39,LED,7.0,51.0,69.0,119.0,119.0,399.0,289.0,240.0,239.0,0.0,576.0,4.783801,3.441486,0.0,8.22525,24.0,24.0,0.0,4.0,0.0,0.0
3/18/2026,5:29:22,57868419.55,Retrieved,4.0,51.0,69.0,119.0,120.0,399.0,289.0,240.0,239.0,0.0,576.0,4.783801,3.441486,0.0,8.22525,24.0,24.0,0.0,4.0,0.0,0.0
3/18/2026,5:29:40,57886763.26,Right,1.0,52.0,69.0,119.0,120.0,399.0,289.0,240.0,239.0,0.0,576.0,4.783801,3.441486,0.0,8.22525,24.0,24.0,0.0,4.0,0.0,0.0
3/18/2026,5:29:41,57887390.67,TONE,8.0,52.0,69.0,119.0,120.0,399.0,289.0,240.0,240.0,0.0,576.0,4.783801,3.441486,0.0,8.22525,24.0,24.0,0.0,4.0,0.0,0.0
3/18/2026,5:29:41,57887458.72,LED,7.0,52.0,69.0,119.0,120.0,399.0,289.0,241.0,240.0,0.0,576.0,4.783801,3.441486,0.0,8.22525,24.0,24.0,0.0,4.0,0.0,0.0
3/18/2026,5:29:42,57888247.02,Dispensed,3.0,52.0,69.0,120.0,120.0,399.0,289.0,241.0,240.0,0.0,576.0,4.783801,3.441486,0.0,8.22525,24.0,24.0,0.0,4.0,0.0,0.0
3/18/2026,5:29:42,57888310.03,TONE,8.0,52.0,69.0,120.0,120.0,399.0,289.0,241.0,241.0,0.0,576.0,4.783801,3.441486,0.0,8.22525,24.0,24.0,0.0,4.0,0.0,0.0
3/18/2026,5:29:42,57888378.09,LED,7.0,52.0,69.0,120.0,120.0,399.0,289.0,242.0,241.0,0.0,576.0,4.783801,3.441486,0.0,8.22525,24.0,24.0,0.0,4.0,0.0,0.0
3/18/2026,5:29:42,57888915.38,Retrieved,4.0,52.0,69.0,120.0,121.0,399.0,289.0,242.0,241.0,0.0,576.0,4.783801,3.441486,0.0,8.22525,24.0,24.0,0.0,4.0,0.0,0.0
3/18/2026,5:30:04,57910190.27,Right,1.0,53.0,69.0,120.0,121.0,399.0,289.0,242.0,241.0,0.0,576.0,4.783801,3.441486,0.0,8.22525,24.0,24.0,0.0,4.0,0.0,0.0
3/18/2026,5:30:04,57910830.9,TONE,8.0,53.0,69.0,120.0,121.0,399.0,289.0,242.0,242.0,0.0,576.0,4.783801,3.441486,0.0,8.22525,24.0,24.0,0.0,4.0,0.0,0.0
3/18/2026,5:30:04,57910898.95,LED,7.0,53.0,69.0,120.0,121.0,399.0,289.0,243.0,242.0,0.0,576.0,4.783801,3.441486,0.0,8.22525,24.0,24.0,0.0,4.0,0.0,0.0
3/18/2026,5:30:05,57911590.26,Dispensed,3.0,53.0,69.0,121.0,121.0,399.0,289.0,243.0,242.0,0.0,576.0,4.783801,3.441486,0.0,8.22525,24.0,24.0,0.0,4.0,0.0,0.0
3/18/2026,5:30:05,57911653.27,TONE,8.0,53.0,69.0,121.0,121.0,399.0,289.0,244.0,243.0,0.0,576.0,4.783801,3.441486,0.0,8.22525,24.0,24.0,0.0,4.0,0.0,0.0
3/18/2026,5:30:05,57911721.33,LED,7.0,53.0,69.0,121.0,121.0,399.0,289.0,244.0,243.0,0.0,576.0,4.783801,3.441486,0.0,8.22525,24.0,24.0,0.0,4.0,0.0,0.0
3/18/2026,5:30:08,57914173.25,Retrieved,4.0,53.0,69.0,121.0,122.0,399.0,289.0,244.0,243.0,0.0,576.0,4.783801,3.441486,0.0,8.22525,24.0,24.0,0.0,4.0,0.0,0.0
3/18/2026,5:30:32,57938330.16,Right,1.0,54.0,69.0,121.0,122.0,399.0,289.0,244.0,243.0,0.0,576.0,4.783801,3.441486,0.0,8.22525,24.0,24.0,0.0,4.0,0.0,0.0
3/18/2026,5:30:32,57938866.19,TONE,8.0,54.0,69.0,121.0,122.0,399.0,289.0,244.0,244.0,0.0,576.0,4.783801,3.441486,0.0,8.22525,24.0,24.0,0.0,4.0,0.0,0.0
3/18/2026,5:30:32,57938934.25,LED,7.0,54.0,69.0,121.0,122.0,399.0,289.0,245.0,244.0,0.0,576.0,4.783801,3.441486,0.0,8.22525,24.0,24.0,0.0,4.0,0.0,0.0
3/18/2026,5:30:33,57939596.97,Dispensed,3.0,54.0,69.0,122.0,122.0,399.0,289.0,245.0,244.0,0.0,576.0,4.783801,3.441486,0.0,8.22525,24.0,24.0,0.0,4.0,0.0,0.0
3/18/2026,5:30:33,57939659.99,TONE,8.0,54.0,69.0,122.0,122.0,399.0,289.0,246.0,245.0,0.0,576.0,4.783801,3.441486,0.0,8.22525,24.0,24.0,0.0,4.0,0.0,0.0
3/18/2026,5:30:33,57939728.05,LED,7.0,54.0,69.0,122.0,122.0,399.0,289.0,246.0,245.0,0.0,576.0,4.783801,3.441486,0.0,8.22525,24.0,24.0,0.0,4.0,0.0,0.0
3/18/2026,5:30:34,57940145.82,Retrieved,4.0,54.0,69.0,122.0,123.0,399.0,289.0,246.0,245.0,0.0,576.0,4.783801,3.441486,0.0,8.22525,24.0,24.0,0.0,4.0,0.0,0.0
3/18/2026,5:30:51,57957316.58,Right,1.0,55.0,69.0,122.0,123.0,399.0,289.0,246.0,245.0,0.0,576.0,4.783801,3.441486,0.0,8.22525,24.0,24.0,0.0,4.0,0.0,0.0
3/18/2026,5:30:52,57958079.34,TONE,8.0,55.0,69.0,122.0,123.0,399.0,289.0,246.0,246.0,0.0,576.0,4.783801,3.441486,0.0,8.22525,24.0,24.0,0.0,4.0,0.0,0.0
3/18/2026,5:30:52,57958147.4,LED,7.0,55.0,69.0,122.0,123.0,399.0,289.0,247.0,246.0,0.0,576.0,4.783801,3.441486,0.0,8.22525,24.0,24.0,0.0,4.0,0.0,0.0
3/18/2026,5:30:52,57958905.16,Dispensed,3.0,55.0,69.0,123.0,123.0,399.0,289.0,247.0,246.0,0.0,576.0,4.783801,3.441486,0.0,8.22525,24.0,24.0,0.0,4.0,0.0,0.0
3/18/2026,5:30:52,57958968.18,TONE,8.0,55.0,69.0,123.0,123.0,399.0,289.0,247.0,247.0,0.0,576.0,4.783801,3.441486,0.0,8.22525,24.0,24.0,0.0,4.0,0.0,0.0
3/18/2026,5:30:53,57959036.24,LED,7.0,55.0,69.0,123.0,123.0,399.0,289.0,248.0,247.0,0.0,576.0,4.783801,3.441486,0.0,8.22525,24.0,24.0,0.0,4.0,0.0,0.0
3/18/2026,5:30:53,57959692.75,Retrieved,4.0,55.0,69.0,123.0,124.0,399.0,289.0,248.0,247.0,0.0,576.0,4.783801,3.441486,0.0,8.22525,24.0,24.0,0.0,4.0,0.0,0.0
3/18/2026,5:31:10,57976742.17,Right,1.0,56.0,69.0,123.0,124.0,399.0,289.0,248.0,247.0,0.0,576.0,4.783801,3.441486,0.0,8.22525,24.0,24.0,0.0,4.0,0.0,0.0
3/18/2026,5:31:11,57977225.21,TONE,8.0,56.0,69.0,123.0,124.0,399.0,289.0,248.0,248.0,0.0,576.0,4.783801,3.441486,0.0,8.22525,24.0,24.0,0.0,4.0,0.0,0.0
3/18/2026,5:31:11,57977293.26,LED,7.0,56.0,69.0,123.0,124.0,399.0,289.0,249.0,248.0,0.0,576.0,4.783801,3.441486,0.0,8.22525,24.0,24.0,0.0,4.0,0.0,0.0
3/18/2026,5:31:12,57978026.63,Dispensed,3.0,56.0,69.0,124.0,124.0,399.0,289.0,249.0,248.0,0.0,576.0,4.783801,3.441486,0.0,8.22525,24.0,24.0,0.0,4.0,0.0,0.0
3/18/2026,5:31:12,57978089.65,TONE,8.0,56.0,69.0,124.0,124.0,399.0,289.0,249.0,249.0,0.0,576.0,4.783801,3.441486,0.0,8.22525,24.0,24.0,0.0,4.0,0.0,0.0
3/18/2026,5:31:12,57978157.7,LED,7.0,56.0,69.0,124.0,124.0,399.0,289.0,250.0,249.0,0.0,576.0,4.783801,3.441486,0.0,8.22525,24.0,24.0,0.0,4.0,0.0,0.0
3/18/2026,5:31:12,57978635.16,Retrieved,4.0,56.0,69.0,124.0,125.0,399.0,289.0,250.0,249.0,0.0,576.0,4.783801,3.441486,0.0,8.22525,24.0,24.0,0.0,4.0,0.0,0.0
3/18/2026,5:31:35,58001684.51,Right,1.0,57.0,69.0,124.0,125.0,399.0,289.0,250.0,249.0,0.0,576.0,4.783801,3.441486,0.0,8.22525,24.0,24.0,0.0,4.0,0.0,0.0
3/18/2026,5:31:36,58002560.48,TONE,8.0,57.0,69.0,124.0,125.0,399.0,289.0,250.0,250.0,0.0,576.0,4.783801,3.441486,0.0,8.22525,24.0,24.0,0.0,4.0,0.0,0.0
3/18/2026,5:31:36,58002628.53,LED,7.0,57.0,69.0,124.0,125.0,399.0,289.0,251.0,250.0,0.0,576.0,4.783801,3.441486,0.0,8.22525,24.0,24.0,0.0,4.0,0.0,0.0
3/18/2026,5:31:37,58003310.04,Dispensed,3.0,57.0,69.0,125.0,125.0,399.0,289.0,251.0,250.0,0.0,576.0,4.783801,3.441486,0.0,8.22525,24.0,24.0,0.0,4.0,0.0,0.0
3/18/2026,5:31:37,58003373.06,TONE,8.0,57.0,69.0,125.0,125.0,399.0,289.0,251.0,251.0,0.0,576.0,4.783801,3.441486,0.0,8.22525,24.0,24.0,0.0,4.0,0.0,0.0
3/18/2026,5:31:37,58003441.12,LED,7.0,57.0,69.0,125.0,125.0,399.0,289.0,252.0,251.0,0.0,576.0,4.783801,3.441486,0.0,8.22525,24.0,24.0,0.0,4.0,0.0,0.0
3/18/2026,5:31:38,58004217.13,Retrieved,4.0,57.0,69.0,125.0,126.0,399.0,289.0,252.0,251.0,0.0,576.0,4.783801,3.441486,0.0,8.22525,24.0,24.0,0.0,4.0,0.0,0.0
3/18/2026,5:32:09,58035802.63,RightWater,5.0,57.0,69.0,125.0,126.0,400.0,289.0,252.0,251.0,0.0,576.0,4.783801,3.441486,0.0,8.22525,24.0,24.0,0.0,4.0,0.0,0.0
3/18/2026,5:32:09,58035869.5,WaterDispensed,10.0,57.0,69.0,125.0,126.0,400.0,289.0,252.0,251.0,0.0,577.0,4.79808,3.441486,0.0,8.239531,24.0,24.0,0.0,4.0,0.0,0.0
3/18/2026,5:32:09,58035954.07,RightWater,5.0,57.0,69.0,125.0,126.0,401.0,289.0,252.0,251.0,0.0,577.0,4.79808,3.441486,0.0,8.239531,24.0,24.0,0.0,4.0,0.0,0.0
3/18/2026,5:32:11,58037481.89,RightWater,5.0,57.0,69.0,125.0,126.0,402.0,289.0,252.0,251.0,0.0,577.0,4.79808,3.441486,0.0,8.239531,24.0,24.0,0.0,4.0,0.0,0.0
3/18/2026,5:32:11,58037548.74,WaterDispensed,10.0,57.0,69.0,125.0,126.0,402.0,289.0,252.0,251.0,0.0,578.0,4.81236,3.441486,0.0,8.253811,24.0,24.0,0.0,4.0,0.0,0.0
3/18/2026,5:32:11,58037863.95,RightWater,5.0,57.0,69.0,125.0,126.0,403.0,289.0,252.0,251.0,0.0,578.0,4.81236,3.441486,0.0,8.253811,24.0,24.0,0.0,4.0,0.0,0.0
3/18/2026,5:32:11,58037930.81,WaterDispensed,10.0,57.0,69.0,125.0,126.0,403.0,289.0,252.0,251.0,0.0,579.0,4.82664,3.441486,0.0,8.268091,24.0,24.0,0.0,4.0,0.0,0.0
3/18/2026,5:32:12,58038397.46,RightWater,5.0,57.0,69.0,125.0,126.0,404.0,289.0,252.0,251.0,0.0,579.0,4.82664,3.441486,0.0,8.268091,24.0,24.0,0.0,4.0,0.0,0.0
3/18/2026,5:32:12,58038464.31,WaterDispensed,10.0,57.0,69.0,125.0,126.0,404.0,289.0,252.0,251.0,0.0,580.0,4.84092,3.441486,0.0,8.282372,24.0,24.0,0.0,4.0,0.0,0.0
3/18/2026,5:32:12,58038666.71,RightWater,5.0,57.0,69.0,125.0,126.0,405.0,289.0,252.0,251.0,0.0,581.0,4.8552,3.441486,0.0,8.296652,24.0,24.0,0.0,4.0,0.0,0.0
3/18/2026,5:32:12,58038733.57,WaterDispensed,10.0,57.0,69.0,125.0,126.0,405.0,289.0,252.0,251.0,0.0,581.0,4.8552,3.441486,0.0,8.296652,24.0,24.0,0.0,4.0,0.0,0.0
3/18/2026,5:32:12,58038809.93,RightWater,5.0,57.0,69.0,125.0,126.0,406.0,289.0,252.0,251.0,0.0,581.0,4.8552,3.441486,0.0,8.296652,24.0,24.0,0.0,4.0,0.0,0.0
3/18/2026,5:32:13,58039179.08,RightWater,5.0,57.0,69.0,125.0,126.0,407.0,289.0,252.0,251.0,0.0,581.0,4.8552,3.441486,0.0,8.296652,24.0,24.0,0.0,4.0,0.0,0.0
3/18/2026,5:32:13,58039245.94,WaterDispensed,10.0,57.0,69.0,125.0,126.0,407.0,289.0,252.0,251.0,0.0,582.0,4.86948,3.441486,0.0,8.310932,24.0,24.0,0.0,4.0,0.0,0.0
3/18/2026,5:32:13,58039717.08,RightWater,5.0,57.0,69.0,125.0,126.0,408.0,289.0,252.0,251.0,0.0,582.0,4.86948,3.441486,0.0,8.310932,24.0,24.0,0.0,4.0,0.0,0.0
3/18/2026,5:32:13,58039783.94,WaterDispensed,10.0,57.0,69.0,125.0,126.0,408.0,289.0,252.0,251.0,0.0,583.0,4.883759,3.441486,0.0,8.325212,24.0,24.0,0.0,4.0,0.0,0.0
3/18/2026,5:32:14,58040117.51,RightWater,5.0,57.0,69.0,125.0,126.0,409.0,289.0,252.0,251.0,0.0,583.0,4.883759,3.441486,0.0,8.325212,24.0,24.0,0.0,4.0,0.0,0.0
3/18/2026,5:32:14,58040184.37,WaterDispensed,10.0,57.0,69.0,125.0,126.0,409.0,289.0,252.0,251.0,0.0,584.0,4.898039,3.441486,0.0,8.339493,24.0,24.0,0.0,4.0,0.0,0.0
3/18/2026,5:32:14,58040260.7,RightWater,5.0,57.0,69.0,125.0,126.0,410.0,289.0,252.0,251.0,0.0,584.0,4.898039,3.441486,0.0,8.339493,24.0,24.0,0.0,4.0,0.0,0.0
3/18/2026,5:32:14,58040529.12,RightWater,5.0,57.0,69.0,125.0,126.0,411.0,289.0,252.0,251.0,0.0,584.0,4.898039,3.441486,0.0,8.339493,24.0,24.0,0.0,4.0,0.0,0.0
3/18/2026,5:32:14,58040595.98,WaterDispensed,10.0,57.0,69.0,125.0,126.0,411.0,289.0,252.0,251.0,0.0,585.0,4.912319,3.441486,0.0,8.353773,24.0,24.0,0.0,4.0,0.0,0.0
3/18/2026,5:32:14,58040675.86,RightWater,5.0,57.0,69.0,125.0,126.0,412.0,289.0,252.0,251.0,0.0,585.0,4.912319,3.441486,0.0,8.353773,24.0,24.0,0.0,4.0,0.0,0.0
3/18/2026,5:32:14,58040949.41,RightWater,5.0,57.0,69.0,125.0,126.0,413.0,289.0,252.0,251.0,0.0,585.0,4.912319,3.441486,0.0,8.353773,24.0,24.0,0.0,4.0,0.0,0.0
3/18/2026,5:32:15,58041016.27,WaterDispensed,10.0,57.0,69.0,125.0,126.0,413.0,289.0,252.0,251.0,0.0,586.0,4.926599,3.441486,0.0,8.368053,24.0,24.0,0.0,4.0,0.0,0.0
3/18/2026,5:32:15,58041095.98,RightWater,5.0,57.0,69.0,125.0,126.0,414.0,289.0,252.0,251.0,0.0,586.0,4.926599,3.441486,0.0,8.368053,24.0,24.0,0.0,4.0,0.0,0.0
3/18/2026,5:32:15,58041238.4,RightWater,5.0,57.0,69.0,125.0,126.0,415.0,289.0,252.0,251.0,0.0,586.0,4.926599,3.441486,0.0,8.368053,24.0,24.0,0.0,4.0,0.0,0.0
3/18/2026,5:32:15,58041305.26,WaterDispensed,10.0,57.0,69.0,125.0,126.0,415.0,289.0,252.0,251.0,0.0,587.0,4.940879,3.441486,0.0,8.382334,24.0,24.0,0.0,4.0,0.0,0.0
3/18/2026,5:32:15,58041382.37,RightWater,5.0,57.0,69.0,125.0,126.0,416.0,289.0,252.0,251.0,0.0,587.0,4.940879,3.441486,0.0,8.382334,24.0,24.0,0.0,4.0,0.0,0.0
3/18/2026,5:32:15,58041649.06,RightWater,5.0,57.0,69.0,125.0,126.0,417.0,289.0,252.0,251.0,0.0,588.0,4.955159,3.441486,0.0,8.396614,24.0,24.0,0.0,4.0,0.0,0.0
3/18/2026,5:32:15,58041715.92,WaterDispensed,10.0,57.0,69.0,125.0,126.0,417.0,289.0,252.0,251.0,0.0,588.0,4.955159,3.441486,0.0,8.396614,24.0,24.0,0.0,4.0,0.0,0.0
3/18/2026,5:32:16,58042040.32,RightWater,5.0,57.0,69.0,125.0,126.0,418.0,289.0,252.0,251.0,0.0,588.0,4.955159,3.441486,0.0,8.396614,24.0,24.0,0.0,4.0,0.0,0.0
3/18/2026,5:32:16,58042107.17,WaterDispensed,10.0,57.0,69.0,125.0,126.0,418.0,289.0,252.0,251.0,0.0,589.0,4.969439,3.441486,0.0,8.410894,24.0,24.0,0.0,4.0,0.0,0.0
3/18/2026,5:32:16,58042311.97,RightWater,5.0,57.0,69.0,125.0,126.0,419.0,289.0,252.0,251.0,0.0,589.0,4.969439,3.441486,0.0,8.410894,24.0,24.0,0.0,4.0,0.0,0.0
3/18/2026,5:32:16,58042378.82,WaterDispensed,10.0,57.0,69.0,125.0,126.0,419.0,289.0,252.0,251.0,0.0,590.0,4.983718,3.441486,0.0,8.425175,24.0,24.0,0.0,4.0,0.0,0.0
3/18/2026,5:32:16,58042586.27,RightWater,5.0,57.0,69.0,125.0,126.0,420.0,289.0,252.0,251.0,0.0,590.0,4.983718,3.441486,0.0,8.425175,24.0,24.0,0.0,4.0,0.0,0.0
3/18/2026,5:32:16,58042653.14,WaterDispensed,10.0,57.0,69.0,125.0,126.0,420.0,289.0,252.0,251.0,0.0,591.0,4.997998,3.441486,0.0,8.439455,24.0,24.0,0.0,4.0,0.0,0.0
3/18/2026,5:32:16,58042872.01,RightWater,5.0,57.0,69.0,125.0,126.0,421.0,289.0,252.0,251.0,0.0,591.0,4.997998,3.441486,0.0,8.439455,24.0,24.0,0.0,4.0,0.0,0.0
3/18/2026,5:32:16,58042938.87,WaterDispensed,10.0,57.0,69.0,125.0,126.0,421.0,289.0,252.0,251.0,0.0,592.0,5.012278,3.441486,0.0,8.453735,24.0,24.0,0.0,4.0,0.0,0.0
3/18/2026,5:32:17,58043136.47,RightWater,5.0,57.0,69.0,125.0,126.0,422.0,289.0,252.0,251.0,0.0,592.0,5.012278,3.441486,0.0,8.453735,24.0,24.0,0.0,4.0,0.0,0.0
3/18/2026,5:32:17,58043203.34,WaterDispensed,10.0,57.0,69.0,125.0,126.0,422.0,289.0,252.0,251.0,0.0,593.0,5.026558,3.441486,0.0,8.468016,24.0,24.0,0.0,4.0,0.0,0.0
3/18/2026,5:32:17,58043415.07,RightWater,5.0,57.0,69.0,125.0,126.0,423.0,289.0,252.0,251.0,0.0,593.0,5.026558,3.441486,0.0,8.468016,24.0,24.0,0.0,4.0,0.0,0.0
3/18/2026,5:32:17,58043481.94,WaterDispensed,10.0,57.0,69.0,125.0,126.0,423.0,289.0,252.0,251.0,0.0,594.0,5.040838,3.441486,0.0,8.482296,24.0,24.0,0.0,4.0,0.0,0.0
3/18/2026,5:32:17,58043705.6,RightWater,5.0,57.0,69.0,125.0,126.0,424.0,289.0,252.0,251.0,0.0,594.0,5.040838,3.441486,0.0,8.482296,24.0,24.0,0.0,4.0,0.0,0.0
3/18/2026,5:32:17,58043772.46,WaterDispensed,10.0,57.0,69.0,125.0,126.0,424.0,289.0,252.0,251.0,0.0,595.0,5.055118,3.441486,0.0,8.496576,24.0,24.0,0.0,4.0,0.0,0.0
3/18/2026,5:32:17,58043971.54,RightWater,5.0,57.0,69.0,125.0,126.0,425.0,289.0,252.0,251.0,0.0,595.0,5.055118,3.441486,0.0,8.496576,24.0,24.0,0.0,4.0,0.0,0.0
3/18/2026,5:32:18,58044038.4,WaterDispensed,10.0,57.0,69.0,125.0,126.0,425.0,289.0,252.0,251.0,0.0,596.0,5.069397,3.441486,0.0,8.510857,24.0,24.0,0.0,4.0,0.0,0.0
3/18/2026,5:32:18,58044122.26,RightWater,5.0,57.0,69.0,125.0,126.0,426.0,289.0,252.0,251.0,0.0,596.0,5.069397,3.441486,0.0,8.510857,24.0,24.0,0.0,4.0,0.0,0.0
3/18/2026,5:32:18,58044249.6,RightWater,5.0,57.0,69.0,125.0,126.0,427.0,289.0,252.0,251.0,0.0,596.0,5.069397,3.441486,0.0,8.510857,24.0,24.0,0.0,4.0,0.0,0.0
3/18/2026,5:32:18,58044316.46,WaterDispensed,10.0,57.0,69.0,125.0,126.0,427.0,289.0,252.0,251.0,0.0,597.0,5.083677,3.441486,0.0,8.525137,24.0,24.0,0.0,4.0,0.0,0.0
3/18/2026,5:32:18,58044529.37,RightWater,5.0,57.0,69.0,125.0,126.0,428.0,289.0,252.0,251.0,0.0,597.0,5.083677,3.441486,0.0,8.525137,24.0,24.0,0.0,4.0,0.0,0.0
3/18/2026,5:32:18,58044596.23,WaterDispensed,10.0,57.0,69.0,125.0,126.0,428.0,289.0,252.0,251.0,0.0,598.0,5.097957,3.441486,0.0,8.539417,24.0,24.0,0.0,4.0,0.0,0.0
3/18/2026,5:32:18,58044957.52,RightWater,5.0,57.0,69.0,125.0,126.0,429.0,289.0,252.0,251.0,0.0,598.0,5.097957,3.441486,0.0,8.539417,24.0,24.0,0.0,4.0,0.0,0.0
3/18/2026,5:32:19,58045024.37,WaterDispensed,10.0,57.0,69.0,125.0,126.0,429.0,289.0,252.0,251.0,0.0,599.0,5.112237,3.441486,0.0,8.553698,24.0,24.0,0.0,4.0,0.0,0.0
3/18/2026,5:32:20,58046871.68,RightWater,5.0,57.0,69.0,125.0,126.0,430.0,289.0,252.0,251.0,0.0,599.0,5.112237,3.441486,0.0,8.553698,24.0,24.0,0.0,4.0,0.0,0.0
3/18/2026,5:32:20,58046938.54,WaterDispensed,10.0,57.0,69.0,125.0,126.0,430.0,289.0,252.0,251.0,0.0,600.0,5.126517,3.441486,0.0,8.567978,24.0,24.0,0.0,4.0,0.0,0.0
3/18/2026,5:32:21,58047146.52,RightWater,5.0,57.0,69.0,125.0,126.0,431.0,289.0,252.0,251.0,0.0,600.0,5.126517,3.441486,0.0,8.567978,24.0,24.0,0.0,4.0,0.0,0.0
3/18/2026,5:32:21,58047213.38,WaterDispensed,10.0,57.0,69.0,125.0,126.0,431.0,289.0,252.0,251.0,0.0,601.0,5.140797,3.441486,0.0,8.582258,24.0,24.0,0.0,4.0,0.0,0.0
3/18/2026,5:32:21,58047287.15,RightWater,5.0,57.0,69.0,125.0,126.0,432.0,289.0,252.0,251.0,0.0,601.0,5.140797,3.441486,0.0,8.582258,24.0,24.0,0.0,4.0,0.0,0.0
3/18/2026,5:32:21,58047413.14,RightWater,5.0,57.0,69.0,125.0,126.0,433.0,289.0,252.0,251.0,0.0,601.0,5.140797,3.441486,0.0,8.582258,24.0,24.0,0.0,4.0,0.0,0.0
3/18/2026,5:32:21,58047480.0,WaterDispensed,10.0,57.0,69.0,125.0,126.0,433.0,289.0,252.0,251.0,0.0,602.0,5.155077,3.441486,0.0,8.596539,24.0,24.0,0.0,4.0,0.0,0.0
3/18/2026,5:32:21,58047564.68,RightWater,5.0,57.0,69.0,125.0,126.0,434.0,289.0,252.0,251.0,0.0,602.0,5.155077,3.441486,0.0,8.596539,24.0,24.0,0.0,4.0,0.0,0.0
3/18/2026,5:32:23,58049265.99,RightWater,5.0,57.0,69.0,125.0,126.0,435.0,289.0,252.0,251.0,0.0,602.0,5.155077,3.441486,0.0,8.596539,24.0,24.0,0.0,4.0,0.0,0.0
3/18/2026,5:32:23,58049332.86,WaterDispensed,10.0,57.0,69.0,125.0,126.0,435.0,289.0,252.0,251.0,0.0,603.0,5.169356,3.441486,0.0,8.610819,24.0,24.0,0.0,4.0,0.0,0.0
3/18/2026,5:32:24,58050280.72,RightWater,5.0,57.0,69.0,125.0,126.0,436.0,289.0,252.0,251.0,0.0,603.0,5.169356,3.441486,0.0,8.610819,24.0,24.0,0.0,4.0,0.0,0.0
3/18/2026,5:32:24,58050347.58,WaterDispensed,10.0,57.0,69.0,125.0,126.0,436.0,289.0,252.0,251.0,0.0,604.0,5.183636,3.441486,0.0,8.625099,24.0,24.0,0.0,4.0,0.0,0.0
3/18/2026,5:32:30,58056482.67,RightWater,5.0,57.0,69.0,125.0,126.0,437.0,289.0,252.0,251.0,0.0,604.0,5.183636,3.441486,0.0,8.625099,24.0,24.0,0.0,4.0,0.0,0.0
3/18/2026,5:32:30,58056549.54,WaterDispensed,10.0,57.0,69.0,125.0,126.0,437.0,289.0,252.0,251.0,0.0,605.0,5.197916,3.441486,0.0,8.63938,24.0,24.0,0.0,4.0,0.0,0.0
3/18/2026,5:32:30,58056713.29,RightWater,5.0,57.0,69.0,125.0,126.0,438.0,289.0,252.0,251.0,0.0,605.0,5.197916,3.441486,0.0,8.63938,24.0,24.0,0.0,4.0,0.0,0.0
3/18/2026,5:32:30,58056780.15,WaterDispensed,10.0,57.0,69.0,125.0,126.0,438.0,289.0,252.0,251.0,0.0,606.0,5.212196,3.441486,0.0,8.65366,24.0,24.0,0.0,4.0,0.0,0.0
3/18/2026,5:32:31,58057113.18,RightWater,5.0,57.0,69.0,125.0,126.0,439.0,289.0,252.0,251.0,0.0,606.0,5.212196,3.441486,0.0,8.65366,24.0,24.0,0.0,4.0,0.0,0.0
3/18/2026,5:32:31,58057180.04,WaterDispensed,10.0,57.0,69.0,125.0,126.0,439.0,289.0,252.0,251.0,0.0,607.0,5.226476,3.441486,0.0,8.66794,24.0,24.0,0.0,4.0,0.0,0.0
3/18/2026,5:32:31,58057256.35,RightWater,5.0,57.0,69.0,125.0,126.0,440.0,289.0,252.0,251.0,0.0,607.0,5.226476,3.441486,0.0,8.66794,24.0,24.0,0.0,4.0,0.0,0.0
3/18/2026,5:32:31,58057413.48,RightWater,5.0,57.0,69.0,125.0,126.0,441.0,289.0,252.0,251.0,0.0,607.0,5.226476,3.441486,0.0,8.66794,24.0,24.0,0.0,4.0,0.0,0.0
3/18/2026,5:32:31,58057480.35,WaterDispensed,10.0,57.0,69.0,125.0,126.0,441.0,289.0,252.0,251.0,0.0,608.0,5.240756,3.441486,0.0,8.68222,24.0,24.0,0.0,4.0,0.0,0.0
3/18/2026,5:32:31,58057562.53,RightWater,5.0,57.0,69.0,125.0,126.0,442.0,289.0,252.0,251.0,0.0,608.0,5.240756,3.441486,0.0,8.68222,24.0,24.0,0.0,4.0,0.0,0.0
3/18/2026,5:32:31,58057817.4,RightWater,5.0,57.0,69.0,125.0,126.0,443.0,289.0,252.0,251.0,0.0,608.0,5.240756,3.441486,0.0,8.68222,24.0,24.0,0.0,4.0,0.0,0.0
3/18/2026,5:32:31,58057884.26,WaterDispensed,10.0,57.0,69.0,125.0,126.0,443.0,289.0,252.0,251.0,0.0,609.0,5.255035,3.441486,0.0,8.696501,24.0,24.0,0.0,4.0,0.0,0.0
3/18/2026,5:32:32,58058471.54,RightWater,5.0,57.0,69.0,125.0,126.0,444.0,289.0,252.0,251.0,0.0,609.0,5.255035,3.441486,0.0,8.696501,24.0,24.0,0.0,4.0,0.0,0.0
3/18/2026,5:32:32,58058538.4,WaterDispensed,10.0,57.0,69.0,125.0,126.0,444.0,289.0,252.0,251.0,0.0,610.0,5.269315,3.441486,0.0,8.710781,24.0,24.0,0.0,4.0,0.0,0.0
3/18/2026,5:32:32,58058625.62,RightWater,5.0,57.0,69.0,125.0,126.0,445.0,289.0,252.0,251.0,0.0,610.0,5.269315,3.441486,0.0,8.710781,24.0,24.0,0.0,4.0,0.0,0.0
3/18/2026,5:32:44,58070113.71,LeftWater,6.0,57.0,69.0,125.0,126.0,445.0,290.0,252.0,251.0,0.0,610.0,5.269315,3.441486,0.0,8.710781,24.0,24.0,0.0,4.0,0.0,0.0
3/18/2026,5:32:44,58070181.49,WaterDispensed,10.0,57.0,69.0,125.0,126.0,445.0,290.0,252.0,251.0,0.0,611.0,5.269315,3.455766,0.0,8.725061,24.0,24.0,0.0,4.0,0.0,0.0
3/18/2026,5:32:44,58070746.8,LeftWater,6.0,57.0,69.0,125.0,126.0,445.0,291.0,252.0,251.0,0.0,611.0,5.269315,3.455766,0.0,8.725061,24.0,24.0,0.0,4.0,0.0,0.0
3/18/2026,5:32:44,58070814.58,WaterDispensed,10.0,57.0,69.0,125.0,126.0,445.0,291.0,252.0,251.0,0.0,612.0,5.269315,3.470046,0.0,8.739342,24.0,24.0,0.0,4.0,0.0,0.0
3/18/2026,5:32:45,58071138.33,LeftWater,6.0,57.0,69.0,125.0,126.0,445.0,292.0,252.0,251.0,0.0,612.0,5.269315,3.470046,0.0,8.739342,24.0,24.0,0.0,4.0,0.0,0.0
3/18/2026,5:32:45,58071206.11,WaterDispensed,10.0,57.0,69.0,125.0,126.0,445.0,292.0,252.0,251.0,0.0,613.0,5.269315,3.484326,0.0,8.753622,24.0,24.0,0.0,4.0,0.0,0.0
3/18/2026,5:32:45,58071554.34,LeftWater,6.0,57.0,69.0,125.0,126.0,445.0,293.0,252.0,251.0,0.0,613.0,5.269315,3.484326,0.0,8.753622,24.0,24.0,0.0,4.0,0.0,0.0
3/18/2026,5:32:45,58071622.13,WaterDispensed,10.0,57.0,69.0,125.0,126.0,445.0,293.0,252.0,251.0,0.0,614.0,5.269315,3.498606,0.0,8.767902,24.0,24.0,0.0,4.0,0.0,0.0
3/18/2026,5:32:45,58071837.05,LeftWater,6.0,57.0,69.0,125.0,126.0,445.0,294.0,252.0,251.0,0.0,614.0,5.269315,3.498606,0.0,8.767902,24.0,24.0,0.0,4.0,0.0,0.0
3/18/2026,5:32:45,58071904.83,WaterDispensed,10.0,57.0,69.0,125.0,126.0,445.0,294.0,252.0,251.0,0.0,615.0,5.269315,3.512887,0.0,8.782183,24.0,24.0,0.0,4.0,0.0,0.0
3/18/2026,5:32:46,58072543.37,LeftWater,6.0,57.0,69.0,125.0,126.0,445.0,295.0,252.0,251.0,0.0,615.0,5.269315,3.512887,0.0,8.782183,24.0,24.0,0.0,4.0,0.0,0.0
3/18/2026,5:32:46,58072611.16,WaterDispensed,10.0,57.0,69.0,125.0,126.0,445.0,295.0,252.0,251.0,0.0,616.0,5.269315,3.527167,0.0,8.796463,24.0,24.0,0.0,4.0,0.0,0.0
3/18/2026,5:32:46,58072695.98,LeftWater,6.0,57.0,69.0,125.0,126.0,445.0,296.0,252.0,251.0,0.0,616.0,5.269315,3.527167,0.0,8.796463,24.0,24.0,0.0,4.0,0.0,0.0
3/18/2026,5:37:43,58369592.68,RightWater,5.0,57.0,69.0,125.0,126.0,446.0,296.0,252.0,251.0,0.0,616.0,5.269315,3.527167,0.0,8.796463,24.0,24.0,0.0,4.0,0.0,0.0
3/18/2026,5:37:43,58369659.54,WaterDispensed,10.0,57.0,69.0,125.0,126.0,446.0,296.0,252.0,251.0,0.0,617.0,5.283595,3.527167,0.0,8.810743,24.0,24.0,0.0,4.0,0.0,0.0
3/18/2026,5:37:43,58369841.82,RightWater,5.0,57.0,69.0,125.0,126.0,447.0,296.0,252.0,251.0,0.0,617.0,5.283595,3.527167,0.0,8.810743,24.0,24.0,0.0,4.0,0.0,0.0
3/18/2026,5:37:43,58369908.67,WaterDispensed,10.0,57.0,69.0,125.0,126.0,447.0,296.0,252.0,251.0,0.0,618.0,5.297875,3.527167,0.0,8.825024,24.0,24.0,0.0,4.0,0.0,0.0
3/18/2026,5:38:31,58417605.44,LeftWater,6.0,57.0,69.0,125.0,126.0,447.0,297.0,252.0,251.0,0.0,618.0,5.297875,3.527167,0.0,8.825024,24.0,24.0,0.0,4.0,0.0,0.0
3/18/2026,5:38:31,58417673.22,WaterDispensed,10.0,57.0,69.0,125.0,126.0,447.0,297.0,252.0,251.0,0.0,619.0,5.297875,3.541447,0.0,8.839304,24.0,24.0,0.0,4.0,0.0,0.0
3/18/2026,5:38:31,58417837.43,LeftWater,6.0,57.0,69.0,125.0,126.0,447.0,298.0,252.0,251.0,0.0,619.0,5.297875,3.541447,0.0,8.839304,24.0,24.0,0.0,4.0,0.0,0.0
3/18/2026,5:38:31,58417905.21,WaterDispensed,10.0,57.0,69.0,125.0,126.0,447.0,298.0,252.0,251.0,0.0,620.0,5.297875,3.555727,0.0,8.853584,24.0,24.0,0.0,4.0,0.0,0.0
3/18/2026,5:38:32,58418174.56,LeftWater,6.0,57.0,69.0,125.0,126.0,447.0,299.0,252.0,251.0,0.0,620.0,5.297875,3.555727,0.0,8.853584,24.0,24.0,0.0,4.0,0.0,0.0
3/18/2026,5:38:32,58418242.35,WaterDispensed,10.0,57.0,69.0,125.0,126.0,447.0,299.0,252.0,251.0,0.0,621.0,5.297875,3.570007,0.0,8.867865,24.0,24.0,0.0,4.0,0.0,0.0
3/18/2026,5:38:32,58418403.32,LeftWater,6.0,57.0,69.0,125.0,126.0,447.0,300.0,252.0,251.0,0.0,621.0,5.297875,3.570007,0.0,8.867865,24.0,24.0,0.0,4.0,0.0,0.0
3/18/2026,5:38:32,58418471.11,WaterDispensed,10.0,57.0,69.0,125.0,126.0,447.0,300.0,252.0,251.0,0.0,622.0,5.297875,3.584287,0.0,8.882145,24.0,24.0,0.0,4.0,0.0,0.0
3/18/2026,5:38:32,58418732.02,LeftWater,6.0,57.0,69.0,125.0,126.0,447.0,301.0,252.0,251.0,0.0,622.0,5.297875,3.584287,0.0,8.882145,24.0,24.0,0.0,4.0,0.0,0.0
3/18/2026,5:38:32,58418799.8,WaterDispensed,10.0,57.0,69.0,125.0,126.0,447.0,301.0,252.0,251.0,0.0,623.0,5.297875,3.598567,0.0,8.896425,24.0,24.0,0.0,4.0,0.0,0.0
3/18/2026,5:38:32,58418981.07,LeftWater,6.0,57.0,69.0,125.0,126.0,447.0,302.0,252.0,251.0,0.0,623.0,5.297875,3.598567,0.0,8.896425,24.0,24.0,0.0,4.0,0.0,0.0
3/18/2026,5:38:33,58419048.85,WaterDispensed,10.0,57.0,69.0,125.0,126.0,447.0,302.0,252.0,251.0,0.0,624.0,5.297875,3.612847,0.0,8.910706,24.0,24.0,0.0,4.0,0.0,0.0
3/18/2026,5:38:33,58419223.33,LeftWater,6.0,57.0,69.0,125.0,126.0,447.0,303.0,252.0,251.0,0.0,624.0,5.297875,3.612847,0.0,8.910706,24.0,24.0,0.0,4.0,0.0,0.0
3/18/2026,5:38:33,58419291.11,WaterDispensed,10.0,57.0,69.0,125.0,126.0,447.0,303.0,252.0,251.0,0.0,625.0,5.297875,3.627127,0.0,8.924986,24.0,24.0,0.0,4.0,0.0,0.0
3/18/2026,5:38:33,58419495.53,LeftWater,6.0,57.0,69.0,125.0,126.0,447.0,304.0,252.0,251.0,0.0,625.0,5.297875,3.627127,0.0,8.924986,24.0,24.0,0.0,4.0,0.0,0.0
3/18/2026,5:38:33,58419563.32,WaterDispensed,10.0,57.0,69.0,125.0,126.0,447.0,304.0,252.0,251.0,0.0,626.0,5.297875,3.641407,0.0,8.939266,24.0,24.0,0.0,4.0,0.0,0.0
3/18/2026,5:38:33,58419644.8,LeftWater,6.0,57.0,69.0,125.0,126.0,447.0,305.0,252.0,251.0,0.0,626.0,5.297875,3.641407,0.0,8.939266,24.0,24.0,0.0,4.0,0.0,0.0
3/18/2026,5:38:34,58420627.27,LeftWater,6.0,57.0,69.0,125.0,126.0,447.0,306.0,252.0,251.0,0.0,626.0,5.297875,3.641407,0.0,8.939266,24.0,24.0,0.0,4.0,0.0,0.0
3/18/2026,5:38:34,58420695.05,WaterDispensed,10.0,57.0,69.0,125.0,126.0,447.0,306.0,252.0,251.0,0.0,627.0,5.297875,3.655687,0.0,8.953547,24.0,24.0,0.0,4.0,0.0,0.0
3/18/2026,5:38:35,58421327.16,LeftWater,6.0,57.0,69.0,125.0,126.0,447.0,307.0,252.0,251.0,0.0,627.0,5.297875,3.655687,0.0,8.953547,24.0,24.0,0.0,4.0,0.0,0.0
3/18/2026,5:38:35,58421394.94,WaterDispensed,10.0,57.0,69.0,125.0,126.0,447.0,307.0,252.0,251.0,0.0,628.0,5.297875,3.669967,0.0,8.967827,24.0,24.0,0.0,4.0,0.0,0.0
3/18/2026,5:39:11,58457709.3,LeftWater,6.0,57.0,69.0,125.0,126.0,447.0,308.0,252.0,251.0,0.0,629.0,5.297875,3.684247,0.0,8.982107,24.0,24.0,0.0,4.0,0.0,0.0
3/18/2026,5:39:11,58457777.09,WaterDispensed,10.0,57.0,69.0,125.0,126.0,447.0,308.0,252.0,251.0,0.0,629.0,5.297875,3.684247,0.0,8.982107,24.0,24.0,0.0,4.0,0.0,0.0
3/18/2026,5:39:45,58491234.67,RightWater,5.0,57.0,69.0,125.0,126.0,448.0,308.0,252.0,251.0,0.0,629.0,5.297875,3.684247,0.0,8.982107,24.0,24.0,0.0,4.0,0.0,0.0
3/18/2026,5:39:45,58491301.53,WaterDispensed,10.0,57.0,69.0,125.0,126.0,448.0,308.0,252.0,251.0,0.0,630.0,5.312155,3.684247,0.0,8.996387,24.0,24.0,0.0,4.0,0.0,0.0
3/18/2026,5:39:45,58491621.29,RightWater,5.0,57.0,69.0,125.0,126.0,449.0,308.0,252.0,251.0,0.0,630.0,5.312155,3.684247,0.0,8.996387,24.0,24.0,0.0,4.0,0.0,0.0
3/18/2026,5:39:45,58491688.15,WaterDispensed,10.0,57.0,69.0,125.0,126.0,449.0,308.0,252.0,251.0,0.0,631.0,5.326435,3.684247,0.0,9.010668,24.0,24.0,0.0,4.0,0.0,0.0
3/18/2026,5:39:46,58492551.01,RightWater,5.0,57.0,69.0,125.0,126.0,450.0,308.0,252.0,251.0,0.0,631.0,5.326435,3.684247,0.0,9.010668,24.0,24.0,0.0,4.0,0.0,0.0
3/18/2026,5:39:46,58492617.88,WaterDispensed,10.0,57.0,69.0,125.0,126.0,450.0,308.0,252.0,251.0,0.0,632.0,5.340714,3.684247,0.0,9.024948,24.0,24.0,0.0,4.0,0.0,0.0
3/18/2026,5:39:46,58492696.73,RightWater,5.0,57.0,69.0,125.0,126.0,451.0,308.0,252.0,251.0,0.0,632.0,5.340714,3.684247,0.0,9.024948,24.0,24.0,0.0,4.0,0.0,0.0
3/18/2026,5:39:47,58493093.82,RightWater,5.0,57.0,69.0,125.0,126.0,452.0,308.0,252.0,251.0,0.0,632.0,5.340714,3.684247,0.0,9.024948,24.0,24.0,0.0,4.0,0.0,0.0
3/18/2026,5:39:47,58493160.68,WaterDispensed,10.0,57.0,69.0,125.0,126.0,452.0,308.0,252.0,251.0,0.0,633.0,5.354994,3.684247,0.0,9.039228,24.0,24.0,0.0,4.0,0.0,0.0
3/18/2026,5:39:47,58493355.13,RightWater,5.0,57.0,69.0,125.0,126.0,453.0,308.0,252.0,251.0,0.0,633.0,5.354994,3.684247,0.0,9.039228,24.0,24.0,0.0,4.0,0.0,0.0
3/18/2026,5:39:47,58493421.99,WaterDispensed,10.0,57.0,69.0,125.0,126.0,453.0,308.0,252.0,251.0,0.0,634.0,5.369274,3.684247,0.0,9.053509,24.0,24.0,0.0,4.0,0.0,0.0
3/18/2026,5:39:47,58493505.72,RightWater,5.0,57.0,69.0,125.0,126.0,454.0,308.0,252.0,251.0,0.0,634.0,5.369274,3.684247,0.0,9.053509,24.0,24.0,0.0,4.0,0.0,0.0
3/18/2026,5:40:06,58512640.89,RightWater,5.0,57.0,69.0,125.0,126.0,455.0,308.0,252.0,251.0,0.0,634.0,5.369274,3.684247,0.0,9.053509,24.0,24.0,0.0,4.0,0.0,0.0
3/18/2026,5:40:06,58512707.76,WaterDispensed,10.0,57.0,69.0,125.0,126.0,455.0,308.0,252.0,251.0,0.0,635.0,5.383554,3.684247,0.0,9.067789,24.0,24.0,0.0,4.0,0.0,0.0
3/18/2026,5:40:06,58512920.64,RightWater,5.0,57.0,69.0,125.0,126.0,456.0,308.0,252.0,251.0,0.0,635.0,5.383554,3.684247,0.0,9.067789,24.0,24.0,0.0,4.0,0.0,0.0
3/18/2026,5:40:06,58512987.5,WaterDispensed,10.0,57.0,69.0,125.0,126.0,456.0,308.0,252.0,251.0,0.0,636.0,5.397834,3.684247,0.0,9.082069,24.0,24.0,0.0,4.0,0.0,0.0
3/18/2026,5:40:07,58513076.53,RightWater,5.0,57.0,69.0,125.0,126.0,457.0,308.0,252.0,251.0,0.0,636.0,5.397834,3.684247,0.0,9.082069,24.0,24.0,0.0,4.0,0.0,0.0
3/18/2026,5:40:49,58555947.75,LeftWater,6.0,57.0,69.0,125.0,126.0,457.0,309.0,252.0,251.0,0.0,636.0,5.397834,3.684247,0.0,9.082069,24.0,24.0,0.0,4.0,0.0,0.0
3/18/2026,5:40:50,58556015.53,WaterDispensed,10.0,57.0,69.0,125.0,126.0,457.0,309.0,252.0,251.0,0.0,637.0,5.397834,3.698528,0.0,9.09635,24.0,24.0,0.0,4.0,0.0,0.0
3/18/2026,5:40:56,58562262.29,LeftWater,6.0,57.0,69.0,125.0,126.0,457.0,310.0,252.0,251.0,0.0,637.0,5.397834,3.698528,0.0,9.09635,24.0,24.0,0.0,4.0,0.0,0.0
3/18/2026,5:40:56,58562330.07,WaterDispensed,10.0,57.0,69.0,125.0,126.0,457.0,310.0,252.0,251.0,0.0,638.0,5.397834,3.712808,0.0,9.11063,24.0,24.0,0.0,4.0,0.0,0.0
3/18/2026,5:41:26,58592877.64,RightWater,5.0,57.0,69.0,125.0,126.0,458.0,310.0,252.0,251.0,0.0,638.0,5.397834,3.712808,0.0,9.11063,24.0,24.0,0.0,4.0,0.0,0.0
3/18/2026,5:41:26,58592944.5,WaterDispensed,10.0,57.0,69.0,125.0,126.0,458.0,310.0,252.0,251.0,0.0,639.0,5.412114,3.712808,0.0,9.12491,24.0,24.0,0.0,4.0,0.0,0.0
3/18/2026,5:41:27,58593107.97,RightWater,5.0,57.0,69.0,125.0,126.0,459.0,310.0,252.0,251.0,0.0,639.0,5.412114,3.712808,0.0,9.12491,24.0,24.0,0.0,4.0,0.0,0.0
3/18/2026,5:41:27,58593174.84,WaterDispensed,10.0,57.0,69.0,125.0,126.0,459.0,310.0,252.0,251.0,0.0,640.0,5.426394,3.712808,0.0,9.139191,24.0,24.0,0.0,4.0,0.0,0.0
3/18/2026,5:41:27,58593490.13,RightWater,5.0,57.0,69.0,125.0,126.0,460.0,310.0,252.0,251.0,0.0,640.0,5.426394,3.712808,0.0,9.139191,24.0,24.0,0.0,4.0,0.0,0.0
3/18/2026,5:41:27,58593556.99,WaterDispensed,10.0,57.0,69.0,125.0,126.0,460.0,310.0,252.0,251.0,0.0,641.0,5.440673,3.712808,0.0,9.153471,24.0,24.0,0.0,4.0,0.0,0.0
3/18/2026,5:41:27,58593849.01,RightWater,5.0,57.0,69.0,125.0,126.0,461.0,310.0,252.0,251.0,0.0,641.0,5.440673,3.712808,0.0,9.153471,24.0,24.0,0.0,4.0,0.0,0.0
3/18/2026,5:41:27,58593915.87,WaterDispensed,10.0,57.0,69.0,125.0,126.0,461.0,310.0,252.0,251.0,0.0,642.0,5.454953,3.712808,0.0,9.167751,24.0,24.0,0.0,4.0,0.0,0.0
3/18/2026,5:41:28,58594223.42,RightWater,5.0,57.0,69.0,125.0,126.0,462.0,310.0,252.0,251.0,0.0,642.0,5.454953,3.712808,0.0,9.167751,24.0,24.0,0.0,4.0,0.0,0.0
3/18/2026,5:41:28,58594290.28,WaterDispensed,10.0,57.0,69.0,125.0,126.0,462.0,310.0,252.0,251.0,0.0,643.0,5.469233,3.712808,0.0,9.182032,24.0,24.0,0.0,4.0,0.0,0.0
3/18/2026,5:41:28,58594654.88,RightWater,5.0,57.0,69.0,125.0,126.0,463.0,310.0,252.0,251.0,0.0,643.0,5.469233,3.712808,0.0,9.182032,24.0,24.0,0.0,4.0,0.0,0.0
3/18/2026,5:41:28,58594721.73,WaterDispensed,10.0,57.0,69.0,125.0,126.0,463.0,310.0,252.0,251.0,0.0,644.0,5.483513,3.712808,0.0,9.196312,24.0,24.0,0.0,4.0,0.0,0.0
3/18/2026,5:41:29,58595231.5,RightWater,5.0,57.0,69.0,125.0,126.0,464.0,310.0,252.0,251.0,0.0,644.0,5.483513,3.712808,0.0,9.196312,24.0,24.0,0.0,4.0,0.0,0.0
3/18/2026,5:41:29,58595298.35,WaterDispensed,10.0,57.0,69.0,125.0,126.0,464.0,310.0,252.0,251.0,0.0,645.0,5.497793,3.712808,0.0,9.210592,24.0,24.0,0.0,4.0,0.0,0.0
3/18/2026,5:42:17,58643717.11,Left,2.0,57.0,70.0,125.0,126.0,464.0,310.0,252.0,251.0,0.0,645.0,5.497793,3.712808,0.0,9.210592,24.0,24.0,0.0,4.0,0.0,0.0
3/18/2026,5:42:18,58644205.49,TONE,8.0,57.0,70.0,125.0,126.0,464.0,310.0,252.0,252.0,0.0,645.0,5.497793,3.712808,0.0,9.210592,24.0,24.0,0.0,4.0,0.0,0.0
3/18/2026,5:42:18,58644273.54,LED,7.0,57.0,70.0,125.0,126.0,464.0,310.0,253.0,252.0,0.0,645.0,5.497793,3.712808,0.0,9.210592,24.0,24.0,0.0,4.0,0.0,0.0
3/18/2026,5:42:18,58644995.9,Dispensed,3.0,57.0,70.0,126.0,126.0,464.0,310.0,253.0,252.0,0.0,645.0,5.497793,3.712808,0.0,9.210592,24.0,24.0,0.0,4.0,0.0,0.0
3/18/2026,5:42:19,58645058.91,TONE,8.0,57.0,70.0,126.0,126.0,464.0,310.0,253.0,253.0,0.0,645.0,5.497793,3.712808,0.0,9.210592,24.0,24.0,0.0,4.0,0.0,0.0
3/18/2026,5:42:19,58645126.97,LED,7.0,57.0,70.0,126.0,126.0,464.0,310.0,254.0,253.0,0.0,645.0,5.497793,3.712808,0.0,9.210592,24.0,24.0,0.0,4.0,0.0,0.0
3/18/2026,5:42:25,58651839.47,LeftWithPellet,12.0,57.0,70.0,126.0,126.0,464.0,310.0,254.0,253.0,0.0,645.0,5.497793,3.712808,0.0,9.210592,24.0,25.0,0.0,4.0,0.0,0.0
3/18/2026,5:42:44,58670124.46,Retrieved,4.0,57.0,70.0,126.0,127.0,464.0,310.0,254.0,253.0,0.0,645.0,5.497793,3.712808,0.0,9.210592,24.0,25.0,0.0,4.0,0.0,0.0
3/18/2026,5:43:01,58688002.7,Right,1.0,58.0,70.0,126.0,127.0,464.0,310.0,254.0,253.0,0.0,645.0,5.497793,3.712808,0.0,9.210592,24.0,25.0,0.0,4.0,0.0,0.0
3/18/2026,5:43:02,58688574.71,TONE,8.0,58.0,70.0,126.0,127.0,464.0,310.0,254.0,254.0,0.0,645.0,5.497793,3.712808,0.0,9.210592,24.0,25.0,0.0,4.0,0.0,0.0
3/18/2026,5:43:02,58688642.76,LED,7.0,58.0,70.0,126.0,127.0,464.0,310.0,255.0,254.0,0.0,645.0,5.497793,3.712808,0.0,9.210592,24.0,25.0,0.0,4.0,0.0,0.0
3/18/2026,5:43:03,58689436.28,Dispensed,3.0,58.0,70.0,127.0,127.0,464.0,310.0,255.0,254.0,0.0,645.0,5.497793,3.712808,0.0,9.210592,24.0,25.0,0.0,4.0,0.0,0.0
3/18/2026,5:43:03,58689499.3,TONE,8.0,58.0,70.0,127.0,127.0,464.0,310.0,255.0,255.0,0.0,645.0,5.497793,3.712808,0.0,9.210592,24.0,25.0,0.0,4.0,0.0,0.0
3/18/2026,5:43:03,58689567.35,LED,7.0,58.0,70.0,127.0,127.0,464.0,310.0,256.0,255.0,0.0,645.0,5.497793,3.712808,0.0,9.210592,24.0,25.0,0.0,4.0,0.0,0.0
3/18/2026,5:43:04,58690044.79,Retrieved,4.0,58.0,70.0,127.0,128.0,464.0,310.0,256.0,255.0,0.0,645.0,5.497793,3.712808,0.0,9.210592,24.0,25.0,0.0,4.0,0.0,0.0
3/18/2026,5:43:20,58706625.62,Right,1.0,59.0,70.0,127.0,128.0,464.0,310.0,256.0,255.0,0.0,645.0,5.497793,3.712808,0.0,9.210592,24.0,25.0,0.0,4.0,0.0,0.0
3/18/2026,5:43:21,58707050.81,TONE,8.0,59.0,70.0,127.0,128.0,464.0,310.0,256.0,256.0,0.0,645.0,5.497793,3.712808,0.0,9.210592,24.0,25.0,0.0,4.0,0.0,0.0
3/18/2026,5:43:21,58707118.86,LED,7.0,59.0,70.0,127.0,128.0,464.0,310.0,257.0,256.0,0.0,645.0,5.497793,3.712808,0.0,9.210592,24.0,25.0,0.0,4.0,0.0,0.0
3/18/2026,5:43:21,58707815.47,Dispensed,3.0,59.0,70.0,128.0,128.0,464.0,310.0,257.0,256.0,0.0,645.0,5.497793,3.712808,0.0,9.210592,24.0,25.0,0.0,4.0,0.0,0.0
3/18/2026,5:43:21,58707878.49,TONE,8.0,59.0,70.0,128.0,128.0,464.0,310.0,257.0,257.0,0.0,645.0,5.497793,3.712808,0.0,9.210592,24.0,25.0,0.0,4.0,0.0,0.0
3/18/2026,5:43:21,58707946.54,LED,7.0,59.0,70.0,128.0,128.0,464.0,310.0,258.0,257.0,0.0,645.0,5.497793,3.712808,0.0,9.210592,24.0,25.0,0.0,4.0,0.0,0.0
3/18/2026,5:43:22,58708782.19,Retrieved,4.0,59.0,70.0,128.0,129.0,464.0,310.0,258.0,257.0,0.0,645.0,5.497793,3.712808,0.0,9.210592,24.0,25.0,0.0,4.0,0.0,0.0
3/18/2026,5:43:38,58724271.36,Left,2.0,59.0,71.0,128.0,129.0,464.0,310.0,258.0,257.0,0.0,645.0,5.497793,3.712808,0.0,9.210592,24.0,25.0,0.0,4.0,0.0,0.0
3/18/2026,5:43:38,58724678.68,TONE,8.0,59.0,71.0,128.0,129.0,464.0,310.0,258.0,258.0,0.0,645.0,5.497793,3.712808,0.0,9.210592,24.0,25.0,0.0,4.0,0.0,0.0
3/18/2026,5:43:38,58724746.73,LED,7.0,59.0,71.0,128.0,129.0,464.0,310.0,259.0,258.0,0.0,645.0,5.497793,3.712808,0.0,9.210592,24.0,25.0,0.0,4.0,0.0,0.0
3/18/2026,5:43:39,58725471.62,Dispensed,3.0,59.0,71.0,129.0,129.0,464.0,310.0,259.0,258.0,0.0,645.0,5.497793,3.712808,0.0,9.210592,24.0,25.0,0.0,4.0,0.0,0.0
3/18/2026,5:43:39,58725534.64,TONE,8.0,59.0,71.0,129.0,129.0,464.0,310.0,259.0,259.0,0.0,645.0,5.497793,3.712808,0.0,9.210592,24.0,25.0,0.0,4.0,0.0,0.0
3/18/2026,5:43:39,58725602.7,LED,7.0,59.0,71.0,129.0,129.0,464.0,310.0,260.0,259.0,0.0,645.0,5.497793,3.712808,0.0,9.210592,24.0,25.0,0.0,4.0,0.0,0.0
3/18/2026,5:43:40,58726020.37,Retrieved,4.0,59.0,71.0,129.0,130.0,464.0,310.0,260.0,259.0,0.0,645.0,5.497793,3.712808,0.0,9.210592,24.0,25.0,0.0,4.0,0.0,0.0
3/18/2026,5:43:59,58745741.17,Left,2.0,59.0,72.0,129.0,130.0,464.0,310.0,260.0,259.0,0.0,645.0,5.497793,3.712808,0.0,9.210592,24.0,25.0,0.0,4.0,0.0,0.0
3/18/2026,5:44:00,58746220.39,TONE,8.0,59.0,72.0,129.0,130.0,464.0,310.0,260.0,260.0,0.0,645.0,5.497793,3.712808,0.0,9.210592,24.0,25.0,0.0,4.0,0.0,0.0
3/18/2026,5:44:00,58746288.44,LED,7.0,59.0,72.0,129.0,130.0,464.0,310.0,261.0,260.0,0.0,645.0,5.497793,3.712808,0.0,9.210592,24.0,25.0,0.0,4.0,0.0,0.0
3/18/2026,5:44:00,58746940.03,Dispensed,3.0,59.0,72.0,130.0,130.0,464.0,310.0,261.0,260.0,0.0,645.0,5.497793,3.712808,0.0,9.210592,24.0,25.0,0.0,4.0,0.0,0.0
3/18/2026,5:44:00,58747003.05,TONE,8.0,59.0,72.0,130.0,130.0,464.0,310.0,261.0,261.0,0.0,645.0,5.497793,3.712808,0.0,9.210592,24.0,25.0,0.0,4.0,0.0,0.0
3/18/2026,5:44:01,58747071.11,LED,7.0,59.0,72.0,130.0,130.0,464.0,310.0,262.0,261.0,0.0,645.0,5.497793,3.712808,0.0,9.210592,24.0,25.0,0.0,4.0,0.0,0.0
3/18/2026,5:44:01,58747369.62,Retrieved,4.0,59.0,72.0,130.0,131.0,464.0,310.0,262.0,261.0,0.0,645.0,5.497793,3.712808,0.0,9.210592,24.0,25.0,0.0,4.0,0.0,0.0
3/18/2026,5:44:38,58784392.22,RightWater,5.0,59.0,72.0,130.0,131.0,465.0,310.0,262.0,261.0,0.0,645.0,5.497793,3.712808,0.0,9.210592,24.0,25.0,0.0,4.0,0.0,0.0
3/18/2026,5:44:38,58784459.08,WaterDispensed,10.0,59.0,72.0,130.0,131.0,465.0,310.0,262.0,261.0,0.0,646.0,5.512073,3.712808,0.0,9.224873,24.0,25.0,0.0,4.0,0.0,0.0
3/18/2026,5:44:38,58784627.77,RightWater,5.0,59.0,72.0,130.0,131.0,466.0,310.0,262.0,261.0,0.0,646.0,5.512073,3.712808,0.0,9.224873,24.0,25.0,0.0,4.0,0.0,0.0
3/18/2026,5:44:38,58784694.63,WaterDispensed,10.0,59.0,72.0,130.0,131.0,466.0,310.0,262.0,261.0,0.0,647.0,5.526352,3.712808,0.0,9.239153,24.0,25.0,0.0,4.0,0.0,0.0
3/18/2026,5:44:38,58784841.44,RightWater,5.0,59.0,72.0,130.0,131.0,467.0,310.0,262.0,261.0,0.0,647.0,5.526352,3.712808,0.0,9.239153,24.0,25.0,0.0,4.0,0.0,0.0
3/18/2026,5:44:38,58784908.3,WaterDispensed,10.0,59.0,72.0,130.0,131.0,467.0,310.0,262.0,261.0,0.0,648.0,5.540632,3.712808,0.0,9.253433,24.0,25.0,0.0,4.0,0.0,0.0
3/18/2026,5:44:39,58785231.22,RightWater,5.0,59.0,72.0,130.0,131.0,468.0,310.0,262.0,261.0,0.0,648.0,5.540632,3.712808,0.0,9.253433,24.0,25.0,0.0,4.0,0.0,0.0
3/18/2026,5:44:39,58785298.09,WaterDispensed,10.0,59.0,72.0,130.0,131.0,468.0,310.0,262.0,261.0,0.0,649.0,5.554912,3.712808,0.0,9.267714,24.0,25.0,0.0,4.0,0.0,0.0
3/18/2026,5:44:39,58785380.58,RightWater,5.0,59.0,72.0,130.0,131.0,469.0,310.0,262.0,261.0,0.0,649.0,5.554912,3.712808,0.0,9.267714,24.0,25.0,0.0,4.0,0.0,0.0
3/18/2026,5:44:39,58785747.28,RightWater,5.0,59.0,72.0,130.0,131.0,470.0,310.0,262.0,261.0,0.0,650.0,5.569192,3.712808,0.0,9.281994,24.0,25.0,0.0,4.0,0.0,0.0
3/18/2026,5:44:39,58785814.13,WaterDispensed,10.0,59.0,72.0,130.0,131.0,470.0,310.0,262.0,261.0,0.0,650.0,5.569192,3.712808,0.0,9.281994,24.0,25.0,0.0,4.0,0.0,0.0
3/18/2026,5:44:40,58786137.18,RightWater,5.0,59.0,72.0,130.0,131.0,471.0,310.0,262.0,261.0,0.0,650.0,5.569192,3.712808,0.0,9.281994,24.0,25.0,0.0,4.0,0.0,0.0
3/18/2026,5:44:40,58786204.04,WaterDispensed,10.0,59.0,72.0,130.0,131.0,471.0,310.0,262.0,261.0,0.0,651.0,5.583472,3.712808,0.0,9.296274,24.0,25.0,0.0,4.0,0.0,0.0
3/18/2026,5:44:40,58786287.42,RightWater,5.0,59.0,72.0,130.0,131.0,472.0,310.0,262.0,261.0,0.0,651.0,5.583472,3.712808,0.0,9.296274,24.0,25.0,0.0,4.0,0.0,0.0
3/18/2026,5:44:40,58786527.53,RightWater,5.0,59.0,72.0,130.0,131.0,473.0,310.0,262.0,261.0,0.0,651.0,5.583472,3.712808,0.0,9.296274,24.0,25.0,0.0,4.0,0.0,0.0
3/18/2026,5:44:40,58786594.4,WaterDispensed,10.0,59.0,72.0,130.0,131.0,473.0,310.0,262.0,261.0,0.0,652.0,5.597752,3.712808,0.0,9.310555,24.0,25.0,0.0,4.0,0.0,0.0
3/18/2026,5:44:41,58787419.45,RightWater,5.0,59.0,72.0,130.0,131.0,474.0,310.0,262.0,261.0,0.0,652.0,5.597752,3.712808,0.0,9.310555,24.0,25.0,0.0,4.0,0.0,0.0
3/18/2026,5:44:41,58787486.31,WaterDispensed,10.0,59.0,72.0,130.0,131.0,474.0,310.0,262.0,261.0,0.0,653.0,5.612031,3.712808,0.0,9.324835,24.0,25.0,0.0,4.0,0.0,0.0
3/18/2026,5:44:41,58787703.87,RightWater,5.0,59.0,72.0,130.0,131.0,475.0,310.0,262.0,261.0,0.0,653.0,5.612031,3.712808,0.0,9.324835,24.0,25.0,0.0,4.0,0.0,0.0
3/18/2026,5:44:41,58787770.73,WaterDispensed,10.0,59.0,72.0,130.0,131.0,475.0,310.0,262.0,261.0,0.0,654.0,5.626311,3.712808,0.0,9.339115,24.0,25.0,0.0,4.0,0.0,0.0
3/18/2026,5:44:42,58788092.44,RightWater,5.0,59.0,72.0,130.0,131.0,476.0,310.0,262.0,261.0,0.0,654.0,5.626311,3.712808,0.0,9.339115,24.0,25.0,0.0,4.0,0.0,0.0
3/18/2026,5:44:42,58788159.3,WaterDispensed,10.0,59.0,72.0,130.0,131.0,476.0,310.0,262.0,261.0,0.0,655.0,5.640591,3.712808,0.0,9.353395,24.0,25.0,0.0,4.0,0.0,0.0
3/18/2026,5:44:42,58788517.27,RightWater,5.0,59.0,72.0,130.0,131.0,477.0,310.0,262.0,261.0,0.0,655.0,5.640591,3.712808,0.0,9.353395,24.0,25.0,0.0,4.0,0.0,0.0
3/18/2026,5:44:42,58788584.12,WaterDispensed,10.0,59.0,72.0,130.0,131.0,477.0,310.0,262.0,261.0,0.0,656.0,5.654871,3.712808,0.0,9.367676,24.0,25.0,0.0,4.0,0.0,0.0
3/18/2026,5:44:42,58788663.17,RightWater,5.0,59.0,72.0,130.0,131.0,478.0,310.0,262.0,261.0,0.0,656.0,5.654871,3.712808,0.0,9.367676,24.0,25.0,0.0,4.0,0.0,0.0
3/18/2026,5:44:42,58788914.18,RightWater,5.0,59.0,72.0,130.0,131.0,479.0,310.0,262.0,261.0,0.0,656.0,5.654871,3.712808,0.0,9.367676,24.0,25.0,0.0,4.0,0.0,0.0
3/18/2026,5:44:42,58788981.03,WaterDispensed,10.0,59.0,72.0,130.0,131.0,479.0,310.0,262.0,261.0,0.0,657.0,5.669151,3.712808,0.0,9.381956,24.0,25.0,0.0,4.0,0.0,0.0
3/18/2026,5:44:43,58789305.78,RightWater,5.0,59.0,72.0,130.0,131.0,480.0,310.0,262.0,261.0,0.0,657.0,5.669151,3.712808,0.0,9.381956,24.0,25.0,0.0,4.0,0.0,0.0
3/18/2026,5:44:43,58789372.65,WaterDispensed,10.0,59.0,72.0,130.0,131.0,480.0,310.0,262.0,261.0,0.0,658.0,5.683431,3.712808,0.0,9.396236,24.0,25.0,0.0,4.0,0.0,0.0
3/18/2026,5:44:43,58789591.96,RightWater,5.0,59.0,72.0,130.0,131.0,481.0,310.0,262.0,261.0,0.0,658.0,5.683431,3.712808,0.0,9.396236,24.0,25.0,0.0,4.0,0.0,0.0
3/18/2026,5:44:43,58789658.83,WaterDispensed,10.0,59.0,72.0,130.0,131.0,481.0,310.0,262.0,261.0,0.0,659.0,5.697711,3.712808,0.0,9.410517,24.0,25.0,0.0,4.0,0.0,0.0
3/18/2026,5:44:43,58789993.06,RightWater,5.0,59.0,72.0,130.0,131.0,482.0,310.0,262.0,261.0,0.0,659.0,5.697711,3.712808,0.0,9.410517,24.0,25.0,0.0,4.0,0.0,0.0
3/18/2026,5:44:44,58790059.92,WaterDispensed,10.0,59.0,72.0,130.0,131.0,482.0,310.0,262.0,261.0,0.0,660.0,5.71199,3.712808,0.0,9.424797,24.0,25.0,0.0,4.0,0.0,0.0
3/18/2026,5:44:44,58790276.4,RightWater,5.0,59.0,72.0,130.0,131.0,483.0,310.0,262.0,261.0,0.0,660.0,5.71199,3.712808,0.0,9.424797,24.0,25.0,0.0,4.0,0.0,0.0
3/18/2026,5:44:44,58790343.26,WaterDispensed,10.0,59.0,72.0,130.0,131.0,483.0,310.0,262.0,261.0,0.0,661.0,5.72627,3.712808,0.0,9.439077,24.0,25.0,0.0,4.0,0.0,0.0
3/18/2026,5:44:44,58790702.02,RightWater,5.0,59.0,72.0,130.0,131.0,484.0,310.0,262.0,261.0,0.0,661.0,5.72627,3.712808,0.0,9.439077,24.0,25.0,0.0,4.0,0.0,0.0
3/18/2026,5:44:44,58790768.88,WaterDispensed,10.0,59.0,72.0,130.0,131.0,484.0,310.0,262.0,261.0,0.0,662.0,5.74055,3.712808,0.0,9.453358,24.0,25.0,0.0,4.0,0.0,0.0
3/18/2026,5:44:51,58797955.59,Right,1.0,60.0,72.0,130.0,131.0,484.0,310.0,262.0,261.0,0.0,662.0,5.74055,3.712808,0.0,9.453358,24.0,25.0,0.0,4.0,0.0,0.0
3/18/2026,5:44:53,58799191.41,TONE,8.0,60.0,72.0,130.0,131.0,484.0,310.0,262.0,262.0,0.0,662.0,5.74055,3.712808,0.0,9.453358,24.0,25.0,0.0,4.0,0.0,0.0
3/18/2026,5:44:53,58799259.46,LED,7.0,60.0,72.0,130.0,131.0,484.0,310.0,263.0,262.0,0.0,662.0,5.74055,3.712808,0.0,9.453358,24.0,25.0,0.0,4.0,0.0,0.0
3/18/2026,5:44:53,58799966.89,Dispensed,3.0,60.0,72.0,131.0,131.0,484.0,310.0,263.0,262.0,0.0,662.0,5.74055,3.712808,0.0,9.453358,24.0,25.0,0.0,4.0,0.0,0.0
3/18/2026,5:44:54,58800029.91,TONE,8.0,60.0,72.0,131.0,131.0,484.0,310.0,263.0,263.0,0.0,662.0,5.74055,3.712808,0.0,9.453358,24.0,25.0,0.0,4.0,0.0,0.0
3/18/2026,5:44:54,58800097.97,LED,7.0,60.0,72.0,131.0,131.0,484.0,310.0,264.0,263.0,0.0,662.0,5.74055,3.712808,0.0,9.453358,24.0,25.0,0.0,4.0,0.0,0.0
3/18/2026,5:45:26,58832043.9,RightWater,5.0,60.0,72.0,131.0,131.0,485.0,310.0,264.0,263.0,0.0,662.0,5.74055,3.712808,0.0,9.453358,24.0,25.0,0.0,4.0,0.0,0.0
3/18/2026,5:45:26,58832110.76,WaterDispensed,10.0,60.0,72.0,131.0,131.0,485.0,310.0,264.0,263.0,0.0,663.0,5.75483,3.712808,0.0,9.467638,24.0,25.0,0.0,4.0,0.0,0.0
3/18/2026,5:45:28,58834215.28,RightWater,5.0,60.0,72.0,131.0,131.0,486.0,310.0,264.0,263.0,0.0,663.0,5.75483,3.712808,0.0,9.467638,24.0,25.0,0.0,4.0,0.0,0.0
3/18/2026,5:45:28,58834282.14,WaterDispensed,10.0,60.0,72.0,131.0,131.0,486.0,310.0,264.0,263.0,0.0,664.0,5.76911,3.712808,0.0,9.481918,24.0,25.0,0.0,4.0,0.0,0.0
3/18/2026,5:46:41,58907881.59,RightWater,5.0,60.0,72.0,131.0,131.0,487.0,310.0,264.0,263.0,0.0,664.0,5.76911,3.712808,0.0,9.481918,24.0,25.0,0.0,4.0,0.0,0.0
3/18/2026,5:46:41,58907948.45,WaterDispensed,10.0,60.0,72.0,131.0,131.0,487.0,310.0,264.0,263.0,0.0,665.0,5.78339,3.712808,0.0,9.496199,24.0,25.0,0.0,4.0,0.0,0.0
3/18/2026,5:46:42,58908103.01,RightWater,5.0,60.0,72.0,131.0,131.0,488.0,310.0,264.0,263.0,0.0,665.0,5.78339,3.712808,0.0,9.496199,24.0,25.0,0.0,4.0,0.0,0.0
3/18/2026,5:46:42,58908169.86,WaterDispensed,10.0,60.0,72.0,131.0,131.0,488.0,310.0,264.0,263.0,0.0,666.0,5.797669,3.712808,0.0,9.510479,24.0,25.0,0.0,4.0,0.0,0.0
3/18/2026,5:46:42,58908285.99,RightWater,5.0,60.0,72.0,131.0,131.0,489.0,310.0,264.0,263.0,0.0,666.0,5.797669,3.712808,0.0,9.510479,24.0,25.0,0.0,4.0,0.0,0.0
3/18/2026,5:46:42,58908528.72,RightWater,5.0,60.0,72.0,131.0,131.0,490.0,310.0,264.0,263.0,0.0,666.0,5.797669,3.712808,0.0,9.510479,24.0,25.0,0.0,4.0,0.0,0.0
3/18/2026,5:46:42,58908595.57,WaterDispensed,10.0,60.0,72.0,131.0,131.0,490.0,310.0,264.0,263.0,0.0,667.0,5.811949,3.712808,0.0,9.524759,24.0,25.0,0.0,4.0,0.0,0.0
3/18/2026,5:46:42,58908774.99,RightWater,5.0,60.0,72.0,131.0,131.0,491.0,310.0,264.0,263.0,0.0,668.0,5.826229,3.712808,0.0,9.53904,24.0,25.0,0.0,4.0,0.0,0.0
3/18/2026,5:46:42,58908841.84,WaterDispensed,10.0,60.0,72.0,131.0,131.0,491.0,310.0,264.0,263.0,0.0,668.0,5.826229,3.712808,0.0,9.53904,24.0,25.0,0.0,4.0,0.0,0.0
3/18/2026,5:46:43,58909029.52,RightWater,5.0,60.0,72.0,131.0,131.0,492.0,310.0,264.0,263.0,0.0,668.0,5.826229,3.712808,0.0,9.53904,24.0,25.0,0.0,4.0,0.0,0.0
3/18/2026,5:46:43,58909096.38,WaterDispensed,10.0,60.0,72.0,131.0,131.0,492.0,310.0,264.0,263.0,0.0,669.0,5.840509,3.712808,0.0,9.55332,24.0,25.0,0.0,4.0,0.0,0.0
3/18/2026,5:46:43,58909407.97,RightWater,5.0,60.0,72.0,131.0,131.0,493.0,310.0,264.0,263.0,0.0,669.0,5.840509,3.712808,0.0,9.55332,24.0,25.0,0.0,4.0,0.0,0.0
3/18/2026,5:46:43,58909474.84,WaterDispensed,10.0,60.0,72.0,131.0,131.0,493.0,310.0,264.0,263.0,0.0,670.0,5.854789,3.712808,0.0,9.5676,24.0,25.0,0.0,4.0,0.0,0.0
3/18/2026,5:46:44,58910524.93,RightWater,5.0,60.0,72.0,131.0,131.0,494.0,310.0,264.0,263.0,0.0,670.0,5.854789,3.712808,0.0,9.5676,24.0,25.0,0.0,4.0,0.0,0.0
3/18/2026,5:46:44,58910591.79,WaterDispensed,10.0,60.0,72.0,131.0,131.0,494.0,310.0,264.0,263.0,0.0,671.0,5.869069,3.712808,0.0,9.581881,24.0,25.0,0.0,4.0,0.0,0.0
3/18/2026,5:46:47,58913552.64,RightWater,5.0,60.0,72.0,131.0,131.0,495.0,310.0,264.0,263.0,0.0,671.0,5.869069,3.712808,0.0,9.581881,24.0,25.0,0.0,4.0,0.0,0.0
3/18/2026,5:46:47,58913619.51,WaterDispensed,10.0,60.0,72.0,131.0,131.0,495.0,310.0,264.0,263.0,0.0,672.0,5.883348,3.712808,0.0,9.596161,24.0,25.0,0.0,4.0,0.0,0.0
3/18/2026,5:47:08,58934953.59,LeftWithPellet,12.0,60.0,72.0,131.0,131.0,495.0,310.0,264.0,263.0,0.0,672.0,5.883348,3.712808,0.0,9.596161,24.0,26.0,0.0,4.0,0.0,0.0
3/18/2026,5:47:35,58961275.26,RightWithPellet,11.0,60.0,72.0,131.0,131.0,495.0,310.0,264.0,263.0,0.0,672.0,5.883348,3.712808,0.0,9.596161,25.0,26.0,0.0,4.0,0.0,0.0
3/18/2026,5:47:36,58962701.73,Retrieved,4.0,60.0,72.0,131.0,132.0,495.0,310.0,264.0,263.0,0.0,672.0,5.883348,3.712808,0.0,9.596161,25.0,26.0,0.0,4.0,0.0,0.0
3/18/2026,5:47:39,58965334.9,LeftWater,6.0,60.0,72.0,131.0,132.0,495.0,311.0,264.0,263.0,0.0,672.0,5.883348,3.712808,0.0,9.596161,25.0,26.0,0.0,4.0,0.0,0.0
3/18/2026,5:47:39,58965402.68,WaterDispensed,10.0,60.0,72.0,131.0,132.0,495.0,311.0,264.0,263.0,0.0,673.0,5.883348,3.727088,0.0,9.610441,25.0,26.0,0.0,4.0,0.0,0.0
3/18/2026,5:47:39,58965699.25,LeftWater,6.0,60.0,72.0,131.0,132.0,495.0,312.0,264.0,263.0,0.0,673.0,5.883348,3.727088,0.0,9.610441,25.0,26.0,0.0,4.0,0.0,0.0
3/18/2026,5:47:39,58965767.04,WaterDispensed,10.0,60.0,72.0,131.0,132.0,495.0,312.0,264.0,263.0,0.0,674.0,5.883348,3.741368,0.0,9.624722,25.0,26.0,0.0,4.0,0.0,0.0
3/18/2026,5:47:40,58966092.08,LeftWater,6.0,60.0,72.0,131.0,132.0,495.0,313.0,264.0,263.0,0.0,674.0,5.883348,3.741368,0.0,9.624722,25.0,26.0,0.0,4.0,0.0,0.0
3/18/2026,5:47:40,58966159.86,WaterDispensed,10.0,60.0,72.0,131.0,132.0,495.0,313.0,264.0,263.0,0.0,675.0,5.883348,3.755648,0.0,9.639002,25.0,26.0,0.0,4.0,0.0,0.0
3/18/2026,5:47:40,58966324.46,LeftWater,6.0,60.0,72.0,131.0,132.0,495.0,314.0,264.0,263.0,0.0,675.0,5.883348,3.755648,0.0,9.639002,25.0,26.0,0.0,4.0,0.0,0.0
3/18/2026,5:47:40,58966392.24,WaterDispensed,10.0,60.0,72.0,131.0,132.0,495.0,314.0,264.0,263.0,0.0,676.0,5.883348,3.769928,0.0,9.653282,25.0,26.0,0.0,4.0,0.0,0.0
3/18/2026,5:47:40,58966590.2,LeftWater,6.0,60.0,72.0,131.0,132.0,495.0,315.0,264.0,263.0,0.0,676.0,5.883348,3.769928,0.0,9.653282,25.0,26.0,0.0,4.0,0.0,0.0
3/18/2026,5:47:40,58966657.98,WaterDispensed,10.0,60.0,72.0,131.0,132.0,495.0,315.0,264.0,263.0,0.0,677.0,5.883348,3.784208,0.0,9.667562,25.0,26.0,0.0,4.0,0.0,0.0
3/18/2026,5:47:40,58966845.57,LeftWater,6.0,60.0,72.0,131.0,132.0,495.0,316.0,264.0,263.0,0.0,677.0,5.883348,3.784208,0.0,9.667562,25.0,26.0,0.0,4.0,0.0,0.0
3/18/2026,5:47:40,58966913.36,WaterDispensed,10.0,60.0,72.0,131.0,132.0,495.0,316.0,264.0,263.0,0.0,678.0,5.883348,3.798488,0.0,9.681843,25.0,26.0,0.0,4.0,0.0,0.0
3/18/2026,5:47:41,58967105.01,LeftWater,6.0,60.0,72.0,131.0,132.0,495.0,317.0,264.0,263.0,0.0,678.0,5.883348,3.798488,0.0,9.681843,25.0,26.0,0.0,4.0,0.0,0.0
3/18/2026,5:47:41,58967172.79,WaterDispensed,10.0,60.0,72.0,131.0,132.0,495.0,317.0,264.0,263.0,0.0,679.0,5.883348,3.812768,0.0,9.696123,25.0,26.0,0.0,4.0,0.0,0.0
3/18/2026,5:47:41,58967244.17,LeftWater,6.0,60.0,72.0,131.0,132.0,495.0,318.0,264.0,263.0,0.0,679.0,5.883348,3.812768,0.0,9.696123,25.0,26.0,0.0,4.0,0.0,0.0
3/18/2026,5:47:41,58967342.76,LeftWater,6.0,60.0,72.0,131.0,132.0,495.0,319.0,264.0,263.0,0.0,679.0,5.883348,3.812768,0.0,9.696123,25.0,26.0,0.0,4.0,0.0,0.0
3/18/2026,5:47:41,58967410.54,WaterDispensed,10.0,60.0,72.0,131.0,132.0,495.0,319.0,264.0,263.0,0.0,680.0,5.883348,3.827048,0.0,9.710403,25.0,26.0,0.0,4.0,0.0,0.0
3/18/2026,5:47:41,58967502.75,LeftWater,6.0,60.0,72.0,131.0,132.0,495.0,320.0,264.0,263.0,0.0,680.0,5.883348,3.827048,0.0,9.710403,25.0,26.0,0.0,4.0,0.0,0.0
3/18/2026,5:47:41,58967613.59,LeftWater,6.0,60.0,72.0,131.0,132.0,495.0,321.0,264.0,263.0,0.0,680.0,5.883348,3.827048,0.0,9.710403,25.0,26.0,0.0,4.0,0.0,0.0
3/18/2026,5:47:41,58967681.37,WaterDispensed,10.0,60.0,72.0,131.0,132.0,495.0,321.0,264.0,263.0,0.0,681.0,5.883348,3.841328,0.0,9.724684,25.0,26.0,0.0,4.0,0.0,0.0
3/18/2026,5:47:41,58967869.74,LeftWater,6.0,60.0,72.0,131.0,132.0,495.0,322.0,264.0,263.0,0.0,681.0,5.883348,3.841328,0.0,9.724684,25.0,26.0,0.0,4.0,0.0,0.0
3/18/2026,5:47:41,58967937.52,WaterDispensed,10.0,60.0,72.0,131.0,132.0,495.0,322.0,264.0,263.0,0.0,682.0,5.883348,3.855608,0.0,9.738964,25.0,26.0,0.0,4.0,0.0,0.0
3/18/2026,5:47:42,58968394.01,LeftWater,6.0,60.0,72.0,131.0,132.0,495.0,323.0,264.0,263.0,0.0,682.0,5.883348,3.855608,0.0,9.738964,25.0,26.0,0.0,4.0,0.0,0.0
3/18/2026,5:47:42,58968461.78,WaterDispensed,10.0,60.0,72.0,131.0,132.0,495.0,323.0,264.0,263.0,0.0,683.0,5.883348,3.869889,0.0,9.753244,25.0,26.0,0.0,4.0,0.0,0.0
3/18/2026,5:47:42,58968652.08,LeftWater,6.0,60.0,72.0,131.0,132.0,495.0,324.0,264.0,263.0,0.0,683.0,5.883348,3.869889,0.0,9.753244,25.0,26.0,0.0,4.0,0.0,0.0
3/18/2026,5:47:42,58968719.86,WaterDispensed,10.0,60.0,72.0,131.0,132.0,495.0,324.0,264.0,263.0,0.0,684.0,5.883348,3.884169,0.0,9.767525,25.0,26.0,0.0,4.0,0.0,0.0
3/18/2026,5:47:42,58968935.74,LeftWater,6.0,60.0,72.0,131.0,132.0,495.0,325.0,264.0,263.0,0.0,684.0,5.883348,3.884169,0.0,9.767525,25.0,26.0,0.0,4.0,0.0,0.0
3/18/2026,5:47:42,58969003.52,WaterDispensed,10.0,60.0,72.0,131.0,132.0,495.0,325.0,264.0,263.0,0.0,685.0,5.883348,3.898449,0.0,9.781805,25.0,26.0,0.0,4.0,0.0,0.0
3/18/2026,5:47:43,58969074.89,LeftWater,6.0,60.0,72.0,131.0,132.0,495.0,326.0,264.0,263.0,0.0,685.0,5.883348,3.898449,0.0,9.781805,25.0,26.0,0.0,4.0,0.0,0.0
3/18/2026,5:47:43,58969212.1,LeftWater,6.0,60.0,72.0,131.0,132.0,495.0,327.0,264.0,263.0,0.0,685.0,5.883348,3.898449,0.0,9.781805,25.0,26.0,0.0,4.0,0.0,0.0
3/18/2026,5:47:43,58969279.88,WaterDispensed,10.0,60.0,72.0,131.0,132.0,495.0,327.0,264.0,263.0,0.0,686.0,5.883348,3.912729,0.0,9.796085,25.0,26.0,0.0,4.0,0.0,0.0
3/18/2026,5:47:43,58969501.52,LeftWater,6.0,60.0,72.0,131.0,132.0,495.0,328.0,264.0,263.0,0.0,686.0,5.883348,3.912729,0.0,9.796085,25.0,26.0,0.0,4.0,0.0,0.0
3/18/2026,5:47:43,58969569.3,WaterDispensed,10.0,60.0,72.0,131.0,132.0,495.0,328.0,264.0,263.0,0.0,687.0,5.883348,3.927009,0.0,9.810366,25.0,26.0,0.0,4.0,0.0,0.0
3/18/2026,5:47:43,58969804.59,LeftWater,6.0,60.0,72.0,131.0,132.0,495.0,329.0,264.0,263.0,0.0,688.0,5.883348,3.941289,0.0,9.824646,25.0,26.0,0.0,4.0,0.0,0.0
3/18/2026,5:47:43,58969872.37,WaterDispensed,10.0,60.0,72.0,131.0,132.0,495.0,329.0,264.0,263.0,0.0,688.0,5.883348,3.941289,0.0,9.824646,25.0,26.0,0.0,4.0,0.0,0.0
3/18/2026,5:47:44,58970103.33,LeftWater,6.0,60.0,72.0,131.0,132.0,495.0,330.0,264.0,263.0,0.0,688.0,5.883348,3.941289,0.0,9.824646,25.0,26.0,0.0,4.0,0.0,0.0
3/18/2026,5:47:44,58970171.11,WaterDispensed,10.0,60.0,72.0,131.0,132.0,495.0,330.0,264.0,263.0,0.0,689.0,5.883348,3.955569,0.0,9.838926,25.0,26.0,0.0,4.0,0.0,0.0
3/18/2026,5:47:44,58970270.12,LeftWater,6.0,60.0,72.0,131.0,132.0,495.0,331.0,264.0,263.0,0.0,689.0,5.883348,3.955569,0.0,9.838926,25.0,26.0,0.0,4.0,0.0,0.0
3/18/2026,5:47:44,58970363.34,LeftWater,6.0,60.0,72.0,131.0,132.0,495.0,332.0,264.0,263.0,0.0,689.0,5.883348,3.955569,0.0,9.838926,25.0,26.0,0.0,4.0,0.0,0.0
3/18/2026,5:47:44,58970431.12,WaterDispensed,10.0,60.0,72.0,131.0,132.0,495.0,332.0,264.0,263.0,0.0,690.0,5.883348,3.969849,0.0,9.853207,25.0,26.0,0.0,4.0,0.0,0.0
3/18/2026,5:47:44,58970510.85,LeftWater,6.0,60.0,72.0,131.0,132.0,495.0,333.0,264.0,263.0,0.0,690.0,5.883348,3.969849,0.0,9.853207,25.0,26.0,0.0,4.0,0.0,0.0
3/18/2026,5:47:44,58970663.94,LeftWater,6.0,60.0,72.0,131.0,132.0,495.0,334.0,264.0,263.0,0.0,690.0,5.883348,3.969849,0.0,9.853207,25.0,26.0,0.0,4.0,0.0,0.0
3/18/2026,5:47:44,58970731.72,WaterDispensed,10.0,60.0,72.0,131.0,132.0,495.0,334.0,264.0,263.0,0.0,691.0,5.883348,3.984129,0.0,9.867487,25.0,26.0,0.0,4.0,0.0,0.0
3/18/2026,5:49:07,59053640.98,LeftWater,6.0,60.0,72.0,131.0,132.0,495.0,335.0,264.0,263.0,0.0,691.0,5.883348,3.984129,0.0,9.867487,25.0,26.0,0.0,4.0,0.0,0.0
3/18/2026,5:49:07,59053708.76,WaterDispensed,10.0,60.0,72.0,131.0,132.0,495.0,335.0,264.0,263.0,0.0,692.0,5.883348,3.998409,0.0,9.881767,25.0,26.0,0.0,4.0,0.0,0.0
3/18/2026,5:49:07,59053844.45,LeftWater,6.0,60.0,72.0,131.0,132.0,495.0,336.0,264.0,263.0,0.0,692.0,5.883348,3.998409,0.0,9.881767,25.0,26.0,0.0,4.0,0.0,0.0
3/18/2026,5:49:08,59054353.09,LeftWater,6.0,60.0,72.0,131.0,132.0,495.0,337.0,264.0,263.0,0.0,692.0,5.883348,3.998409,0.0,9.881767,25.0,26.0,0.0,4.0,0.0,0.0
3/18/2026,5:49:08,59054420.88,WaterDispensed,10.0,60.0,72.0,131.0,132.0,495.0,337.0,264.0,263.0,0.0,693.0,5.883348,4.012689,0.0,9.896048,25.0,26.0,0.0,4.0,0.0,0.0
3/18/2026,5:49:08,59054502.67,LeftWater,6.0,60.0,72.0,131.0,132.0,495.0,338.0,264.0,263.0,0.0,693.0,5.883348,4.012689,0.0,9.896048,25.0,26.0,0.0,4.0,0.0,0.0
3/18/2026,5:49:08,59054731.93,LeftWater,6.0,60.0,72.0,131.0,132.0,495.0,339.0,264.0,263.0,0.0,693.0,5.883348,4.012689,0.0,9.896048,25.0,26.0,0.0,4.0,0.0,0.0
3/18/2026,5:49:08,59054799.71,WaterDispensed,10.0,60.0,72.0,131.0,132.0,495.0,340.0,264.0,263.0,0.0,694.0,5.883348,4.026969,0.0,9.910328,25.0,26.0,0.0,4.0,0.0,0.0
3/18/2026,5:49:08,59054871.1,LeftWater,6.0,60.0,72.0,131.0,132.0,495.0,340.0,264.0,263.0,0.0,694.0,5.883348,4.026969,0.0,9.910328,25.0,26.0,0.0,4.0,0.0,0.0
3/18/2026,5:49:08,59054999.91,LeftWater,6.0,60.0,72.0,131.0,132.0,495.0,341.0,264.0,263.0,0.0,694.0,5.883348,4.026969,0.0,9.910328,25.0,26.0,0.0,4.0,0.0,0.0
3/18/2026,5:49:09,59055067.69,WaterDispensed,10.0,60.0,72.0,131.0,132.0,495.0,341.0,264.0,263.0,0.0,695.0,5.883348,4.041249,0.0,9.924608,25.0,26.0,0.0,4.0,0.0,0.0
3/18/2026,5:49:09,59055263.54,LeftWater,6.0,60.0,72.0,131.0,132.0,495.0,342.0,264.0,263.0,0.0,695.0,5.883348,4.041249,0.0,9.924608,25.0,26.0,0.0,4.0,0.0,0.0
3/18/2026,5:49:09,59055331.31,WaterDispensed,10.0,60.0,72.0,131.0,132.0,495.0,342.0,264.0,263.0,0.0,696.0,5.883348,4.055529,0.0,9.938889,25.0,26.0,0.0,4.0,0.0,0.0
3/18/2026,5:49:09,59055535.22,LeftWater,6.0,60.0,72.0,131.0,132.0,495.0,343.0,264.0,263.0,0.0,696.0,5.883348,4.055529,0.0,9.938889,25.0,26.0,0.0,4.0,0.0,0.0
3/18/2026,5:49:09,59055603.0,WaterDispensed,10.0,60.0,72.0,131.0,132.0,495.0,343.0,264.0,263.0,0.0,697.0,5.883348,4.069808,0.0,9.953169,25.0,26.0,0.0,4.0,0.0,0.0
3/18/2026,5:49:09,59055800.27,LeftWater,6.0,60.0,72.0,131.0,132.0,495.0,344.0,264.0,263.0,0.0,698.0,5.883348,4.084088,0.0,9.967449,25.0,26.0,0.0,4.0,0.0,0.0
3/18/2026,5:49:09,59055868.05,WaterDispensed,10.0,60.0,72.0,131.0,132.0,495.0,344.0,264.0,263.0,0.0,698.0,5.883348,4.084088,0.0,9.967449,25.0,26.0,0.0,4.0,0.0,0.0
3/18/2026,5:49:10,59056058.85,LeftWater,6.0,60.0,72.0,131.0,132.0,495.0,345.0,264.0,263.0,0.0,698.0,5.883348,4.084088,0.0,9.967449,25.0,26.0,0.0,4.0,0.0,0.0
3/18/2026,5:49:10,59056126.62,WaterDispensed,10.0,60.0,72.0,131.0,132.0,495.0,345.0,264.0,263.0,0.0,699.0,5.883348,4.098368,0.0,9.98173,25.0,26.0,0.0,4.0,0.0,0.0
3/18/2026,5:49:10,59056360.28,LeftWater,6.0,60.0,72.0,131.0,132.0,495.0,346.0,264.0,263.0,0.0,699.0,5.883348,4.098368,0.0,9.98173,25.0,26.0,0.0,4.0,0.0,0.0
3/18/2026,5:49:10,59056428.06,WaterDispensed,10.0,60.0,72.0,131.0,132.0,495.0,346.0,264.0,263.0,0.0,700.0,5.883348,4.112648,0.0,9.99601,25.0,26.0,0.0,4.0,0.0,0.0
3/18/2026,5:49:10,59056616.16,LeftWater,6.0,60.0,72.0,131.0,132.0,495.0,347.0,264.0,263.0,0.0,700.0,5.883348,4.112648,0.0,9.99601,25.0,26.0,0.0,4.0,0.0,0.0
3/18/2026,5:49:10,59056683.93,WaterDispensed,10.0,60.0,72.0,131.0,132.0,495.0,347.0,264.0,263.0,0.0,701.0,5.883348,4.126928,0.0,10.01029,25.0,26.0,0.0,4.0,0.0,0.0
3/18/2026,5:49:10,59056903.01,LeftWater,6.0,60.0,72.0,131.0,132.0,495.0,348.0,264.0,263.0,0.0,701.0,5.883348,4.126928,0.0,10.01029,25.0,26.0,0.0,4.0,0.0,0.0
3/18/2026,5:49:10,59056970.79,WaterDispensed,10.0,60.0,72.0,131.0,132.0,495.0,348.0,264.0,263.0,0.0,702.0,5.883348,4.141208,0.0,10.02457,25.0,26.0,0.0,4.0,0.0,0.0
3/18/2026,5:49:11,59057177.91,LeftWater,6.0,60.0,72.0,131.0,132.0,495.0,349.0,264.0,263.0,0.0,702.0,5.883348,4.141208,0.0,10.02457,25.0,26.0,0.0,4.0,0.0,0.0
3/18/2026,5:49:11,59057245.69,WaterDispensed,10.0,60.0,72.0,131.0,132.0,495.0,349.0,264.0,263.0,0.0,703.0,5.883348,4.155488,0.0,10.038851,25.0,26.0,0.0,4.0,0.0,0.0
3/18/2026,5:49:11,59057334.2,LeftWater,6.0,60.0,72.0,131.0,132.0,495.0,350.0,264.0,263.0,0.0,703.0,5.883348,4.155488,0.0,10.038851,25.0,26.0,0.0,4.0,0.0,0.0
3/18/2026,5:49:11,59057453.45,LeftWater,6.0,60.0,72.0,131.0,132.0,495.0,351.0,264.0,263.0,0.0,703.0,5.883348,4.155488,0.0,10.038851,25.0,26.0,0.0,4.0,0.0,0.0
3/18/2026,5:49:11,59057521.23,WaterDispensed,10.0,60.0,72.0,131.0,132.0,495.0,351.0,264.0,263.0,0.0,704.0,5.883348,4.169767,0.0,10.053131,25.0,26.0,0.0,4.0,0.0,0.0
3/18/2026,5:49:11,59057725.09,LeftWater,6.0,60.0,72.0,131.0,132.0,495.0,352.0,264.0,263.0,0.0,704.0,5.883348,4.169767,0.0,10.053131,25.0,26.0,0.0,4.0,0.0,0.0
3/18/2026,5:49:11,59057792.87,WaterDispensed,10.0,60.0,72.0,131.0,132.0,495.0,352.0,264.0,263.0,0.0,705.0,5.883348,4.184047,0.0,10.067411,25.0,26.0,0.0,4.0,0.0,0.0
3/18/2026,5:49:11,59058016.3,LeftWater,6.0,60.0,72.0,131.0,132.0,495.0,353.0,264.0,263.0,0.0,705.0,5.883348,4.184047,0.0,10.067411,25.0,26.0,0.0,4.0,0.0,0.0
3/18/2026,5:49:12,59058084.09,WaterDispensed,10.0,60.0,72.0,131.0,132.0,495.0,353.0,264.0,263.0,0.0,706.0,5.883348,4.198327,0.0,10.081692,25.0,26.0,0.0,4.0,0.0,0.0
3/18/2026,5:49:12,59058296.78,LeftWater,6.0,60.0,72.0,131.0,132.0,495.0,354.0,264.0,263.0,0.0,706.0,5.883348,4.198327,0.0,10.081692,25.0,26.0,0.0,4.0,0.0,0.0
3/18/2026,5:49:12,59058364.57,WaterDispensed,10.0,60.0,72.0,131.0,132.0,495.0,354.0,264.0,263.0,0.0,707.0,5.883348,4.212607,0.0,10.095972,25.0,26.0,0.0,4.0,0.0,0.0
3/18/2026,5:49:12,59058587.52,LeftWater,6.0,60.0,72.0,131.0,132.0,495.0,355.0,264.0,263.0,0.0,707.0,5.883348,4.212607,0.0,10.095972,25.0,26.0,0.0,4.0,0.0,0.0
3/18/2026,5:49:12,59058655.3,WaterDispensed,10.0,60.0,72.0,131.0,132.0,495.0,355.0,264.0,263.0,0.0,708.0,5.883348,4.226887,0.0,10.110252,25.0,26.0,0.0,4.0,0.0,0.0
3/18/2026,5:49:12,59058870.26,LeftWater,6.0,60.0,72.0,131.0,132.0,495.0,356.0,264.0,263.0,0.0,708.0,5.883348,4.226887,0.0,10.110252,25.0,26.0,0.0,4.0,0.0,0.0
3/18/2026,5:49:12,59058938.03,WaterDispensed,10.0,60.0,72.0,131.0,132.0,495.0,356.0,264.0,263.0,0.0,709.0,5.883348,4.241167,0.0,10.124533,25.0,26.0,0.0,4.0,0.0,0.0
3/18/2026,5:49:13,59059288.66,LeftWater,6.0,60.0,72.0,131.0,132.0,495.0,357.0,264.0,263.0,0.0,709.0,5.883348,4.241167,0.0,10.124533,25.0,26.0,0.0,4.0,0.0,0.0
3/18/2026,5:49:13,59059356.44,WaterDispensed,10.0,60.0,72.0,131.0,132.0,495.0,357.0,264.0,263.0,0.0,710.0,5.883348,4.255446,0.0,10.138813,25.0,26.0,0.0,4.0,0.0,0.0
3/18/2026,5:49:13,59059432.09,LED,7.0,60.0,72.0,131.0,132.0,495.0,357.0,265.0,263.0,0.0,710.0,5.883348,4.255446,0.0,10.138813,25.0,26.0,0.0,4.0,0.0,0.0
3/18/2026,5:49:13,59059709.15,LeftWater,6.0,60.0,72.0,131.0,132.0,495.0,358.0,265.0,263.0,0.0,710.0,5.883348,4.255446,0.0,10.138813,25.0,26.0,0.0,4.0,0.0,0.0
3/18/2026,5:49:13,59059776.94,WaterDispensed,10.0,60.0,72.0,131.0,132.0,495.0,358.0,265.0,263.0,0.0,711.0,5.883348,4.269726,0.0,10.153093,25.0,26.0,0.0,4.0,0.0,0.0
3/18/2026,5:49:13,59059994.9,LeftWater,6.0,60.0,72.0,131.0,132.0,495.0,359.0,265.0,263.0,0.0,711.0,5.883348,4.269726,0.0,10.153093,25.0,26.0,0.0,4.0,0.0,0.0
3/18/2026,5:49:14,59060062.67,WaterDispensed,10.0,60.0,72.0,131.0,132.0,495.0,359.0,265.0,263.0,0.0,712.0,5.883348,4.284006,0.0,10.167374,25.0,26.0,0.0,4.0,0.0,0.0
3/18/2026,5:49:14,59060286.13,LeftWater,6.0,60.0,72.0,131.0,132.0,495.0,360.0,265.0,263.0,0.0,712.0,5.883348,4.284006,0.0,10.167374,25.0,26.0,0.0,4.0,0.0,0.0
3/18/2026,5:49:14,59060353.9,WaterDispensed,10.0,60.0,72.0,131.0,132.0,495.0,360.0,265.0,263.0,0.0,713.0,5.883348,4.298286,0.0,10.181654,25.0,26.0,0.0,4.0,0.0,0.0
3/18/2026,5:49:14,59060436.96,LeftWater,6.0,60.0,72.0,131.0,132.0,495.0,361.0,265.0,263.0,0.0,713.0,5.883348,4.298286,0.0,10.181654,25.0,26.0,0.0,4.0,0.0,0.0
3/18/2026,5:49:14,59060569.22,LeftWater,6.0,60.0,72.0,131.0,132.0,495.0,362.0,265.0,263.0,0.0,713.0,5.883348,4.298286,0.0,10.181654,25.0,26.0,0.0,4.0,0.0,0.0
3/18/2026,5:49:14,59060637.0,WaterDispensed,10.0,60.0,72.0,131.0,132.0,495.0,362.0,265.0,263.0,0.0,714.0,5.883348,4.312566,0.0,10.195934,25.0,26.0,0.0,4.0,0.0,0.0
3/18/2026,5:49:14,59060734.17,LeftWater,6.0,60.0,72.0,131.0,132.0,495.0,363.0,265.0,263.0,0.0,714.0,5.883348,4.312566,0.0,10.195934,25.0,26.0,0.0,4.0,0.0,0.0
3/18/2026,5:49:14,59060877.03,LeftWater,6.0,60.0,72.0,131.0,132.0,495.0,364.0,265.0,263.0,0.0,714.0,5.883348,4.312566,0.0,10.195934,25.0,26.0,0.0,4.0,0.0,0.0
3/18/2026,5:49:14,59060944.8,WaterDispensed,10.0,60.0,72.0,131.0,132.0,495.0,364.0,265.0,263.0,0.0,715.0,5.883348,4.326846,0.0,10.210215,25.0,26.0,0.0,4.0,0.0,0.0
3/18/2026,5:49:15,59061024.69,LeftWater,6.0,60.0,72.0,131.0,132.0,495.0,365.0,265.0,263.0,0.0,715.0,5.883348,4.326846,0.0,10.210215,25.0,26.0,0.0,4.0,0.0,0.0
3/18/2026,5:49:15,59061181.76,LeftWater,6.0,60.0,72.0,131.0,132.0,495.0,366.0,265.0,263.0,0.0,715.0,5.883348,4.326846,0.0,10.210215,25.0,26.0,0.0,4.0,0.0,0.0
3/18/2026,5:49:15,59061249.54,WaterDispensed,10.0,60.0,72.0,131.0,132.0,495.0,366.0,265.0,263.0,0.0,716.0,5.883348,4.341125,0.0,10.224495,25.0,26.0,0.0,4.0,0.0,0.0
3/18/2026,5:49:15,59061448.96,LeftWater,6.0,60.0,72.0,131.0,132.0,495.0,367.0,265.0,263.0,0.0,716.0,5.883348,4.341125,0.0,10.224495,25.0,26.0,0.0,4.0,0.0,0.0
3/18/2026,5:49:15,59061516.74,WaterDispensed,10.0,60.0,72.0,131.0,132.0,495.0,367.0,265.0,263.0,0.0,717.0,5.883348,4.355405,0.0,10.238775,25.0,26.0,0.0,4.0,0.0,0.0
3/18/2026,5:49:15,59061589.81,LeftWater,6.0,60.0,72.0,131.0,132.0,495.0,368.0,265.0,263.0,0.0,717.0,5.883348,4.355405,0.0,10.238775,25.0,26.0,0.0,4.0,0.0,0.0
3/18/2026,5:49:15,59061772.94,LeftWater,6.0,60.0,72.0,131.0,132.0,495.0,369.0,265.0,263.0,0.0,718.0,5.883348,4.369685,0.0,10.253056,25.0,26.0,0.0,4.0,0.0,0.0
3/18/2026,5:49:15,59061840.72,WaterDispensed,10.0,60.0,72.0,131.0,132.0,495.0,369.0,265.0,263.0,0.0,718.0,5.883348,4.369685,0.0,10.253056,25.0,26.0,0.0,4.0,0.0,0.0
3/18/2026,5:49:16,59062053.06,LeftWater,6.0,60.0,72.0,131.0,132.0,495.0,370.0,265.0,263.0,0.0,718.0,5.883348,4.369685,0.0,10.253056,25.0,26.0,0.0,4.0,0.0,0.0
3/18/2026,5:49:16,59062120.84,WaterDispensed,10.0,60.0,72.0,131.0,132.0,495.0,370.0,265.0,263.0,0.0,719.0,5.883348,4.383965,0.0,10.267336,25.0,26.0,0.0,4.0,0.0,0.0
3/18/2026,5:51:32,59198491.84,LeftWater,6.0,60.0,72.0,131.0,132.0,495.0,371.0,265.0,263.0,0.0,719.0,5.883348,4.383965,0.0,10.267336,25.0,26.0,0.0,4.0,0.0,0.0
3/18/2026,5:51:32,59198559.62,WaterDispensed,10.0,60.0,72.0,131.0,132.0,495.0,371.0,265.0,263.0,0.0,720.0,5.883348,4.398245,0.0,10.281616,25.0,26.0,0.0,4.0,0.0,0.0
3/18/2026,5:53:16,59302560.85,LeftWater,6.0,60.0,72.0,131.0,132.0,495.0,372.0,265.0,263.0,0.0,720.0,5.883348,4.398245,0.0,10.281616,25.0,26.0,0.0,4.0,0.0,0.0
3/18/2026,5:53:16,59302628.64,WaterDispensed,10.0,60.0,72.0,131.0,132.0,495.0,372.0,265.0,263.0,0.0,721.0,5.883348,4.412525,0.0,10.295897,25.0,26.0,0.0,4.0,0.0,0.0
3/18/2026,5:53:17,59303459.0,LeftWater,6.0,60.0,72.0,131.0,132.0,495.0,373.0,265.0,263.0,0.0,721.0,5.883348,4.412525,0.0,10.295897,25.0,26.0,0.0,4.0,0.0,0.0
3/18/2026,5:53:17,59303526.79,WaterDispensed,10.0,60.0,72.0,131.0,132.0,495.0,373.0,265.0,263.0,0.0,722.0,5.883348,4.426805,0.0,10.310177,25.0,26.0,0.0,4.0,0.0,0.0
3/18/2026,5:53:17,59303937.0,LeftWater,6.0,60.0,72.0,131.0,132.0,495.0,374.0,265.0,263.0,0.0,722.0,5.883348,4.426805,0.0,10.310177,25.0,26.0,0.0,4.0,0.0,0.0
3/18/2026,5:53:17,59304004.78,WaterDispensed,10.0,60.0,72.0,131.0,132.0,495.0,374.0,265.0,263.0,0.0,723.0,5.883348,4.441084,0.0,10.324457,25.0,26.0,0.0,4.0,0.0,0.0
3/18/2026,5:53:18,59304419.99,LeftWater,6.0,60.0,72.0,131.0,132.0,495.0,375.0,265.0,263.0,0.0,723.0,5.883348,4.441084,0.0,10.324457,25.0,26.0,0.0,4.0,0.0,0.0
3/18/2026,5:53:18,59304487.77,WaterDispensed,10.0,60.0,72.0,131.0,132.0,495.0,375.0,265.0,263.0,0.0,724.0,5.883348,4.455364,0.0,10.338737,25.0,26.0,0.0,4.0,0.0,0.0
3/18/2026,5:53:18,59304699.14,LeftWater,6.0,60.0,72.0,131.0,132.0,495.0,376.0,265.0,263.0,0.0,724.0,5.883348,4.455364,0.0,10.338737,25.0,26.0,0.0,4.0,0.0,0.0
3/18/2026,5:53:18,59304766.92,WaterDispensed,10.0,60.0,72.0,131.0,132.0,495.0,376.0,265.0,263.0,0.0,725.0,5.883348,4.469644,0.0,10.353018,25.0,26.0,0.0,4.0,0.0,0.0
3/18/2026,5:53:18,59304944.64,LeftWater,6.0,60.0,72.0,131.0,132.0,495.0,377.0,265.0,263.0,0.0,725.0,5.883348,4.469644,0.0,10.353018,25.0,26.0,0.0,4.0,0.0,0.0
3/18/2026,5:53:18,59305012.42,WaterDispensed,10.0,60.0,72.0,131.0,132.0,495.0,377.0,265.0,263.0,0.0,726.0,5.883348,4.483924,0.0,10.367298,25.0,26.0,0.0,4.0,0.0,0.0
3/18/2026,5:53:19,59305102.78,LeftWater,6.0,60.0,72.0,131.0,132.0,495.0,378.0,265.0,263.0,0.0,726.0,5.883348,4.483924,0.0,10.367298,25.0,26.0,0.0,4.0,0.0,0.0
3/18/2026,5:53:27,59313064.32,LeftWater,6.0,60.0,72.0,131.0,132.0,495.0,379.0,265.0,263.0,0.0,726.0,5.883348,4.483924,0.0,10.367298,25.0,26.0,0.0,4.0,0.0,0.0
3/18/2026,5:53:27,59313132.1,WaterDispensed,10.0,60.0,72.0,131.0,132.0,495.0,379.0,265.0,263.0,0.0,727.0,5.883348,4.498204,0.0,10.381578,25.0,26.0,0.0,4.0,0.0,0.0
3/18/2026,5:53:27,59313446.68,LeftWater,6.0,60.0,72.0,131.0,132.0,495.0,380.0,265.0,263.0,0.0,727.0,5.883348,4.498204,0.0,10.381578,25.0,26.0,0.0,4.0,0.0,0.0
3/18/2026,5:53:27,59313514.46,WaterDispensed,10.0,60.0,72.0,131.0,132.0,495.0,380.0,265.0,263.0,0.0,728.0,5.883348,4.512484,0.0,10.395859,25.0,26.0,0.0,4.0,0.0,0.0
3/18/2026,5:54:33,59379306.85,Left,2.0,60.0,73.0,131.0,132.0,495.0,380.0,265.0,263.0,0.0,728.0,5.883348,4.512484,0.0,10.395859,25.0,26.0,0.0,4.0,0.0,0.0
3/18/2026,5:54:33,59379758.11,TONE,8.0,60.0,73.0,131.0,132.0,495.0,380.0,265.0,264.0,0.0,728.0,5.883348,4.512484,0.0,10.395859,25.0,26.0,0.0,4.0,0.0,0.0
3/18/2026,5:54:33,59379826.16,LED,7.0,60.0,73.0,131.0,132.0,495.0,380.0,266.0,264.0,0.0,728.0,5.883348,4.512484,0.0,10.395859,25.0,26.0,0.0,4.0,0.0,0.0
3/18/2026,5:54:34,59380567.28,Dispensed,3.0,60.0,73.0,132.0,132.0,495.0,380.0,266.0,264.0,0.0,728.0,5.883348,4.512484,0.0,10.395859,25.0,26.0,0.0,4.0,0.0,0.0
3/18/2026,5:54:34,59380630.3,TONE,8.0,60.0,73.0,132.0,132.0,495.0,380.0,266.0,265.0,0.0,728.0,5.883348,4.512484,0.0,10.395859,25.0,26.0,0.0,4.0,0.0,0.0
3/18/2026,5:54:34,59380698.36,LED,7.0,60.0,73.0,132.0,132.0,495.0,380.0,267.0,265.0,0.0,728.0,5.883348,4.512484,0.0,10.395859,25.0,26.0,0.0,4.0,0.0,0.0
3/18/2026,5:54:35,59381175.93,Retrieved,4.0,60.0,73.0,132.0,133.0,495.0,380.0,267.0,265.0,0.0,728.0,5.883348,4.512484,0.0,10.395859,25.0,26.0,0.0,4.0,0.0,0.0
3/18/2026,5:54:50,59396319.65,Left,2.0,60.0,74.0,132.0,133.0,495.0,380.0,267.0,265.0,0.0,728.0,5.883348,4.512484,0.0,10.395859,25.0,26.0,0.0,4.0,0.0,0.0
3/18/2026,5:54:50,59396844.24,TONE,8.0,60.0,74.0,132.0,133.0,495.0,380.0,268.0,266.0,0.0,728.0,5.883348,4.512484,0.0,10.395859,25.0,26.0,0.0,4.0,0.0,0.0
3/18/2026,5:54:50,59396912.29,LED,7.0,60.0,74.0,132.0,133.0,495.0,380.0,268.0,266.0,0.0,728.0,5.883348,4.512484,0.0,10.395859,25.0,26.0,0.0,4.0,0.0,0.0
3/18/2026,5:54:51,59397651.89,Dispensed,3.0,60.0,74.0,133.0,133.0,495.0,380.0,268.0,266.0,0.0,728.0,5.883348,4.512484,0.0,10.395859,25.0,26.0,0.0,4.0,0.0,0.0
3/18/2026,5:54:51,59397714.9,TONE,8.0,60.0,74.0,133.0,133.0,495.0,380.0,268.0,267.0,0.0,728.0,5.883348,4.512484,0.0,10.395859,25.0,26.0,0.0,4.0,0.0,0.0
3/18/2026,5:54:51,59397782.96,LED,7.0,60.0,74.0,133.0,133.0,495.0,380.0,269.0,267.0,0.0,728.0,5.883348,4.512484,0.0,10.395859,25.0,26.0,0.0,4.0,0.0,0.0
3/18/2026,5:54:52,59398320.18,Retrieved,4.0,60.0,74.0,133.0,134.0,495.0,380.0,269.0,267.0,0.0,728.0,5.883348,4.512484,0.0,10.395859,25.0,26.0,0.0,4.0,0.0,0.0
3/18/2026,5:57:08,59534766.4,LeftWater,6.0,60.0,74.0,133.0,134.0,495.0,381.0,269.0,267.0,0.0,728.0,5.883348,4.512484,0.0,10.395859,25.0,26.0,0.0,4.0,0.0,0.0
3/18/2026,5:57:08,59534834.18,WaterDispensed,10.0,60.0,74.0,133.0,134.0,495.0,381.0,269.0,267.0,0.0,729.0,5.883348,4.526763,0.0,10.410139,25.0,26.0,0.0,4.0,0.0,0.0
3/18/2026,5:57:17,59543019.28,LeftWater,6.0,60.0,74.0,133.0,134.0,495.0,382.0,269.0,267.0,0.0,729.0,5.883348,4.526763,0.0,10.410139,25.0,26.0,0.0,4.0,0.0,0.0
3/18/2026,5:57:17,59543087.06,WaterDispensed,10.0,60.0,74.0,133.0,134.0,495.0,382.0,269.0,267.0,0.0,730.0,5.883348,4.541043,0.0,10.424419,25.0,26.0,0.0,4.0,0.0,0.0
3/18/2026,5:58:27,59613229.71,LeftWater,6.0,60.0,74.0,133.0,134.0,495.0,383.0,269.0,267.0,0.0,730.0,5.883348,4.541043,0.0,10.424419,25.0,26.0,0.0,4.0,0.0,0.0
3/18/2026,5:58:27,59613297.49,WaterDispensed,10.0,60.0,74.0,133.0,134.0,495.0,383.0,269.0,267.0,0.0,731.0,5.883348,4.555323,0.0,10.4387,25.0,26.0,0.0,4.0,0.0,0.0
3/18/2026,5:58:27,59613382.7,LeftWater,6.0,60.0,74.0,133.0,134.0,495.0,384.0,269.0,267.0,0.0,731.0,5.883348,4.555323,0.0,10.4387,25.0,26.0,0.0,4.0,0.0,0.0
3/18/2026,5:58:27,59613605.45,LeftWater,6.0,60.0,74.0,133.0,134.0,495.0,385.0,269.0,267.0,0.0,731.0,5.883348,4.555323,0.0,10.4387,25.0,26.0,0.0,4.0,0.0,0.0
3/18/2026,5:58:27,59613673.22,WaterDispensed,10.0,60.0,74.0,133.0,134.0,495.0,385.0,269.0,267.0,0.0,732.0,5.883348,4.569603,0.0,10.45298,25.0,26.0,0.0,4.0,0.0,0.0
3/18/2026,5:58:28,59614094.16,LeftWater,6.0,60.0,74.0,133.0,134.0,495.0,386.0,269.0,267.0,0.0,732.0,5.883348,4.569603,0.0,10.45298,25.0,26.0,0.0,4.0,0.0,0.0
3/18/2026,5:58:28,59614161.93,WaterDispensed,10.0,60.0,74.0,133.0,134.0,495.0,386.0,269.0,267.0,0.0,733.0,5.883348,4.583883,0.0,10.46726,25.0,26.0,0.0,4.0,0.0,0.0
3/18/2026,5:58:28,59614359.38,LeftWater,6.0,60.0,74.0,133.0,134.0,495.0,387.0,269.0,267.0,0.0,733.0,5.883348,4.583883,0.0,10.46726,25.0,26.0,0.0,4.0,0.0,0.0
3/18/2026,5:58:28,59614427.16,WaterDispensed,10.0,60.0,74.0,133.0,134.0,495.0,387.0,269.0,267.0,0.0,734.0,5.883348,4.598163,0.0,10.481541,25.0,26.0,0.0,4.0,0.0,0.0
3/18/2026,5:58:28,59614635.98,LeftWater,6.0,60.0,74.0,133.0,134.0,495.0,388.0,269.0,267.0,0.0,734.0,5.883348,4.598163,0.0,10.481541,25.0,26.0,0.0,4.0,0.0,0.0
3/18/2026,5:58:28,59614703.75,WaterDispensed,10.0,60.0,74.0,133.0,134.0,495.0,388.0,269.0,267.0,0.0,735.0,5.883348,4.612442,0.0,10.495821,25.0,26.0,0.0,4.0,0.0,0.0
3/18/2026,5:58:28,59614903.4,LeftWater,6.0,60.0,74.0,133.0,134.0,495.0,389.0,269.0,267.0,0.0,735.0,5.883348,4.612442,0.0,10.495821,25.0,26.0,0.0,4.0,0.0,0.0
3/18/2026,5:58:28,59614971.17,WaterDispensed,10.0,60.0,74.0,133.0,134.0,495.0,389.0,269.0,267.0,0.0,736.0,5.883348,4.626722,0.0,10.510101,25.0,26.0,0.0,4.0,0.0,0.0
3/18/2026,5:58:46,59632603.75,LeftWater,6.0,60.0,74.0,133.0,134.0,495.0,390.0,269.0,267.0,0.0,736.0,5.883348,4.626722,0.0,10.510101,25.0,26.0,0.0,4.0,0.0,0.0
3/18/2026,5:58:46,59632671.53,WaterDispensed,10.0,60.0,74.0,133.0,134.0,495.0,390.0,269.0,267.0,0.0,737.0,5.883348,4.641002,0.0,10.524382,25.0,26.0,0.0,4.0,0.0,0.0
3/18/2026,5:58:53,59639206.52,Left,2.0,60.0,75.0,133.0,134.0,495.0,390.0,269.0,267.0,0.0,737.0,5.883348,4.641002,0.0,10.524382,25.0,26.0,0.0,4.0,0.0,0.0
3/18/2026,5:58:53,59639989.71,TONE,8.0,60.0,75.0,133.0,134.0,495.0,390.0,269.0,268.0,0.0,737.0,5.883348,4.641002,0.0,10.524382,25.0,26.0,0.0,4.0,0.0,0.0
3/18/2026,5:58:54,59640057.76,LED,7.0,60.0,75.0,133.0,134.0,495.0,390.0,270.0,268.0,0.0,737.0,5.883348,4.641002,0.0,10.524382,25.0,26.0,0.0,4.0,0.0,0.0
3/18/2026,5:58:54,59640759.68,Dispensed,3.0,60.0,75.0,134.0,134.0,495.0,390.0,270.0,268.0,0.0,737.0,5.883348,4.641002,0.0,10.524382,25.0,26.0,0.0,4.0,0.0,0.0
3/18/2026,5:58:54,59640822.7,TONE,8.0,60.0,75.0,134.0,134.0,495.0,390.0,271.0,269.0,0.0,737.0,5.883348,4.641002,0.0,10.524382,25.0,26.0,0.0,4.0,0.0,0.0
3/18/2026,5:58:54,59640890.76,LED,7.0,60.0,75.0,134.0,134.0,495.0,390.0,271.0,269.0,0.0,737.0,5.883348,4.641002,0.0,10.524382,25.0,26.0,0.0,4.0,0.0,0.0
3/18/2026,5:59:02,59648743.28,Retrieved,4.0,60.0,75.0,134.0,135.0,495.0,390.0,271.0,269.0,0.0,737.0,5.883348,4.641002,0.0,10.524382,25.0,26.0,0.0,4.0,0.0,0.0
3/18/2026,5:59:20,59667000.26,Left,2.0,60.0,76.0,134.0,135.0,495.0,390.0,271.0,269.0,0.0,737.0,5.883348,4.641002,0.0,10.524382,25.0,26.0,0.0,4.0,0.0,0.0
3/18/2026,5:59:21,59667407.79,TONE,8.0,60.0,76.0,134.0,135.0,495.0,390.0,271.0,270.0,0.0,737.0,5.883348,4.641002,0.0,10.524382,25.0,26.0,0.0,4.0,0.0,0.0
3/18/2026,5:59:21,59667475.84,LED,7.0,60.0,76.0,134.0,135.0,495.0,390.0,272.0,270.0,0.0,737.0,5.883348,4.641002,0.0,10.524382,25.0,26.0,0.0,4.0,0.0,0.0
3/18/2026,5:59:22,59668234.55,Dispensed,3.0,60.0,76.0,135.0,135.0,495.0,390.0,272.0,270.0,0.0,737.0,5.883348,4.641002,0.0,10.524382,25.0,26.0,0.0,4.0,0.0,0.0
3/18/2026,5:59:22,59668297.57,TONE,8.0,60.0,76.0,135.0,135.0,495.0,390.0,272.0,271.0,0.0,737.0,5.883348,4.641002,0.0,10.524382,25.0,26.0,0.0,4.0,0.0,0.0
3/18/2026,5:59:22,59668365.62,LED,7.0,60.0,76.0,135.0,135.0,495.0,390.0,273.0,271.0,0.0,737.0,5.883348,4.641002,0.0,10.524382,25.0,26.0,0.0,4.0,0.0,0.0
3/18/2026,5:59:24,59670758.18,Retrieved,4.0,60.0,76.0,135.0,136.0,495.0,390.0,273.0,271.0,0.0,737.0,5.883348,4.641002,0.0,10.524382,25.0,26.0,0.0,4.0,0.0,0.0
3/18/2026,5:59:41,59687657.73,Left,2.0,60.0,77.0,135.0,136.0,495.0,390.0,273.0,271.0,0.0,737.0,5.883348,4.641002,0.0,10.524382,25.0,26.0,0.0,4.0,0.0,0.0
3/18/2026,5:59:42,59688099.72,TONE,8.0,60.0,77.0,135.0,136.0,495.0,390.0,273.0,272.0,0.0,737.0,5.883348,4.641002,0.0,10.524382,25.0,26.0,0.0,4.0,0.0,0.0
3/18/2026,5:59:42,59688167.77,LED,7.0,60.0,77.0,135.0,136.0,495.0,390.0,274.0,272.0,0.0,737.0,5.883348,4.641002,0.0,10.524382,25.0,26.0,0.0,4.0,0.0,0.0
3/18/2026,5:59:42,59688895.61,Dispensed,3.0,60.0,77.0,136.0,136.0,495.0,390.0,274.0,272.0,0.0,737.0,5.883348,4.641002,0.0,10.524382,25.0,26.0,0.0,4.0,0.0,0.0
3/18/2026,5:59:42,59688958.63,TONE,8.0,60.0,77.0,136.0,136.0,495.0,390.0,274.0,273.0,0.0,737.0,5.883348,4.641002,0.0,10.524382,25.0,26.0,0.0,4.0,0.0,0.0
3/18/2026,5:59:43,59689026.68,LED,7.0,60.0,77.0,136.0,136.0,495.0,390.0,275.0,273.0,0.0,737.0,5.883348,4.641002,0.0,10.524382,25.0,26.0,0.0,4.0,0.0,0.0
3/18/2026,5:59:43,59689444.5,Retrieved,4.0,60.0,77.0,136.0,137.0,495.0,390.0,275.0,273.0,0.0,737.0,5.883348,4.641002,0.0,10.524382,25.0,26.0,0.0,4.0,0.0,0.0
3/18/2026,6:00:26,59732615.25,LeftWater,6.0,60.0,77.0,136.0,137.0,495.0,391.0,275.0,273.0,0.0,737.0,5.883348,4.641002,0.0,10.524382,25.0,26.0,0.0,4.0,0.0,0.0
3/18/2026,6:00:26,59732683.03,WaterDispensed,10.0,60.0,77.0,136.0,137.0,495.0,391.0,275.0,273.0,0.0,738.0,5.883348,4.655282,0.0,10.538662,25.0,26.0,0.0,4.0,0.0,0.0
3/18/2026,6:04:52,59998650.19,RightWater,5.0,60.0,77.0,136.0,137.0,496.0,391.0,275.0,273.0,0.0,738.0,5.883348,4.655282,0.0,10.538662,25.0,26.0,0.0,4.0,0.0,0.0
3/18/2026,6:04:52,59998717.05,WaterDispensed,10.0,60.0,77.0,136.0,137.0,496.0,391.0,275.0,273.0,0.0,739.0,5.897628,4.655282,0.0,10.552942,25.0,26.0,0.0,4.0,0.0,0.0
3/18/2026,6:04:52,59998789.15,RightWater,5.0,60.0,77.0,136.0,137.0,497.0,391.0,275.0,273.0,0.0,739.0,5.897628,4.655282,0.0,10.552942,25.0,26.0,0.0,4.0,0.0,0.0
3/18/2026,6:04:53,59999458.74,RightWater,5.0,60.0,77.0,136.0,137.0,498.0,391.0,275.0,273.0,0.0,739.0,5.897628,4.655282,0.0,10.552942,25.0,26.0,0.0,4.0,0.0,0.0
3/18/2026,6:04:53,59999525.59,WaterDispensed,10.0,60.0,77.0,136.0,137.0,498.0,391.0,275.0,273.0,0.0,740.0,5.911908,4.655282,0.0,10.567223,25.0,26.0,0.0,4.0,0.0,0.0
3/18/2026,6:04:53,59999802.95,RightWater,5.0,60.0,77.0,136.0,137.0,499.0,391.0,275.0,273.0,0.0,740.0,5.911908,4.655282,0.0,10.567223,25.0,26.0,0.0,4.0,0.0,0.0
3/18/2026,6:04:53,59999869.81,WaterDispensed,10.0,60.0,77.0,136.0,137.0,500.0,391.0,275.0,273.0,0.0,741.0,5.926188,4.655282,0.0,10.581503,25.0,26.0,0.0,4.0,0.0,0.0
3/18/2026,6:04:53,59999952.1,RightWater,5.0,60.0,77.0,136.0,137.0,500.0,391.0,275.0,273.0,0.0,741.0,5.926188,4.655282,0.0,10.581503,25.0,26.0,0.0,4.0,0.0,0.0
3/18/2026,6:04:54,60000311.42,RightWater,5.0,60.0,77.0,136.0,137.0,501.0,391.0,275.0,273.0,0.0,741.0,5.926188,4.655282,0.0,10.581503,25.0,26.0,0.0,4.0,0.0,0.0
3/18/2026,6:04:54,60000378.28,WaterDispensed,10.0,60.0,77.0,136.0,137.0,501.0,391.0,275.0,273.0,0.0,742.0,5.940468,4.655282,0.0,10.595783,25.0,26.0,0.0,4.0,0.0,0.0
3/18/2026,6:04:54,60000844.57,RightWater,5.0,60.0,77.0,136.0,137.0,502.0,391.0,275.0,273.0,0.0,743.0,5.954748,4.655282,0.0,10.610064,25.0,26.0,0.0,4.0,0.0,0.0
3/18/2026,6:04:54,60000911.43,WaterDispensed,10.0,60.0,77.0,136.0,137.0,502.0,391.0,275.0,273.0,0.0,743.0,5.954748,4.655282,0.0,10.610064,25.0,26.0,0.0,4.0,0.0,0.0
3/18/2026,6:04:55,60001256.3,RightWater,5.0,60.0,77.0,136.0,137.0,503.0,391.0,275.0,273.0,0.0,743.0,5.954748,4.655282,0.0,10.610064,25.0,26.0,0.0,4.0,0.0,0.0
3/18/2026,6:04:55,60001323.17,WaterDispensed,10.0,60.0,77.0,136.0,137.0,503.0,391.0,275.0,273.0,0.0,744.0,5.969028,4.655282,0.0,10.624344,25.0,26.0,0.0,4.0,0.0,0.0
3/18/2026,6:04:55,60001422.62,RightWater,5.0,60.0,77.0,136.0,137.0,504.0,391.0,275.0,273.0,0.0,744.0,5.969028,4.655282,0.0,10.624344,25.0,26.0,0.0,4.0,0.0,0.0
3/18/2026,6:04:57,60003233.9,RightWater,5.0,60.0,77.0,136.0,137.0,505.0,391.0,275.0,273.0,0.0,744.0,5.969028,4.655282,0.0,10.624344,25.0,26.0,0.0,4.0,0.0,0.0
3/18/2026,6:04:57,60003300.75,WaterDispensed,10.0,60.0,77.0,136.0,137.0,505.0,391.0,275.0,273.0,0.0,745.0,5.983307,4.655282,0.0,10.638624,25.0,26.0,0.0,4.0,0.0,0.0
3/18/2026,6:04:57,60003595.09,RightWater,5.0,60.0,77.0,136.0,137.0,506.0,391.0,275.0,273.0,0.0,745.0,5.983307,4.655282,0.0,10.638624,25.0,26.0,0.0,4.0,0.0,0.0
3/18/2026,6:04:57,60003661.95,WaterDispensed,10.0,60.0,77.0,136.0,137.0,506.0,391.0,275.0,273.0,0.0,746.0,5.997587,4.655282,0.0,10.652905,25.0,26.0,0.0,4.0,0.0,0.0
3/18/2026,6:04:57,60003869.1,RightWater,5.0,60.0,77.0,136.0,137.0,507.0,391.0,275.0,273.0,0.0,747.0,6.011867,4.655282,0.0,10.667185,25.0,26.0,0.0,4.0,0.0,0.0
3/18/2026,6:04:57,60003935.96,WaterDispensed,10.0,60.0,77.0,136.0,137.0,507.0,391.0,275.0,273.0,0.0,747.0,6.011867,4.655282,0.0,10.667185,25.0,26.0,0.0,4.0,0.0,0.0
3/18/2026,6:05:06,60012694.29,Right,1.0,61.0,77.0,136.0,137.0,507.0,391.0,275.0,273.0,0.0,747.0,6.011867,4.655282,0.0,10.667185,25.0,26.0,0.0,4.0,0.0,0.0
3/18/2026,6:05:07,60013279.05,TONE,8.0,61.0,77.0,136.0,137.0,507.0,391.0,275.0,274.0,0.0,747.0,6.011867,4.655282,0.0,10.667185,25.0,26.0,0.0,4.0,0.0,0.0
3/18/2026,6:05:07,60013347.11,LED,7.0,61.0,77.0,136.0,137.0,507.0,391.0,276.0,274.0,0.0,747.0,6.011867,4.655282,0.0,10.667185,25.0,26.0,0.0,4.0,0.0,0.0
3/18/2026,6:05:08,60014056.79,Dispensed,3.0,61.0,77.0,137.0,137.0,507.0,391.0,276.0,274.0,0.0,747.0,6.011867,4.655282,0.0,10.667185,25.0,26.0,0.0,4.0,0.0,0.0
3/18/2026,6:05:08,60014119.81,TONE,8.0,61.0,77.0,137.0,137.0,507.0,391.0,276.0,275.0,0.0,747.0,6.011867,4.655282,0.0,10.667185,25.0,26.0,0.0,4.0,0.0,0.0
3/18/2026,6:05:08,60014187.87,LED,7.0,61.0,77.0,137.0,137.0,507.0,391.0,277.0,275.0,0.0,747.0,6.011867,4.655282,0.0,10.667185,25.0,26.0,0.0,4.0,0.0,0.0
3/18/2026,6:05:10,60016880.4,RightWithPellet,11.0,61.0,77.0,137.0,137.0,507.0,391.0,277.0,275.0,0.0,747.0,6.011867,4.655282,0.0,10.667185,26.0,26.0,0.0,4.0,0.0,0.0
3/18/2026,6:05:17,60023057.38,Retrieved,4.0,61.0,77.0,137.0,138.0,507.0,391.0,277.0,275.0,0.0,747.0,6.011867,4.655282,0.0,10.667185,26.0,26.0,0.0,4.0,0.0,0.0
3/18/2026,6:05:38,60044771.46,Right,1.0,62.0,77.0,137.0,138.0,507.0,391.0,277.0,275.0,0.0,747.0,6.011867,4.655282,0.0,10.667185,26.0,26.0,0.0,4.0,0.0,0.0
3/18/2026,6:05:39,60045177.94,TONE,8.0,62.0,77.0,137.0,138.0,507.0,391.0,277.0,276.0,0.0,747.0,6.011867,4.655282,0.0,10.667185,26.0,26.0,0.0,4.0,0.0,0.0
3/18/2026,6:05:39,60045246.0,LED,7.0,62.0,77.0,137.0,138.0,507.0,391.0,278.0,276.0,0.0,747.0,6.011867,4.655282,0.0,10.667185,26.0,26.0,0.0,4.0,0.0,0.0
3/18/2026,6:05:39,60045997.33,Dispensed,3.0,62.0,77.0,138.0,138.0,507.0,391.0,278.0,276.0,0.0,747.0,6.011867,4.655282,0.0,10.667185,26.0,26.0,0.0,4.0,0.0,0.0
3/18/2026,6:05:40,60046060.35,TONE,8.0,62.0,77.0,138.0,138.0,507.0,391.0,278.0,277.0,0.0,747.0,6.011867,4.655282,0.0,10.667185,26.0,26.0,0.0,4.0,0.0,0.0
3/18/2026,6:05:40,60046128.4,LED,7.0,62.0,77.0,138.0,138.0,507.0,391.0,279.0,277.0,0.0,747.0,6.011867,4.655282,0.0,10.667185,26.0,26.0,0.0,4.0,0.0,0.0
3/18/2026,6:05:41,60047442.2,Retrieved,4.0,62.0,77.0,138.0,139.0,507.0,391.0,279.0,277.0,0.0,747.0,6.011867,4.655282,0.0,10.667185,26.0,26.0,0.0,4.0,0.0,0.0
3/18/2026,6:05:55,60061669.02,Right,1.0,63.0,77.0,138.0,139.0,507.0,391.0,279.0,277.0,0.0,747.0,6.011867,4.655282,0.0,10.667185,26.0,26.0,0.0,4.0,0.0,0.0
3/18/2026,6:05:56,60062600.95,TONE,8.0,63.0,77.0,138.0,139.0,507.0,391.0,279.0,278.0,0.0,747.0,6.011867,4.655282,0.0,10.667185,26.0,26.0,0.0,4.0,0.0,0.0
3/18/2026,6:05:56,60062669.0,LED,7.0,63.0,77.0,138.0,139.0,507.0,391.0,280.0,278.0,0.0,747.0,6.011867,4.655282,0.0,10.667185,26.0,26.0,0.0,4.0,0.0,0.0
3/18/2026,6:05:57,60063333.97,Dispensed,3.0,63.0,77.0,139.0,139.0,507.0,391.0,280.0,278.0,0.0,747.0,6.011867,4.655282,0.0,10.667185,26.0,26.0,0.0,4.0,0.0,0.0
3/18/2026,6:05:57,60063396.99,TONE,8.0,63.0,77.0,139.0,139.0,507.0,391.0,280.0,279.0,0.0,747.0,6.011867,4.655282,0.0,10.667185,26.0,26.0,0.0,4.0,0.0,0.0
3/18/2026,6:05:57,60063465.04,LED,7.0,63.0,77.0,139.0,139.0,507.0,391.0,281.0,279.0,0.0,747.0,6.011867,4.655282,0.0,10.667185,26.0,26.0,0.0,4.0,0.0,0.0
3/18/2026,6:05:58,60064898.24,Retrieved,4.0,63.0,77.0,139.0,140.0,507.0,391.0,281.0,279.0,0.0,747.0,6.011867,4.655282,0.0,10.667185,26.0,26.0,0.0,4.0,0.0,0.0
3/18/2026,6:06:48,60114418.41,Right,1.0,64.0,77.0,139.0,140.0,507.0,391.0,281.0,279.0,0.0,747.0,6.011867,4.655282,0.0,10.667185,26.0,26.0,0.0,4.0,0.0,0.0
3/18/2026,6:06:48,60114827.34,TONE,8.0,64.0,77.0,139.0,140.0,507.0,391.0,281.0,280.0,0.0,747.0,6.011867,4.655282,0.0,10.667185,26.0,26.0,0.0,4.0,0.0,0.0
3/18/2026,6:06:48,60114895.39,LED,7.0,64.0,77.0,139.0,140.0,507.0,391.0,282.0,280.0,0.0,747.0,6.011867,4.655282,0.0,10.667185,26.0,26.0,0.0,4.0,0.0,0.0
3/18/2026,6:06:49,60115637.33,Dispensed,3.0,64.0,77.0,140.0,140.0,507.0,391.0,282.0,280.0,0.0,747.0,6.011867,4.655282,0.0,10.667185,26.0,26.0,0.0,4.0,0.0,0.0
3/18/2026,6:06:49,60115700.35,TONE,8.0,64.0,77.0,140.0,140.0,507.0,391.0,282.0,281.0,0.0,747.0,6.011867,4.655282,0.0,10.667185,26.0,26.0,0.0,4.0,0.0,0.0
3/18/2026,6:06:49,60115768.41,LED,7.0,64.0,77.0,140.0,140.0,507.0,391.0,283.0,281.0,0.0,747.0,6.011867,4.655282,0.0,10.667185,26.0,26.0,0.0,4.0,0.0,0.0
3/18/2026,6:07:15,60141236.84,RightWater,5.0,64.0,77.0,140.0,140.0,508.0,391.0,283.0,281.0,0.0,747.0,6.011867,4.655282,0.0,10.667185,26.0,26.0,0.0,4.0,0.0,0.0
3/18/2026,6:07:15,60141303.69,WaterDispensed,10.0,64.0,77.0,140.0,140.0,508.0,391.0,283.0,281.0,0.0,748.0,6.026147,4.655282,0.0,10.681465,26.0,26.0,0.0,4.0,0.0,0.0
3/18/2026,6:07:15,60141983.69,RightWater,5.0,64.0,77.0,140.0,140.0,509.0,391.0,283.0,281.0,0.0,748.0,6.026147,4.655282,0.0,10.681465,26.0,26.0,0.0,4.0,0.0,0.0
3/18/2026,6:07:16,60142050.55,WaterDispensed,10.0,64.0,77.0,140.0,140.0,509.0,391.0,283.0,281.0,0.0,749.0,6.040427,4.655282,0.0,10.695745,26.0,26.0,0.0,4.0,0.0,0.0
3/18/2026,6:07:16,60142349.71,RightWater,5.0,64.0,77.0,140.0,140.0,510.0,391.0,283.0,281.0,0.0,749.0,6.040427,4.655282,0.0,10.695745,26.0,26.0,0.0,4.0,0.0,0.0
3/18/2026,6:07:16,60142416.56,WaterDispensed,10.0,64.0,77.0,140.0,140.0,510.0,391.0,283.0,281.0,0.0,750.0,6.054707,4.655282,0.0,10.710026,26.0,26.0,0.0,4.0,0.0,0.0
3/18/2026,6:07:16,60142573.53,RightWater,5.0,64.0,77.0,140.0,140.0,511.0,391.0,283.0,281.0,0.0,750.0,6.054707,4.655282,0.0,10.710026,26.0,26.0,0.0,4.0,0.0,0.0
3/18/2026,6:07:16,60142640.39,WaterDispensed,10.0,64.0,77.0,140.0,140.0,511.0,391.0,283.0,281.0,0.0,751.0,6.068986,4.655282,0.0,10.724306,26.0,26.0,0.0,4.0,0.0,0.0
3/18/2026,6:07:17,60143091.04,RightWater,5.0,64.0,77.0,140.0,140.0,512.0,391.0,283.0,281.0,0.0,751.0,6.068986,4.655282,0.0,10.724306,26.0,26.0,0.0,4.0,0.0,0.0
3/18/2026,6:07:17,60143157.9,WaterDispensed,10.0,64.0,77.0,140.0,140.0,512.0,391.0,283.0,281.0,0.0,752.0,6.083266,4.655282,0.0,10.738586,26.0,26.0,0.0,4.0,0.0,0.0
3/18/2026,6:07:17,60143883.05,RightWater,5.0,64.0,77.0,140.0,140.0,513.0,391.0,283.0,281.0,0.0,753.0,6.097546,4.655282,0.0,10.752867,26.0,26.0,0.0,4.0,0.0,0.0
3/18/2026,6:07:17,60143949.9,WaterDispensed,10.0,64.0,77.0,140.0,140.0,513.0,391.0,283.0,281.0,0.0,753.0,6.097546,4.655282,0.0,10.752867,26.0,26.0,0.0,4.0,0.0,0.0
3/18/2026,6:07:18,60144809.71,RightWater,5.0,64.0,77.0,140.0,140.0,514.0,391.0,283.0,281.0,0.0,753.0,6.097546,4.655282,0.0,10.752867,26.0,26.0,0.0,4.0,0.0,0.0
3/18/2026,6:07:18,60144876.57,WaterDispensed,10.0,64.0,77.0,140.0,140.0,514.0,391.0,283.0,281.0,0.0,754.0,6.111826,4.655282,0.0,10.767147,26.0,26.0,0.0,4.0,0.0,0.0
3/18/2026,6:07:19,60145634.23,RightWater,5.0,64.0,77.0,140.0,140.0,515.0,391.0,283.0,281.0,0.0,754.0,6.111826,4.655282,0.0,10.767147,26.0,26.0,0.0,4.0,0.0,0.0
3/18/2026,6:07:19,60145701.09,WaterDispensed,10.0,64.0,77.0,140.0,140.0,515.0,391.0,283.0,281.0,0.0,755.0,6.126106,4.655282,0.0,10.781427,26.0,26.0,0.0,4.0,0.0,0.0
3/18/2026,6:07:19,60145808.41,RightWater,5.0,64.0,77.0,140.0,140.0,516.0,391.0,283.0,281.0,0.0,755.0,6.126106,4.655282,0.0,10.781427,26.0,26.0,0.0,4.0,0.0,0.0
3/18/2026,6:07:20,60146101.02,RightWater,5.0,64.0,77.0,140.0,140.0,517.0,391.0,283.0,281.0,0.0,755.0,6.126106,4.655282,0.0,10.781427,26.0,26.0,0.0,4.0,0.0,0.0
3/18/2026,6:07:20,60146167.88,WaterDispensed,10.0,64.0,77.0,140.0,140.0,517.0,391.0,283.0,281.0,0.0,756.0,6.140386,4.655282,0.0,10.795708,26.0,26.0,0.0,4.0,0.0,0.0
3/18/2026,6:13:11,60497013.05,LeftWithPellet,12.0,64.0,77.0,140.0,140.0,517.0,391.0,283.0,281.0,0.0,756.0,6.140386,4.655282,0.0,10.795708,26.0,27.0,0.0,4.0,0.0,0.0
3/18/2026,6:15:42,60648086.38,LeftWater,6.0,64.0,77.0,140.0,140.0,517.0,392.0,283.0,281.0,0.0,756.0,6.140386,4.655282,0.0,10.795708,26.0,27.0,0.0,4.0,0.0,0.0
3/18/2026,6:15:42,60648154.16,WaterDispensed,10.0,64.0,77.0,140.0,140.0,517.0,392.0,283.0,281.0,0.0,757.0,6.140386,4.669562,0.0,10.809988,26.0,27.0,0.0,4.0,0.0,0.0
3/18/2026,6:15:42,60648317.78,LeftWater,6.0,64.0,77.0,140.0,140.0,517.0,393.0,283.0,281.0,0.0,757.0,6.140386,4.669562,0.0,10.809988,26.0,27.0,0.0,4.0,0.0,0.0
3/18/2026,6:15:42,60648385.56,WaterDispensed,10.0,64.0,77.0,140.0,140.0,517.0,393.0,283.0,281.0,0.0,758.0,6.140386,4.683842,0.0,10.824268,26.0,27.0,0.0,4.0,0.0,0.0
3/18/2026,6:15:42,60648546.08,LeftWater,6.0,64.0,77.0,140.0,140.0,517.0,394.0,283.0,281.0,0.0,758.0,6.140386,4.683842,0.0,10.824268,26.0,27.0,0.0,4.0,0.0,0.0
3/18/2026,6:15:42,60648613.86,WaterDispensed,10.0,64.0,77.0,140.0,140.0,517.0,394.0,283.0,281.0,0.0,759.0,6.140386,4.698122,0.0,10.838549,26.0,27.0,0.0,4.0,0.0,0.0
3/18/2026,6:15:42,60648691.13,LeftWater,6.0,64.0,77.0,140.0,140.0,517.0,395.0,283.0,281.0,0.0,759.0,6.140386,4.698122,0.0,10.838549,26.0,27.0,0.0,4.0,0.0,0.0
3/18/2026,6:15:42,60648918.53,LeftWater,6.0,64.0,77.0,140.0,140.0,517.0,396.0,283.0,281.0,0.0,759.0,6.140386,4.698122,0.0,10.838549,26.0,27.0,0.0,4.0,0.0,0.0
3/18/2026,6:15:42,60648986.31,WaterDispensed,10.0,64.0,77.0,140.0,140.0,517.0,396.0,283.0,281.0,0.0,760.0,6.140386,4.712401,0.0,10.852829,26.0,27.0,0.0,4.0,0.0,0.0
3/18/2026,6:15:43,60649317.31,LeftWater,6.0,64.0,77.0,140.0,140.0,517.0,397.0,283.0,281.0,0.0,760.0,6.140386,4.712401,0.0,10.852829,26.0,27.0,0.0,4.0,0.0,0.0
3/18/2026,6:15:43,60649385.09,WaterDispensed,10.0,64.0,77.0,140.0,140.0,517.0,397.0,283.0,281.0,0.0,761.0,6.140386,4.726681,0.0,10.867109,26.0,27.0,0.0,4.0,0.0,0.0
3/18/2026,6:15:43,60649477.97,LeftWater,6.0,64.0,77.0,140.0,140.0,517.0,398.0,283.0,281.0,0.0,761.0,6.140386,4.726681,0.0,10.867109,26.0,27.0,0.0,4.0,0.0,0.0
3/18/2026,6:15:43,60649593.87,LeftWater,6.0,64.0,77.0,140.0,140.0,517.0,399.0,283.0,281.0,0.0,761.0,6.140386,4.726681,0.0,10.867109,26.0,27.0,0.0,4.0,0.0,0.0
3/18/2026,6:15:43,60649661.65,WaterDispensed,10.0,64.0,77.0,140.0,140.0,517.0,399.0,283.0,281.0,0.0,762.0,6.140386,4.740961,0.0,10.88139,26.0,27.0,0.0,4.0,0.0,0.0
3/18/2026,6:15:44,60650146.01,LeftWater,6.0,64.0,77.0,140.0,140.0,517.0,400.0,283.0,281.0,0.0,762.0,6.140386,4.740961,0.0,10.88139,26.0,27.0,0.0,4.0,0.0,0.0
3/18/2026,6:15:44,60650213.78,WaterDispensed,10.0,64.0,77.0,140.0,140.0,517.0,400.0,283.0,281.0,0.0,763.0,6.140386,4.755241,0.0,10.89567,26.0,27.0,0.0,4.0,0.0,0.0
3/18/2026,6:15:44,60650562.2,LeftWater,6.0,64.0,77.0,140.0,140.0,517.0,401.0,283.0,281.0,0.0,763.0,6.140386,4.755241,0.0,10.89567,26.0,27.0,0.0,4.0,0.0,0.0
3/18/2026,6:15:44,60650629.99,WaterDispensed,10.0,64.0,77.0,140.0,140.0,517.0,401.0,283.0,281.0,0.0,764.0,6.140386,4.769521,0.0,10.90995,26.0,27.0,0.0,4.0,0.0,0.0
3/18/2026,6:15:44,60650966.0,LeftWater,6.0,64.0,77.0,140.0,140.0,517.0,402.0,283.0,281.0,0.0,764.0,6.140386,4.769521,0.0,10.90995,26.0,27.0,0.0,4.0,0.0,0.0
3/18/2026,6:15:45,60651033.79,WaterDispensed,10.0,64.0,77.0,140.0,140.0,517.0,402.0,283.0,281.0,0.0,765.0,6.140386,4.783801,0.0,10.924231,26.0,27.0,0.0,4.0,0.0,0.0
3/18/2026,6:15:45,60651781.18,LeftWater,6.0,64.0,77.0,140.0,140.0,517.0,403.0,283.0,281.0,0.0,765.0,6.140386,4.783801,0.0,10.924231,26.0,27.0,0.0,4.0,0.0,0.0
3/18/2026,6:15:45,60651848.96,WaterDispensed,10.0,64.0,77.0,140.0,140.0,517.0,403.0,283.0,281.0,0.0,766.0,6.140386,4.79808,0.0,10.938511,26.0,27.0,0.0,4.0,0.0,0.0
3/18/2026,6:15:46,60652028.7,LeftWater,6.0,64.0,77.0,140.0,140.0,517.0,404.0,283.0,281.0,0.0,766.0,6.140386,4.79808,0.0,10.938511,26.0,27.0,0.0,4.0,0.0,0.0
3/18/2026,6:15:46,60652096.48,WaterDispensed,10.0,64.0,77.0,140.0,140.0,517.0,404.0,283.0,281.0,0.0,767.0,6.140386,4.81236,0.0,10.952791,26.0,27.0,0.0,4.0,0.0,0.0
3/18/2026,6:18:08,60794823.67,RightWater,5.0,64.0,77.0,140.0,140.0,518.0,404.0,283.0,281.0,0.0,767.0,6.140386,4.81236,0.0,10.952791,26.0,27.0,0.0,4.0,0.0,0.0
3/18/2026,6:18:08,60794890.52,WaterDispensed,10.0,64.0,77.0,140.0,140.0,518.0,404.0,283.0,281.0,0.0,768.0,6.154665,4.81236,0.0,10.967072,26.0,27.0,0.0,4.0,0.0,0.0
3/18/2026,6:18:09,60795181.28,RightWater,5.0,64.0,77.0,140.0,140.0,519.0,404.0,283.0,281.0,0.0,768.0,6.154665,4.81236,0.0,10.967072,26.0,27.0,0.0,4.0,0.0,0.0
3/18/2026,6:18:09,60795248.14,WaterDispensed,10.0,64.0,77.0,140.0,140.0,519.0,404.0,283.0,281.0,0.0,769.0,6.168945,4.81236,0.0,10.981352,26.0,27.0,0.0,4.0,0.0,0.0
3/18/2026,6:18:09,60795446.7,RightWater,5.0,64.0,77.0,140.0,140.0,520.0,404.0,283.0,281.0,0.0,769.0,6.168945,4.81236,0.0,10.981352,26.0,27.0,0.0,4.0,0.0,0.0
3/18/2026,6:18:09,60795513.55,WaterDispensed,10.0,64.0,77.0,140.0,140.0,520.0,404.0,283.0,281.0,0.0,770.0,6.183225,4.81236,0.0,10.995632,26.0,27.0,0.0,4.0,0.0,0.0
3/18/2026,6:18:09,60795589.83,RightWater,5.0,64.0,77.0,140.0,140.0,521.0,404.0,283.0,281.0,0.0,770.0,6.183225,4.81236,0.0,10.995632,26.0,27.0,0.0,4.0,0.0,0.0
3/18/2026,6:18:09,60795953.44,RightWater,5.0,64.0,77.0,140.0,140.0,522.0,404.0,283.0,281.0,0.0,770.0,6.183225,4.81236,0.0,10.995632,26.0,27.0,0.0,4.0,0.0,0.0
3/18/2026,6:18:10,60796020.3,WaterDispensed,10.0,64.0,77.0,140.0,140.0,522.0,404.0,283.0,281.0,0.0,771.0,6.197505,4.81236,0.0,11.009912,26.0,27.0,0.0,4.0,0.0,0.0
3/18/2026,6:18:10,60796365.34,RightWater,5.0,64.0,77.0,140.0,140.0,523.0,404.0,283.0,281.0,0.0,771.0,6.197505,4.81236,0.0,11.009912,26.0,27.0,0.0,4.0,0.0,0.0
3/18/2026,6:18:10,60796432.21,WaterDispensed,10.0,64.0,77.0,140.0,140.0,523.0,404.0,283.0,281.0,0.0,772.0,6.211785,4.81236,0.0,11.024193,26.0,27.0,0.0,4.0,0.0,0.0
3/18/2026,6:18:10,60796886.2,RightWater,5.0,64.0,77.0,140.0,140.0,524.0,404.0,283.0,281.0,0.0,772.0,6.211785,4.81236,0.0,11.024193,26.0,27.0,0.0,4.0,0.0,0.0
3/18/2026,6:18:10,60796953.06,WaterDispensed,10.0,64.0,77.0,140.0,140.0,524.0,404.0,283.0,281.0,0.0,773.0,6.226065,4.81236,0.0,11.038473,26.0,27.0,0.0,4.0,0.0,0.0
3/18/2026,6:18:11,60797042.93,RightWater,5.0,64.0,77.0,140.0,140.0,525.0,404.0,283.0,281.0,0.0,773.0,6.226065,4.81236,0.0,11.038473,26.0,27.0,0.0,4.0,0.0,0.0
3/18/2026,6:18:11,60797181.31,RightWater,5.0,64.0,77.0,140.0,140.0,526.0,404.0,283.0,281.0,0.0,773.0,6.226065,4.81236,0.0,11.038473,26.0,27.0,0.0,4.0,0.0,0.0
3/18/2026,6:18:11,60797248.16,WaterDispensed,10.0,64.0,77.0,140.0,140.0,526.0,404.0,283.0,281.0,0.0,774.0,6.240345,4.81236,0.0,11.052753,26.0,27.0,0.0,4.0,0.0,0.0
3/18/2026,6:18:11,60797327.11,RightWater,5.0,64.0,77.0,140.0,140.0,527.0,404.0,283.0,281.0,0.0,774.0,6.240345,4.81236,0.0,11.052753,26.0,27.0,0.0,4.0,0.0,0.0
3/18/2026,6:18:19,60804957.98,RightWater,5.0,64.0,77.0,140.0,140.0,528.0,404.0,283.0,281.0,0.0,775.0,6.254624,4.81236,0.0,11.067034,26.0,27.0,0.0,4.0,0.0,0.0
3/18/2026,6:18:19,60805024.84,WaterDispensed,10.0,64.0,77.0,140.0,140.0,528.0,404.0,283.0,281.0,0.0,775.0,6.254624,4.81236,0.0,11.067034,26.0,27.0,0.0,4.0,0.0,0.0
3/18/2026,6:21:28,60994359.52,RightWater,5.0,64.0,77.0,140.0,140.0,529.0,404.0,283.0,281.0,0.0,775.0,6.254624,4.81236,0.0,11.067034,26.0,27.0,0.0,4.0,0.0,0.0
3/18/2026,6:21:28,60994426.38,WaterDispensed,10.0,64.0,77.0,140.0,140.0,529.0,404.0,283.0,281.0,0.0,776.0,6.268904,4.81236,0.0,11.081314,26.0,27.0,0.0,4.0,0.0,0.0
3/18/2026,6:21:28,60994548.35,RightWater,5.0,64.0,77.0,140.0,140.0,530.0,404.0,283.0,281.0,0.0,776.0,6.268904,4.81236,0.0,11.081314,26.0,27.0,0.0,4.0,0.0,0.0
3/18/2026,6:23:14,61100440.26,RightWater,5.0,64.0,77.0,140.0,140.0,531.0,404.0,283.0,281.0,0.0,776.0,6.268904,4.81236,0.0,11.081314,26.0,27.0,0.0,4.0,0.0,0.0
3/18/2026,6:23:14,61100507.12,WaterDispensed,10.0,64.0,77.0,140.0,140.0,531.0,404.0,283.0,281.0,0.0,777.0,6.283184,4.81236,0.0,11.095594,26.0,27.0,0.0,4.0,0.0,0.0
3/18/2026,6:23:50,61136465.18,RightWithPellet,11.0,64.0,77.0,140.0,140.0,531.0,404.0,283.0,281.0,0.0,777.0,6.283184,4.81236,0.0,11.095594,27.0,27.0,0.0,4.0,0.0,0.0
3/18/2026,6:24:07,61153804.92,RightWater,5.0,64.0,77.0,140.0,140.0,532.0,404.0,283.0,281.0,0.0,777.0,6.283184,4.81236,0.0,11.095594,27.0,27.0,0.0,4.0,0.0,0.0
3/18/2026,6:24:07,61153871.79,WaterDispensed,10.0,64.0,77.0,140.0,140.0,532.0,404.0,283.0,281.0,0.0,778.0,6.297464,4.81236,0.0,11.109875,27.0,27.0,0.0,4.0,0.0,0.0
3/18/2026,6:24:45,61191165.17,RightWater,5.0,64.0,77.0,140.0,140.0,533.0,404.0,283.0,281.0,0.0,778.0,6.297464,4.81236,0.0,11.109875,27.0,27.0,0.0,4.0,0.0,0.0
3/18/2026,6:24:45,61191232.03,WaterDispensed,10.0,64.0,77.0,140.0,140.0,533.0,404.0,283.0,281.0,0.0,779.0,6.311744,4.81236,0.0,11.124155,27.0,27.0,0.0,4.0,0.0,0.0
3/18/2026,6:25:07,61213043.25,RightWithPellet,11.0,64.0,77.0,140.0,140.0,533.0,404.0,283.0,281.0,0.0,779.0,6.311744,4.81236,0.0,11.124155,28.0,27.0,0.0,4.0,0.0,0.0
3/18/2026,6:25:15,61221400.89,RightWithPellet,11.0,64.0,77.0,140.0,140.0,533.0,404.0,283.0,281.0,0.0,779.0,6.311744,4.81236,0.0,11.124155,29.0,27.0,0.0,4.0,0.0,0.0
3/18/2026,6:25:22,61228111.6,RightWithPellet,11.0,64.0,77.0,140.0,140.0,533.0,404.0,283.0,281.0,0.0,779.0,6.311744,4.81236,0.0,11.124155,30.0,27.0,0.0,4.0,0.0,0.0
3/18/2026,6:25:25,61231075.62,RightWater,5.0,64.0,77.0,140.0,140.0,534.0,404.0,283.0,281.0,0.0,779.0,6.311744,4.81236,0.0,11.124155,30.0,27.0,0.0,4.0,0.0,0.0
3/18/2026,6:25:25,61231142.47,WaterDispensed,10.0,64.0,77.0,140.0,140.0,534.0,404.0,283.0,281.0,0.0,780.0,6.326024,4.81236,0.0,11.138435,30.0,27.0,0.0,4.0,0.0,0.0
3/18/2026,6:25:25,61231643.32,RightWater,5.0,64.0,77.0,140.0,140.0,535.0,404.0,283.0,281.0,0.0,780.0,6.326024,4.81236,0.0,11.138435,30.0,27.0,0.0,4.0,0.0,0.0
3/18/2026,6:25:25,61231710.18,WaterDispensed,10.0,64.0,77.0,140.0,140.0,535.0,404.0,283.0,281.0,0.0,781.0,6.340303,4.81236,0.0,11.152716,30.0,27.0,0.0,4.0,0.0,0.0
3/18/2026,6:25:26,61232107.71,RightWater,5.0,64.0,77.0,140.0,140.0,536.0,404.0,283.0,281.0,0.0,781.0,6.340303,4.81236,0.0,11.152716,30.0,27.0,0.0,4.0,0.0,0.0
3/18/2026,6:25:26,61232174.57,WaterDispensed,10.0,64.0,77.0,140.0,140.0,536.0,404.0,283.0,281.0,0.0,782.0,6.354583,4.81236,0.0,11.166996,30.0,27.0,0.0,4.0,0.0,0.0
3/18/2026,6:25:26,61232516.03,RightWater,5.0,64.0,77.0,140.0,140.0,537.0,404.0,283.0,281.0,0.0,782.0,6.354583,4.81236,0.0,11.166996,30.0,27.0,0.0,4.0,0.0,0.0
3/18/2026,6:25:26,61232582.89,WaterDispensed,10.0,64.0,77.0,140.0,140.0,537.0,404.0,283.0,281.0,0.0,783.0,6.368863,4.81236,0.0,11.181276,30.0,27.0,0.0,4.0,0.0,0.0
3/18/2026,6:25:26,61232658.47,RightWater,5.0,64.0,77.0,140.0,140.0,538.0,404.0,283.0,281.0,0.0,783.0,6.368863,4.81236,0.0,11.181276,30.0,27.0,0.0,4.0,0.0,0.0
3/18/2026,6:25:31,61237279.37,RightWithPellet,11.0,64.0,77.0,140.0,140.0,538.0,404.0,283.0,281.0,0.0,783.0,6.368863,4.81236,0.0,11.181276,31.0,27.0,0.0,4.0,0.0,0.0
3/18/2026,6:31:10,61576215.0,RightWater,5.0,64.0,77.0,140.0,140.0,539.0,404.0,283.0,281.0,0.0,783.0,6.368863,4.81236,0.0,11.181276,31.0,27.0,0.0,4.0,0.0,0.0
3/18/2026,6:31:10,61576281.87,WaterDispensed,10.0,64.0,77.0,140.0,140.0,539.0,404.0,283.0,281.0,0.0,784.0,6.383143,4.81236,0.0,11.195557,31.0,27.0,0.0,4.0,0.0,0.0
3/18/2026,6:31:10,61576889.53,RightWater,5.0,64.0,77.0,140.0,140.0,540.0,404.0,283.0,281.0,0.0,784.0,6.383143,4.81236,0.0,11.195557,31.0,27.0,0.0,4.0,0.0,0.0
3/18/2026,6:31:10,61576956.4,WaterDispensed,10.0,64.0,77.0,140.0,140.0,540.0,404.0,283.0,281.0,0.0,785.0,6.397423,4.81236,0.0,11.209837,31.0,27.0,0.0,4.0,0.0,0.0
3/18/2026,6:31:11,61577039.59,RightWater,5.0,64.0,77.0,140.0,140.0,541.0,404.0,283.0,281.0,0.0,785.0,6.397423,4.81236,0.0,11.209837,31.0,27.0,0.0,4.0,0.0,0.0
3/18/2026,6:34:45,61791800.41,RightWater,5.0,64.0,77.0,140.0,140.0,542.0,404.0,283.0,281.0,0.0,785.0,6.397423,4.81236,0.0,11.209837,31.0,27.0,0.0,4.0,0.0,0.0
3/18/2026,6:34:45,61791867.27,WaterDispensed,10.0,64.0,77.0,140.0,140.0,542.0,404.0,283.0,281.0,0.0,786.0,6.411703,4.81236,0.0,11.224117,31.0,27.0,0.0,4.0,0.0,0.0
3/18/2026,6:34:46,61792133.95,RightWater,5.0,64.0,77.0,140.0,140.0,543.0,404.0,283.0,281.0,0.0,786.0,6.411703,4.81236,0.0,11.224117,31.0,27.0,0.0,4.0,0.0,0.0
3/18/2026,6:34:46,61792200.82,WaterDispensed,10.0,64.0,77.0,140.0,140.0,543.0,404.0,283.0,281.0,0.0,787.0,6.425982,4.81236,0.0,11.238398,31.0,27.0,0.0,4.0,0.0,0.0
3/18/2026,6:35:31,61837654.42,RightWater,5.0,64.0,77.0,140.0,140.0,544.0,404.0,283.0,281.0,0.0,787.0,6.425982,4.81236,0.0,11.238398,31.0,27.0,0.0,4.0,0.0,0.0
3/18/2026,6:35:31,61837721.28,WaterDispensed,10.0,64.0,77.0,140.0,140.0,544.0,404.0,283.0,281.0,0.0,788.0,6.440262,4.81236,0.0,11.252678,31.0,27.0,0.0,4.0,0.0,0.0
3/18/2026,6:35:33,61839642.25,RightWater,5.0,64.0,77.0,140.0,140.0,545.0,404.0,283.0,281.0,0.0,788.0,6.440262,4.81236,0.0,11.252678,31.0,27.0,0.0,4.0,0.0,0.0
3/18/2026,6:35:33,61839709.11,WaterDispensed,10.0,64.0,77.0,140.0,140.0,545.0,404.0,283.0,281.0,0.0,789.0,6.454542,4.81236,0.0,11.266958,31.0,27.0,0.0,4.0,0.0,0.0
3/18/2026,6:37:46,61972060.11,LeftWithPellet,12.0,64.0,77.0,140.0,140.0,545.0,404.0,283.0,281.0,0.0,789.0,6.454542,4.81236,0.0,11.266958,31.0,28.0,0.0,4.0,0.0,0.0
3/18/2026,6:37:53,61979908.72,LeftWithPellet,12.0,64.0,77.0,140.0,140.0,545.0,404.0,283.0,281.0,0.0,789.0,6.454542,4.81236,0.0,11.266958,31.0,29.0,0.0,4.0,0.0,0.0
3/18/2026,6:38:15,62001713.35,RightWithPellet,11.0,64.0,77.0,140.0,140.0,545.0,404.0,283.0,281.0,0.0,789.0,6.454542,4.81236,0.0,11.266958,32.0,29.0,0.0,4.0,0.0,0.0
3/18/2026,6:43:51,62337375.44,RightWithPellet,11.0,64.0,77.0,140.0,140.0,545.0,404.0,283.0,281.0,0.0,789.0,6.454542,4.81236,0.0,11.266958,33.0,29.0,0.0,4.0,0.0,0.0
3/18/2026,6:43:51,62337775.15,RightWithPellet,11.0,64.0,77.0,140.0,140.0,545.0,404.0,283.0,281.0,0.0,789.0,6.454542,4.81236,0.0,11.266958,34.0,29.0,0.0,4.0,0.0,0.0
3/18/2026,6:43:52,62338180.91,RightWithPellet,11.0,64.0,77.0,140.0,140.0,545.0,404.0,283.0,281.0,0.0,789.0,6.454542,4.81236,0.0,11.266958,35.0,29.0,0.0,4.0,0.0,0.0
3/18/2026,6:43:55,62341807.51,RightWithPellet,11.0,64.0,77.0,140.0,140.0,545.0,404.0,283.0,281.0,0.0,789.0,6.454542,4.81236,0.0,11.266958,36.0,29.0,0.0,4.0,0.0,0.0
3/18/2026,6:43:58,62344718.0,RightWithPellet,11.0,64.0,77.0,140.0,140.0,545.0,404.0,283.0,281.0,0.0,789.0,6.454542,4.81236,0.0,11.266958,37.0,29.0,0.0,4.0,0.0,0.0
3/18/2026,6:44:01,62347318.67,Retrieved,4.0,64.0,77.0,140.0,141.0,545.0,404.0,283.0,281.0,0.0,789.0,6.454542,4.81236,0.0,11.266958,37.0,29.0,0.0,4.0,0.0,0.0
3/18/2026,6:44:21,62367409.92,Right,1.0,65.0,77.0,140.0,141.0,545.0,404.0,283.0,281.0,0.0,789.0,6.454542,4.81236,0.0,11.266958,37.0,29.0,0.0,4.0,0.0,0.0
3/18/2026,6:44:22,62368560.56,TONE,8.0,65.0,77.0,140.0,141.0,545.0,404.0,283.0,282.0,0.0,789.0,6.454542,4.81236,0.0,11.266958,37.0,29.0,0.0,4.0,0.0,0.0
3/18/2026,6:44:22,62368628.62,LED,7.0,65.0,77.0,140.0,141.0,545.0,404.0,284.0,282.0,0.0,789.0,6.454542,4.81236,0.0,11.266958,37.0,29.0,0.0,4.0,0.0,0.0
3/18/2026,6:44:23,62369366.07,Dispensed,3.0,65.0,77.0,141.0,141.0,545.0,404.0,284.0,282.0,0.0,789.0,6.454542,4.81236,0.0,11.266958,37.0,29.0,0.0,4.0,0.0,0.0
3/18/2026,6:44:23,62369429.09,TONE,8.0,65.0,77.0,141.0,141.0,545.0,404.0,284.0,283.0,0.0,789.0,6.454542,4.81236,0.0,11.266958,37.0,29.0,0.0,4.0,0.0,0.0
3/18/2026,6:44:23,62369497.15,LED,7.0,65.0,77.0,141.0,141.0,545.0,404.0,285.0,283.0,0.0,789.0,6.454542,4.81236,0.0,11.266958,37.0,29.0,0.0,4.0,0.0,0.0
3/18/2026,6:44:23,62369914.58,Retrieved,4.0,65.0,77.0,141.0,142.0,545.0,404.0,285.0,283.0,0.0,789.0,6.454542,4.81236,0.0,11.266958,37.0,29.0,0.0,4.0,0.0,0.0
3/18/2026,6:44:39,62385954.08,Right,1.0,66.0,77.0,141.0,142.0,545.0,404.0,285.0,283.0,0.0,789.0,6.454542,4.81236,0.0,11.266958,37.0,29.0,0.0,4.0,0.0,0.0
3/18/2026,6:44:40,62386415.75,TONE,8.0,66.0,77.0,141.0,142.0,545.0,404.0,285.0,284.0,0.0,789.0,6.454542,4.81236,0.0,11.266958,37.0,29.0,0.0,4.0,0.0,0.0
3/18/2026,6:44:40,62386483.81,LED,7.0,66.0,77.0,141.0,142.0,545.0,404.0,286.0,284.0,0.0,789.0,6.454542,4.81236,0.0,11.266958,37.0,29.0,0.0,4.0,0.0,0.0
3/18/2026,6:44:40,62386990.4,RightDuringDispense,13.0,66.0,77.0,141.0,142.0,545.0,404.0,286.0,284.0,0.0,789.0,6.454542,4.81236,0.0,11.266958,37.0,29.0,1.0,4.0,0.0,0.0
3/18/2026,6:44:41,62387618.79,Dispensed,3.0,66.0,77.0,142.0,142.0,545.0,404.0,286.0,284.0,0.0,789.0,6.454542,4.81236,0.0,11.266958,37.0,29.0,1.0,4.0,0.0,0.0
3/18/2026,6:44:41,62387681.81,TONE,8.0,66.0,77.0,142.0,142.0,545.0,404.0,286.0,285.0,0.0,789.0,6.454542,4.81236,0.0,11.266958,37.0,29.0,1.0,4.0,0.0,0.0
3/18/2026,6:44:41,62387749.86,LED,7.0,66.0,77.0,142.0,142.0,545.0,404.0,287.0,285.0,0.0,789.0,6.454542,4.81236,0.0,11.266958,37.0,29.0,1.0,4.0,0.0,0.0
3/18/2026,6:44:42,62388525.19,Retrieved,4.0,66.0,77.0,142.0,143.0,545.0,404.0,287.0,285.0,0.0,789.0,6.454542,4.81236,0.0,11.266958,37.0,29.0,1.0,4.0,0.0,0.0
3/18/2026,6:44:58,62404669.92,Right,1.0,67.0,77.0,142.0,143.0,545.0,404.0,287.0,285.0,0.0,789.0,6.454542,4.81236,0.0,11.266958,37.0,29.0,1.0,4.0,0.0,0.0
3/18/2026,6:44:59,62405076.08,TONE,8.0,67.0,77.0,142.0,143.0,545.0,404.0,287.0,286.0,0.0,789.0,6.454542,4.81236,0.0,11.266958,37.0,29.0,1.0,4.0,0.0,0.0
3/18/2026,6:44:59,62405144.13,LED,7.0,67.0,77.0,142.0,143.0,545.0,404.0,288.0,286.0,0.0,789.0,6.454542,4.81236,0.0,11.266958,37.0,29.0,1.0,4.0,0.0,0.0
3/18/2026,6:45:00,62406049.39,Dispensed,3.0,67.0,77.0,143.0,143.0,545.0,404.0,288.0,286.0,0.0,789.0,6.454542,4.81236,0.0,11.266958,37.0,29.0,1.0,4.0,0.0,0.0
3/18/2026,6:45:00,62406112.41,TONE,8.0,67.0,77.0,143.0,143.0,545.0,404.0,288.0,287.0,0.0,789.0,6.454542,4.81236,0.0,11.266958,37.0,29.0,1.0,4.0,0.0,0.0
3/18/2026,6:45:00,62406180.47,LED,7.0,67.0,77.0,143.0,143.0,545.0,404.0,289.0,287.0,0.0,789.0,6.454542,4.81236,0.0,11.266958,37.0,29.0,1.0,4.0,0.0,0.0
3/18/2026,6:45:00,62407015.81,Retrieved,4.0,67.0,77.0,143.0,144.0,545.0,404.0,289.0,287.0,0.0,789.0,6.454542,4.81236,0.0,11.266958,37.0,29.0,1.0,4.0,0.0,0.0
3/18/2026,6:45:17,62423064.03,Right,1.0,68.0,77.0,143.0,144.0,545.0,404.0,289.0,287.0,0.0,789.0,6.454542,4.81236,0.0,11.266958,37.0,29.0,1.0,4.0,0.0,0.0
3/18/2026,6:45:17,62423768.1,TONE,8.0,68.0,77.0,143.0,144.0,545.0,404.0,289.0,288.0,0.0,789.0,6.454542,4.81236,0.0,11.266958,37.0,29.0,1.0,4.0,0.0,0.0
3/18/2026,6:45:17,62423836.16,LED,7.0,68.0,77.0,143.0,144.0,545.0,404.0,290.0,288.0,0.0,789.0,6.454542,4.81236,0.0,11.266958,37.0,29.0,1.0,4.0,0.0,0.0
3/18/2026,6:45:18,62424654.14,Dispensed,3.0,68.0,77.0,144.0,144.0,545.0,404.0,290.0,288.0,0.0,789.0,6.454542,4.81236,0.0,11.266958,37.0,29.0,1.0,4.0,0.0,0.0
3/18/2026,6:45:18,62424717.16,TONE,8.0,68.0,77.0,144.0,144.0,545.0,404.0,290.0,289.0,0.0,789.0,6.454542,4.81236,0.0,11.266958,37.0,29.0,1.0,4.0,0.0,0.0
3/18/2026,6:45:18,62424785.21,LED,7.0,68.0,77.0,144.0,144.0,545.0,404.0,291.0,289.0,0.0,789.0,6.454542,4.81236,0.0,11.266958,37.0,29.0,1.0,4.0,0.0,0.0
3/18/2026,6:45:19,62425381.89,Retrieved,4.0,68.0,77.0,144.0,145.0,545.0,404.0,291.0,289.0,0.0,789.0,6.454542,4.81236,0.0,11.266958,37.0,29.0,1.0,4.0,0.0,0.0
3/18/2026,6:45:35,62441435.95,Right,1.0,69.0,77.0,144.0,145.0,545.0,404.0,291.0,289.0,0.0,789.0,6.454542,4.81236,0.0,11.266958,37.0,29.0,1.0,4.0,0.0,0.0
3/18/2026,6:45:35,62441842.06,TONE,8.0,69.0,77.0,144.0,145.0,545.0,404.0,291.0,290.0,0.0,789.0,6.454542,4.81236,0.0,11.266958,37.0,29.0,1.0,4.0,0.0,0.0
3/18/2026,6:45:35,62441910.11,LED,7.0,69.0,77.0,144.0,145.0,545.0,404.0,292.0,290.0,0.0,789.0,6.454542,4.81236,0.0,11.266958,37.0,29.0,1.0,4.0,0.0,0.0
3/18/2026,6:45:36,62442093.65,RightDuringDispense,13.0,69.0,77.0,144.0,145.0,545.0,404.0,292.0,290.0,0.0,789.0,6.454542,4.81236,0.0,11.266958,37.0,29.0,2.0,4.0,0.0,0.0
3/18/2026,6:45:37,62443180.16,Dispensed,3.0,69.0,77.0,145.0,145.0,545.0,404.0,292.0,290.0,0.0,789.0,6.454542,4.81236,0.0,11.266958,37.0,29.0,2.0,4.0,0.0,0.0
3/18/2026,6:45:37,62443243.18,TONE,8.0,69.0,77.0,145.0,145.0,545.0,404.0,292.0,291.0,0.0,789.0,6.454542,4.81236,0.0,11.266958,37.0,29.0,2.0,4.0,0.0,0.0
3/18/2026,6:45:37,62443311.23,LED,7.0,69.0,77.0,145.0,145.0,545.0,404.0,293.0,291.0,0.0,789.0,6.454542,4.81236,0.0,11.266958,37.0,29.0,2.0,4.0,0.0,0.0
3/18/2026,6:45:37,62443907.84,Retrieved,4.0,69.0,77.0,145.0,146.0,545.0,404.0,293.0,291.0,0.0,789.0,6.454542,4.81236,0.0,11.266958,37.0,29.0,2.0,4.0,0.0,0.0
3/18/2026,6:45:56,62462483.94,Right,1.0,70.0,77.0,145.0,146.0,545.0,404.0,293.0,291.0,0.0,789.0,6.454542,4.81236,0.0,11.266958,37.0,29.0,2.0,4.0,0.0,0.0
3/18/2026,6:45:57,62463047.87,TONE,8.0,70.0,77.0,145.0,146.0,545.0,404.0,293.0,292.0,0.0,789.0,6.454542,4.81236,0.0,11.266958,37.0,29.0,2.0,4.0,0.0,0.0
3/18/2026,6:45:57,62463115.92,LED,7.0,70.0,77.0,145.0,146.0,545.0,404.0,294.0,292.0,0.0,789.0,6.454542,4.81236,0.0,11.266958,37.0,29.0,2.0,4.0,0.0,0.0
3/18/2026,6:45:59,62465894.31,Dispensed,3.0,70.0,77.0,146.0,146.0,545.0,404.0,294.0,292.0,0.0,789.0,6.454542,4.81236,0.0,11.266958,37.0,29.0,2.0,4.0,0.0,0.0
3/18/2026,6:46:00,62465957.33,TONE,8.0,70.0,77.0,146.0,146.0,545.0,404.0,295.0,293.0,0.0,789.0,6.454542,4.81236,0.0,11.266958,37.0,29.0,2.0,4.0,0.0,0.0
3/18/2026,6:46:00,62466025.39,LED,7.0,70.0,77.0,146.0,146.0,545.0,404.0,295.0,293.0,0.0,789.0,6.454542,4.81236,0.0,11.266958,37.0,29.0,2.0,4.0,0.0,0.0
3/18/2026,6:46:02,62468056.71,Retrieved,4.0,70.0,77.0,146.0,147.0,545.0,404.0,295.0,293.0,0.0,789.0,6.454542,4.81236,0.0,11.266958,37.0,29.0,2.0,4.0,0.0,0.0
3/18/2026,6:46:16,62482288.33,Right,1.0,71.0,77.0,146.0,147.0,545.0,404.0,295.0,293.0,0.0,789.0,6.454542,4.81236,0.0,11.266958,37.0,29.0,2.0,4.0,0.0,0.0
3/18/2026,6:46:16,62482726.27,TONE,8.0,71.0,77.0,146.0,147.0,545.0,404.0,295.0,294.0,0.0,789.0,6.454542,4.81236,0.0,11.266958,37.0,29.0,2.0,4.0,0.0,0.0
3/18/2026,6:46:16,62482794.32,LED,7.0,71.0,77.0,146.0,147.0,545.0,404.0,296.0,294.0,0.0,789.0,6.454542,4.81236,0.0,11.266958,37.0,29.0,2.0,4.0,0.0,0.0
3/18/2026,6:46:17,62483515.34,Dispensed,3.0,71.0,77.0,147.0,147.0,545.0,404.0,296.0,294.0,0.0,789.0,6.454542,4.81236,0.0,11.266958,37.0,29.0,2.0,4.0,0.0,0.0
3/18/2026,6:46:17,62483578.36,TONE,8.0,71.0,77.0,147.0,147.0,545.0,404.0,296.0,295.0,0.0,789.0,6.454542,4.81236,0.0,11.266958,37.0,29.0,2.0,4.0,0.0,0.0
3/18/2026,6:46:17,62483646.41,LED,7.0,71.0,77.0,147.0,147.0,545.0,404.0,297.0,295.0,0.0,789.0,6.454542,4.81236,0.0,11.266958,37.0,29.0,2.0,4.0,0.0,0.0
3/18/2026,6:46:18,62484242.92,Retrieved,4.0,71.0,77.0,147.0,148.0,545.0,404.0,297.0,295.0,0.0,789.0,6.454542,4.81236,0.0,11.266958,37.0,29.0,2.0,4.0,0.0,0.0
3/18/2026,6:46:37,62503048.44,Right,1.0,72.0,77.0,147.0,148.0,545.0,404.0,297.0,295.0,0.0,789.0,6.454542,4.81236,0.0,11.266958,37.0,29.0,2.0,4.0,0.0,0.0
3/18/2026,6:46:37,62503721.78,TONE,8.0,72.0,77.0,147.0,148.0,545.0,404.0,297.0,296.0,0.0,789.0,6.454542,4.81236,0.0,11.266958,37.0,29.0,2.0,4.0,0.0,0.0
3/18/2026,6:46:37,62503789.83,LED,7.0,72.0,77.0,147.0,148.0,545.0,404.0,298.0,296.0,0.0,789.0,6.454542,4.81236,0.0,11.266958,37.0,29.0,2.0,4.0,0.0,0.0
3/18/2026,6:46:38,62504515.63,Dispensed,3.0,72.0,77.0,148.0,148.0,545.0,404.0,298.0,296.0,0.0,789.0,6.454542,4.81236,0.0,11.266958,37.0,29.0,2.0,4.0,0.0,0.0
3/18/2026,6:46:38,62504578.65,TONE,8.0,72.0,77.0,148.0,148.0,545.0,404.0,298.0,297.0,0.0,789.0,6.454542,4.81236,0.0,11.266958,37.0,29.0,2.0,4.0,0.0,0.0
3/18/2026,6:46:38,62504646.71,LED,7.0,72.0,77.0,148.0,148.0,545.0,404.0,299.0,297.0,0.0,789.0,6.454542,4.81236,0.0,11.266958,37.0,29.0,2.0,4.0,0.0,0.0
3/18/2026,6:46:38,62505004.68,Retrieved,4.0,72.0,77.0,148.0,149.0,545.0,404.0,299.0,297.0,0.0,789.0,6.454542,4.81236,0.0,11.266958,37.0,29.0,2.0,4.0,0.0,0.0
3/18/2026,6:49:13,62659701.65,RightWater,5.0,72.0,77.0,148.0,149.0,546.0,404.0,299.0,297.0,0.0,789.0,6.454542,4.81236,0.0,11.266958,37.0,29.0,2.0,4.0,0.0,0.0
3/18/2026,6:49:13,62659768.51,WaterDispensed,10.0,72.0,77.0,148.0,149.0,546.0,404.0,299.0,297.0,0.0,790.0,6.468822,4.81236,0.0,11.281239,37.0,29.0,2.0,4.0,0.0,0.0
3/18/2026,6:49:14,62660091.68,RightWater,5.0,72.0,77.0,148.0,149.0,547.0,404.0,299.0,297.0,0.0,790.0,6.468822,4.81236,0.0,11.281239,37.0,29.0,2.0,4.0,0.0,0.0
3/18/2026,6:49:14,62660158.54,WaterDispensed,10.0,72.0,77.0,148.0,149.0,547.0,404.0,299.0,297.0,0.0,791.0,6.483102,4.81236,0.0,11.295519,37.0,29.0,2.0,4.0,0.0,0.0
3/18/2026,6:49:15,62661376.96,RightWater,5.0,72.0,77.0,148.0,149.0,548.0,404.0,299.0,297.0,0.0,791.0,6.483102,4.81236,0.0,11.295519,37.0,29.0,2.0,4.0,0.0,0.0
3/18/2026,6:49:15,62661443.84,WaterDispensed,10.0,72.0,77.0,148.0,149.0,548.0,404.0,299.0,297.0,0.0,792.0,6.497382,4.81236,0.0,11.309799,37.0,29.0,2.0,4.0,0.0,0.0
3/18/2026,6:49:16,62662276.23,RightWater,5.0,72.0,77.0,148.0,149.0,549.0,404.0,299.0,297.0,0.0,792.0,6.497382,4.81236,0.0,11.309799,37.0,29.0,2.0,4.0,0.0,0.0
3/18/2026,6:49:16,62662343.08,WaterDispensed,10.0,72.0,77.0,148.0,149.0,549.0,404.0,299.0,297.0,0.0,793.0,6.511662,4.81236,0.0,11.32408,37.0,29.0,2.0,4.0,0.0,0.0
3/18/2026,6:49:17,62662978.02,RightWater,5.0,72.0,77.0,148.0,149.0,550.0,404.0,299.0,297.0,0.0,794.0,6.525941,4.81236,0.0,11.33836,37.0,29.0,2.0,4.0,0.0,0.0
3/18/2026,6:49:17,62663044.88,WaterDispensed,10.0,72.0,77.0,148.0,149.0,550.0,404.0,299.0,297.0,0.0,794.0,6.525941,4.81236,0.0,11.33836,37.0,29.0,2.0,4.0,0.0,0.0
3/18/2026,6:49:17,62663370.38,RightWater,5.0,72.0,77.0,148.0,149.0,551.0,404.0,299.0,297.0,0.0,794.0,6.525941,4.81236,0.0,11.33836,37.0,29.0,2.0,4.0,0.0,0.0
3/18/2026,6:49:17,62663437.25,WaterDispensed,10.0,72.0,77.0,148.0,149.0,551.0,404.0,299.0,297.0,0.0,795.0,6.540221,4.81236,0.0,11.35264,37.0,29.0,2.0,4.0,0.0,0.0
3/18/2026,6:49:17,62663792.37,RightWater,5.0,72.0,77.0,148.0,149.0,552.0,404.0,299.0,297.0,0.0,795.0,6.540221,4.81236,0.0,11.35264,37.0,29.0,2.0,4.0,0.0,0.0
3/18/2026,6:49:17,62663859.23,WaterDispensed,10.0,72.0,77.0,148.0,149.0,552.0,404.0,299.0,297.0,0.0,796.0,6.554501,4.81236,0.0,11.36692,37.0,29.0,2.0,4.0,0.0,0.0
3/18/2026,6:49:18,62664203.1,RightWater,5.0,72.0,77.0,148.0,149.0,553.0,404.0,299.0,297.0,0.0,796.0,6.554501,4.81236,0.0,11.36692,37.0,29.0,2.0,4.0,0.0,0.0
3/18/2026,6:49:18,62664269.96,WaterDispensed,10.0,72.0,77.0,148.0,149.0,553.0,404.0,299.0,297.0,0.0,797.0,6.568781,4.81236,0.0,11.381201,37.0,29.0,2.0,4.0,0.0,0.0
3/18/2026,6:49:58,62704729.08,LeftWater,6.0,72.0,77.0,148.0,149.0,553.0,405.0,299.0,297.0,0.0,797.0,6.568781,4.81236,0.0,11.381201,37.0,29.0,2.0,4.0,0.0,0.0
3/18/2026,6:49:58,62704796.86,WaterDispensed,10.0,72.0,77.0,148.0,149.0,553.0,405.0,299.0,297.0,0.0,798.0,6.568781,4.82664,0.0,11.395481,37.0,29.0,2.0,4.0,0.0,0.0
3/18/2026,6:49:59,62705058.09,LeftWater,6.0,72.0,77.0,148.0,149.0,553.0,406.0,299.0,297.0,0.0,798.0,6.568781,4.82664,0.0,11.395481,37.0,29.0,2.0,4.0,0.0,0.0
3/18/2026,6:49:59,62705125.87,WaterDispensed,10.0,72.0,77.0,148.0,149.0,553.0,406.0,299.0,297.0,0.0,799.0,6.568781,4.84092,0.0,11.409761,37.0,29.0,2.0,4.0,0.0,0.0
3/18/2026,6:49:59,62705314.91,LeftWater,6.0,72.0,77.0,148.0,149.0,553.0,407.0,299.0,297.0,0.0,799.0,6.568781,4.84092,0.0,11.409761,37.0,29.0,2.0,4.0,0.0,0.0
3/18/2026,6:49:59,62705382.69,WaterDispensed,10.0,72.0,77.0,148.0,149.0,553.0,407.0,299.0,297.0,0.0,800.0,6.568781,4.8552,0.0,11.424042,37.0,29.0,2.0,4.0,0.0,0.0
3/18/2026,6:49:59,62705679.73,LeftWater,6.0,72.0,77.0,148.0,149.0,553.0,408.0,299.0,297.0,0.0,800.0,6.568781,4.8552,0.0,11.424042,37.0,29.0,2.0,4.0,0.0,0.0
3/18/2026,6:49:59,62705747.51,WaterDispensed,10.0,72.0,77.0,148.0,149.0,553.0,408.0,299.0,297.0,0.0,801.0,6.568781,4.86948,0.0,11.438322,37.0,29.0,2.0,4.0,0.0,0.0
3/18/2026,6:50:00,62706079.1,LeftWater,6.0,72.0,77.0,148.0,149.0,553.0,409.0,299.0,297.0,0.0,801.0,6.568781,4.86948,0.0,11.438322,37.0,29.0,2.0,4.0,0.0,0.0
3/18/2026,6:50:00,62706146.88,WaterDispensed,10.0,72.0,77.0,148.0,149.0,553.0,409.0,299.0,297.0,0.0,802.0,6.568781,4.883759,0.0,11.452602,37.0,29.0,2.0,4.0,0.0,0.0
3/18/2026,6:50:00,62706596.11,LeftWater,6.0,72.0,77.0,148.0,149.0,553.0,410.0,299.0,297.0,0.0,802.0,6.568781,4.883759,0.0,11.452602,37.0,29.0,2.0,4.0,0.0,0.0
3/18/2026,6:50:00,62706663.88,WaterDispensed,10.0,72.0,77.0,148.0,149.0,553.0,410.0,299.0,297.0,0.0,803.0,6.568781,4.898039,0.0,11.466883,37.0,29.0,2.0,4.0,0.0,0.0
3/18/2026,6:50:01,62707264.98,LeftWater,6.0,72.0,77.0,148.0,149.0,553.0,411.0,299.0,297.0,0.0,803.0,6.568781,4.898039,0.0,11.466883,37.0,29.0,2.0,4.0,0.0,0.0
3/18/2026,6:50:01,62707332.76,WaterDispensed,10.0,72.0,77.0,148.0,149.0,553.0,411.0,299.0,297.0,0.0,804.0,6.568781,4.912319,0.0,11.481163,37.0,29.0,2.0,4.0,0.0,0.0
3/18/2026,6:50:10,62716801.16,Right,1.0,73.0,77.0,148.0,149.0,553.0,411.0,299.0,297.0,0.0,804.0,6.568781,4.912319,0.0,11.481163,37.0,29.0,2.0,4.0,0.0,0.0
3/18/2026,6:50:11,62717207.12,TONE,8.0,73.0,77.0,148.0,149.0,553.0,411.0,299.0,298.0,0.0,804.0,6.568781,4.912319,0.0,11.481163,37.0,29.0,2.0,4.0,0.0,0.0
3/18/2026,6:50:11,62717275.18,LED,7.0,73.0,77.0,148.0,149.0,553.0,411.0,300.0,298.0,0.0,804.0,6.568781,4.912319,0.0,11.481163,37.0,29.0,2.0,4.0,0.0,0.0
3/18/2026,6:50:11,62718006.61,Dispensed,3.0,73.0,77.0,149.0,149.0,553.0,411.0,300.0,298.0,0.0,804.0,6.568781,4.912319,0.0,11.481163,37.0,29.0,2.0,4.0,0.0,0.0
3/18/2026,6:50:12,62718069.63,TONE,8.0,73.0,77.0,149.0,149.0,553.0,411.0,300.0,299.0,0.0,804.0,6.568781,4.912319,0.0,11.481163,37.0,29.0,2.0,4.0,0.0,0.0
3/18/2026,6:50:12,62718137.68,LED,7.0,73.0,77.0,149.0,149.0,553.0,411.0,301.0,299.0,0.0,804.0,6.568781,4.912319,0.0,11.481163,37.0,29.0,2.0,4.0,0.0,0.0
3/18/2026,6:52:32,62858144.89,LeftWithPellet,12.0,73.0,77.0,149.0,149.0,553.0,411.0,301.0,299.0,0.0,804.0,6.568781,4.912319,0.0,11.481163,37.0,30.0,2.0,4.0,0.0,0.0
3/18/2026,6:53:51,62937623.58,LeftWater,6.0,73.0,77.0,149.0,149.0,553.0,412.0,301.0,299.0,0.0,804.0,6.568781,4.912319,0.0,11.481163,37.0,30.0,2.0,4.0,0.0,0.0
3/18/2026,6:53:51,62937691.36,WaterDispensed,10.0,73.0,77.0,149.0,149.0,553.0,412.0,301.0,299.0,0.0,805.0,6.568781,4.926599,0.0,11.495443,37.0,30.0,2.0,4.0,0.0,0.0
3/18/2026,6:53:52,62938046.7,LeftWater,6.0,73.0,77.0,149.0,149.0,553.0,413.0,301.0,299.0,0.0,805.0,6.568781,4.926599,0.0,11.495443,37.0,30.0,2.0,4.0,0.0,0.0
3/18/2026,6:53:52,62938114.49,WaterDispensed,10.0,73.0,77.0,149.0,149.0,553.0,413.0,301.0,299.0,0.0,806.0,6.568781,4.940879,0.0,11.509724,37.0,30.0,2.0,4.0,0.0,0.0
3/18/2026,6:53:53,62939281.71,LeftWater,6.0,73.0,77.0,149.0,149.0,553.0,414.0,301.0,299.0,0.0,806.0,6.568781,4.940879,0.0,11.509724,37.0,30.0,2.0,4.0,0.0,0.0
3/18/2026,6:53:53,62939349.49,WaterDispensed,10.0,73.0,77.0,149.0,149.0,553.0,414.0,301.0,299.0,0.0,807.0,6.568781,4.955159,0.0,11.524004,37.0,30.0,2.0,4.0,0.0,0.0
3/18/2026,6:53:53,62939513.97,LeftWater,6.0,73.0,77.0,149.0,149.0,553.0,415.0,301.0,299.0,0.0,807.0,6.568781,4.955159,0.0,11.524004,37.0,30.0,2.0,4.0,0.0,0.0
3/18/2026,6:53:53,62939581.75,WaterDispensed,10.0,73.0,77.0,149.0,149.0,553.0,415.0,301.0,299.0,0.0,808.0,6.568781,4.969439,0.0,11.538284,37.0,30.0,2.0,4.0,0.0,0.0
3/18/2026,6:53:53,62939748.34,LeftWater,6.0,73.0,77.0,149.0,149.0,553.0,416.0,301.0,299.0,0.0,808.0,6.568781,4.969439,0.0,11.538284,37.0,30.0,2.0,4.0,0.0,0.0
3/18/2026,6:53:53,62939816.12,WaterDispensed,10.0,73.0,77.0,149.0,149.0,553.0,416.0,301.0,299.0,0.0,809.0,6.568781,4.983718,0.0,11.552565,37.0,30.0,2.0,4.0,0.0,0.0
3/18/2026,6:53:54,62940114.15,LeftWater,6.0,73.0,77.0,149.0,149.0,553.0,417.0,301.0,299.0,0.0,809.0,6.568781,4.983718,0.0,11.552565,37.0,30.0,2.0,4.0,0.0,0.0
3/18/2026,6:53:54,62940181.94,WaterDispensed,10.0,73.0,77.0,149.0,149.0,553.0,417.0,301.0,299.0,0.0,810.0,6.568781,4.997998,0.0,11.566845,37.0,30.0,2.0,4.0,0.0,0.0
3/18/2026,6:53:54,62940261.96,LeftWater,6.0,73.0,77.0,149.0,149.0,553.0,418.0,301.0,299.0,0.0,810.0,6.568781,4.997998,0.0,11.566845,37.0,30.0,2.0,4.0,0.0,0.0
3/18/2026,6:53:54,62940516.6,LeftWater,6.0,73.0,77.0,149.0,149.0,553.0,419.0,301.0,299.0,0.0,810.0,6.568781,4.997998,0.0,11.566845,37.0,30.0,2.0,4.0,0.0,0.0
3/18/2026,6:53:54,62940584.38,WaterDispensed,10.0,73.0,77.0,149.0,149.0,553.0,419.0,301.0,299.0,0.0,811.0,6.568781,5.012278,0.0,11.581125,37.0,30.0,2.0,4.0,0.0,0.0
3/18/2026,6:53:55,62941062.06,LeftWater,6.0,73.0,77.0,149.0,149.0,553.0,420.0,301.0,299.0,0.0,811.0,6.568781,5.012278,0.0,11.581125,37.0,30.0,2.0,4.0,0.0,0.0
3/18/2026,6:53:55,62941129.84,WaterDispensed,10.0,73.0,77.0,149.0,149.0,553.0,420.0,301.0,299.0,0.0,812.0,6.568781,5.026558,0.0,11.595406,37.0,30.0,2.0,4.0,0.0,0.0
3/18/2026,6:55:12,63018054.74,RightWithPellet,11.0,73.0,77.0,149.0,149.0,553.0,420.0,301.0,299.0,0.0,812.0,6.568781,5.026558,0.0,11.595406,38.0,30.0,2.0,4.0,0.0,0.0
3/18/2026,6:55:13,63019186.51,RightWater,5.0,73.0,77.0,149.0,149.0,554.0,420.0,301.0,299.0,0.0,812.0,6.568781,5.026558,0.0,11.595406,38.0,30.0,2.0,4.0,0.0,0.0
3/18/2026,6:55:13,63019253.36,WaterDispensed,10.0,73.0,77.0,149.0,149.0,554.0,420.0,301.0,299.0,0.0,813.0,6.583061,5.026558,0.0,11.609686,38.0,30.0,2.0,4.0,0.0,0.0
3/18/2026,6:55:13,63019384.57,RightWater,5.0,73.0,77.0,149.0,149.0,555.0,420.0,301.0,299.0,0.0,813.0,6.583061,5.026558,0.0,11.609686,38.0,30.0,2.0,4.0,0.0,0.0
