date,time,millis,event,pulseCount,rightCount,leftCount,dispensedCount,retrievedCount,rightWaterCount,leftWaterCount,LEDCount,toneCount,frontWaterCount,waterDispensedCount,rightWD_QTY,leftWD_QTY,frontWD_QTY,totalWD_QTY,rightWithPelletCount,leftWithPelletCount,rightDuringDispenseCount,leftDuringDispenseCount,rightinTimeoutCount,leftinTimeoutCount,millis,seconds,millis offset (millis - this = video time),
3/31/2026,8:56:47,40063.46,RightWater,5,2,0,0,0,1,0,0,0,0,0,0,0,0,0,0,0,0,0,0,0,40063.46,,46000,45000-48000
3/31/2026,8:56:47,40628.84,LeftWater,6,2,0,0,0,1,1,0,0,0,0,0,0,0,0,0,0,0,0,0,0,40628.84,,,
3/31/2026,8:56:47,40795.47,WaterDispensed,10,2,0,0,0,1,1,0,0,0,1,0,0.01428,0,0.01428,0,0,0,0,0,0,40795.47,,,
3/31/2026,8:56:47,40865.75,WaterDispensed,10,2,0,0,0,1,1,0,0,0,2,0,0.02856,0,0.02856,0,0,0,0,0,0,40865.75,,,
3/31/2026,8:56:48,41076.98,RightWater,5,2,0,0,0,2,1,0,0,0,2,0,0.02856,0,0.02856,0,0,0,0,0,0,41076.98,25,16076.98,
3/31/2026,8:56:48,41143.54,WaterDispensed,10,2,0,0,0,2,1,0,0,0,3,0.01428,0.02856,0,0.04284,0,0,0,0,0,0,41143.54,,,
3/31/2026,8:57:19,72373.22,RightWater,5,2,0,0,0,3,1,0,0,0,3,0.01428,0.02856,0,0.04284,0,0,0,0,0,0,72373.22,26373.22,,
3/31/2026,8:57:19,72439.81,WaterDispensed,10,2,0,0,0,3,1,0,0,0,4,0.02856,0.02856,0,0.05712,0,0,0,0,0,0,72439.81,,,
3/31/2026,8:57:48,101313.4,Right,1,3,0,0,0,3,1,0,0,0,4,0.02856,0.02856,0,0.05712,0,0,0,0,0,0,101313.4,53,48313.4,
3/31/2026,8:57:49,102084.33,TONE,8,3,0,0,0,3,1,0,1,0,4,0.02856,0.02856,0,0.05712,0,0,0,0,0,0,102084.33,,,
3/31/2026,8:57:49,102160.07,LED,7,3,0,0,0,3,1,1,1,0,4,0.02856,0.02856,0,0.05712,0,0,0,0,0,0,102160.07,,,
3/31/2026,8:57:52,105048.44,Dispensed,3,3,0,1,0,3,1,1,1,0,4,0.02856,0.02856,0,0.05712,0,0,0,0,0,0,105048.44,59,46048.44,
3/31/2026,8:57:52,105111.46,TONE,8,3,0,1,0,3,1,1,2,0,4,0.02856,0.02856,0,0.05712,0,0,0,0,0,0,105111.46,,,
3/31/2026,8:57:52,105187.2,LED,7,3,0,1,0,3,1,2,2,0,4,0.02856,0.02856,0,0.05712,0,0,0,0,0,0,105187.2,,,
3/31/2026,8:57:53,106154.21,Retrieved,4,3,0,1,1,3,1,2,2,0,4,0.02856,0.02856,0,0.05712,0,0,0,0,0,0,106154.21,83,23154.21,
3/31/2026,8:58:40,153601.37,Left,2,3,1,1,1,3,1,2,2,0,4,0.02856,0.02856,0,0.05712,0,0,0,0,0,0,153601.37,153.60137,0,
3/31/2026,8:58:41,154057.65,TONE,8,3,1,1,1,3,1,2,3,0,4,0.02856,0.02856,0,0.05712,0,0,0,0,0,0,154057.65,109,45057.65,
3/31/2026,8:58:41,154133.39,LED,7,3,1,1,1,3,1,3,3,0,4,0.02856,0.02856,0,0.05712,0,0,0,0,0,0,154133.39,,,
3/31/2026,8:58:41,154911.8,Dispensed,3,3,1,2,1,3,1,3,3,0,4,0.02856,0.02856,0,0.05712,0,0,0,0,0,0,154911.8,,,
3/31/2026,8:58:41,154974.81,TONE,8,3,1,2,1,3,1,3,4,0,4,0.02856,0.02856,0,0.05712,0,0,0,0,0,0,154974.81,,,
3/31/2026,8:58:42,155050.56,LED,7,3,1,2,1,3,1,4,4,0,4,0.02856,0.02856,0,0.05712,0,0,0,0,0,0,155050.56,,,
3/31/2026,8:58:42,155764.16,Retrieved,4,3,1,2,2,3,1,4,4,0,4,0.02856,0.02856,0,0.05712,0,0,0,0,0,0,155764.16,,,
3/31/2026,8:59:13,186637.78,Left,2,3,2,2,2,3,1,4,4,0,4,0.02856,0.02856,0,0.05712,0,0,0,0,0,0,186637.78,163.48357,,
3/31/2026,8:59:14,187427.77,TONE,8,3,2,2,2,3,1,4,5,0,4,0.02856,0.02856,0,0.05712,0,0,0,0,0,0,187427.77,,,
3/31/2026,8:59:14,187503.5,LED,7,3,2,2,2,3,1,5,5,0,4,0.02856,0.02856,0,0.05712,0,0,0,0,0,0,187503.5,,,
3/31/2026,8:59:15,188317.28,Dispensed,3,3,2,3,2,3,1,5,5,0,4,0.02856,0.02856,0,0.05712,0,0,0,0,0,0,188317.28,,,
3/31/2026,8:59:15,188380.3,TONE,8,3,2,3,2,3,1,5,6,0,4,0.02856,0.02856,0,0.05712,0,0,0,0,0,0,188380.3,,,
3/31/2026,8:59:15,188456.04,LED,7,3,2,3,2,3,1,6,6,0,4,0.02856,0.02856,0,0.05712,0,0,0,0,0,0,188456.04,,,
3/31/2026,8:59:15,188854.03,Retrieved,4,3,2,3,3,3,1,6,6,0,4,0.02856,0.02856,0,0.05712,0,0,0,0,0,0,188854.03,,,
3/31/2026,9:05:32,565647.99,Right,1,4,2,3,3,3,1,6,6,0,4,0.02856,0.02856,0,0.05712,0,0,0,0,0,0,565647.99,,,
3/31/2026,9:05:33,566449.45,TONE,8,4,2,3,3,3,1,6,7,0,4,0.02856,0.02856,0,0.05712,0,0,0,0,0,0,566449.45,,,
3/31/2026,9:05:33,566525.18,LED,7,4,2,3,3,3,1,7,7,0,4,0.02856,0.02856,0,0.05712,0,0,0,0,0,0,566525.18,,,
3/31/2026,9:05:34,567390.97,Dispensed,3,4,2,4,3,3,1,7,7,0,4,0.02856,0.02856,0,0.05712,0,0,0,0,0,0,567390.97,,,
3/31/2026,9:05:34,567453.99,TONE,8,4,2,4,3,3,1,7,8,0,4,0.02856,0.02856,0,0.05712,0,0,0,0,0,0,567453.99,,,
3/31/2026,9:05:34,567529.73,LED,7,4,2,4,3,3,1,8,8,0,4,0.02856,0.02856,0,0.05712,0,0,0,0,0,0,567529.73,,,
3/31/2026,9:05:34,567990.86,Retrieved,4,4,2,4,4,3,1,8,8,0,4,0.02856,0.02856,0,0.05712,0,0,0,0,0,0,567990.86,,,
3/31/2026,9:17:17,1270876.06,RightWater,5,4,2,4,4,4,1,8,8,0,4,0.02856,0.02856,0,0.05712,0,0,0,0,0,0,1270876.06,,,
3/31/2026,9:17:17,1270942.65,WaterDispensed,10,4,2,4,4,4,1,8,8,0,5,0.04284,0.02856,0,0.0714,0,0,0,0,0,0,1270942.65,,,
3/31/2026,9:20:32,1465659.1,Right,1,5,2,4,4,4,1,8,8,0,5,0.04284,0.02856,0,0.0714,0,0,0,0,0,0,1465659.1,,,
3/31/2026,9:20:33,1466444.67,TONE,8,5,2,4,4,4,1,8,9,0,5,0.04284,0.02856,0,0.0714,0,0,0,0,0,0,1466444.67,,,
3/31/2026,9:20:33,1466520.41,LED,7,5,2,4,4,4,1,9,9,0,5,0.04284,0.02856,0,0.0714,0,0,0,0,0,0,1466520.41,,,
3/31/2026,9:20:34,1467309.14,Dispensed,3,5,2,5,4,4,1,9,9,0,5,0.04284,0.02856,0,0.0714,0,0,0,0,0,0,1467309.14,,,
3/31/2026,9:20:34,1467372.16,TONE,8,5,2,5,4,4,1,9,10,0,5,0.04284,0.02856,0,0.0714,0,0,0,0,0,0,1467372.16,,,
3/31/2026,9:20:34,1467447.89,LED,7,5,2,5,4,4,1,10,10,0,5,0.04284,0.02856,0,0.0714,0,0,0,0,0,0,1467447.89,,,
3/31/2026,9:20:35,1468098.22,Retrieved,4,5,2,5,5,4,1,10,10,0,5,0.04284,0.02856,0,0.0714,0,0,0,0,0,0,1468098.22,,,
3/31/2026,9:21:11,1504087.28,Right,1,6,2,5,5,4,1,10,10,0,5,0.04284,0.02856,0,0.0714,0,0,0,0,0,0,1504087.28,,,
3/31/2026,9:21:11,1504724.05,TONE,8,6,2,5,5,4,1,10,11,0,5,0.04284,0.02856,0,0.0714,0,0,0,0,0,0,1504724.05,,,
3/31/2026,9:21:11,1504799.78,LED,7,6,2,5,5,4,1,11,11,0,5,0.04284,0.02856,0,0.0714,0,0,0,0,0,0,1504799.78,,,
3/31/2026,9:21:12,1505577.37,Dispensed,3,6,2,6,5,4,1,11,11,0,5,0.04284,0.02856,0,0.0714,0,0,0,0,0,0,1505577.37,,,
3/31/2026,9:21:12,1505640.39,TONE,8,6,2,6,5,4,1,11,12,0,5,0.04284,0.02856,0,0.0714,0,0,0,0,0,0,1505640.39,,,
3/31/2026,9:21:12,1505716.14,LED,7,6,2,6,5,4,1,12,12,0,5,0.04284,0.02856,0,0.0714,0,0,0,0,0,0,1505716.14,,,
3/31/2026,9:21:13,1506177.3,Retrieved,4,6,2,6,6,4,1,12,12,0,5,0.04284,0.02856,0,0.0714,0,0,0,0,0,0,1506177.3,,,
3/31/2026,9:22:03,1556430.98,Right,1,7,2,6,6,4,1,12,12,0,5,0.04284,0.02856,0,0.0714,0,0,0,0,0,0,1556430.98,,,
3/31/2026,9:22:03,1556987.66,TONE,8,7,2,6,6,4,1,12,13,0,5,0.04284,0.02856,0,0.0714,0,0,0,0,0,0,1556987.66,,,
3/31/2026,9:22:04,1557063.39,LED,7,7,2,6,6,4,1,13,13,0,5,0.04284,0.02856,0,0.0714,0,0,0,0,0,0,1557063.39,,,
3/31/2026,9:22:04,1557908.84,Dispensed,3,7,2,7,6,4,1,13,13,0,5,0.04284,0.02856,0,0.0714,0,0,0,0,0,0,1557908.84,,,
3/31/2026,9:22:04,1557971.86,TONE,8,7,2,7,6,4,1,13,14,0,5,0.04284,0.02856,0,0.0714,0,0,0,0,0,0,1557971.86,,,
3/31/2026,9:22:05,1558047.6,LED,7,7,2,7,6,4,1,14,14,0,5,0.04284,0.02856,0,0.0714,0,0,0,0,0,0,1558047.6,,,
3/31/2026,9:22:05,1558508.79,Retrieved,4,7,2,7,7,4,1,14,14,0,5,0.04284,0.02856,0,0.0714,0,0,0,0,0,0,1558508.79,,,
3/31/2026,9:22:38,1591206.93,Right,1,8,2,7,7,4,1,14,14,0,5,0.04284,0.02856,0,0.0714,0,0,0,0,0,0,1591206.93,,,
3/31/2026,9:22:38,1591707.31,TONE,8,8,2,7,7,4,1,14,15,0,5,0.04284,0.02856,0,0.0714,0,0,0,0,0,0,1591707.31,,,
3/31/2026,9:22:38,1591783.05,LED,7,8,2,7,7,4,1,15,15,0,5,0.04284,0.02856,0,0.0714,0,0,0,0,0,0,1591783.05,,,
3/31/2026,9:22:39,1592598.47,Dispensed,3,8,2,8,7,4,1,15,15,0,5,0.04284,0.02856,0,0.0714,0,0,0,0,0,0,1592598.47,,,
3/31/2026,9:22:39,1592661.49,TONE,8,8,2,8,7,4,1,15,16,0,5,0.04284,0.02856,0,0.0714,0,0,0,0,0,0,1592661.49,,,
3/31/2026,9:22:39,1592737.23,LED,7,8,2,8,7,4,1,16,16,0,5,0.04284,0.02856,0,0.0714,0,0,0,0,0,0,1592737.23,,,
3/31/2026,9:22:40,1593577.36,Retrieved,4,8,2,8,8,4,1,16,16,0,5,0.04284,0.02856,0,0.0714,0,0,0,0,0,0,1593577.36,,,
3/31/2026,9:24:37,1710461.97,Right,1,9,2,8,8,4,1,16,16,0,5,0.04284,0.02856,0,0.0714,0,0,0,0,0,0,1710461.97,,,
3/31/2026,9:24:38,1711187.7,TONE,8,9,2,8,8,4,1,16,17,0,5,0.04284,0.02856,0,0.0714,0,0,0,0,0,0,1711187.7,,,
3/31/2026,9:24:38,1711263.44,LED,7,9,2,8,8,4,1,17,17,0,5,0.04284,0.02856,0,0.0714,0,0,0,0,0,0,1711263.44,,,
3/31/2026,9:24:39,1712058.41,Dispensed,3,9,2,9,8,4,1,17,17,0,5,0.04284,0.02856,0,0.0714,0,0,0,0,0,0,1712058.41,,,
3/31/2026,9:24:39,1712121.42,TONE,8,9,2,9,8,4,1,17,18,0,5,0.04284,0.02856,0,0.0714,0,0,0,0,0,0,1712121.42,,,
3/31/2026,9:24:39,1712197.16,LED,7,9,2,9,8,4,1,18,18,0,5,0.04284,0.02856,0,0.0714,0,0,0,0,0,0,1712197.16,,,
3/31/2026,9:24:40,1713163.93,Retrieved,4,9,2,9,9,4,1,18,18,0,5,0.04284,0.02856,0,0.0714,0,0,0,0,0,0,1713163.93,,,
3/31/2026,9:24:59,1732832.01,Right,1,10,2,9,9,4,1,18,18,0,5,0.04284,0.02856,0,0.0714,0,0,0,0,0,0,1732832.01,,,
3/31/2026,9:25:00,1733497.21,TONE,8,10,2,9,9,4,1,18,19,0,5,0.04284,0.02856,0,0.0714,0,0,0,0,0,0,1733497.21,,,
3/31/2026,9:25:00,1733572.94,LED,7,10,2,9,9,4,1,19,19,0,5,0.04284,0.02856,0,0.0714,0,0,0,0,0,0,1733572.94,,,
3/31/2026,9:25:01,1734421.97,Dispensed,3,10,2,10,9,4,1,19,19,0,5,0.04284,0.02856,0,0.0714,0,0,0,0,0,0,1734421.97,,,
3/31/2026,9:25:01,1734484.99,TONE,8,10,2,10,9,4,1,19,20,0,5,0.04284,0.02856,0,0.0714,0,0,0,0,0,0,1734484.99,,,
3/31/2026,9:25:01,1734560.73,LED,7,10,2,10,9,4,1,20,20,0,5,0.04284,0.02856,0,0.0714,0,0,0,0,0,0,1734560.73,,,
3/31/2026,9:25:02,1735401.03,Retrieved,4,10,2,10,10,4,1,20,20,0,5,0.04284,0.02856,0,0.0714,0,0,0,0,0,0,1735401.03,,,
3/31/2026,9:25:24,1757683.52,Right,1,11,2,10,10,4,1,20,20,0,5,0.04284,0.02856,0,0.0714,0,0,0,0,0,0,1757683.52,,,
3/31/2026,9:25:25,1758142.1,TONE,8,11,2,10,10,4,1,20,21,0,5,0.04284,0.02856,0,0.0714,0,0,0,0,0,0,1758142.1,,,
3/31/2026,9:25:25,1758217.84,LED,7,11,2,10,10,4,1,21,21,0,5,0.04284,0.02856,0,0.0714,0,0,0,0,0,0,1758217.84,,,
3/31/2026,9:25:25,1758935.03,Dispensed,3,11,2,11,10,4,1,21,21,0,5,0.04284,0.02856,0,0.0714,0,0,0,0,0,0,1758935.03,,,
3/31/2026,9:25:25,1758998.05,TONE,8,11,2,11,10,4,1,21,22,0,5,0.04284,0.02856,0,0.0714,0,0,0,0,0,0,1758998.05,,,
3/31/2026,9:25:26,1759073.79,LED,7,11,2,11,10,4,1,22,22,0,5,0.04284,0.02856,0,0.0714,0,0,0,0,0,0,1759073.79,,,
3/31/2026,9:25:28,1761370.85,Retrieved,4,11,2,11,11,4,1,22,22,0,5,0.04284,0.02856,0,0.0714,0,0,0,0,0,0,1761370.85,,,
3/31/2026,9:26:04,1797500,Right,1,12,2,11,11,4,1,22,22,0,5,0.04284,0.02856,0,0.0714,0,0,0,0,0,0,1797500,,,
3/31/2026,9:26:05,1798240.28,TONE,8,12,2,11,11,4,1,22,23,0,5,0.04284,0.02856,0,0.0714,0,0,0,0,0,0,1798240.28,,,
3/31/2026,9:26:05,1798316.01,LED,7,12,2,11,11,4,1,23,23,0,5,0.04284,0.02856,0,0.0714,0,0,0,0,0,0,1798316.01,,,
3/31/2026,9:26:06,1799099.42,Dispensed,3,12,2,12,11,4,1,23,23,0,5,0.04284,0.02856,0,0.0714,0,0,0,0,0,0,1799099.42,,,
3/31/2026,9:26:06,1799162.44,TONE,8,12,2,12,11,4,1,23,24,0,5,0.04284,0.02856,0,0.0714,0,0,0,0,0,0,1799162.44,,,
3/31/2026,9:26:06,1799238.17,LED,7,12,2,12,11,4,1,24,24,0,5,0.04284,0.02856,0,0.0714,0,0,0,0,0,0,1799238.17,,,
3/31/2026,9:26:08,1801027.86,Retrieved,4,12,2,12,12,4,1,24,24,0,5,0.04284,0.02856,0,0.0714,0,0,0,0,0,0,1801027.86,,,
3/31/2026,9:26:58,1851842.47,Right,1,13,2,12,12,4,1,24,24,0,5,0.04284,0.02856,0,0.0714,0,0,0,0,0,0,1851842.47,,,
3/31/2026,9:26:59,1852438.88,TONE,8,13,2,12,12,4,1,24,25,0,5,0.04284,0.02856,0,0.0714,0,0,0,0,0,0,1852438.88,,,
3/31/2026,9:26:59,1852514.62,LED,7,13,2,12,12,4,1,25,25,0,5,0.04284,0.02856,0,0.0714,0,0,0,0,0,0,1852514.62,,,
3/31/2026,9:27:00,1853457.84,Dispensed,3,13,2,13,12,4,1,25,25,0,5,0.04284,0.02856,0,0.0714,0,0,0,0,0,0,1853457.84,,,
3/31/2026,9:27:00,1853520.86,TONE,8,13,2,13,12,4,1,25,26,0,5,0.04284,0.02856,0,0.0714,0,0,0,0,0,0,1853520.86,,,
3/31/2026,9:27:00,1853596.59,LED,7,13,2,13,12,4,1,26,26,0,5,0.04284,0.02856,0,0.0714,0,0,0,0,0,0,1853596.59,,,
3/31/2026,9:27:01,1854247.08,Retrieved,4,13,2,13,13,4,1,26,26,0,5,0.04284,0.02856,0,0.0714,0,0,0,0,0,0,1854247.08,,,
3/31/2026,9:27:42,1895575.97,Right,1,14,2,13,13,4,1,26,26,0,5,0.04284,0.02856,0,0.0714,0,0,0,0,0,0,1895575.97,,,
3/31/2026,9:27:43,1896339.77,TONE,8,14,2,13,13,4,1,26,27,0,5,0.04284,0.02856,0,0.0714,0,0,0,0,0,0,1896339.77,,,
3/31/2026,9:27:43,1896415.5,LED,7,14,2,13,13,4,1,27,27,0,5,0.04284,0.02856,0,0.0714,0,0,0,0,0,0,1896415.5,,,
3/31/2026,9:27:44,1897221.4,Dispensed,3,14,2,14,13,4,1,27,27,0,5,0.04284,0.02856,0,0.0714,0,0,0,0,0,0,1897221.4,,,
3/31/2026,9:27:44,1897284.42,TONE,8,14,2,14,13,4,1,28,28,0,5,0.04284,0.02856,0,0.0714,0,0,0,0,0,0,1897284.42,,,
3/31/2026,9:27:44,1897360.16,LED,7,14,2,14,13,4,1,28,28,0,5,0.04284,0.02856,0,0.0714,0,0,0,0,0,0,1897360.16,,,
3/31/2026,9:27:44,1897758.19,Retrieved,4,14,2,14,14,4,1,28,28,0,5,0.04284,0.02856,0,0.0714,0,0,0,0,0,0,1897758.19,,,
3/31/2026,9:30:51,2084411.76,Right,1,15,2,14,14,4,1,28,28,0,5,0.04284,0.02856,0,0.0714,0,0,0,0,0,0,2084411.76,,,
3/31/2026,9:30:52,2085166.89,TONE,8,15,2,14,14,4,1,28,29,0,5,0.04284,0.02856,0,0.0714,0,0,0,0,0,0,2085166.89,,,
3/31/2026,9:30:52,2085242.63,LED,7,15,2,14,14,4,1,29,29,0,5,0.04284,0.02856,0,0.0714,0,0,0,0,0,0,2085242.63,,,
3/31/2026,9:30:53,2086103.62,Dispensed,3,15,2,15,14,4,1,29,29,0,5,0.04284,0.02856,0,0.0714,0,0,0,0,0,0,2086103.62,,,
3/31/2026,9:30:53,2086166.64,TONE,8,15,2,15,14,4,1,29,30,0,5,0.04284,0.02856,0,0.0714,0,0,0,0,0,0,2086166.64,,,
3/31/2026,9:30:53,2086242.38,LED,7,15,2,15,14,4,1,30,30,0,5,0.04284,0.02856,0,0.0714,0,0,0,0,0,0,2086242.38,,,
3/31/2026,9:30:54,2087651.78,Retrieved,4,15,2,15,15,4,1,30,30,0,5,0.04284,0.02856,0,0.0714,0,0,0,0,0,0,2087651.78,,,
3/31/2026,9:31:54,2147458.7,Right,1,16,2,15,15,4,1,30,30,0,5,0.04284,0.02856,0,0.0714,0,0,0,0,0,0,2147458.7,,,
3/31/2026,9:31:55,2148028.1,TONE,8,16,2,15,15,4,1,30,31,0,5,0.04284,0.02856,0,0.0714,0,0,0,0,0,0,2148028.1,,,
3/31/2026,9:31:55,2148103.83,LED,7,16,2,15,15,4,1,31,31,0,5,0.04284,0.02856,0,0.0714,0,0,0,0,0,0,2148103.83,,,
3/31/2026,9:31:55,2148967.06,Dispensed,3,16,2,16,15,4,1,31,31,0,5,0.04284,0.02856,0,0.0714,0,0,0,0,0,0,2148967.06,,,
3/31/2026,9:31:56,2149030.08,TONE,8,16,2,16,15,4,1,31,32,0,5,0.04284,0.02856,0,0.0714,0,0,0,0,0,0,2149030.08,,,
3/31/2026,9:31:56,2149105.82,LED,7,16,2,16,15,4,1,32,32,0,5,0.04284,0.02856,0,0.0714,0,0,0,0,0,0,2149105.82,,,
3/31/2026,9:31:56,2149440.78,Retrieved,4,16,2,16,16,4,1,32,32,0,5,0.04284,0.02856,0,0.0714,0,0,0,0,0,0,2149440.78,,,
3/31/2026,9:37:56,2509491.29,Right,1,17,2,16,16,4,1,32,32,0,5,0.04284,0.02856,0,0.0714,0,0,0,0,0,0,2509491.29,,,
3/31/2026,9:37:57,2510026.12,TONE,8,17,2,16,16,4,1,32,33,0,5,0.04284,0.02856,0,0.0714,0,0,0,0,0,0,2510026.12,,,
3/31/2026,9:37:57,2510101.86,LED,7,17,2,16,16,4,1,33,33,0,5,0.04284,0.02856,0,0.0714,0,0,0,0,0,0,2510101.86,,,
3/31/2026,9:37:57,2510877.1,Dispensed,3,17,2,17,16,4,1,33,33,0,5,0.04284,0.02856,0,0.0714,0,0,0,0,0,0,2510877.1,,,
3/31/2026,9:37:57,2510940.12,TONE,8,17,2,17,16,4,1,33,34,0,5,0.04284,0.02856,0,0.0714,0,0,0,0,0,0,2510940.12,,,
3/31/2026,9:37:57,2511015.87,LED,7,17,2,17,16,4,1,34,34,0,5,0.04284,0.02856,0,0.0714,0,0,0,0,0,0,2511015.87,,,
3/31/2026,9:37:58,2511983.12,Retrieved,4,17,2,17,17,4,1,34,34,0,5,0.04284,0.02856,0,0.0714,0,0,0,0,0,0,2511983.12,,,
3/31/2026,10:10:29,4462101.96,Left,2,17,3,17,17,4,1,34,34,0,5,0.04284,0.02856,0,0.0714,0,0,0,0,0,0,4462101.96,,,
3/31/2026,10:10:29,4462554.42,TONE,8,17,3,17,17,4,1,34,35,0,5,0.04284,0.02856,0,0.0714,0,0,0,0,0,0,4462554.42,,,
3/31/2026,10:10:29,4462630.45,LED,7,17,3,17,17,4,1,35,35,0,5,0.04284,0.02856,0,0.0714,0,0,0,0,0,0,4462630.45,,,
3/31/2026,10:10:30,4463383.11,Dispensed,3,17,3,18,17,4,1,35,35,0,5,0.04284,0.02856,0,0.0714,0,0,0,0,0,0,4463383.11,,,
3/31/2026,10:10:30,4463446.13,TONE,8,17,3,18,17,4,1,35,36,0,5,0.04284,0.02856,0,0.0714,0,0,0,0,0,0,4463446.13,,,
3/31/2026,10:10:30,4463521.87,LED,7,17,3,18,17,4,1,36,36,0,5,0.04284,0.02856,0,0.0714,0,0,0,0,0,0,4463521.87,,,
3/31/2026,10:10:31,4464109.49,Retrieved,4,17,3,18,18,4,1,36,36,0,5,0.04284,0.02856,0,0.0714,0,0,0,0,0,0,4464109.49,,,
3/31/2026,10:15:18,4751955.42,Right,1,18,3,18,18,4,1,36,36,0,5,0.04284,0.02856,0,0.0714,0,0,0,0,0,0,4751955.42,,,
3/31/2026,10:15:19,4752598.38,TONE,8,18,3,18,18,4,1,36,37,0,5,0.04284,0.02856,0,0.0714,0,0,0,0,0,0,4752598.38,,,
3/31/2026,10:15:19,4752674.12,LED,7,18,3,18,18,4,1,37,37,0,5,0.04284,0.02856,0,0.0714,0,0,0,0,0,0,4752674.12,,,
3/31/2026,10:15:20,4753498.51,Dispensed,3,18,3,19,18,4,1,37,37,0,5,0.04284,0.02856,0,0.0714,0,0,0,0,0,0,4753498.51,,,
3/31/2026,10:15:20,4753561.53,TONE,8,18,3,19,18,4,1,37,38,0,5,0.04284,0.02856,0,0.0714,0,0,0,0,0,0,4753561.53,,,
3/31/2026,10:15:20,4753637.28,LED,7,18,3,19,18,4,1,38,38,0,5,0.04284,0.02856,0,0.0714,0,0,0,0,0,0,4753637.28,,,
3/31/2026,10:15:21,4754098.5,Retrieved,4,18,3,19,19,4,1,38,38,0,5,0.04284,0.02856,0,0.0714,0,0,0,0,0,0,4754098.5,,,
3/31/2026,10:15:40,4773078.23,Right,1,19,3,19,19,4,1,38,38,0,5,0.04284,0.02856,0,0.0714,0,0,0,0,0,0,4773078.23,,,
3/31/2026,10:15:40,4773529.86,TONE,8,19,3,19,19,4,1,38,39,0,5,0.04284,0.02856,0,0.0714,0,0,0,0,0,0,4773529.86,,,
3/31/2026,10:15:40,4773605.59,LED,7,19,3,19,19,4,1,39,39,0,5,0.04284,0.02856,0,0.0714,0,0,0,0,0,0,4773605.59,,,
3/31/2026,10:15:41,4774448.48,Dispensed,3,19,3,20,19,4,1,39,39,0,5,0.04284,0.02856,0,0.0714,0,0,0,0,0,0,4774448.48,,,
3/31/2026,10:15:41,4774511.5,TONE,8,19,3,20,19,4,1,39,40,0,5,0.04284,0.02856,0,0.0714,0,0,0,0,0,0,4774511.5,,,
3/31/2026,10:15:41,4774587.23,LED,7,19,3,20,19,4,1,40,40,0,5,0.04284,0.02856,0,0.0714,0,0,0,0,0,0,4774587.23,,,
3/31/2026,10:15:42,4775491.09,Retrieved,4,19,3,20,20,4,1,40,40,0,5,0.04284,0.02856,0,0.0714,0,0,0,0,0,0,4775491.09,,,
3/31/2026,10:16:25,4818522.35,Right,1,20,3,20,20,4,1,40,40,0,5,0.04284,0.02856,0,0.0714,0,0,0,0,0,0,4818522.35,,,
3/31/2026,10:16:25,4818974.12,TONE,8,20,3,20,20,4,1,40,41,0,5,0.04284,0.02856,0,0.0714,0,0,0,0,0,0,4818974.12,,,
3/31/2026,10:16:26,4819049.86,LED,7,20,3,20,20,4,1,41,41,0,5,0.04284,0.02856,0,0.0714,0,0,0,0,0,0,4819049.86,,,
3/31/2026,10:16:26,4819869.56,Dispensed,3,20,3,21,20,4,1,41,41,0,5,0.04284,0.02856,0,0.0714,0,0,0,0,0,0,4819869.56,,,
3/31/2026,10:16:26,4819932.58,TONE,8,20,3,21,20,4,1,41,42,0,5,0.04284,0.02856,0,0.0714,0,0,0,0,0,0,4819932.58,,,
3/31/2026,10:16:26,4820008.31,LED,7,20,3,21,20,4,1,42,42,0,5,0.04284,0.02856,0,0.0714,0,0,0,0,0,0,4820008.31,,,
3/31/2026,10:16:27,4820785.77,Retrieved,4,20,3,21,21,4,1,42,42,0,5,0.04284,0.02856,0,0.0714,0,0,0,0,0,0,4820785.77,,,
3/31/2026,10:16:50,4843635.02,Right,1,21,3,21,21,4,1,42,42,0,5,0.04284,0.02856,0,0.0714,0,0,0,0,0,0,4843635.02,,,
3/31/2026,10:16:51,4844111.44,TONE,8,21,3,21,21,4,1,42,43,0,5,0.04284,0.02856,0,0.0714,0,0,0,0,0,0,4844111.44,,,
3/31/2026,10:16:51,4844187.17,LED,7,21,3,21,21,4,1,43,43,0,5,0.04284,0.02856,0,0.0714,0,0,0,0,0,0,4844187.17,,,
3/31/2026,10:16:51,4845000.02,Dispensed,3,21,3,22,21,4,1,43,43,0,5,0.04284,0.02856,0,0.0714,0,0,0,0,0,0,4845000.02,,,
3/31/2026,10:16:52,4845063.04,TONE,8,21,3,22,21,4,1,43,44,0,5,0.04284,0.02856,0,0.0714,0,0,0,0,0,0,4845063.04,,,
3/31/2026,10:16:52,4845138.77,LED,7,21,3,22,21,4,1,44,44,0,5,0.04284,0.02856,0,0.0714,0,0,0,0,0,0,4845138.77,,,
3/31/2026,10:16:52,4845852.88,Retrieved,4,21,3,22,22,4,1,44,44,0,5,0.04284,0.02856,0,0.0714,0,0,0,0,0,0,4845852.88,,,
3/31/2026,10:17:15,4868708.1,Right,1,22,3,22,22,4,1,44,44,0,5,0.04284,0.02856,0,0.0714,0,0,0,0,0,0,4868708.1,,,
3/31/2026,10:17:16,4869190.54,TONE,8,22,3,22,22,4,1,44,45,0,5,0.04284,0.02856,0,0.0714,0,0,0,0,0,0,4869190.54,,,
3/31/2026,10:17:16,4869266.27,LED,7,22,3,22,22,4,1,45,45,0,5,0.04284,0.02856,0,0.0714,0,0,0,0,0,0,4869266.27,,,
3/31/2026,10:17:17,4870148.62,Dispensed,3,22,3,23,22,4,1,45,45,0,5,0.04284,0.02856,0,0.0714,0,0,0,0,0,0,4870148.62,,,
3/31/2026,10:17:17,4870211.63,TONE,8,22,3,23,22,4,1,45,46,0,5,0.04284,0.02856,0,0.0714,0,0,0,0,0,0,4870211.63,,,
3/31/2026,10:17:17,4870287.37,LED,7,22,3,23,22,4,1,46,46,0,5,0.04284,0.02856,0,0.0714,0,0,0,0,0,0,4870287.37,,,
3/31/2026,10:17:17,4870685.5,Retrieved,4,22,3,23,23,4,1,46,46,0,5,0.04284,0.02856,0,0.0714,0,0,0,0,0,0,4870685.5,,,
3/31/2026,10:17:54,4907374.8,Right,1,23,3,23,23,4,1,46,46,0,5,0.04284,0.02856,0,0.0714,0,0,0,0,0,0,4907374.8,,,
3/31/2026,10:17:55,4908145.58,TONE,8,23,3,23,23,4,1,46,47,0,5,0.04284,0.02856,0,0.0714,0,0,0,0,0,0,4908145.58,,,
3/31/2026,10:17:55,4908221.32,LED,7,23,3,23,23,4,1,47,47,0,5,0.04284,0.02856,0,0.0714,0,0,0,0,0,0,4908221.32,,,
3/31/2026,10:17:55,4909002.99,Dispensed,3,23,3,24,23,4,1,47,47,0,5,0.04284,0.02856,0,0.0714,0,0,0,0,0,0,4909002.99,,,
3/31/2026,10:17:56,4909066.01,TONE,8,23,3,24,23,4,1,47,48,0,5,0.04284,0.02856,0,0.0714,0,0,0,0,0,0,4909066.01,,,
3/31/2026,10:17:56,4909141.75,LED,7,23,3,24,23,4,1,48,48,0,5,0.04284,0.02856,0,0.0714,0,0,0,0,0,0,4909141.75,,,
3/31/2026,10:17:56,4909476.77,Retrieved,4,23,3,24,24,4,1,48,48,0,5,0.04284,0.02856,0,0.0714,0,0,0,0,0,0,4909476.77,,,
3/31/2026,10:18:19,4932410.63,Right,1,24,3,24,24,4,1,48,48,0,5,0.04284,0.02856,0,0.0714,0,0,0,0,0,0,4932410.63,,,
3/31/2026,10:18:19,4932862.52,TONE,8,24,3,24,24,4,1,48,49,0,5,0.04284,0.02856,0,0.0714,0,0,0,0,0,0,4932862.52,,,
3/31/2026,10:18:19,4932938.25,LED,7,24,3,24,24,4,1,49,49,0,5,0.04284,0.02856,0,0.0714,0,0,0,0,0,0,4932938.25,,,
3/31/2026,10:18:20,4933721.26,Dispensed,3,24,3,25,24,4,1,49,49,0,5,0.04284,0.02856,0,0.0714,0,0,0,0,0,0,4933721.26,,,
3/31/2026,10:18:20,4933784.28,TONE,8,24,3,25,24,4,1,49,50,0,5,0.04284,0.02856,0,0.0714,0,0,0,0,0,0,4933784.28,,,
3/31/2026,10:18:20,4933860.03,LED,7,24,3,25,24,4,1,50,50,0,5,0.04284,0.02856,0,0.0714,0,0,0,0,0,0,4933860.03,,,
3/31/2026,10:18:23,4936539.46,Retrieved,4,24,3,25,25,4,1,50,50,0,5,0.04284,0.02856,0,0.0714,0,0,0,0,0,0,4936539.46,,,
3/31/2026,10:19:02,4975976.01,Right,1,25,3,25,25,4,1,50,50,0,5,0.04284,0.02856,0,0.0714,0,0,0,0,0,0,4975976.01,,,
3/31/2026,10:19:03,4976802.22,TONE,8,25,3,25,25,4,1,50,51,0,5,0.04284,0.02856,0,0.0714,0,0,0,0,0,0,4976802.22,,,
3/31/2026,10:19:03,4976877.96,LED,7,25,3,25,25,4,1,51,51,0,5,0.04284,0.02856,0,0.0714,0,0,0,0,0,0,4976877.96,,,
3/31/2026,10:19:04,4977648.3,Dispensed,3,25,3,26,25,4,1,51,51,0,5,0.04284,0.02856,0,0.0714,0,0,0,0,0,0,4977648.3,,,
3/31/2026,10:19:04,4977711.32,TONE,8,25,3,26,25,4,1,51,52,0,5,0.04284,0.02856,0,0.0714,0,0,0,0,0,0,4977711.32,,,
3/31/2026,10:19:04,4977787.05,LED,7,25,3,26,25,4,1,52,52,0,5,0.04284,0.02856,0,0.0714,0,0,0,0,0,0,4977787.05,,,
3/31/2026,10:19:05,4978374.89,Retrieved,4,25,3,26,26,4,1,52,52,0,5,0.04284,0.02856,0,0.0714,0,0,0,0,0,0,4978374.89,,,
3/31/2026,10:26:15,5408441.64,Right,1,26,3,26,26,4,1,52,52,0,5,0.04284,0.02856,0,0.0714,0,0,0,0,0,0,5408441.64,,,
3/31/2026,10:26:16,5409071.1,TONE,8,26,3,26,26,4,1,52,53,0,5,0.04284,0.02856,0,0.0714,0,0,0,0,0,0,5409071.1,,,
3/31/2026,10:26:16,5409146.83,LED,7,26,3,26,26,4,1,53,53,0,5,0.04284,0.02856,0,0.0714,0,0,0,0,0,0,5409146.83,,,
3/31/2026,10:26:16,5409974.5,Dispensed,3,26,3,27,26,4,1,53,53,0,5,0.04284,0.02856,0,0.0714,0,0,0,0,0,0,5409974.5,,,
3/31/2026,10:26:17,5410037.52,TONE,8,26,3,27,26,4,1,53,54,0,5,0.04284,0.02856,0,0.0714,0,0,0,0,0,0,5410037.52,,,
3/31/2026,10:26:17,5410113.26,LED,7,26,3,27,26,4,1,54,54,0,5,0.04284,0.02856,0,0.0714,0,0,0,0,0,0,5410113.26,,,
3/31/2026,10:26:19,5412031.98,Retrieved,4,26,3,27,27,4,1,54,54,0,5,0.04284,0.02856,0,0.0714,0,0,0,0,0,0,5412031.98,,,
3/31/2026,10:26:41,5434942.3,Right,1,27,3,27,27,4,1,54,54,0,5,0.04284,0.02856,0,0.0714,0,0,0,0,0,0,5434942.3,,,
3/31/2026,10:26:42,5435533.41,TONE,8,27,3,27,27,4,1,54,55,0,5,0.04284,0.02856,0,0.0714,0,0,0,0,0,0,5435533.41,,,
3/31/2026,10:26:42,5435609.15,LED,7,27,3,27,27,4,1,55,55,0,5,0.04284,0.02856,0,0.0714,0,0,0,0,0,0,5435609.15,,,
3/31/2026,10:26:43,5436474.94,Dispensed,3,27,3,28,27,4,1,55,55,0,5,0.04284,0.02856,0,0.0714,0,0,0,0,0,0,5436474.94,,,
3/31/2026,10:26:43,5436537.95,TONE,8,27,3,28,27,4,1,55,56,0,5,0.04284,0.02856,0,0.0714,0,0,0,0,0,0,5436537.95,,,
3/31/2026,10:26:43,5436613.7,LED,7,27,3,28,27,4,1,56,56,0,5,0.04284,0.02856,0,0.0714,0,0,0,0,0,0,5436613.7,,,
3/31/2026,10:26:44,5437834.05,Retrieved,4,27,3,28,28,4,1,56,56,0,5,0.04284,0.02856,0,0.0714,0,0,0,0,0,0,5437834.05,,,
3/31/2026,10:27:17,5470850.16,Right,1,28,3,28,28,4,1,56,56,0,5,0.04284,0.02856,0,0.0714,0,0,0,0,0,0,5470850.16,,,
3/31/2026,10:27:18,5471502.68,TONE,8,28,3,28,28,4,1,56,57,0,5,0.04284,0.02856,0,0.0714,0,0,0,0,0,0,5471502.68,,,
3/31/2026,10:27:18,5471578.41,LED,7,28,3,28,28,4,1,57,57,0,5,0.04284,0.02856,0,0.0714,0,0,0,0,0,0,5471578.41,,,
3/31/2026,10:27:19,5472396.98,Dispensed,3,28,3,29,28,4,1,57,57,0,5,0.04284,0.02856,0,0.0714,0,0,0,0,0,0,5472396.98,,,
3/31/2026,10:27:19,5472459.99,TONE,8,28,3,29,28,4,1,57,58,0,5,0.04284,0.02856,0,0.0714,0,0,0,0,0,0,5472459.99,,,
3/31/2026,10:27:19,5472535.74,LED,7,28,3,29,28,4,1,58,58,0,5,0.04284,0.02856,0,0.0714,0,0,0,0,0,0,5472535.74,,,
3/31/2026,10:27:19,5472870.79,Retrieved,4,28,3,29,29,4,1,58,58,0,5,0.04284,0.02856,0,0.0714,0,0,0,0,0,0,5472870.79,,,
3/31/2026,10:27:34,5487109.86,Right,1,29,3,29,29,4,1,58,58,0,5,0.04284,0.02856,0,0.0714,0,0,0,0,0,0,5487109.86,,,
3/31/2026,10:27:34,5487702.63,TONE,8,29,3,29,29,4,1,58,59,0,5,0.04284,0.02856,0,0.0714,0,0,0,0,0,0,5487702.63,,,
3/31/2026,10:27:34,5487778.37,LED,7,29,3,29,29,4,1,59,59,0,5,0.04284,0.02856,0,0.0714,0,0,0,0,0,0,5487778.37,,,
3/31/2026,10:27:35,5488656.12,Dispensed,3,29,3,30,29,4,1,59,59,0,5,0.04284,0.02856,0,0.0714,0,0,0,0,0,0,5488656.12,,,
3/31/2026,10:27:35,5488719.13,TONE,8,29,3,30,29,4,1,59,60,0,5,0.04284,0.02856,0,0.0714,0,0,0,0,0,0,5488719.13,,,
3/31/2026,10:27:35,5488794.88,LED,7,29,3,30,29,4,1,60,60,0,5,0.04284,0.02856,0,0.0714,0,0,0,0,0,0,5488794.88,,,
3/31/2026,10:27:36,5489826.03,Retrieved,4,29,3,30,30,4,1,60,60,0,5,0.04284,0.02856,0,0.0714,0,0,0,0,0,0,5489826.03,,,
3/31/2026,10:29:23,5596924.18,Left,2,29,4,30,30,4,1,60,60,0,5,0.04284,0.02856,0,0.0714,0,0,0,0,0,0,5596924.18,,,
3/31/2026,10:29:24,5597382.13,TONE,8,29,4,30,30,4,1,60,61,0,5,0.04284,0.02856,0,0.0714,0,0,0,0,0,0,5597382.13,,,
3/31/2026,10:29:24,5597457.88,LED,7,29,4,30,30,4,1,61,61,0,5,0.04284,0.02856,0,0.0714,0,0,0,0,0,0,5597457.88,,,
3/31/2026,10:29:25,5598188.35,Dispensed,3,29,4,31,30,4,1,61,61,0,5,0.04284,0.02856,0,0.0714,0,0,0,0,0,0,5598188.35,,,
3/31/2026,10:29:25,5598251.36,TONE,8,29,4,31,30,4,1,61,62,0,5,0.04284,0.02856,0,0.0714,0,0,0,0,0,0,5598251.36,,,
3/31/2026,10:29:25,5598327.11,LED,7,29,4,31,30,4,1,62,62,0,5,0.04284,0.02856,0,0.0714,0,0,0,0,0,0,5598327.11,,,
3/31/2026,10:29:27,5600624.12,Retrieved,4,29,4,31,31,4,1,62,62,0,5,0.04284,0.02856,0,0.0714,0,0,0,0,0,0,5600624.12,,,
3/31/2026,10:29:56,5629304.7,Left,2,29,5,31,31,4,1,62,62,0,5,0.04284,0.02856,0,0.0714,0,0,0,0,0,0,5629304.7,,,
3/31/2026,10:29:56,5629761.02,TONE,8,29,5,31,31,4,1,62,63,0,5,0.04284,0.02856,0,0.0714,0,0,0,0,0,0,5629761.02,,,
3/31/2026,10:29:56,5629836.77,LED,7,29,5,31,31,4,1,63,63,0,5,0.04284,0.02856,0,0.0714,0,0,0,0,0,0,5629836.77,,,
3/31/2026,10:29:57,5630684.88,Dispensed,3,29,5,32,31,4,1,63,63,0,5,0.04284,0.02856,0,0.0714,0,0,0,0,0,0,5630684.88,,,
3/31/2026,10:29:57,5630747.9,TONE,8,29,5,32,31,4,1,63,64,0,5,0.04284,0.02856,0,0.0714,0,0,0,0,0,0,5630747.9,,,
3/31/2026,10:29:57,5630823.63,LED,7,29,5,32,31,4,1,64,64,0,5,0.04284,0.02856,0,0.0714,0,0,0,0,0,0,5630823.63,,,
3/31/2026,10:30:03,5636168.82,Retrieved,4,29,5,32,32,4,1,64,64,0,5,0.04284,0.02856,0,0.0714,0,0,0,0,0,0,5636168.82,,,
3/31/2026,10:59:18,7391051.11,RightWater,5,29,5,32,32,5,1,64,64,0,5,0.04284,0.02856,0,0.0714,0,0,0,0,0,0,7391051.11,,,
3/31/2026,10:59:18,7391117.72,WaterDispensed,10,29,5,32,32,5,1,64,64,0,6,0.05712,0.02856,0,0.08568,0,0,0,0,0,0,7391117.72,,,
3/31/2026,10:59:18,7391219.73,RightWater,5,29,5,32,32,6,1,64,64,0,6,0.05712,0.02856,0,0.08568,0,0,0,0,0,0,7391219.73,,,
3/31/2026,10:59:20,7393297.34,RightWater,5,29,5,32,32,7,1,64,64,0,6,0.05712,0.02856,0,0.08568,0,0,0,0,0,0,7393297.34,,,
3/31/2026,10:59:20,7393363.95,WaterDispensed,10,29,5,32,32,7,1,64,64,0,7,0.0714,0.02856,0,0.09996,0,0,0,0,0,0,7393363.95,,,
3/31/2026,10:59:20,7393631.13,RightWater,5,29,5,32,32,8,1,64,64,0,7,0.0714,0.02856,0,0.09996,0,0,0,0,0,0,7393631.13,,,
3/31/2026,10:59:20,7393697.75,WaterDispensed,10,29,5,32,32,8,1,64,64,0,8,0.08568,0.02856,0,0.11424,0,0,0,0,0,0,7393697.75,,,
3/31/2026,10:59:21,7394796.73,RightWater,5,29,5,32,32,9,1,64,64,0,8,0.08568,0.02856,0,0.11424,0,0,0,0,0,0,7394796.73,,,
3/31/2026,10:59:21,7394863.33,WaterDispensed,10,29,5,32,32,9,1,64,64,0,9,0.09996,0.02856,0,0.12852,0,0,0,0,0,0,7394863.33,,,
3/31/2026,10:59:22,7395982,RightWater,5,29,5,32,32,10,1,64,64,0,9,0.09996,0.02856,0,0.12852,0,0,0,0,0,0,7395982,,,
3/31/2026,10:59:23,7396048.6,WaterDispensed,10,29,5,32,32,10,1,64,64,0,10,0.11424,0.02856,0,0.1428,0,0,0,0,0,0,7396048.6,,,
3/31/2026,10:59:25,7398081.3,RightWater,5,29,5,32,32,11,1,64,64,0,10,0.11424,0.02856,0,0.1428,0,0,0,0,0,0,7398081.3,,,
3/31/2026,10:59:25,7398147.93,WaterDispensed,10,29,5,32,32,11,1,64,64,0,11,0.12852,0.02856,0,0.15708,0,0,0,0,0,0,7398147.93,,,
3/31/2026,10:59:27,7400529.36,RightWater,5,29,5,32,32,12,1,64,64,0,11,0.12852,0.02856,0,0.15708,0,0,0,0,0,0,7400529.36,,,
3/31/2026,10:59:27,7400595.98,WaterDispensed,10,29,5,32,32,12,1,64,64,0,12,0.1428,0.02856,0,0.17136,0,0,0,0,0,0,7400595.98,,,
3/31/2026,10:59:28,7401684.37,RightWater,5,29,5,32,32,13,1,64,64,0,12,0.1428,0.02856,0,0.17136,0,0,0,0,0,0,7401684.37,,,
3/31/2026,10:59:28,7401751.01,WaterDispensed,10,29,5,32,32,13,1,64,64,0,13,0.15708,0.02856,0,0.18564,0,0,0,0,0,0,7401751.01,,,
3/31/2026,10:59:30,7403706.25,RightWater,5,29,5,32,32,14,1,64,64,0,13,0.15708,0.02856,0,0.18564,0,0,0,0,0,0,7403706.25,,,
3/31/2026,10:59:30,7403772.85,WaterDispensed,10,29,5,32,32,14,1,64,64,0,14,0.17136,0.02856,0,0.19992,0,0,0,0,0,0,7403772.85,,,
3/31/2026,10:59:33,7406224.58,RightWater,5,29,5,32,32,15,1,64,64,0,14,0.17136,0.02856,0,0.19992,0,0,0,0,0,0,7406224.58,,,
3/31/2026,10:59:33,7406291.2,WaterDispensed,10,29,5,32,32,15,1,64,64,0,15,0.18564,0.02856,0,0.2142,0,0,0,0,0,0,7406291.2,,,
3/31/2026,10:59:34,7407930.99,RightWater,5,29,5,32,32,16,1,64,64,0,15,0.18564,0.02856,0,0.2142,0,0,0,0,0,0,7407930.99,,,
3/31/2026,10:59:34,7407997.6,WaterDispensed,10,29,5,32,32,16,1,64,64,0,16,0.19992,0.02856,0,0.22848,0,0,0,0,0,0,7407997.6,,,
3/31/2026,10:59:37,7410261.07,RightWater,5,29,5,32,32,17,1,64,64,0,16,0.19992,0.02856,0,0.22848,0,0,0,0,0,0,7410261.07,,,
3/31/2026,10:59:37,7410327.69,WaterDispensed,10,29,5,32,32,17,1,64,64,0,17,0.2142,0.02856,0,0.24276,0,0,0,0,0,0,7410327.69,,,
3/31/2026,10:59:52,7425258.21,RightWater,5,29,5,32,32,18,1,64,64,0,17,0.2142,0.02856,0,0.24276,0,0,0,0,0,0,7425258.21,,,
3/31/2026,10:59:52,7425324.82,WaterDispensed,10,29,5,32,32,18,1,64,64,0,18,0.22848,0.02856,0,0.25704,0,0,0,0,0,0,7425324.82,,,
3/31/2026,10:59:52,7425880.29,RightWater,5,29,5,32,32,19,1,64,64,0,18,0.22848,0.02856,0,0.25704,0,0,0,0,0,0,7425880.29,,,
3/31/2026,10:59:52,7425946.89,WaterDispensed,10,29,5,32,32,19,1,64,64,0,19,0.24276,0.02856,0,0.27132,0,0,0,0,0,0,7425946.89,,,
3/31/2026,10:59:53,7426665.2,RightWater,5,29,5,32,32,20,1,64,64,0,19,0.24276,0.02856,0,0.27132,0,0,0,0,0,0,7426665.2,,,
3/31/2026,10:59:53,7426731.81,WaterDispensed,10,29,5,32,32,20,1,64,64,0,20,0.25704,0.02856,0,0.2856,0,0,0,0,0,0,7426731.81,,,
3/31/2026,10:59:55,7429003.87,RightWater,5,29,5,32,32,21,1,64,64,0,20,0.25704,0.02856,0,0.2856,0,0,0,0,0,0,7429003.87,,,
3/31/2026,10:59:56,7429070.49,WaterDispensed,10,29,5,32,32,21,1,64,64,0,21,0.27132,0.02856,0,0.29988,0,0,0,0,0,0,7429070.49,,,
3/31/2026,10:59:58,7431738.2,RightWater,5,29,5,32,32,22,1,64,64,0,21,0.27132,0.02856,0,0.29988,0,0,0,0,0,0,7431738.2,,,
3/31/2026,10:59:58,7431804.8,WaterDispensed,10,29,5,32,32,22,1,64,64,0,22,0.2856,0.02856,0,0.31416,0,0,0,0,0,0,7431804.8,,,
3/31/2026,11:00:39,7472092.21,RightWater,5,29,5,32,32,23,1,64,64,0,22,0.2856,0.02856,0,0.31416,0,0,0,0,0,0,7472092.21,,,
3/31/2026,11:00:39,7472158.83,WaterDispensed,10,29,5,32,32,23,1,64,64,0,23,0.29988,0.02856,0,0.32844,0,0,0,0,0,0,7472158.83,,,
3/31/2026,11:00:41,7474110.44,RightWater,5,29,5,32,32,24,1,64,64,0,23,0.29988,0.02856,0,0.32844,0,0,0,0,0,0,7474110.44,,,
3/31/2026,11:00:41,7474177.06,WaterDispensed,10,29,5,32,32,24,1,64,64,0,24,0.31416,0.02856,0,0.34272,0,0,0,0,0,0,7474177.06,,,
3/31/2026,11:00:42,7475524.82,RightWater,5,29,5,32,32,25,1,64,64,0,24,0.31416,0.02856,0,0.34272,0,0,0,0,0,0,7475524.82,,,
3/31/2026,11:00:42,7475591.43,WaterDispensed,10,29,5,32,32,25,1,64,64,0,25,0.32844,0.02856,0,0.357,0,0,0,0,0,0,7475591.43,,,
3/31/2026,11:00:44,7477734.01,RightWater,5,29,5,32,32,26,1,64,64,0,25,0.32844,0.02856,0,0.357,0,0,0,0,0,0,7477734.01,,,
3/31/2026,11:00:44,7477800.62,WaterDispensed,10,29,5,32,32,26,1,64,64,0,26,0.34272,0.02856,0,0.37128,0,0,0,0,0,0,7477800.62,,,
3/31/2026,11:00:45,7478422.98,RightWater,5,29,5,32,32,27,1,64,64,0,26,0.34272,0.02856,0,0.37128,0,0,0,0,0,0,7478422.98,,,
3/31/2026,11:00:45,7478489.57,WaterDispensed,10,29,5,32,32,27,1,64,64,0,27,0.357,0.02856,0,0.38556,0,0,0,0,0,0,7478489.57,,,
3/31/2026,11:00:53,7486956.74,RightWater,5,29,5,32,32,28,1,64,64,0,27,0.357,0.02856,0,0.38556,0,0,0,0,0,0,7486956.74,,,
3/31/2026,11:00:54,7487023.32,WaterDispensed,10,29,5,32,32,28,1,64,64,0,28,0.37128,0.02856,0,0.39984,0,0,0,0,0,0,7487023.32,,,
3/31/2026,11:02:01,7554661.14,RightWater,5,29,5,32,32,29,1,64,64,0,28,0.37128,0.02856,0,0.39984,0,0,0,0,0,0,7554661.14,,,
3/31/2026,11:02:01,7554727.7,WaterDispensed,10,29,5,32,32,29,1,64,64,0,29,0.38556,0.02856,0,0.41412,0,0,0,0,0,0,7554727.7,,,
3/31/2026,11:02:01,7554885.27,RightWater,5,29,5,32,32,30,1,64,64,0,29,0.38556,0.02856,0,0.41412,0,0,0,0,0,0,7554885.27,,,
3/31/2026,11:02:01,7554951.86,WaterDispensed,10,29,5,32,32,30,1,64,64,0,30,0.39984,0.02856,0,0.4284,0,0,0,0,0,0,7554951.86,,,
3/31/2026,11:02:24,7577653.52,Right,1,30,5,32,32,30,1,64,64,0,30,0.39984,0.02856,0,0.4284,0,0,0,0,0,0,7577653.52,,,
3/31/2026,11:02:25,7578145.48,TONE,8,30,5,32,32,30,1,64,65,0,30,0.39984,0.02856,0,0.4284,0,0,0,0,0,0,7578145.48,,,
3/31/2026,11:02:25,7578221.21,LED,7,30,5,32,32,30,1,65,65,0,30,0.39984,0.02856,0,0.4284,0,0,0,0,0,0,7578221.21,,,
3/31/2026,11:02:25,7578989.7,Dispensed,3,30,5,33,32,30,1,65,65,0,30,0.39984,0.02856,0,0.4284,0,0,0,0,0,0,7578989.7,,,
3/31/2026,11:02:26,7579052.72,TONE,8,30,5,33,32,30,1,65,66,0,30,0.39984,0.02856,0,0.4284,0,0,0,0,0,0,7579052.72,,,
3/31/2026,11:02:26,7579128.46,LED,7,30,5,33,32,30,1,66,66,0,30,0.39984,0.02856,0,0.4284,0,0,0,0,0,0,7579128.46,,,
3/31/2026,11:02:26,7579906.13,Retrieved,4,30,5,33,33,30,1,66,66,0,30,0.39984,0.02856,0,0.4284,0,0,0,0,0,0,7579906.13,,,
3/31/2026,11:03:05,7618584.59,Right,1,31,5,33,33,30,1,66,66,0,30,0.39984,0.02856,0,0.4284,0,0,0,0,0,0,7618584.59,,,
3/31/2026,11:03:06,7619054.27,TONE,8,31,5,33,33,30,1,66,67,0,30,0.39984,0.02856,0,0.4284,0,0,0,0,0,0,7619054.27,,,
3/31/2026,11:03:06,7619130,LED,7,31,5,33,33,30,1,67,67,0,30,0.39984,0.02856,0,0.4284,0,0,0,0,0,0,7619130,,,
3/31/2026,11:03:08,7621547.86,RightDuringDispense,13,31,5,33,33,30,1,67,67,0,30,0.39984,0.02856,0,0.4284,0,0,1,0,0,0,7621547.86,,,
3/31/2026,11:03:11,7624702.04,RightDuringDispense,13,31,5,33,33,30,1,67,67,0,30,0.39984,0.02856,0,0.4284,0,0,2,0,0,0,7624702.04,,,
3/31/2026,11:03:45,7658713.97,Dispensed,3,31,5,34,33,30,1,67,67,0,30,0.39984,0.02856,0,0.4284,0,0,2,0,0,0,7658713.97,,,
3/31/2026,11:03:45,7658776.99,TONE,8,31,5,34,33,30,1,67,68,0,30,0.39984,0.02856,0,0.4284,0,0,2,0,0,0,7658776.99,,,
3/31/2026,11:03:45,7658852.74,LED,7,31,5,34,33,30,1,68,68,0,30,0.39984,0.02856,0,0.4284,0,0,2,0,0,0,7658852.74,,,
3/31/2026,11:03:46,7659693.25,Retrieved,4,31,5,34,34,30,1,68,68,0,30,0.39984,0.02856,0,0.4284,0,0,2,0,0,0,7659693.25,,,
3/31/2026,11:04:30,7704008.23,Right,1,32,5,34,34,30,1,68,68,0,30,0.39984,0.02856,0,0.4284,0,0,2,0,0,0,7704008.23,,,
3/31/2026,11:04:31,7704621.32,TONE,8,32,5,34,34,30,1,68,69,0,30,0.39984,0.02856,0,0.4284,0,0,2,0,0,0,7704621.32,,,
3/31/2026,11:04:31,7704697.05,LED,7,32,5,34,34,30,1,69,69,0,30,0.39984,0.02856,0,0.4284,0,0,2,0,0,0,7704697.05,,,
3/31/2026,11:04:32,7705768.97,Dispensed,3,32,5,35,34,30,1,69,69,0,30,0.39984,0.02856,0,0.4284,0,0,2,0,0,0,7705768.97,,,
3/31/2026,11:04:32,7705831.99,TONE,8,32,5,35,34,30,1,69,70,0,30,0.39984,0.02856,0,0.4284,0,0,2,0,0,0,7705831.99,,,
3/31/2026,11:04:32,7705907.74,LED,7,32,5,35,34,30,1,70,70,0,30,0.39984,0.02856,0,0.4284,0,0,2,0,0,0,7705907.74,,,
3/31/2026,11:04:33,7706748.43,Retrieved,4,32,5,35,35,30,1,70,70,0,30,0.39984,0.02856,0,0.4284,0,0,2,0,0,0,7706748.43,,,
3/31/2026,11:05:10,7743548.02,Right,1,33,5,35,35,30,1,70,70,0,30,0.39984,0.02856,0,0.4284,0,0,2,0,0,0,7743548.02,,,
3/31/2026,11:05:10,7744000.11,TONE,8,33,5,35,35,30,1,70,71,0,30,0.39984,0.02856,0,0.4284,0,0,2,0,0,0,7744000.11,,,
3/31/2026,11:05:11,7744075.84,LED,7,33,5,35,35,30,1,71,71,0,30,0.39984,0.02856,0,0.4284,0,0,2,0,0,0,7744075.84,,,
3/31/2026,11:05:12,7745033.66,Dispensed,3,33,5,36,35,30,1,71,71,0,30,0.39984,0.02856,0,0.4284,0,0,2,0,0,0,7745033.66,,,
3/31/2026,11:05:12,7745096.67,TONE,8,33,5,36,35,30,1,71,72,0,30,0.39984,0.02856,0,0.4284,0,0,2,0,0,0,7745096.67,,,
3/31/2026,11:05:12,7745172.41,LED,7,33,5,36,35,30,1,72,72,0,30,0.39984,0.02856,0,0.4284,0,0,2,0,0,0,7745172.41,,,
3/31/2026,11:05:12,7745633.72,Retrieved,4,33,5,36,36,30,1,72,72,0,30,0.39984,0.02856,0,0.4284,0,0,2,0,0,0,7745633.72,,,
3/31/2026,11:06:25,7818582.01,RightWater,5,33,5,36,36,31,1,72,72,0,30,0.39984,0.02856,0,0.4284,0,0,2,0,0,0,7818582.01,,,
3/31/2026,11:06:25,7818648.64,WaterDispensed,10,33,5,36,36,31,1,72,72,0,31,0.41412,0.02856,0,0.44268,0,0,2,0,0,0,7818648.64,,,
3/31/2026,11:06:25,7818982.56,RightWater,5,33,5,36,36,32,1,72,72,0,31,0.41412,0.02856,0,0.44268,0,0,2,0,0,0,7818982.56,,,
3/31/2026,11:06:26,7819049.15,WaterDispensed,10,33,5,36,36,32,1,72,72,0,32,0.4284,0.02856,0,0.45696,0,0,2,0,0,0,7819049.15,,,
3/31/2026,11:06:26,7819729.69,RightWater,5,33,5,36,36,33,1,72,72,0,32,0.4284,0.02856,0,0.45696,0,0,2,0,0,0,7819729.69,,,
3/31/2026,11:06:26,7819796.3,WaterDispensed,10,33,5,36,36,33,1,72,72,0,33,0.44268,0.02856,0,0.47124,0,0,2,0,0,0,7819796.3,,,
3/31/2026,11:06:33,7826023.29,RightWater,5,33,5,36,36,34,1,72,72,0,33,0.44268,0.02856,0,0.47124,0,0,2,0,0,0,7826023.29,,,
3/31/2026,11:06:33,7826089.87,WaterDispensed,10,33,5,36,36,34,1,72,72,0,34,0.45696,0.02856,0,0.48552,0,0,2,0,0,0,7826089.87,,,
3/31/2026,11:06:33,7826439.84,RightWater,5,33,5,36,36,35,1,72,72,0,34,0.45696,0.02856,0,0.48552,0,0,2,0,0,0,7826439.84,,,
3/31/2026,11:06:33,7826506.46,WaterDispensed,10,33,5,36,36,35,1,72,72,0,35,0.47124,0.02856,0,0.4998,0,0,2,0,0,0,7826506.46,,,
3/31/2026,11:08:10,7923651.42,Left,2,33,6,36,36,35,1,72,72,0,35,0.47124,0.02856,0,0.4998,0,0,2,0,0,0,7923651.42,,,
3/31/2026,11:08:11,7924193.61,TONE,8,33,6,36,36,35,1,72,73,0,35,0.47124,0.02856,0,0.4998,0,0,2,0,0,0,7924193.61,,,
3/31/2026,11:08:11,7924269.34,LED,7,33,6,36,36,35,1,73,73,0,35,0.47124,0.02856,0,0.4998,0,0,2,0,0,0,7924269.34,,,
3/31/2026,11:08:12,7925190.77,Dispensed,3,33,6,37,36,35,1,73,73,0,35,0.47124,0.02856,0,0.4998,0,0,2,0,0,0,7925190.77,,,
3/31/2026,11:08:12,7925253.79,TONE,8,33,6,37,36,35,1,73,74,0,35,0.47124,0.02856,0,0.4998,0,0,2,0,0,0,7925253.79,,,
3/31/2026,11:08:12,7925329.53,LED,7,33,6,37,36,35,1,74,74,0,35,0.47124,0.02856,0,0.4998,0,0,2,0,0,0,7925329.53,,,
3/31/2026,11:08:15,7928326.82,Retrieved,4,33,6,37,37,35,1,74,74,0,35,0.47124,0.02856,0,0.4998,0,0,2,0,0,0,7928326.82,,,
3/31/2026,11:08:45,7958677.74,Left,2,33,7,37,37,35,1,74,74,0,35,0.47124,0.02856,0,0.4998,0,0,2,0,0,0,7958677.74,,,
3/31/2026,11:08:46,7959369.41,TONE,8,33,7,37,37,35,1,75,75,0,35,0.47124,0.02856,0,0.4998,0,0,2,0,0,0,7959369.41,,,
3/31/2026,11:08:46,7959445.14,LED,7,33,7,37,37,35,1,75,75,0,35,0.47124,0.02856,0,0.4998,0,0,2,0,0,0,7959445.14,,,
3/31/2026,11:08:49,7962372.65,Dispensed,3,33,7,38,37,35,1,75,76,0,35,0.47124,0.02856,0,0.4998,0,0,2,0,0,0,7962372.65,,,
3/31/2026,11:08:49,7962435.67,TONE,8,33,7,38,37,35,1,75,76,0,35,0.47124,0.02856,0,0.4998,0,0,2,0,0,0,7962435.67,,,
3/31/2026,11:08:49,7962511.42,LED,7,33,7,38,37,35,1,76,76,0,35,0.47124,0.02856,0,0.4998,0,0,2,0,0,0,7962511.42,,,
3/31/2026,11:08:51,7964301.87,Retrieved,4,33,7,38,38,35,1,76,76,0,35,0.47124,0.02856,0,0.4998,0,0,2,0,0,0,7964301.87,,,
3/31/2026,11:09:53,8026537.06,RightWater,5,33,7,38,38,36,1,76,76,0,35,0.47124,0.02856,0,0.4998,0,0,2,0,0,0,8026537.06,,,
3/31/2026,11:09:53,8026603.65,WaterDispensed,10,33,7,38,38,36,1,76,76,0,36,0.48552,0.02856,0,0.51408,0,0,2,0,0,0,8026603.65,,,
3/31/2026,11:09:54,8027553.95,RightWater,5,33,7,38,38,37,1,76,76,0,36,0.48552,0.02856,0,0.51408,0,0,2,0,0,0,8027553.95,,,
3/31/2026,11:09:54,8027620.53,WaterDispensed,10,33,7,38,38,37,1,76,76,0,37,0.4998,0.02856,0,0.52836,0,0,2,0,0,0,8027620.53,,,
3/31/2026,11:10:05,8038349.33,RightWater,5,33,7,38,38,38,1,76,76,0,37,0.4998,0.02856,0,0.52836,0,0,2,0,0,0,8038349.33,,,
3/31/2026,11:10:05,8038415.91,WaterDispensed,10,33,7,38,38,38,1,76,76,0,38,0.51408,0.02856,0,0.54264,0,0,2,0,0,0,8038415.91,,,
3/31/2026,11:10:06,8039445.62,RightWater,5,33,7,38,38,39,1,76,76,0,38,0.51408,0.02856,0,0.54264,0,0,2,0,0,0,8039445.62,,,
3/31/2026,11:10:06,8039512.2,WaterDispensed,10,33,7,38,38,39,1,76,76,0,39,0.52836,0.02856,0,0.55692,0,0,2,0,0,0,8039512.2,,,
3/31/2026,11:11:31,8124444.58,RightWater,5,33,7,38,38,40,1,76,76,0,39,0.52836,0.02856,0,0.55692,0,0,2,0,0,0,8124444.58,,,
3/31/2026,11:11:31,8124511.16,WaterDispensed,10,33,7,38,38,40,1,76,76,0,40,0.54264,0.02856,0,0.5712,0,0,2,0,0,0,8124511.16,,,
3/31/2026,11:11:31,8124849.66,RightWater,5,33,7,38,38,41,1,76,76,0,40,0.54264,0.02856,0,0.5712,0,0,2,0,0,0,8124849.66,,,
3/31/2026,11:11:31,8124916.29,WaterDispensed,10,33,7,38,38,41,1,76,76,0,41,0.55692,0.02856,0,0.58548,0,0,2,0,0,0,8124916.29,,,
3/31/2026,11:11:32,8125396.79,RightWater,5,33,7,38,38,42,1,76,76,0,42,0.5712,0.02856,0,0.59976,0,0,2,0,0,0,8125396.79,,,
3/31/2026,11:11:32,8125463.37,WaterDispensed,10,33,7,38,38,42,1,76,76,0,42,0.5712,0.02856,0,0.59976,0,0,2,0,0,0,8125463.37,,,
3/31/2026,11:12:37,8190854.63,Right,1,34,7,38,38,42,1,76,76,0,42,0.5712,0.02856,0,0.59976,0,0,2,0,0,0,8190854.63,,,
3/31/2026,11:12:38,8191485.98,TONE,8,34,7,38,38,42,1,76,77,0,42,0.5712,0.02856,0,0.59976,0,0,2,0,0,0,8191485.98,,,
3/31/2026,11:12:38,8191561.73,LED,7,34,7,38,38,42,1,77,77,0,42,0.5712,0.02856,0,0.59976,0,0,2,0,0,0,8191561.73,,,
3/31/2026,11:12:39,8192430.99,Dispensed,3,34,7,39,38,42,1,77,77,0,42,0.5712,0.02856,0,0.59976,0,0,2,0,0,0,8192430.99,,,
3/31/2026,11:12:39,8192494.01,TONE,8,34,7,39,38,42,1,77,78,0,42,0.5712,0.02856,0,0.59976,0,0,2,0,0,0,8192494.01,,,
3/31/2026,11:12:39,8192569.75,LED,7,34,7,39,38,42,1,78,78,0,42,0.5712,0.02856,0,0.59976,0,0,2,0,0,0,8192569.75,,,
3/31/2026,11:12:40,8193220.83,Retrieved,4,34,7,39,39,42,1,78,78,0,42,0.5712,0.02856,0,0.59976,0,0,2,0,0,0,8193220.83,,,
3/31/2026,11:13:02,8216024.21,Right,1,35,7,39,39,42,1,78,78,0,42,0.5712,0.02856,0,0.59976,0,0,2,0,0,0,8216024.21,,,
3/31/2026,11:13:03,8216611.8,TONE,8,35,7,39,39,42,1,78,79,0,42,0.5712,0.02856,0,0.59976,0,0,2,0,0,0,8216611.8,,,
3/31/2026,11:13:03,8216687.54,LED,7,35,7,39,39,42,1,79,79,0,42,0.5712,0.02856,0,0.59976,0,0,2,0,0,0,8216687.54,,,
3/31/2026,11:13:04,8217446.94,Dispensed,3,35,7,40,39,42,1,79,79,0,42,0.5712,0.02856,0,0.59976,0,0,2,0,0,0,8217446.94,,,
3/31/2026,11:13:04,8217509.96,TONE,8,35,7,40,39,42,1,79,80,0,42,0.5712,0.02856,0,0.59976,0,0,2,0,0,0,8217509.96,,,
3/31/2026,11:13:04,8217585.7,LED,7,35,7,40,39,42,1,80,80,0,42,0.5712,0.02856,0,0.59976,0,0,2,0,0,0,8217585.7,,,
3/31/2026,11:13:05,8218426.58,Retrieved,4,35,7,40,40,42,1,80,80,0,42,0.5712,0.02856,0,0.59976,0,0,2,0,0,0,8218426.58,,,
3/31/2026,11:13:29,8242828.24,Right,1,36,7,40,40,42,1,80,80,0,42,0.5712,0.02856,0,0.59976,0,0,2,0,0,0,8242828.24,,,
3/31/2026,11:13:30,8243395.71,TONE,8,36,7,40,40,42,1,81,81,0,42,0.5712,0.02856,0,0.59976,0,0,2,0,0,0,8243395.71,,,
3/31/2026,11:13:30,8243471.45,LED,7,36,7,40,40,42,1,81,81,0,42,0.5712,0.02856,0,0.59976,0,0,2,0,0,0,8243471.45,,,
3/31/2026,11:13:31,8244292.17,Dispensed,3,36,7,41,40,42,1,81,81,0,42,0.5712,0.02856,0,0.59976,0,0,2,0,0,0,8244292.17,,,
3/31/2026,11:13:31,8244355.19,TONE,8,36,7,41,40,42,1,81,82,0,42,0.5712,0.02856,0,0.59976,0,0,2,0,0,0,8244355.19,,,
3/31/2026,11:13:31,8244430.92,LED,7,36,7,41,40,42,1,82,82,0,42,0.5712,0.02856,0,0.59976,0,0,2,0,0,0,8244430.92,,,
3/31/2026,11:13:33,8246982.44,Retrieved,4,36,7,41,41,42,1,82,82,0,42,0.5712,0.02856,0,0.59976,0,0,2,0,0,0,8246982.44,,,
3/31/2026,11:13:57,8270624.34,Right,1,37,7,41,41,42,1,82,82,0,42,0.5712,0.02856,0,0.59976,0,0,2,0,0,0,8270624.34,,,
3/31/2026,11:13:58,8271188.38,TONE,8,37,7,41,41,42,1,82,83,0,42,0.5712,0.02856,0,0.59976,0,0,2,0,0,0,8271188.38,,,
3/31/2026,11:13:58,8271264.11,LED,7,37,7,41,41,42,1,83,83,0,42,0.5712,0.02856,0,0.59976,0,0,2,0,0,0,8271264.11,,,
3/31/2026,11:13:59,8272071.86,Dispensed,3,37,7,42,41,42,1,83,83,0,42,0.5712,0.02856,0,0.59976,0,0,2,0,0,0,8272071.86,,,
3/31/2026,11:13:59,8272134.87,TONE,8,37,7,42,41,42,1,83,84,0,42,0.5712,0.02856,0,0.59976,0,0,2,0,0,0,8272134.87,,,
3/31/2026,11:13:59,8272210.61,LED,7,37,7,42,41,42,1,84,84,0,42,0.5712,0.02856,0,0.59976,0,0,2,0,0,0,8272210.61,,,
3/31/2026,11:13:59,8272798.3,Retrieved,4,37,7,42,42,42,1,84,84,0,42,0.5712,0.02856,0,0.59976,0,0,2,0,0,0,8272798.3,,,
3/31/2026,11:14:28,8301080.62,Right,1,38,7,42,42,42,1,84,84,0,42,0.5712,0.02856,0,0.59976,0,0,2,0,0,0,8301080.62,,,
3/31/2026,11:14:28,8301532.61,TONE,8,38,7,42,42,42,1,84,85,0,42,0.5712,0.02856,0,0.59976,0,0,2,0,0,0,8301532.61,,,
3/31/2026,11:14:28,8301608.34,LED,7,38,7,42,42,42,1,85,85,0,42,0.5712,0.02856,0,0.59976,0,0,2,0,0,0,8301608.34,,,
3/31/2026,11:14:29,8302391.96,Dispensed,3,38,7,43,42,42,1,85,86,0,42,0.5712,0.02856,0,0.59976,0,0,2,0,0,0,8302391.96,,,
3/31/2026,11:14:29,8302454.98,TONE,8,38,7,43,42,42,1,85,86,0,42,0.5712,0.02856,0,0.59976,0,0,2,0,0,0,8302454.98,,,
3/31/2026,11:14:29,8302530.71,LED,7,38,7,43,42,42,1,86,86,0,42,0.5712,0.02856,0,0.59976,0,0,2,0,0,0,8302530.71,,,
3/31/2026,11:14:29,8302992.06,Retrieved,4,38,7,43,43,42,1,86,86,0,42,0.5712,0.02856,0,0.59976,0,0,2,0,0,0,8302992.06,,,
3/31/2026,11:15:08,8341993.36,Right,1,39,7,43,43,42,1,86,86,0,42,0.5712,0.02856,0,0.59976,0,0,2,0,0,0,8341993.36,,,
3/31/2026,11:15:09,8342698.57,TONE,8,39,7,43,43,42,1,86,87,0,42,0.5712,0.02856,0,0.59976,0,0,2,0,0,0,8342698.57,,,
3/31/2026,11:15:09,8342774.32,LED,7,39,7,43,43,42,1,87,87,0,42,0.5712,0.02856,0,0.59976,0,0,2,0,0,0,8342774.32,,,
3/31/2026,11:15:10,8343590.95,Dispensed,3,39,7,44,43,42,1,87,87,0,42,0.5712,0.02856,0,0.59976,0,0,2,0,0,0,8343590.95,,,
3/31/2026,11:15:10,8343653.97,TONE,8,39,7,44,43,42,1,87,88,0,42,0.5712,0.02856,0,0.59976,0,0,2,0,0,0,8343653.97,,,
3/31/2026,11:15:10,8343729.7,LED,7,39,7,44,43,42,1,88,88,0,42,0.5712,0.02856,0,0.59976,0,0,2,0,0,0,8343729.7,,,
3/31/2026,11:15:12,8345965.84,Retrieved,4,39,7,44,44,42,1,88,88,0,42,0.5712,0.02856,0,0.59976,0,0,2,0,0,0,8345965.84,,,
3/31/2026,11:15:39,8372414.48,Right,1,40,7,44,44,42,1,88,88,0,42,0.5712,0.02856,0,0.59976,0,0,2,0,0,0,8372414.48,,,
3/31/2026,11:15:40,8373487.96,TONE,8,40,7,44,44,42,1,88,89,0,42,0.5712,0.02856,0,0.59976,0,0,2,0,0,0,8373487.96,,,
3/31/2026,11:15:40,8373563.71,LED,7,40,7,44,44,42,1,89,89,0,42,0.5712,0.02856,0,0.59976,0,0,2,0,0,0,8373563.71,,,
3/31/2026,11:15:41,8374411.62,Dispensed,3,40,7,45,44,42,1,89,90,0,42,0.5712,0.02856,0,0.59976,0,0,2,0,0,0,8374411.62,,,
3/31/2026,11:15:41,8374474.65,TONE,8,40,7,45,44,42,1,89,90,0,42,0.5712,0.02856,0,0.59976,0,0,2,0,0,0,8374474.65,,,
3/31/2026,11:15:41,8374550.39,LED,7,40,7,45,44,42,1,90,90,0,42,0.5712,0.02856,0,0.59976,0,0,2,0,0,0,8374550.39,,,
3/31/2026,11:15:42,8375264.6,Retrieved,4,40,7,45,45,42,1,90,90,0,42,0.5712,0.02856,0,0.59976,0,0,2,0,0,0,8375264.6,,,
3/31/2026,11:16:45,8438974.39,Right,1,41,7,45,45,42,1,90,90,0,42,0.5712,0.02856,0,0.59976,0,0,2,0,0,0,8438974.39,,,
3/31/2026,11:16:47,8440045.43,TONE,8,41,7,45,45,42,1,90,91,0,42,0.5712,0.02856,0,0.59976,0,0,2,0,0,0,8440045.43,,,
3/31/2026,11:16:47,8440121.17,LED,7,41,7,45,45,42,1,91,91,0,42,0.5712,0.02856,0,0.59976,0,0,2,0,0,0,8440121.17,,,
3/31/2026,11:16:47,8440998.91,Dispensed,3,41,7,46,45,42,1,91,91,0,42,0.5712,0.02856,0,0.59976,0,0,2,0,0,0,8440998.91,,,
3/31/2026,11:16:48,8441061.93,TONE,8,41,7,46,45,42,1,91,92,0,42,0.5712,0.02856,0,0.59976,0,0,2,0,0,0,8441061.93,,,
3/31/2026,11:16:48,8441137.67,LED,7,41,7,46,45,42,1,92,92,0,42,0.5712,0.02856,0,0.59976,0,0,2,0,0,0,8441137.67,,,
3/31/2026,11:16:50,8443880.78,Retrieved,4,41,7,46,46,42,1,92,92,0,42,0.5712,0.02856,0,0.59976,0,0,2,0,0,0,8443880.78,,,
3/31/2026,11:17:31,8485023.41,Right,1,42,7,46,46,42,1,92,92,0,42,0.5712,0.02856,0,0.59976,0,0,2,0,0,0,8485023.41,,,
3/31/2026,11:17:32,8485495.09,TONE,8,42,7,46,46,42,1,92,93,0,42,0.5712,0.02856,0,0.59976,0,0,2,0,0,0,8485495.09,,,
3/31/2026,11:17:32,8485570.84,LED,7,42,7,46,46,42,1,93,93,0,42,0.5712,0.02856,0,0.59976,0,0,2,0,0,0,8485570.84,,,
3/31/2026,11:17:33,8486256.64,Dispensed,3,42,7,47,46,42,1,93,93,0,42,0.5712,0.02856,0,0.59976,0,0,2,0,0,0,8486256.64,,,
3/31/2026,11:17:33,8486319.66,TONE,8,42,7,47,46,42,1,93,94,0,42,0.5712,0.02856,0,0.59976,0,0,2,0,0,0,8486319.66,,,
3/31/2026,11:17:33,8486395.39,LED,7,42,7,47,46,42,1,94,94,0,42,0.5712,0.02856,0,0.59976,0,0,2,0,0,0,8486395.39,,,
3/31/2026,11:17:33,8486919.94,Retrieved,4,42,7,47,47,42,1,94,94,0,42,0.5712,0.02856,0,0.59976,0,0,2,0,0,0,8486919.94,,,
3/31/2026,11:17:59,8512284.8,Right,1,43,7,47,47,42,1,94,94,0,42,0.5712,0.02856,0,0.59976,0,0,2,0,0,0,8512284.8,,,
3/31/2026,11:18:00,8513098.69,TONE,8,43,7,47,47,42,1,94,95,0,42,0.5712,0.02856,0,0.59976,0,0,2,0,0,0,8513098.69,,,
3/31/2026,11:18:00,8513174.43,LED,7,43,7,47,47,42,1,95,95,0,42,0.5712,0.02856,0,0.59976,0,0,2,0,0,0,8513174.43,,,
3/31/2026,11:18:01,8514193.86,Dispensed,3,43,7,48,47,42,1,95,95,0,42,0.5712,0.02856,0,0.59976,0,0,2,0,0,0,8514193.86,,,
3/31/2026,11:18:01,8514256.87,TONE,8,43,7,48,47,42,1,95,96,0,42,0.5712,0.02856,0,0.59976,0,0,2,0,0,0,8514256.87,,,
3/31/2026,11:18:01,8514332.61,LED,7,43,7,48,47,42,1,96,96,0,42,0.5712,0.02856,0,0.59976,0,0,2,0,0,0,8514332.61,,,
3/31/2026,11:18:01,8514667.63,Retrieved,4,43,7,48,48,42,1,96,96,0,42,0.5712,0.02856,0,0.59976,0,0,2,0,0,0,8514667.63,,,
3/31/2026,11:18:39,8552736.84,Right,1,44,7,48,48,42,1,96,96,0,42,0.5712,0.02856,0,0.59976,0,0,2,0,0,0,8552736.84,,,
3/31/2026,11:18:40,8553188.73,TONE,8,44,7,48,48,42,1,96,97,0,42,0.5712,0.02856,0,0.59976,0,0,2,0,0,0,8553188.73,,,
3/31/2026,11:18:40,8553264.46,LED,7,44,7,48,48,42,1,97,97,0,42,0.5712,0.02856,0,0.59976,0,0,2,0,0,0,8553264.46,,,
3/31/2026,11:18:41,8554135.26,Dispensed,3,44,7,49,48,42,1,97,97,0,42,0.5712,0.02856,0,0.59976,0,0,2,0,0,0,8554135.26,,,
3/31/2026,11:18:41,8554198.28,TONE,8,44,7,49,48,42,1,97,98,0,42,0.5712,0.02856,0,0.59976,0,0,2,0,0,0,8554198.28,,,
3/31/2026,11:18:41,8554274.02,LED,7,44,7,49,48,42,1,98,98,0,42,0.5712,0.02856,0,0.59976,0,0,2,0,0,0,8554274.02,,,
3/31/2026,11:18:41,8554861.69,Retrieved,4,44,7,49,49,42,1,98,98,0,42,0.5712,0.02856,0,0.59976,0,0,2,0,0,0,8554861.69,,,
3/31/2026,11:19:18,8591777.72,Right,1,45,7,49,49,42,1,98,98,0,42,0.5712,0.02856,0,0.59976,0,0,2,0,0,0,8591777.72,,,
3/31/2026,11:19:19,8592559.95,TONE,8,45,7,49,49,42,1,98,99,0,42,0.5712,0.02856,0,0.59976,0,0,2,0,0,0,8592559.95,,,
3/31/2026,11:19:19,8592635.99,LED,7,45,7,49,49,42,1,99,99,0,42,0.5712,0.02856,0,0.59976,0,0,2,0,0,0,8592635.99,,,
3/31/2026,11:19:19,8592949.09,RightDuringDispense,13,45,7,49,49,42,1,99,99,0,42,0.5712,0.02856,0,0.59976,0,0,3,0,0,0,8592949.09,,,
3/31/2026,11:19:20,8593752.93,Dispensed,3,45,7,50,49,42,1,99,99,0,42,0.5712,0.02856,0,0.59976,0,0,3,0,0,0,8593752.93,,,
3/31/2026,11:19:20,8593815.95,TONE,8,45,7,50,49,42,1,99,100,0,42,0.5712,0.02856,0,0.59976,0,0,3,0,0,0,8593815.95,,,
3/31/2026,11:19:20,8593891.69,LED,7,45,7,50,49,42,1,100,100,0,42,0.5712,0.02856,0,0.59976,0,0,3,0,0,0,8593891.69,,,
3/31/2026,11:19:21,8594289.66,Retrieved,4,45,7,50,50,42,1,100,100,0,42,0.5712,0.02856,0,0.59976,0,0,3,0,0,0,8594289.66,,,
3/31/2026,11:21:05,8698053.27,RightWater,5,45,7,50,50,43,1,100,100,0,42,0.5712,0.02856,0,0.59976,0,0,3,0,0,0,8698053.27,,,
3/31/2026,11:21:05,8698119.85,WaterDispensed,10,45,7,50,50,43,1,100,100,0,43,0.58548,0.02856,0,0.61404,0,0,3,0,0,0,8698119.85,,,
3/31/2026,11:21:10,8703367.1,RightWater,5,45,7,50,50,44,1,100,100,0,43,0.58548,0.02856,0,0.61404,0,0,3,0,0,0,8703367.1,,,
3/31/2026,11:21:10,8703433.68,WaterDispensed,10,45,7,50,50,44,1,100,100,0,44,0.59976,0.02856,0,0.62832,0,0,3,0,0,0,8703433.68,,,
3/31/2026,11:21:12,8705615.44,RightWater,5,45,7,50,50,45,1,100,100,0,44,0.59976,0.02856,0,0.62832,0,0,3,0,0,0,8705615.44,,,
3/31/2026,11:21:12,8705682,WaterDispensed,10,45,7,50,50,45,1,100,100,0,45,0.61404,0.02856,0,0.6426,0,0,3,0,0,0,8705682,,,
3/31/2026,11:21:12,8705762.33,RightWater,5,45,7,50,50,46,1,100,100,0,45,0.61404,0.02856,0,0.6426,0,0,3,0,0,0,8705762.33,,,
3/31/2026,11:21:14,8707119.4,RightWater,5,45,7,50,50,47,1,100,100,0,45,0.61404,0.02856,0,0.6426,0,0,3,0,0,0,8707119.4,,,
3/31/2026,11:21:14,8707185.99,WaterDispensed,10,45,7,50,50,47,1,100,100,0,46,0.62832,0.02856,0,0.65688,0,0,3,0,0,0,8707185.99,,,
3/31/2026,11:21:14,8707258.38,RightWater,5,45,7,50,50,48,1,100,100,0,46,0.62832,0.02856,0,0.65688,0,0,3,0,0,0,8707258.38,,,
3/31/2026,11:21:15,8708517.78,RightWater,5,45,7,50,50,49,1,100,100,0,46,0.62832,0.02856,0,0.65688,0,0,3,0,0,0,8708517.78,,,
3/31/2026,11:21:15,8708584.37,WaterDispensed,10,45,7,50,50,49,1,100,100,0,47,0.6426,0.02856,0,0.67116,0,0,3,0,0,0,8708584.37,,,
3/31/2026,11:21:17,8710727.94,RightWater,5,45,7,50,50,50,1,100,100,0,47,0.6426,0.02856,0,0.67116,0,0,3,0,0,0,8710727.94,,,
3/31/2026,11:21:17,8710794.53,WaterDispensed,10,45,7,50,50,50,1,100,100,0,48,0.65688,0.02856,0,0.68544,0,0,3,0,0,0,8710794.53,,,
3/31/2026,11:21:21,8714765.86,RightWater,5,45,7,50,50,51,1,100,100,0,48,0.65688,0.02856,0,0.68544,0,0,3,0,0,0,8714765.86,,,
3/31/2026,11:21:21,8714832.45,WaterDispensed,10,45,7,50,50,51,1,100,100,0,49,0.67116,0.02856,0,0.69972,0,0,3,0,0,0,8714832.45,,,
3/31/2026,11:21:21,8714917.83,RightWater,5,45,7,50,50,52,1,100,100,0,49,0.67116,0.02856,0,0.69972,0,0,3,0,0,0,8714917.83,,,
3/31/2026,11:21:52,8745030.25,RightWater,5,45,7,50,50,53,1,100,100,0,49,0.67116,0.02856,0,0.69972,0,0,3,0,0,0,8745030.25,,,
3/31/2026,11:21:52,8745096.83,WaterDispensed,10,45,7,50,50,53,1,100,100,0,50,0.68544,0.02856,0,0.714,0,0,3,0,0,0,8745096.83,,,
3/31/2026,11:21:52,8745724.23,RightWater,5,45,7,50,50,54,1,100,100,0,50,0.68544,0.02856,0,0.714,0,0,3,0,0,0,8745724.23,,,
3/31/2026,11:21:52,8745790.83,WaterDispensed,10,45,7,50,50,54,1,100,100,0,51,0.69972,0.02856,0,0.72828,0,0,3,0,0,0,8745790.83,,,
3/31/2026,11:21:55,8748523.98,RightWater,5,45,7,50,50,55,1,100,100,0,51,0.69972,0.02856,0,0.72828,0,0,3,0,0,0,8748523.98,,,
3/31/2026,11:21:55,8748590.56,WaterDispensed,10,45,7,50,50,55,1,100,100,0,52,0.714,0.02856,0,0.74256,0,0,3,0,0,0,8748590.56,,,
3/31/2026,11:21:56,8749269.83,RightWater,5,45,7,50,50,56,1,100,100,0,52,0.714,0.02856,0,0.74256,0,0,3,0,0,0,8749269.83,,,
3/31/2026,11:21:56,8749336.42,WaterDispensed,10,45,7,50,50,56,1,100,100,0,53,0.72828,0.02856,0,0.75684,0,0,3,0,0,0,8749336.42,,,
3/31/2026,11:22:01,8754451.2,RightWater,5,45,7,50,50,57,1,100,100,0,53,0.72828,0.02856,0,0.75684,0,0,3,0,0,0,8754451.2,,,
3/31/2026,11:22:01,8754517.8,WaterDispensed,10,45,7,50,50,57,1,100,100,0,54,0.74256,0.02856,0,0.77112,0,0,3,0,0,0,8754517.8,,,
3/31/2026,11:22:02,8755723.84,RightWater,5,45,7,50,50,58,1,100,100,0,54,0.74256,0.02856,0,0.77112,0,0,3,0,0,0,8755723.84,,,
3/31/2026,11:22:02,8755790.43,WaterDispensed,10,45,7,50,50,58,1,100,100,0,55,0.75684,0.02856,0,0.7854,0,0,3,0,0,0,8755790.43,,,
3/31/2026,11:22:05,8758279.75,RightWater,5,45,7,50,50,59,1,100,100,0,55,0.75684,0.02856,0,0.7854,0,0,3,0,0,0,8758279.75,,,
3/31/2026,11:22:05,8758346.33,WaterDispensed,10,45,7,50,50,59,1,100,100,0,56,0.77112,0.02856,0,0.79968,0,0,3,0,0,0,8758346.33,,,
3/31/2026,11:22:08,8761101.57,RightWater,5,45,7,50,50,60,1,100,100,0,56,0.77112,0.02856,0,0.79968,0,0,3,0,0,0,8761101.57,,,
3/31/2026,11:22:08,8761168.16,WaterDispensed,10,45,7,50,50,60,1,100,100,0,57,0.7854,0.02856,0,0.81396,0,0,3,0,0,0,8761168.16,,,
3/31/2026,11:22:08,8761239.58,RightWater,5,45,7,50,50,61,1,100,100,0,57,0.7854,0.02856,0,0.81396,0,0,3,0,0,0,8761239.58,,,
3/31/2026,11:22:10,8763346.14,RightWater,5,45,7,50,50,62,1,100,100,0,57,0.7854,0.02856,0,0.81396,0,0,3,0,0,0,8763346.14,,,
3/31/2026,11:22:10,8763412.75,WaterDispensed,10,45,7,50,50,62,1,100,100,0,58,0.79968,0.02856,0,0.82824,0,0,3,0,0,0,8763412.75,,,
3/31/2026,11:22:10,8763570.79,RightWater,5,45,7,50,50,63,1,100,100,0,58,0.79968,0.02856,0,0.82824,0,0,3,0,0,0,8763570.79,,,
3/31/2026,11:22:10,8763637.39,WaterDispensed,10,45,7,50,50,63,1,100,100,0,59,0.81396,0.02856,0,0.84252,0,0,3,0,0,0,8763637.39,,,
3/31/2026,11:22:12,8765664.9,RightWater,5,45,7,50,50,64,1,100,100,0,59,0.81396,0.02856,0,0.84252,0,0,3,0,0,0,8765664.9,,,
3/31/2026,11:22:12,8765731.48,WaterDispensed,10,45,7,50,50,64,1,100,100,0,60,0.82824,0.02856,0,0.8568,0,0,3,0,0,0,8765731.48,,,
3/31/2026,11:22:14,8767922.34,RightWater,5,45,7,50,50,65,1,100,100,0,60,0.82824,0.02856,0,0.8568,0,0,3,0,0,0,8767922.34,,,
3/31/2026,11:22:14,8767988.93,WaterDispensed,10,45,7,50,50,65,1,100,100,0,61,0.84252,0.02856,0,0.87108,0,0,3,0,0,0,8767988.93,,,
3/31/2026,11:22:17,8770619.94,RightWater,5,45,7,50,50,66,1,100,100,0,61,0.84252,0.02856,0,0.87108,0,0,3,0,0,0,8770619.94,,,
3/31/2026,11:22:17,8770686.55,WaterDispensed,10,45,7,50,50,66,1,100,100,0,62,0.8568,0.02856,0,0.88536,0,0,3,0,0,0,8770686.55,,,
3/31/2026,11:22:55,8808327.4,RightWater,5,45,7,50,50,67,1,100,100,0,62,0.8568,0.02856,0,0.88536,0,0,3,0,0,0,8808327.4,,,
3/31/2026,11:22:55,8808393.99,WaterDispensed,10,45,7,50,50,67,1,100,100,0,63,0.87108,0.02856,0,0.899641,0,0,3,0,0,0,8808393.99,,,
3/31/2026,11:22:57,8811012.57,RightWater,5,45,7,50,50,68,1,100,100,0,63,0.87108,0.02856,0,0.899641,0,0,3,0,0,0,8811012.57,,,
3/31/2026,11:22:58,8811079.13,WaterDispensed,10,45,7,50,50,68,1,100,100,0,64,0.88536,0.02856,0,0.913921,0,0,3,0,0,0,8811079.13,,,
3/31/2026,11:24:39,8912036.94,RightWater,5,45,7,50,50,69,1,100,100,0,64,0.88536,0.02856,0,0.913921,0,0,3,0,0,0,8912036.94,,,
3/31/2026,11:24:39,8912103.53,WaterDispensed,10,45,7,50,50,69,1,100,100,0,65,0.899641,0.02856,0,0.928201,0,0,3,0,0,0,8912103.53,,,
3/31/2026,11:24:40,8913589.9,RightWater,5,45,7,50,50,70,1,100,100,0,65,0.899641,0.02856,0,0.928201,0,0,3,0,0,0,8913589.9,,,
3/31/2026,11:24:40,8913656.48,WaterDispensed,10,45,7,50,50,70,1,100,100,0,66,0.913921,0.02856,0,0.942481,0,0,3,0,0,0,8913656.48,,,
3/31/2026,11:24:40,8913902.29,RightWater,5,45,7,50,50,71,1,100,100,0,66,0.913921,0.02856,0,0.942481,0,0,3,0,0,0,8913902.29,,,
3/31/2026,11:24:40,8913968.9,WaterDispensed,10,45,7,50,50,71,1,100,100,0,67,0.928201,0.02856,0,0.956761,0,0,3,0,0,0,8913968.9,,,
3/31/2026,11:24:41,8914905.81,RightWater,5,45,7,50,50,72,1,100,100,0,67,0.928201,0.02856,0,0.956761,0,0,3,0,0,0,8914905.81,,,
3/31/2026,11:24:41,8914972.4,WaterDispensed,10,45,7,50,50,72,1,100,100,0,68,0.942481,0.02856,0,0.971041,0,0,3,0,0,0,8914972.4,,,
3/31/2026,11:27:49,9102577.31,Right,1,46,7,50,50,72,1,100,100,0,68,0.942481,0.02856,0,0.971041,0,0,3,0,0,0,9102577.31,,,
3/31/2026,11:27:50,9103097.05,TONE,8,46,7,50,50,72,1,100,101,0,68,0.942481,0.02856,0,0.971041,0,0,3,0,0,0,9103097.05,,,
3/31/2026,11:27:50,9103172.79,LED,7,46,7,50,50,72,1,101,101,0,68,0.942481,0.02856,0,0.971041,0,0,3,0,0,0,9103172.79,,,
3/31/2026,11:27:50,9103995.04,Dispensed,3,46,7,51,50,72,1,101,101,0,68,0.942481,0.02856,0,0.971041,0,0,3,0,0,0,9103995.04,,,
3/31/2026,11:27:51,9104058.07,TONE,8,46,7,51,50,72,1,101,102,0,68,0.942481,0.02856,0,0.971041,0,0,3,0,0,0,9104058.07,,,
3/31/2026,11:27:51,9104133.82,LED,7,46,7,51,50,72,1,102,102,0,68,0.942481,0.02856,0,0.971041,0,0,3,0,0,0,9104133.82,,,
3/31/2026,11:27:52,9105164.71,Retrieved,4,46,7,51,51,72,1,102,102,0,68,0.942481,0.02856,0,0.971041,0,0,3,0,0,0,9105164.71,,,
3/31/2026,11:28:12,9125822.01,Right,1,47,7,51,51,72,1,102,102,0,68,0.942481,0.02856,0,0.971041,0,0,3,0,0,0,9125822.01,,,
3/31/2026,11:28:13,9126286.35,TONE,8,47,7,51,51,72,1,102,103,0,68,0.942481,0.02856,0,0.971041,0,0,3,0,0,0,9126286.35,,,
3/31/2026,11:28:13,9126362.08,LED,7,47,7,51,51,72,1,103,103,0,68,0.942481,0.02856,0,0.971041,0,0,3,0,0,0,9126362.08,,,
3/31/2026,11:28:14,9127118.02,Dispensed,3,47,7,52,51,72,1,103,103,0,68,0.942481,0.02856,0,0.971041,0,0,3,0,0,0,9127118.02,,,
3/31/2026,11:28:14,9127181.04,TONE,8,47,7,52,51,72,1,103,104,0,68,0.942481,0.02856,0,0.971041,0,0,3,0,0,0,9127181.04,,,
3/31/2026,11:28:14,9127256.78,LED,7,47,7,52,51,72,1,104,104,0,68,0.942481,0.02856,0,0.971041,0,0,3,0,0,0,9127256.78,,,
3/31/2026,11:28:15,9128097.1,Retrieved,4,47,7,52,52,72,1,104,104,0,68,0.942481,0.02856,0,0.971041,0,0,3,0,0,0,9128097.1,,,
3/31/2026,11:29:09,9182797.94,Right,1,48,7,52,52,72,1,104,104,0,68,0.942481,0.02856,0,0.971041,0,0,3,0,0,0,9182797.94,,,
3/31/2026,11:29:10,9183353.36,TONE,8,48,7,52,52,72,1,104,105,0,68,0.942481,0.02856,0,0.971041,0,0,3,0,0,0,9183353.36,,,
3/31/2026,11:29:10,9183429.09,LED,7,48,7,52,52,72,1,105,105,0,68,0.942481,0.02856,0,0.971041,0,0,3,0,0,0,9183429.09,,,
3/31/2026,11:29:11,9184293.04,Dispensed,3,48,7,53,52,72,1,105,105,0,68,0.942481,0.02856,0,0.971041,0,0,3,0,0,0,9184293.04,,,
3/31/2026,11:29:11,9184356.06,TONE,8,48,7,53,52,72,1,105,106,0,68,0.942481,0.02856,0,0.971041,0,0,3,0,0,0,9184356.06,,,
3/31/2026,11:29:11,9184431.8,LED,7,48,7,53,52,72,1,106,106,0,68,0.942481,0.02856,0,0.971041,0,0,3,0,0,0,9184431.8,,,
3/31/2026,11:29:12,9185145.73,Retrieved,4,48,7,53,53,72,1,106,106,0,68,0.942481,0.02856,0,0.971041,0,0,3,0,0,0,9185145.73,,,
3/31/2026,11:30:14,9247415.88,Right,1,49,7,53,53,72,1,106,106,0,68,0.942481,0.02856,0,0.971041,0,0,3,0,0,0,9247415.88,,,
3/31/2026,11:30:14,9247868.31,TONE,8,49,7,53,53,72,1,106,107,0,68,0.942481,0.02856,0,0.971041,0,0,3,0,0,0,9247868.31,,,
3/31/2026,11:30:14,9247944.05,LED,7,49,7,53,53,72,1,107,107,0,68,0.942481,0.02856,0,0.971041,0,0,3,0,0,0,9247944.05,,,
3/31/2026,11:30:15,9248740.13,Dispensed,3,49,7,54,53,72,1,107,107,0,68,0.942481,0.02856,0,0.971041,0,0,3,0,0,0,9248740.13,,,
3/31/2026,11:30:15,9248803.15,TONE,8,49,7,54,53,72,1,107,108,0,68,0.942481,0.02856,0,0.971041,0,0,3,0,0,0,9248803.15,,,
3/31/2026,11:30:15,9248878.89,LED,7,49,7,54,53,72,1,108,108,0,68,0.942481,0.02856,0,0.971041,0,0,3,0,0,0,9248878.89,,,
3/31/2026,11:30:16,9249782.52,Retrieved,4,49,7,54,54,72,1,108,108,0,68,0.942481,0.02856,0,0.971041,0,0,3,0,0,0,9249782.52,,,
3/31/2026,11:30:40,9273461.18,Right,1,50,7,54,54,72,1,108,108,0,68,0.942481,0.02856,0,0.971041,0,0,3,0,0,0,9273461.18,,,
3/31/2026,11:30:41,9274259.07,TONE,8,50,7,54,54,72,1,108,109,0,68,0.942481,0.02856,0,0.971041,0,0,3,0,0,0,9274259.07,,,
3/31/2026,11:30:41,9274334.81,LED,7,50,7,54,54,72,1,109,109,0,68,0.942481,0.02856,0,0.971041,0,0,3,0,0,0,9274334.81,,,
3/31/2026,11:30:42,9275242.86,Dispensed,3,50,7,55,54,72,1,109,109,0,68,0.942481,0.02856,0,0.971041,0,0,3,0,0,0,9275242.86,,,
3/31/2026,11:30:42,9275305.88,TONE,8,50,7,55,54,72,1,109,110,0,68,0.942481,0.02856,0,0.971041,0,0,3,0,0,0,9275305.88,,,
3/31/2026,11:30:42,9275381.62,LED,7,50,7,55,54,72,1,110,110,0,68,0.942481,0.02856,0,0.971041,0,0,3,0,0,0,9275381.62,,,
3/31/2026,11:30:43,9276032.48,Retrieved,4,50,7,55,55,72,1,110,110,0,68,0.942481,0.02856,0,0.971041,0,0,3,0,0,0,9276032.48,,,
3/31/2026,11:31:44,9337631.47,Right,1,51,7,55,55,72,1,110,110,0,68,0.942481,0.02856,0,0.971041,0,0,3,0,0,0,9337631.47,,,
3/31/2026,11:31:45,9338083.48,TONE,8,51,7,55,55,72,1,110,111,0,68,0.942481,0.02856,0,0.971041,0,0,3,0,0,0,9338083.48,,,
3/31/2026,11:31:45,9338159.22,LED,7,51,7,55,55,72,1,111,111,0,68,0.942481,0.02856,0,0.971041,0,0,3,0,0,0,9338159.22,,,
3/31/2026,11:31:45,9338855.35,Dispensed,3,51,7,56,55,72,1,111,111,0,68,0.942481,0.02856,0,0.971041,0,0,3,0,0,0,9338855.35,,,
3/31/2026,11:31:45,9338918.37,TONE,8,51,7,56,55,72,1,111,112,0,68,0.942481,0.02856,0,0.971041,0,0,3,0,0,0,9338918.37,,,
3/31/2026,11:31:45,9338994.11,LED,7,51,7,56,55,72,1,112,112,0,68,0.942481,0.02856,0,0.971041,0,0,3,0,0,0,9338994.11,,,
3/31/2026,11:31:47,9340659.19,Retrieved,4,51,7,56,56,72,1,112,112,0,68,0.942481,0.02856,0,0.971041,0,0,3,0,0,0,9340659.19,,,
3/31/2026,11:32:34,9387845.48,Right,1,52,7,56,56,72,1,112,112,0,68,0.942481,0.02856,0,0.971041,0,0,3,0,0,0,9387845.48,,,
3/31/2026,11:32:35,9388339.55,TONE,8,52,7,56,56,72,1,112,113,0,68,0.942481,0.02856,0,0.971041,0,0,3,0,0,0,9388339.55,,,
3/31/2026,11:32:35,9388415.29,LED,7,52,7,56,56,72,1,113,113,0,68,0.942481,0.02856,0,0.971041,0,0,3,0,0,0,9388415.29,,,
3/31/2026,11:32:35,9388969.6,RightDuringDispense,13,52,7,56,56,72,1,113,113,0,68,0.942481,0.02856,0,0.971041,0,0,4,0,0,0,9388969.6,,,
3/31/2026,11:32:36,9389598.19,Dispensed,3,52,7,57,56,72,1,113,113,0,68,0.942481,0.02856,0,0.971041,0,0,4,0,0,0,9389598.19,,,
3/31/2026,11:32:36,9389661.21,TONE,8,52,7,57,56,72,1,113,114,0,68,0.942481,0.02856,0,0.971041,0,0,4,0,0,0,9389661.21,,,
3/31/2026,11:32:36,9389736.94,LED,7,52,7,57,56,72,1,114,114,0,68,0.942481,0.02856,0,0.971041,0,0,4,0,0,0,9389736.94,,,
3/31/2026,11:32:38,9391845.58,Retrieved,4,52,7,57,57,72,1,114,114,0,68,0.942481,0.02856,0,0.971041,0,0,4,0,0,0,9391845.58,,,
3/31/2026,11:33:15,9428744.61,Right,1,53,7,57,57,72,1,114,114,0,68,0.942481,0.02856,0,0.971041,0,0,4,0,0,0,9428744.61,,,
3/31/2026,11:33:16,9429385.4,TONE,8,53,7,57,57,72,1,114,115,0,68,0.942481,0.02856,0,0.971041,0,0,4,0,0,0,9429385.4,,,
3/31/2026,11:33:16,9429461.14,LED,7,53,7,57,57,72,1,115,115,0,68,0.942481,0.02856,0,0.971041,0,0,4,0,0,0,9429461.14,,,
3/31/2026,11:33:17,9430515.73,Dispensed,3,53,7,58,57,72,1,115,115,0,68,0.942481,0.02856,0,0.971041,0,0,4,0,0,0,9430515.73,,,
3/31/2026,11:33:17,9430578.75,TONE,8,53,7,58,57,72,1,115,116,0,68,0.942481,0.02856,0,0.971041,0,0,4,0,0,0,9430578.75,,,
3/31/2026,11:33:17,9430654.49,LED,7,53,7,58,57,72,1,116,116,0,68,0.942481,0.02856,0,0.971041,0,0,4,0,0,0,9430654.49,,,
3/31/2026,11:33:18,9431115.75,Retrieved,4,53,7,58,58,72,1,116,116,0,68,0.942481,0.02856,0,0.971041,0,0,4,0,0,0,9431115.75,,,
3/31/2026,11:34:34,9507637.07,RightWater,5,53,7,58,58,73,1,116,116,0,68,0.942481,0.02856,0,0.971041,0,0,4,0,0,0,9507637.07,,,
3/31/2026,11:34:34,9507703.65,WaterDispensed,10,53,7,58,58,73,1,116,116,0,69,0.956761,0.02856,0,0.985321,0,0,4,0,0,0,9507703.65,,,
3/31/2026,11:34:34,9507932.84,RightWater,5,53,7,58,58,74,1,116,116,0,69,0.956761,0.02856,0,0.985321,0,0,4,0,0,0,9507932.84,,,
3/31/2026,11:34:34,9507999.43,WaterDispensed,10,53,7,58,58,74,1,116,116,0,70,0.971041,0.02856,0,0.999601,0,0,4,0,0,0,9507999.43,,,
3/31/2026,11:34:38,9511519.97,RightWater,5,53,7,58,58,75,1,116,116,0,70,0.971041,0.02856,0,0.999601,0,0,4,0,0,0,9511519.97,,,
3/31/2026,11:34:38,9511586.55,WaterDispensed,10,53,7,58,58,75,1,116,116,0,71,0.985321,0.02856,0,1.013881,0,0,4,0,0,0,9511586.55,,,
3/31/2026,11:34:38,9511657.45,RightWater,5,53,7,58,58,76,1,116,116,0,71,0.985321,0.02856,0,1.013881,0,0,4,0,0,0,9511657.45,,,
3/31/2026,11:34:40,9513296.32,RightWater,5,53,7,58,58,77,1,116,116,0,71,0.985321,0.02856,0,1.013881,0,0,4,0,0,0,9513296.32,,,
3/31/2026,11:34:40,9513362.91,WaterDispensed,10,53,7,58,58,77,1,116,116,0,72,0.999601,0.02856,0,1.028161,0,0,4,0,0,0,9513362.91,,,
3/31/2026,11:34:41,9514203.49,RightWater,5,53,7,58,58,78,1,116,116,0,72,0.999601,0.02856,0,1.028161,0,0,4,0,0,0,9514203.49,,,
3/31/2026,11:34:41,9514270.09,WaterDispensed,10,53,7,58,58,78,1,116,116,0,73,1.013881,0.02856,0,1.042441,0,0,4,0,0,0,9514270.09,,,
3/31/2026,11:34:47,9520302.32,RightWater,5,53,7,58,58,79,1,116,116,0,73,1.013881,0.02856,0,1.042441,0,0,4,0,0,0,9520302.32,,,
3/31/2026,11:34:47,9520368.91,WaterDispensed,10,53,7,58,58,79,1,116,116,0,74,1.028161,0.02856,0,1.05672,0,0,4,0,0,0,9520368.91,,,
3/31/2026,11:34:47,9520664.25,RightWater,5,53,7,58,58,80,1,116,116,0,74,1.028161,0.02856,0,1.05672,0,0,4,0,0,0,9520664.25,,,
3/31/2026,11:34:47,9520730.83,WaterDispensed,10,53,7,58,58,80,1,116,116,0,75,1.042441,0.02856,0,1.071,0,0,4,0,0,0,9520730.83,,,
3/31/2026,11:34:51,9524626.65,RightWater,5,53,7,58,58,81,1,116,116,0,75,1.042441,0.02856,0,1.071,0,0,4,0,0,0,9524626.65,,,
3/31/2026,11:34:51,9524693.23,WaterDispensed,10,53,7,58,58,81,1,116,116,0,76,1.05672,0.02856,0,1.08528,0,0,4,0,0,0,9524693.23,,,
3/31/2026,11:34:51,9524766.11,RightWater,5,53,7,58,58,82,1,116,116,0,76,1.05672,0.02856,0,1.08528,0,0,4,0,0,0,9524766.11,,,
3/31/2026,11:39:57,9830385.32,RightWater,5,53,7,58,58,83,1,116,116,0,76,1.05672,0.02856,0,1.08528,0,0,4,0,0,0,9830385.32,,,
3/31/2026,11:39:57,9830451.92,WaterDispensed,10,53,7,58,58,84,1,116,116,0,77,1.071,0.02856,0,1.09956,0,0,4,0,0,0,9830451.92,,,
3/31/2026,11:39:57,9830522.81,RightWater,5,53,7,58,58,84,1,116,116,0,77,1.071,0.02856,0,1.09956,0,0,4,0,0,0,9830522.81,,,
3/31/2026,11:39:58,9831409.21,RightWater,5,53,7,58,58,85,1,116,116,0,77,1.071,0.02856,0,1.09956,0,0,4,0,0,0,9831409.21,,,
3/31/2026,11:39:58,9831475.78,WaterDispensed,10,53,7,58,58,86,1,116,116,0,78,1.08528,0.02856,0,1.11384,0,0,4,0,0,0,9831475.78,,,
3/31/2026,11:39:58,9831546.63,RightWater,5,53,7,58,58,86,1,116,116,0,78,1.08528,0.02856,0,1.11384,0,0,4,0,0,0,9831546.63,,,
3/31/2026,11:39:58,9831616.32,RightWater,5,53,7,58,58,87,1,116,116,0,78,1.08528,0.02856,0,1.11384,0,0,4,0,0,0,9831616.32,,,
3/31/2026,11:40:00,9833751.89,RightWater,5,53,7,58,58,88,1,116,116,0,78,1.08528,0.02856,0,1.11384,0,0,4,0,0,0,9833751.89,,,
3/31/2026,11:40:00,9833818.51,WaterDispensed,10,53,7,58,58,88,1,116,116,0,79,1.09956,0.02856,0,1.12812,0,0,4,0,0,0,9833818.51,,,
3/31/2026,11:40:00,9833894.08,RightWater,5,53,7,58,58,89,1,116,116,0,79,1.09956,0.02856,0,1.12812,0,0,4,0,0,0,9833894.08,,,
3/31/2026,11:40:02,9835653.06,RightWater,5,53,7,58,58,90,1,116,116,0,79,1.09956,0.02856,0,1.12812,0,0,4,0,0,0,9835653.06,,,
3/31/2026,11:40:02,9835719.64,WaterDispensed,10,53,7,58,58,90,1,116,116,0,80,1.11384,0.02856,0,1.1424,0,0,4,0,0,0,9835719.64,,,
3/31/2026,11:40:02,9835804.01,RightWater,5,53,7,58,58,91,1,116,116,0,80,1.11384,0.02856,0,1.1424,0,0,4,0,0,0,9835804.01,,,
3/31/2026,11:40:05,9838634.01,RightWater,5,53,7,58,58,92,1,116,116,0,80,1.11384,0.02856,0,1.1424,0,0,4,0,0,0,9838634.01,,,
3/31/2026,11:40:05,9838700.59,WaterDispensed,10,53,7,58,58,92,1,116,116,0,81,1.12812,0.02856,0,1.15668,0,0,4,0,0,0,9838700.59,,,
3/31/2026,11:40:11,9844287.96,RightWater,5,53,7,58,58,93,1,116,116,0,81,1.12812,0.02856,0,1.15668,0,0,4,0,0,0,9844287.96,,,
3/31/2026,11:40:11,9844354.54,WaterDispensed,10,53,7,58,58,93,1,116,116,0,82,1.1424,0.02856,0,1.17096,0,0,4,0,0,0,9844354.54,,,
3/31/2026,12:10:51,11684217.47,Right,1,54,7,58,58,93,1,116,116,0,82,1.1424,0.02856,0,1.17096,0,0,4,0,0,0,11684217.47,,,
3/31/2026,12:10:51,11684805.74,TONE,8,54,7,58,58,93,1,116,117,0,82,1.1424,0.02856,0,1.17096,0,0,4,0,0,0,11684805.74,,,
3/31/2026,12:10:51,11684881.47,LED,7,54,7,58,58,93,1,117,117,0,82,1.1424,0.02856,0,1.17096,0,0,4,0,0,0,11684881.47,,,
3/31/2026,12:10:52,11685906.47,Dispensed,3,54,7,59,58,93,1,117,117,0,82,1.1424,0.02856,0,1.17096,0,0,4,0,0,0,11685906.47,,,
3/31/2026,12:10:52,11685969.49,TONE,8,54,7,59,58,93,1,117,118,0,82,1.1424,0.02856,0,1.17096,0,0,4,0,0,0,11685969.49,,,
3/31/2026,12:10:53,11686045.24,LED,7,54,7,59,58,93,1,118,118,0,82,1.1424,0.02856,0,1.17096,0,0,4,0,0,0,11686045.24,,,
3/31/2026,12:10:54,11687582.31,Retrieved,4,54,7,59,59,93,1,118,118,0,82,1.1424,0.02856,0,1.17096,0,0,4,0,0,0,11687582.31,,,
3/31/2026,12:11:41,11734756.18,Right,1,55,7,59,59,93,1,118,118,0,82,1.1424,0.02856,0,1.17096,0,0,4,0,0,0,11734756.18,,,
3/31/2026,12:11:42,11735640.09,TONE,8,55,7,59,59,93,1,118,119,0,82,1.1424,0.02856,0,1.17096,0,0,4,0,0,0,11735640.09,,,
3/31/2026,12:11:42,11735715.83,LED,7,55,7,59,59,93,1,119,119,0,82,1.1424,0.02856,0,1.17096,0,0,4,0,0,0,11735715.83,,,
3/31/2026,12:11:43,11736607.08,Dispensed,3,55,7,60,59,93,1,119,119,0,82,1.1424,0.02856,0,1.17096,0,0,4,0,0,0,11736607.08,,,
3/31/2026,12:11:43,11736670.1,TONE,8,55,7,60,59,93,1,119,120,0,82,1.1424,0.02856,0,1.17096,0,0,4,0,0,0,11736670.1,,,
3/31/2026,12:11:43,11736745.85,LED,7,55,7,60,59,93,1,120,120,0,82,1.1424,0.02856,0,1.17096,0,0,4,0,0,0,11736745.85,,,
3/31/2026,12:11:44,11737966.31,Retrieved,4,55,7,60,60,93,1,120,120,0,82,1.1424,0.02856,0,1.17096,0,0,4,0,0,0,11737966.31,,,
3/31/2026,12:12:17,11770697.52,Right,1,56,7,60,60,93,1,120,120,0,82,1.1424,0.02856,0,1.17096,0,0,4,0,0,0,11770697.52,,,
3/31/2026,12:12:18,11771199.05,TONE,8,56,7,60,60,93,1,120,121,0,82,1.1424,0.02856,0,1.17096,0,0,4,0,0,0,11771199.05,,,
3/31/2026,12:12:18,11771274.79,LED,7,56,7,60,60,93,1,121,121,0,82,1.1424,0.02856,0,1.17096,0,0,4,0,0,0,11771274.79,,,
3/31/2026,12:12:19,11772107.25,Dispensed,3,56,7,61,60,93,1,121,121,0,82,1.1424,0.02856,0,1.17096,0,0,4,0,0,0,11772107.25,,,
3/31/2026,12:12:19,11772170.27,TONE,8,56,7,61,60,93,1,121,122,0,82,1.1424,0.02856,0,1.17096,0,0,4,0,0,0,11772170.27,,,
3/31/2026,12:12:19,11772246.01,LED,7,56,7,61,60,93,1,122,122,0,82,1.1424,0.02856,0,1.17096,0,0,4,0,0,0,11772246.01,,,
3/31/2026,12:12:20,11773086.55,Retrieved,4,56,7,61,61,93,1,122,122,0,82,1.1424,0.02856,0,1.17096,0,0,4,0,0,0,11773086.55,,,
3/31/2026,12:12:57,11810985.82,Right,1,57,7,61,61,93,1,122,122,0,82,1.1424,0.02856,0,1.17096,0,0,4,0,0,0,11810985.82,,,
3/31/2026,12:12:58,11811849.81,TONE,8,57,7,61,61,93,1,122,123,0,82,1.1424,0.02856,0,1.17096,0,0,4,0,0,0,11811849.81,,,
3/31/2026,12:12:58,11811925.55,LED,7,57,7,61,61,93,1,123,123,0,82,1.1424,0.02856,0,1.17096,0,0,4,0,0,0,11811925.55,,,
3/31/2026,12:12:59,11812761.1,Dispensed,3,57,7,62,61,93,1,123,123,0,82,1.1424,0.02856,0,1.17096,0,0,4,0,0,0,11812761.1,,,
3/31/2026,12:12:59,11812824.12,TONE,8,57,7,62,61,93,1,123,124,0,82,1.1424,0.02856,0,1.17096,0,0,4,0,0,0,11812824.12,,,
3/31/2026,12:12:59,11812899.86,LED,7,57,7,62,61,93,1,124,124,0,82,1.1424,0.02856,0,1.17096,0,0,4,0,0,0,11812899.86,,,
3/31/2026,12:13:00,11813550.84,Retrieved,4,57,7,62,62,93,1,124,124,0,82,1.1424,0.02856,0,1.17096,0,0,4,0,0,0,11813550.84,,,
3/31/2026,12:13:38,11851043.7,Right,1,58,7,62,62,93,1,124,124,0,82,1.1424,0.02856,0,1.17096,0,0,4,0,0,0,11851043.7,,,
3/31/2026,12:13:38,11851945.81,TONE,8,58,7,62,62,93,1,124,125,0,82,1.1424,0.02856,0,1.17096,0,0,4,0,0,0,11851945.81,,,
3/31/2026,12:13:39,11852021.54,LED,7,58,7,62,62,93,1,125,125,0,82,1.1424,0.02856,0,1.17096,0,0,4,0,0,0,11852021.54,,,
3/31/2026,12:13:39,11852787.17,Dispensed,3,58,7,63,62,93,1,125,125,0,82,1.1424,0.02856,0,1.17096,0,0,4,0,0,0,11852787.17,,,
3/31/2026,12:13:39,11852850.19,TONE,8,58,7,63,62,93,1,125,126,0,82,1.1424,0.02856,0,1.17096,0,0,4,0,0,0,11852850.19,,,
3/31/2026,12:13:39,11852925.93,LED,7,58,7,63,62,93,1,126,126,0,82,1.1424,0.02856,0,1.17096,0,0,4,0,0,0,11852925.93,,,
3/31/2026,12:13:40,11853324.02,Retrieved,4,58,7,63,63,93,1,126,126,0,82,1.1424,0.02856,0,1.17096,0,0,4,0,0,0,11853324.02,,,
3/31/2026,12:14:35,11908552.45,RightWater,5,58,7,63,63,94,1,126,126,0,82,1.1424,0.02856,0,1.17096,0,0,4,0,0,0,11908552.45,,,
3/31/2026,12:14:35,11908619.04,WaterDispensed,10,58,7,63,63,94,1,126,126,0,83,1.15668,0.02856,0,1.18524,0,0,4,0,0,0,11908619.04,,,
3/31/2026,12:14:39,11912113.37,RightWater,5,58,7,63,63,95,1,126,126,0,83,1.15668,0.02856,0,1.18524,0,0,4,0,0,0,11912113.37,,,
3/31/2026,12:14:39,11912179.96,WaterDispensed,10,58,7,63,63,95,1,126,126,0,84,1.17096,0.02856,0,1.19952,0,0,4,0,0,0,11912179.96,,,
3/31/2026,12:14:39,11912752.64,RightWater,5,58,7,63,63,96,1,126,126,0,84,1.17096,0.02856,0,1.19952,0,0,4,0,0,0,11912752.64,,,
3/31/2026,12:14:39,11912819.25,WaterDispensed,10,58,7,63,63,96,1,126,126,0,85,1.18524,0.02856,0,1.2138,0,0,4,0,0,0,11912819.25,,,
3/31/2026,12:14:39,11912891.2,RightWater,5,58,7,63,63,97,1,126,126,0,85,1.18524,0.02856,0,1.2138,0,0,4,0,0,0,11912891.2,,,
3/31/2026,12:14:40,11913140.71,RightWater,5,58,7,63,63,98,1,126,126,0,85,1.18524,0.02856,0,1.2138,0,0,4,0,0,0,11913140.71,,,
3/31/2026,12:14:40,11913207.29,WaterDispensed,10,58,7,63,63,98,1,126,126,0,86,1.19952,0.02856,0,1.22808,0,0,4,0,0,0,11913207.29,,,
3/31/2026,12:14:40,11913371.03,RightWater,5,58,7,63,63,99,1,126,126,0,86,1.19952,0.02856,0,1.22808,0,0,4,0,0,0,11913371.03,,,
3/31/2026,12:14:40,11913437.61,WaterDispensed,10,58,7,63,63,99,1,126,126,0,87,1.2138,0.02856,0,1.24236,0,0,4,0,0,0,11913437.61,,,
3/31/2026,12:14:43,11916687.52,RightWater,5,58,7,63,63,100,1,126,126,0,87,1.2138,0.02856,0,1.24236,0,0,4,0,0,0,11916687.52,,,
3/31/2026,12:14:43,11916754.1,WaterDispensed,10,58,7,63,63,100,1,126,126,0,88,1.22808,0.02856,0,1.25664,0,0,4,0,0,0,11916754.1,,,
3/31/2026,12:14:48,11921254.4,RightWater,5,58,7,63,63,101,1,126,126,0,88,1.22808,0.02856,0,1.25664,0,0,4,0,0,0,11921254.4,,,
3/31/2026,12:14:48,11921321.01,WaterDispensed,10,58,7,63,63,101,1,126,126,0,89,1.24236,0.02856,0,1.27092,0,0,4,0,0,0,11921321.01,,,
3/31/2026,12:55:39,14372450.19,RightWater,5,58,7,63,63,102,1,126,126,0,90,1.25664,0.02856,0,1.2852,0,0,4,0,0,0,14372450.19,,,
3/31/2026,12:55:39,14372516.77,WaterDispensed,10,58,7,63,63,102,1,126,126,0,90,1.25664,0.02856,0,1.2852,0,0,4,0,0,0,14372516.77,,,
3/31/2026,12:55:40,14373070.69,RightWater,5,58,7,63,63,103,1,126,126,0,90,1.25664,0.02856,0,1.2852,0,0,4,0,0,0,14373070.69,,,
3/31/2026,12:55:40,14373137.31,WaterDispensed,10,58,7,63,63,103,1,126,126,0,91,1.27092,0.02856,0,1.29948,0,0,4,0,0,0,14373137.31,,,
3/31/2026,12:55:40,14373517.37,RightWater,5,58,7,63,63,104,1,126,126,0,91,1.27092,0.02856,0,1.29948,0,0,4,0,0,0,14373517.37,,,
3/31/2026,12:55:40,14373583.95,WaterDispensed,10,58,7,63,63,104,1,126,126,0,92,1.2852,0.02856,0,1.31376,0,0,4,0,0,0,14373583.95,,,
3/31/2026,12:55:44,14377327.56,RightWater,5,58,7,63,63,105,1,126,126,0,92,1.2852,0.02856,0,1.31376,0,0,4,0,0,0,14377327.56,,,
3/31/2026,12:55:44,14377394.15,WaterDispensed,10,58,7,63,63,105,1,126,126,0,93,1.29948,0.02856,0,1.32804,0,0,4,0,0,0,14377394.15,,,
3/31/2026,12:55:48,14381365.62,RightWater,5,58,7,63,63,106,1,126,126,0,93,1.29948,0.02856,0,1.32804,0,0,4,0,0,0,14381365.62,,,
3/31/2026,12:55:48,14381432.2,WaterDispensed,10,58,7,63,63,106,1,126,126,0,94,1.31376,0.02856,0,1.34232,0,0,4,0,0,0,14381432.2,,,
3/31/2026,12:55:51,14384538.6,RightWater,5,58,7,63,63,107,1,126,126,0,94,1.31376,0.02856,0,1.34232,0,0,4,0,0,0,14384538.6,,,
3/31/2026,12:55:51,14384605.19,WaterDispensed,10,58,7,63,63,107,1,126,126,0,95,1.32804,0.02856,0,1.3566,0,0,4,0,0,0,14384605.19,,,
3/31/2026,13:11:53,15346111.29,Right,1,59,7,63,63,107,1,126,126,0,95,1.32804,0.02856,0,1.3566,0,0,4,0,0,0,15346111.29,,,
3/31/2026,13:11:54,15347145.87,TONE,8,59,7,63,63,107,1,126,127,0,95,1.32804,0.02856,0,1.3566,0,0,4,0,0,0,15347145.87,,,
3/31/2026,13:11:54,15347221.91,LED,7,59,7,63,63,107,1,127,127,0,95,1.32804,0.02856,0,1.3566,0,0,4,0,0,0,15347221.91,,,
3/31/2026,13:11:55,15348057.96,Dispensed,3,59,7,64,63,107,1,127,127,0,95,1.32804,0.02856,0,1.3566,0,0,4,0,0,0,15348057.96,,,
3/31/2026,13:11:55,15348120.98,TONE,8,59,7,64,63,107,1,127,128,0,95,1.32804,0.02856,0,1.3566,0,0,4,0,0,0,15348120.98,,,
3/31/2026,13:11:55,15348196.71,LED,7,59,7,64,63,107,1,128,128,0,95,1.32804,0.02856,0,1.3566,0,0,4,0,0,0,15348196.71,,,
3/31/2026,13:11:56,15349164.37,Retrieved,4,59,7,64,64,107,1,128,128,0,95,1.32804,0.02856,0,1.3566,0,0,4,0,0,0,15349164.37,,,
3/31/2026,13:12:19,15372800.43,Right,1,60,7,64,64,107,1,128,128,0,95,1.32804,0.02856,0,1.3566,0,0,4,0,0,0,15372800.43,,,
3/31/2026,13:12:20,15373589.5,TONE,8,60,7,64,64,107,1,128,129,0,95,1.32804,0.02856,0,1.3566,0,0,4,0,0,0,15373589.5,,,
3/31/2026,13:12:20,15373665.23,LED,7,60,7,64,64,107,1,129,129,0,95,1.32804,0.02856,0,1.3566,0,0,4,0,0,0,15373665.23,,,
3/31/2026,13:12:21,15374518.15,Dispensed,3,60,7,65,64,107,1,129,130,0,95,1.32804,0.02856,0,1.3566,0,0,4,0,0,0,15374518.15,,,
3/31/2026,13:12:21,15374581.17,TONE,8,60,7,65,64,107,1,129,130,0,95,1.32804,0.02856,0,1.3566,0,0,4,0,0,0,15374581.17,,,
3/31/2026,13:12:21,15374656.91,LED,7,60,7,65,64,107,1,130,130,0,95,1.32804,0.02856,0,1.3566,0,0,4,0,0,0,15374656.91,,,
3/31/2026,13:12:23,15376258.41,Retrieved,4,60,7,65,65,107,1,130,130,0,95,1.32804,0.02856,0,1.3566,0,0,4,0,0,0,15376258.41,,,
3/31/2026,13:14:53,15526865.32,Right,1,61,7,65,65,107,1,130,130,0,95,1.32804,0.02856,0,1.3566,0,0,4,0,0,0,15526865.32,,,
3/31/2026,13:14:54,15527356.23,TONE,8,61,7,65,65,107,1,130,131,0,95,1.32804,0.02856,0,1.3566,0,0,4,0,0,0,15527356.23,,,
3/31/2026,13:14:54,15527431.97,LED,7,61,7,65,65,107,1,131,131,0,95,1.32804,0.02856,0,1.3566,0,0,4,0,0,0,15527431.97,,,
3/31/2026,13:14:57,15530236.32,Dispensed,3,61,7,66,65,107,1,131,131,0,95,1.32804,0.02856,0,1.3566,0,0,4,0,0,0,15530236.32,,,
3/31/2026,13:14:57,15530299.34,TONE,8,61,7,66,65,107,1,131,132,0,95,1.32804,0.02856,0,1.3566,0,0,4,0,0,0,15530299.34,,,
3/31/2026,13:14:57,15530375.07,LED,7,61,7,66,65,107,1,132,132,0,95,1.32804,0.02856,0,1.3566,0,0,4,0,0,0,15530375.07,,,
3/31/2026,13:14:58,15531849.77,Retrieved,4,61,7,66,66,107,1,132,132,0,95,1.32804,0.02856,0,1.3566,0,0,4,0,0,0,15531849.77,,,
3/31/2026,13:16:12,15605581.08,Right,1,62,7,66,66,107,1,132,132,0,95,1.32804,0.02856,0,1.3566,0,0,4,0,0,0,15605581.08,,,
3/31/2026,13:16:13,15606243.28,TONE,8,62,7,66,66,107,1,132,133,0,95,1.32804,0.02856,0,1.3566,0,0,4,0,0,0,15606243.28,,,
3/31/2026,13:16:13,15606319.03,LED,7,62,7,66,66,107,1,133,133,0,95,1.32804,0.02856,0,1.3566,0,0,4,0,0,0,15606319.03,,,
3/31/2026,13:16:14,15607168.89,Dispensed,3,62,7,67,66,107,1,133,133,0,95,1.32804,0.02856,0,1.3566,0,0,4,0,0,0,15607168.89,,,
3/31/2026,13:16:14,15607231.91,TONE,8,62,7,67,66,107,1,133,134,0,95,1.32804,0.02856,0,1.3566,0,0,4,0,0,0,15607231.91,,,
3/31/2026,13:16:14,15607307.65,LED,7,62,7,67,66,107,1,134,134,0,95,1.32804,0.02856,0,1.3566,0,0,4,0,0,0,15607307.65,,,
3/31/2026,13:16:14,15607895.47,Retrieved,4,62,7,67,67,107,1,134,134,0,95,1.32804,0.02856,0,1.3566,0,0,4,0,0,0,15607895.47,,,
3/31/2026,13:17:46,15699474.3,LeftWater,6,62,7,67,67,107,2,134,134,0,96,1.32804,0.04284,0,1.37088,0,0,4,0,0,0,15699474.3,,,
3/31/2026,13:17:46,15699541.86,WaterDispensed,10,62,7,67,67,107,2,134,134,0,96,1.32804,0.04284,0,1.37088,0,0,4,0,0,0,15699541.86,,,
3/31/2026,13:17:46,15699707.33,LeftWater,6,62,7,67,67,107,3,134,134,0,96,1.32804,0.04284,0,1.37088,0,0,4,0,0,0,15699707.33,,,
3/31/2026,13:17:46,15699774.89,WaterDispensed,10,62,7,67,67,107,3,134,134,0,97,1.32804,0.05712,0,1.38516,0,0,4,0,0,0,15699774.89,,,
3/31/2026,13:18:12,15725077.74,Left,2,62,8,67,67,107,3,134,134,0,97,1.32804,0.05712,0,1.38516,0,0,4,0,0,0,15725077.74,,,
3/31/2026,13:18:12,15725530.8,TONE,8,62,8,67,67,107,3,134,135,0,97,1.32804,0.05712,0,1.38516,0,0,4,0,0,0,15725530.8,,,
3/31/2026,13:18:12,15725606.55,LED,7,62,8,67,67,107,3,135,135,0,97,1.32804,0.05712,0,1.38516,0,0,4,0,0,0,15725606.55,,,
3/31/2026,13:18:13,15726381.49,Dispensed,3,62,8,68,67,107,3,135,135,0,97,1.32804,0.05712,0,1.38516,0,0,4,0,0,0,15726381.49,,,
3/31/2026,13:18:13,15726444.51,TONE,8,62,8,68,67,107,3,135,136,0,97,1.32804,0.05712,0,1.38516,0,0,4,0,0,0,15726444.51,,,
3/31/2026,13:18:13,15726520.25,LED,7,62,8,68,67,107,3,136,136,0,97,1.32804,0.05712,0,1.38516,0,0,4,0,0,0,15726520.25,,,
3/31/2026,13:18:16,15729390.16,Retrieved,4,62,8,68,68,107,3,136,136,0,97,1.32804,0.05712,0,1.38516,0,0,4,0,0,0,15729390.16,,,
3/31/2026,13:23:29,16042765.97,RightWater,5,62,8,68,68,108,3,136,136,0,97,1.32804,0.05712,0,1.38516,0,0,4,0,0,0,16042765.97,,,
3/31/2026,13:23:29,16042832.56,WaterDispensed,10,62,8,68,68,108,3,136,136,0,98,1.34232,0.05712,0,1.39944,0,0,4,0,0,0,16042832.56,,,
3/31/2026,13:23:29,16042917.46,RightWater,5,62,8,68,68,109,3,136,136,0,98,1.34232,0.05712,0,1.39944,0,0,4,0,0,0,16042917.46,,,
3/31/2026,13:23:31,16044103.59,RightWater,5,62,8,68,68,110,3,136,136,0,98,1.34232,0.05712,0,1.39944,0,0,4,0,0,0,16044103.59,,,
3/31/2026,13:23:31,16044170.22,WaterDispensed,10,62,8,68,68,110,3,136,136,0,99,1.3566,0.05712,0,1.41372,0,0,4,0,0,0,16044170.22,,,
3/31/2026,13:23:31,16044241.11,RightWater,5,62,8,68,68,111,3,136,136,0,99,1.3566,0.05712,0,1.41372,0,0,4,0,0,0,16044241.11,,,
3/31/2026,13:23:31,16044328.41,RightWater,5,62,8,68,68,112,3,136,136,0,99,1.3566,0.05712,0,1.41372,0,0,4,0,0,0,16044328.41,,,
3/31/2026,13:23:31,16044394.98,WaterDispensed,10,62,8,68,68,112,3,136,136,0,100,1.37088,0.05712,0,1.427999,0,0,4,0,0,0,16044394.98,,,
3/31/2026,13:23:32,16045393.93,RightWater,5,62,8,68,68,113,3,136,136,0,100,1.37088,0.05712,0,1.427999,0,0,4,0,0,0,16045393.93,,,
3/31/2026,13:23:32,16045460.49,WaterDispensed,10,62,8,68,68,113,3,136,136,0,101,1.38516,0.05712,0,1.442279,0,0,4,0,0,0,16045460.49,,,
3/31/2026,13:23:33,16046338.04,RightWater,5,62,8,68,68,114,3,136,136,0,101,1.38516,0.05712,0,1.442279,0,0,4,0,0,0,16046338.04,,,
3/31/2026,13:23:33,16046404.65,WaterDispensed,10,62,8,68,68,114,3,136,136,0,102,1.39944,0.05712,0,1.456559,0,0,4,0,0,0,16046404.65,,,
3/31/2026,13:23:40,16053089.15,RightWater,5,62,8,68,68,115,3,136,136,0,102,1.39944,0.05712,0,1.456559,0,0,4,0,0,0,16053089.15,,,
3/31/2026,13:23:40,16053155.76,WaterDispensed,10,62,8,68,68,115,3,136,136,0,103,1.41372,0.05712,0,1.470839,0,0,4,0,0,0,16053155.76,,,
3/31/2026,13:23:41,16054567.63,RightWater,5,62,8,68,68,116,3,136,136,0,103,1.41372,0.05712,0,1.470839,0,0,4,0,0,0,16054567.63,,,
3/31/2026,13:23:41,16054634.22,WaterDispensed,10,62,8,68,68,116,3,136,136,0,104,1.427999,0.05712,0,1.485119,0,0,4,0,0,0,16054634.22,,,
3/31/2026,13:23:42,16055574.32,RightWater,5,62,8,68,68,117,3,136,136,0,104,1.427999,0.05712,0,1.485119,0,0,4,0,0,0,16055574.32,,,
3/31/2026,13:23:42,16055640.9,WaterDispensed,10,62,8,68,68,117,3,136,136,0,105,1.442279,0.05712,0,1.499399,0,0,4,0,0,0,16055640.9,,,
3/31/2026,13:23:47,16060551.51,RightWater,5,62,8,68,68,118,3,136,136,0,105,1.442279,0.05712,0,1.499399,0,0,4,0,0,0,16060551.51,,,
3/31/2026,13:23:47,16060618.08,WaterDispensed,10,62,8,68,68,118,3,136,136,0,106,1.456559,0.05712,0,1.513679,0,0,4,0,0,0,16060618.08,,,
3/31/2026,13:23:56,16069178.19,RightWater,5,62,8,68,68,119,3,136,136,0,106,1.456559,0.05712,0,1.513679,0,0,4,0,0,0,16069178.19,,,
3/31/2026,13:23:56,16069244.8,WaterDispensed,10,62,8,68,68,119,3,136,136,0,107,1.470839,0.05712,0,1.527959,0,0,4,0,0,0,16069244.8,,,
3/31/2026,13:54:55,17928905.61,Right,1,63,8,68,68,119,3,136,136,0,107,1.470839,0.05712,0,1.527959,0,0,4,0,0,0,17928905.61,,,
3/31/2026,13:54:56,17929422.9,TONE,8,63,8,68,68,119,3,136,137,0,107,1.470839,0.05712,0,1.527959,0,0,4,0,0,0,17929422.9,,,
3/31/2026,13:54:56,17929498.93,LED,7,63,8,68,68,119,3,137,137,0,107,1.470839,0.05712,0,1.527959,0,0,4,0,0,0,17929498.93,,,
3/31/2026,13:54:57,17930378.82,Dispensed,3,63,8,69,68,119,3,137,137,0,107,1.470839,0.05712,0,1.527959,0,0,4,0,0,0,17930378.82,,,
3/31/2026,13:54:57,17930441.84,TONE,8,63,8,69,68,119,3,137,138,0,107,1.470839,0.05712,0,1.527959,0,0,4,0,0,0,17930441.84,,,
3/31/2026,13:54:57,17930517.58,LED,7,63,8,69,68,119,3,138,138,0,107,1.470839,0.05712,0,1.527959,0,0,4,0,0,0,17930517.58,,,
3/31/2026,13:54:58,17931358.75,Retrieved,4,63,8,69,69,119,3,138,138,0,107,1.470839,0.05712,0,1.527959,0,0,4,0,0,0,17931358.75,,,
3/31/2026,13:55:45,17978878.01,Right,1,64,8,69,69,119,3,138,138,0,107,1.470839,0.05712,0,1.527959,0,0,4,0,0,0,17978878.01,,,
3/31/2026,13:55:46,17979351.01,TONE,8,64,8,69,69,119,3,138,139,0,107,1.470839,0.05712,0,1.527959,0,0,4,0,0,0,17979351.01,,,
3/31/2026,13:55:46,17979426.75,LED,7,64,8,69,69,119,3,139,139,0,107,1.470839,0.05712,0,1.527959,0,0,4,0,0,0,17979426.75,,,
3/31/2026,13:55:47,17980253.7,Dispensed,3,64,8,70,69,119,3,139,139,0,107,1.470839,0.05712,0,1.527959,0,0,4,0,0,0,17980253.7,,,
3/31/2026,13:55:47,17980316.72,TONE,8,64,8,70,69,119,3,139,140,0,107,1.470839,0.05712,0,1.527959,0,0,4,0,0,0,17980316.72,,,
3/31/2026,13:55:47,17980392.46,LED,7,64,8,70,69,119,3,140,140,0,107,1.470839,0.05712,0,1.527959,0,0,4,0,0,0,17980392.46,,,
3/31/2026,13:55:47,17980980.44,Retrieved,4,64,8,70,70,119,3,140,140,0,107,1.470839,0.05712,0,1.527959,0,0,4,0,0,0,17980980.44,,,
3/31/2026,13:56:10,18003735.68,Right,1,65,8,70,70,119,3,140,140,0,107,1.470839,0.05712,0,1.527959,0,0,4,0,0,0,18003735.68,,,
3/31/2026,13:56:11,18004261.69,TONE,8,65,8,70,70,119,3,140,141,0,107,1.470839,0.05712,0,1.527959,0,0,4,0,0,0,18004261.69,,,
3/31/2026,13:56:11,18004337.43,LED,7,65,8,70,70,119,3,141,141,0,107,1.470839,0.05712,0,1.527959,0,0,4,0,0,0,18004337.43,,,
3/31/2026,13:56:12,18005156.2,Dispensed,3,65,8,71,70,119,3,141,141,0,107,1.470839,0.05712,0,1.527959,0,0,4,0,0,0,18005156.2,,,
3/31/2026,13:56:12,18005219.22,TONE,8,65,8,71,70,119,3,141,142,0,107,1.470839,0.05712,0,1.527959,0,0,4,0,0,0,18005219.22,,,
3/31/2026,13:56:12,18005294.97,LED,7,65,8,71,70,119,3,142,142,0,107,1.470839,0.05712,0,1.527959,0,0,4,0,0,0,18005294.97,,,
3/31/2026,13:56:13,18006198.93,Retrieved,4,65,8,71,71,119,3,142,142,0,107,1.470839,0.05712,0,1.527959,0,0,4,0,0,0,18006198.93,,,
3/31/2026,13:56:43,18036386.68,Right,1,66,8,71,71,119,3,142,142,0,107,1.470839,0.05712,0,1.527959,0,0,4,0,0,0,18036386.68,,,
3/31/2026,13:56:43,18036838.66,TONE,8,66,8,71,71,119,3,142,143,0,107,1.470839,0.05712,0,1.527959,0,0,4,0,0,0,18036838.66,,,
3/31/2026,13:56:43,18036914.39,LED,7,66,8,71,71,119,3,143,143,0,107,1.470839,0.05712,0,1.527959,0,0,4,0,0,0,18036914.39,,,
3/31/2026,13:56:44,18037716.11,Dispensed,3,66,8,72,71,119,3,143,143,0,107,1.470839,0.05712,0,1.527959,0,0,4,0,0,0,18037716.11,,,
3/31/2026,13:56:44,18037779.13,TONE,8,66,8,72,71,119,3,143,144,0,107,1.470839,0.05712,0,1.527959,0,0,4,0,0,0,18037779.13,,,
3/31/2026,13:56:44,18037854.87,LED,7,66,8,72,71,119,3,144,144,0,107,1.470839,0.05712,0,1.527959,0,0,4,0,0,0,18037854.87,,,
3/31/2026,13:56:45,18038442.7,Retrieved,4,66,8,72,72,119,3,144,144,0,107,1.470839,0.05712,0,1.527959,0,0,4,0,0,0,18038442.7,,,
3/31/2026,13:57:16,18069631.03,Right,1,67,8,72,72,119,3,144,144,0,107,1.470839,0.05712,0,1.527959,0,0,4,0,0,0,18069631.03,,,
3/31/2026,13:57:17,18070298.36,TONE,8,67,8,72,72,119,3,144,145,0,107,1.470839,0.05712,0,1.527959,0,0,4,0,0,0,18070298.36,,,
3/31/2026,13:57:17,18070374.09,LED,7,67,8,72,72,119,3,145,145,0,107,1.470839,0.05712,0,1.527959,0,0,4,0,0,0,18070374.09,,,
3/31/2026,13:57:18,18071208.21,Dispensed,3,67,8,73,72,119,3,145,145,0,107,1.470839,0.05712,0,1.527959,0,0,4,0,0,0,18071208.21,,,
3/31/2026,13:57:18,18071271.23,TONE,8,67,8,73,72,119,3,145,146,0,107,1.470839,0.05712,0,1.527959,0,0,4,0,0,0,18071271.23,,,
3/31/2026,13:57:18,18071346.97,LED,7,67,8,73,72,119,3,146,146,0,107,1.470839,0.05712,0,1.527959,0,0,4,0,0,0,18071346.97,,,
3/31/2026,13:57:18,18071808.38,Retrieved,4,67,8,73,73,119,3,146,146,0,107,1.470839,0.05712,0,1.527959,0,0,4,0,0,0,18071808.38,,,
3/31/2026,13:58:03,18116741.11,Right,1,68,8,73,73,119,3,146,146,0,107,1.470839,0.05712,0,1.527959,0,0,4,0,0,0,18116741.11,,,
3/31/2026,13:58:04,18117193.16,TONE,8,68,8,73,73,119,3,146,147,0,107,1.470839,0.05712,0,1.527959,0,0,4,0,0,0,18117193.16,,,
3/31/2026,13:58:04,18117268.9,LED,7,68,8,73,73,119,3,147,147,0,107,1.470839,0.05712,0,1.527959,0,0,4,0,0,0,18117268.9,,,
3/31/2026,13:58:04,18117990.48,Dispensed,3,68,8,74,73,119,3,147,147,0,107,1.470839,0.05712,0,1.527959,0,0,4,0,0,0,18117990.48,,,
3/31/2026,13:58:05,18118053.5,TONE,8,68,8,74,73,119,3,147,148,0,107,1.470839,0.05712,0,1.527959,0,0,4,0,0,0,18118053.5,,,
3/31/2026,13:58:05,18118129.23,LED,7,68,8,74,73,119,3,148,148,0,107,1.470839,0.05712,0,1.527959,0,0,4,0,0,0,18118129.23,,,
3/31/2026,13:58:08,18121126.11,Retrieved,4,68,8,74,74,119,3,148,148,0,107,1.470839,0.05712,0,1.527959,0,0,4,0,0,0,18121126.11,,,
3/31/2026,13:58:40,18153204.36,Right,1,69,8,74,74,119,3,148,148,0,107,1.470839,0.05712,0,1.527959,0,0,4,0,0,0,18153204.36,,,
3/31/2026,13:58:40,18153893.7,TONE,8,69,8,74,74,119,3,148,149,0,107,1.470839,0.05712,0,1.527959,0,0,4,0,0,0,18153893.7,,,
3/31/2026,13:58:40,18153969.44,LED,7,69,8,74,74,119,3,149,149,0,107,1.470839,0.05712,0,1.527959,0,0,4,0,0,0,18153969.44,,,
3/31/2026,13:58:41,18154793.24,Dispensed,3,69,8,75,74,119,3,149,149,0,107,1.470839,0.05712,0,1.527959,0,0,4,0,0,0,18154793.24,,,
3/31/2026,13:58:41,18154856.26,TONE,8,69,8,75,74,119,3,149,150,0,107,1.470839,0.05712,0,1.527959,0,0,4,0,0,0,18154856.26,,,
3/31/2026,13:58:41,18154932,LED,7,69,8,75,74,119,3,150,150,0,107,1.470839,0.05712,0,1.527959,0,0,4,0,0,0,18154932,,,
3/31/2026,13:58:42,18155330.06,Retrieved,4,69,8,75,75,119,3,150,150,0,107,1.470839,0.05712,0,1.527959,0,0,4,0,0,0,18155330.06,,,
3/31/2026,13:59:10,18183297.05,Right,1,70,8,75,75,119,3,150,150,0,107,1.470839,0.05712,0,1.527959,0,0,4,0,0,0,18183297.05,,,
3/31/2026,13:59:10,18183935.58,TONE,8,70,8,75,75,119,3,150,151,0,107,1.470839,0.05712,0,1.527959,0,0,4,0,0,0,18183935.58,,,
3/31/2026,13:59:10,18184011.31,LED,7,70,8,75,75,119,3,151,151,0,107,1.470839,0.05712,0,1.527959,0,0,4,0,0,0,18184011.31,,,
3/31/2026,13:59:11,18184884.56,Dispensed,3,70,8,76,75,119,3,151,151,0,107,1.470839,0.05712,0,1.527959,0,0,4,0,0,0,18184884.56,,,
3/31/2026,13:59:11,18184947.58,TONE,8,70,8,76,75,119,3,151,152,0,107,1.470839,0.05712,0,1.527959,0,0,4,0,0,0,18184947.58,,,
3/31/2026,13:59:12,18185023.32,LED,7,70,8,76,75,119,3,152,152,0,107,1.470839,0.05712,0,1.527959,0,0,4,0,0,0,18185023.32,,,
3/31/2026,13:59:12,18185421.41,Retrieved,4,70,8,76,76,119,3,152,152,0,107,1.470839,0.05712,0,1.527959,0,0,4,0,0,0,18185421.41,,,
3/31/2026,13:59:55,18228406,RightWater,5,70,8,76,76,120,3,152,152,0,107,1.470839,0.05712,0,1.527959,0,0,4,0,0,0,18228406,,,
3/31/2026,13:59:55,18228472.58,WaterDispensed,10,70,8,76,76,120,3,152,152,0,108,1.485119,0.05712,0,1.542239,0,0,4,0,0,0,18228472.58,,,
3/31/2026,13:59:57,18230665.33,RightWater,5,70,8,76,76,121,3,152,152,0,108,1.485119,0.05712,0,1.542239,0,0,4,0,0,0,18230665.33,,,
3/31/2026,13:59:57,18230731.92,WaterDispensed,10,70,8,76,76,121,3,152,152,0,109,1.499399,0.05712,0,1.556519,0,0,4,0,0,0,18230731.92,,,
3/31/2026,13:59:58,18231390.06,RightWater,5,70,8,76,76,122,3,152,152,0,109,1.499399,0.05712,0,1.556519,0,0,4,0,0,0,18231390.06,,,
3/31/2026,13:59:58,18231456.64,WaterDispensed,10,70,8,76,76,122,3,152,152,0,110,1.513679,0.05712,0,1.570799,0,0,4,0,0,0,18231456.64,,,
3/31/2026,14:00:00,18233656.59,RightWater,5,70,8,76,76,123,3,152,152,0,110,1.513679,0.05712,0,1.570799,0,0,4,0,0,0,18233656.59,,,
3/31/2026,14:00:00,18233723.19,WaterDispensed,10,70,8,76,76,123,3,152,152,0,111,1.527959,0.05712,0,1.585079,0,0,4,0,0,0,18233723.19,,,
3/31/2026,14:00:01,18234890.6,RightWater,5,70,8,76,76,124,3,152,152,0,111,1.527959,0.05712,0,1.585079,0,0,4,0,0,0,18234890.6,,,
3/31/2026,14:00:01,18234957.18,WaterDispensed,10,70,8,76,76,124,3,152,152,0,112,1.542239,0.05712,0,1.599359,0,0,4,0,0,0,18234957.18,,,
3/31/2026,14:00:04,18237423.5,RightWater,5,70,8,76,76,125,3,152,152,0,112,1.542239,0.05712,0,1.599359,0,0,4,0,0,0,18237423.5,,,
3/31/2026,14:00:04,18237490.09,WaterDispensed,10,70,8,76,76,125,3,152,152,0,113,1.556519,0.05712,0,1.613639,0,0,4,0,0,0,18237490.09,,,
3/31/2026,14:00:06,18239429.33,RightWater,5,70,8,76,76,126,3,152,152,0,113,1.556519,0.05712,0,1.613639,0,0,4,0,0,0,18239429.33,,,
3/31/2026,14:00:06,18239495.92,WaterDispensed,10,70,8,76,76,126,3,152,152,0,114,1.570799,0.05712,0,1.627919,0,0,4,0,0,0,18239495.92,,,
3/31/2026,14:00:08,18241975.68,RightWater,5,70,8,76,76,127,3,152,152,0,114,1.570799,0.05712,0,1.627919,0,0,4,0,0,0,18241975.68,,,
3/31/2026,14:00:09,18242042.27,WaterDispensed,10,70,8,76,76,127,3,152,152,0,115,1.585079,0.05712,0,1.642199,0,0,4,0,0,0,18242042.27,,,
3/31/2026,14:12:23,18976525.01,RightWater,5,70,8,76,76,128,3,152,152,0,115,1.585079,0.05712,0,1.642199,0,0,4,0,0,0,18976525.01,,,
3/31/2026,14:12:23,18976591.64,WaterDispensed,10,70,8,76,76,128,3,152,152,0,116,1.599359,0.05712,0,1.656479,0,0,4,0,0,0,18976591.64,,,
3/31/2026,14:12:24,18977904.89,RightWater,5,70,8,76,76,129,3,152,152,0,116,1.599359,0.05712,0,1.656479,0,0,4,0,0,0,18977904.89,,,
3/31/2026,14:12:24,18977971.46,WaterDispensed,10,70,8,76,76,129,3,152,152,0,117,1.613639,0.05712,0,1.670759,0,0,4,0,0,0,18977971.46,,,
3/31/2026,14:12:27,18980059.42,RightWater,5,70,8,76,76,130,3,152,152,0,117,1.613639,0.05712,0,1.670759,0,0,4,0,0,0,18980059.42,,,
3/31/2026,14:12:27,18980126.01,WaterDispensed,10,70,8,76,76,130,3,152,152,0,118,1.627919,0.05712,0,1.685039,0,0,4,0,0,0,18980126.01,,,
3/31/2026,14:12:27,18980196.9,RightWater,5,70,8,76,76,131,3,152,152,0,118,1.627919,0.05712,0,1.685039,0,0,4,0,0,0,18980196.9,,,
3/31/2026,14:12:27,18980546.61,RightWater,5,70,8,76,76,132,3,152,152,0,118,1.627919,0.05712,0,1.685039,0,0,4,0,0,0,18980546.61,,,
3/31/2026,14:12:27,18980613.19,WaterDispensed,10,70,8,76,76,132,3,152,152,0,119,1.642199,0.05712,0,1.699319,0,0,4,0,0,0,18980613.19,,,
3/31/2026,14:12:27,18980772.96,RightWater,5,70,8,76,76,133,3,152,152,0,119,1.642199,0.05712,0,1.699319,0,0,4,0,0,0,18980772.96,,,
3/31/2026,14:12:27,18980839.54,WaterDispensed,10,70,8,76,76,133,3,152,152,0,120,1.656479,0.05712,0,1.713599,0,0,4,0,0,0,18980839.54,,,
3/31/2026,14:12:30,18983561.56,RightWater,5,70,8,76,76,134,3,152,152,0,120,1.656479,0.05712,0,1.713599,0,0,4,0,0,0,18983561.56,,,
3/31/2026,14:12:30,18983628.14,WaterDispensed,10,70,8,76,76,134,3,152,152,0,121,1.670759,0.05712,0,1.727879,0,0,4,0,0,0,18983628.14,,,
3/31/2026,14:12:31,18984120.9,RightWater,5,70,8,76,76,135,3,152,152,0,121,1.670759,0.05712,0,1.727879,0,0,4,0,0,0,18984120.9,,,
3/31/2026,14:12:31,18984187.49,WaterDispensed,10,70,8,76,76,135,3,152,152,0,122,1.685039,0.05712,0,1.742159,0,0,4,0,0,0,18984187.49,,,
3/31/2026,14:12:31,18984384.88,RightWater,5,70,8,76,76,136,3,152,152,0,122,1.685039,0.05712,0,1.742159,0,0,4,0,0,0,18984384.88,,,
3/31/2026,14:12:31,18984451.48,WaterDispensed,10,70,8,76,76,136,3,152,152,0,123,1.699319,0.05712,0,1.756439,0,0,4,0,0,0,18984451.48,,,
3/31/2026,14:12:33,18986484.07,RightWater,5,70,8,76,76,137,3,152,152,0,123,1.699319,0.05712,0,1.756439,0,0,4,0,0,0,18986484.07,,,
3/31/2026,14:12:33,18986550.66,WaterDispensed,10,70,8,76,76,137,3,152,152,0,124,1.713599,0.05712,0,1.770719,0,0,4,0,0,0,18986550.66,,,
3/31/2026,14:12:37,18990137.78,RightWater,5,70,8,76,76,138,3,152,152,0,124,1.713599,0.05712,0,1.770719,0,0,4,0,0,0,18990137.78,,,
3/31/2026,14:12:37,18990204.36,WaterDispensed,10,70,8,76,76,138,3,152,152,0,125,1.727879,0.05712,0,1.784999,0,0,4,0,0,0,18990204.36,,,
3/31/2026,14:12:37,18990275.25,RightWater,5,70,8,76,76,139,3,152,152,0,125,1.727879,0.05712,0,1.784999,0,0,4,0,0,0,18990275.25,,,
3/31/2026,14:12:42,18995256.91,RightWater,5,70,8,76,76,140,3,152,152,0,125,1.727879,0.05712,0,1.784999,0,0,4,0,0,0,18995256.91,,,
3/31/2026,14:12:42,18995323.52,WaterDispensed,10,70,8,76,76,140,3,152,152,0,126,1.742159,0.05712,0,1.799278,0,0,4,0,0,0,18995323.52,,,
3/31/2026,14:12:43,18996382.4,RightWater,5,70,8,76,76,141,3,152,152,0,126,1.742159,0.05712,0,1.799278,0,0,4,0,0,0,18996382.4,,,
3/31/2026,14:12:43,18996449,WaterDispensed,10,70,8,76,76,141,3,152,152,0,127,1.756439,0.05712,0,1.813558,0,0,4,0,0,0,18996449,,,
3/31/2026,14:12:43,18996524.12,RightWater,5,70,8,76,76,142,3,152,152,0,127,1.756439,0.05712,0,1.813558,0,0,4,0,0,0,18996524.12,,,
3/31/2026,14:12:44,18997640.58,RightWater,5,70,8,76,76,143,3,152,152,0,128,1.770719,0.05712,0,1.827838,0,0,4,0,0,0,18997640.58,,,
3/31/2026,14:12:44,18997707.2,WaterDispensed,10,70,8,76,76,143,3,152,152,0,128,1.770719,0.05712,0,1.827838,0,0,4,0,0,0,18997707.2,,,
3/31/2026,14:14:24,19097856.48,Right,1,71,8,76,76,143,3,152,152,0,128,1.770719,0.05712,0,1.827838,0,0,4,0,0,0,19097856.48,,,
3/31/2026,14:14:25,19098308.48,TONE,8,71,8,76,76,143,3,152,153,0,128,1.770719,0.05712,0,1.827838,0,0,4,0,0,0,19098308.48,,,
3/31/2026,14:14:25,19098384.23,LED,7,71,8,76,76,143,3,153,153,0,128,1.770719,0.05712,0,1.827838,0,0,4,0,0,0,19098384.23,,,
3/31/2026,14:14:26,19099111.32,Dispensed,3,71,8,77,76,143,3,153,153,0,128,1.770719,0.05712,0,1.827838,0,0,4,0,0,0,19099111.32,,,
3/31/2026,14:14:26,19099174.34,TONE,8,71,8,77,76,143,3,153,154,0,128,1.770719,0.05712,0,1.827838,0,0,4,0,0,0,19099174.34,,,
3/31/2026,14:14:26,19099250.08,LED,7,71,8,77,76,143,3,154,154,0,128,1.770719,0.05712,0,1.827838,0,0,4,0,0,0,19099250.08,,,
3/31/2026,14:14:27,19100281.32,Retrieved,4,71,8,77,77,143,3,154,154,0,128,1.770719,0.05712,0,1.827838,0,0,4,0,0,0,19100281.32,,,
3/31/2026,14:14:54,19127867.58,Right,1,72,8,77,77,143,3,154,154,0,128,1.770719,0.05712,0,1.827838,0,0,4,0,0,0,19127867.58,,,
3/31/2026,14:14:55,19128481.1,TONE,8,72,8,77,77,143,3,154,155,0,128,1.770719,0.05712,0,1.827838,0,0,4,0,0,0,19128481.1,,,
3/31/2026,14:14:55,19128556.84,LED,7,72,8,77,77,143,3,155,155,0,128,1.770719,0.05712,0,1.827838,0,0,4,0,0,0,19128556.84,,,
3/31/2026,14:14:56,19129418.96,Dispensed,3,72,8,78,77,143,3,155,155,0,128,1.770719,0.05712,0,1.827838,0,0,4,0,0,0,19129418.96,,,
3/31/2026,14:14:56,19129481.98,TONE,8,72,8,78,77,143,3,155,156,0,128,1.770719,0.05712,0,1.827838,0,0,4,0,0,0,19129481.98,,,
3/31/2026,14:14:56,19129557.73,LED,7,72,8,78,77,143,3,156,156,0,128,1.770719,0.05712,0,1.827838,0,0,4,0,0,0,19129557.73,,,
3/31/2026,14:14:56,19130019.04,Retrieved,4,72,8,78,78,143,3,156,156,0,128,1.770719,0.05712,0,1.827838,0,0,4,0,0,0,19130019.04,,,
3/31/2026,14:16:18,19211660.76,RightWater,5,72,8,78,78,144,3,156,156,0,128,1.770719,0.05712,0,1.827838,0,0,4,0,0,0,19211660.76,,,
3/31/2026,14:16:18,19211727.34,WaterDispensed,10,72,8,78,78,144,3,156,156,0,129,1.784999,0.05712,0,1.842118,0,0,4,0,0,0,19211727.34,,,
3/31/2026,14:16:19,19212304.58,RightWater,5,72,8,78,78,145,3,156,156,0,129,1.784999,0.05712,0,1.842118,0,0,4,0,0,0,19212304.58,,,
3/31/2026,14:16:19,19212371.14,WaterDispensed,10,72,8,78,78,145,3,156,156,0,130,1.799278,0.05712,0,1.856398,0,0,4,0,0,0,19212371.14,,,
3/31/2026,14:16:22,19215103.64,RightWater,5,72,8,78,78,146,3,156,156,0,130,1.799278,0.05712,0,1.856398,0,0,4,0,0,0,19215103.64,,,
3/31/2026,14:16:22,19215170.26,WaterDispensed,10,72,8,78,78,146,3,156,156,0,131,1.813558,0.05712,0,1.870678,0,0,4,0,0,0,19215170.26,,,
3/31/2026,14:16:22,19215855.99,RightWater,5,72,8,78,78,147,3,156,156,0,131,1.813558,0.05712,0,1.870678,0,0,4,0,0,0,19215855.99,,,
3/31/2026,14:16:22,19215922.58,WaterDispensed,10,72,8,78,78,147,3,156,156,0,132,1.827838,0.05712,0,1.884958,0,0,4,0,0,0,19215922.58,,,
3/31/2026,14:28:24,19937059.34,RightWater,5,72,8,78,78,148,3,156,156,0,132,1.827838,0.05712,0,1.884958,0,0,4,0,0,0,19937059.34,,,
3/31/2026,14:28:24,19937125.92,WaterDispensed,10,72,8,78,78,148,3,156,156,0,133,1.842118,0.05712,0,1.899238,0,0,4,0,0,0,19937125.92,,,
3/31/2026,14:28:37,19950299.78,Right,1,73,8,78,78,148,3,156,156,0,133,1.842118,0.05712,0,1.899238,0,0,4,0,0,0,19950299.78,,,
3/31/2026,14:28:38,19951275.63,TONE,8,73,8,78,78,148,3,156,157,0,133,1.842118,0.05712,0,1.899238,0,0,4,0,0,0,19951275.63,,,
3/31/2026,14:28:38,19951351.37,LED,7,73,8,78,78,148,3,157,157,0,133,1.842118,0.05712,0,1.899238,0,0,4,0,0,0,19951351.37,,,
3/31/2026,14:28:39,19952082.97,Dispensed,3,73,8,79,78,148,3,157,157,0,133,1.842118,0.05712,0,1.899238,0,0,4,0,0,0,19952082.97,,,
3/31/2026,14:28:39,19952145.99,TONE,8,73,8,79,78,148,3,157,158,0,133,1.842118,0.05712,0,1.899238,0,0,4,0,0,0,19952145.99,,,
3/31/2026,14:28:39,19952221.73,LED,7,73,8,79,78,148,3,158,158,0,133,1.842118,0.05712,0,1.899238,0,0,4,0,0,0,19952221.73,,,
3/31/2026,14:28:39,19952556.79,Retrieved,4,73,8,79,79,148,3,158,158,0,133,1.842118,0.05712,0,1.899238,0,0,4,0,0,0,19952556.79,,,
3/31/2026,14:29:11,19984228.03,Right,1,74,8,79,79,148,3,158,158,0,133,1.842118,0.05712,0,1.899238,0,0,4,0,0,0,19984228.03,,,
3/31/2026,14:29:11,19984679.94,TONE,8,74,8,79,79,148,3,158,159,0,133,1.842118,0.05712,0,1.899238,0,0,4,0,0,0,19984679.94,,,
3/31/2026,14:29:11,19984755.67,LED,7,74,8,79,79,148,3,159,159,0,133,1.842118,0.05712,0,1.899238,0,0,4,0,0,0,19984755.67,,,
3/31/2026,14:29:12,19985164.85,RightDuringDispense,13,74,8,79,79,148,3,159,159,0,133,1.842118,0.05712,0,1.899238,0,0,5,0,0,0,19985164.85,,,
3/31/2026,14:29:12,19985694.37,RightDuringDispense,13,74,8,79,79,148,3,159,159,0,133,1.842118,0.05712,0,1.899238,0,0,6,0,0,0,19985694.37,,,
3/31/2026,14:29:13,19986826.61,Dispensed,3,74,8,80,79,148,3,159,159,0,133,1.842118,0.05712,0,1.899238,0,0,6,0,0,0,19986826.61,,,
3/31/2026,14:29:13,19986889.63,TONE,8,74,8,80,79,148,3,159,160,0,133,1.842118,0.05712,0,1.899238,0,0,6,0,0,0,19986889.63,,,
3/31/2026,14:29:13,19986965.37,LED,7,74,8,80,79,148,3,160,160,0,133,1.842118,0.05712,0,1.899238,0,0,6,0,0,0,19986965.37,,,
3/31/2026,14:29:18,19991867.26,Retrieved,4,74,8,80,80,148,3,160,160,0,133,1.842118,0.05712,0,1.899238,0,0,6,0,0,0,19991867.26,,,
3/31/2026,14:30:02,20035269.62,Right,1,75,8,80,80,148,3,160,160,0,133,1.842118,0.05712,0,1.899238,0,0,6,0,0,0,20035269.62,,,
3/31/2026,14:30:02,20035727.71,TONE,8,75,8,80,80,148,3,160,161,0,133,1.842118,0.05712,0,1.899238,0,0,6,0,0,0,20035727.71,,,
3/31/2026,14:30:02,20035803.44,LED,7,75,8,80,80,148,3,161,161,0,133,1.842118,0.05712,0,1.899238,0,0,6,0,0,0,20035803.44,,,
3/31/2026,14:30:03,20036613.12,Dispensed,3,75,8,81,80,148,3,161,162,0,133,1.842118,0.05712,0,1.899238,0,0,6,0,0,0,20036613.12,,,
3/31/2026,14:30:03,20036676.14,TONE,8,75,8,81,80,148,3,161,162,0,133,1.842118,0.05712,0,1.899238,0,0,6,0,0,0,20036676.14,,,
3/31/2026,14:30:03,20036751.88,LED,7,75,8,81,80,148,3,162,162,0,133,1.842118,0.05712,0,1.899238,0,0,6,0,0,0,20036751.88,,,
3/31/2026,14:30:04,20037149.93,Retrieved,4,75,8,81,81,148,3,162,162,0,133,1.842118,0.05712,0,1.899238,0,0,6,0,0,0,20037149.93,,,
3/31/2026,14:30:34,20067750.75,Right,1,76,8,81,81,148,3,162,162,0,133,1.842118,0.05712,0,1.899238,0,0,6,0,0,0,20067750.75,,,
3/31/2026,14:30:35,20068694.19,TONE,8,76,8,81,81,148,3,162,163,0,133,1.842118,0.05712,0,1.899238,0,0,6,0,0,0,20068694.19,,,
3/31/2026,14:30:35,20068769.92,LED,7,76,8,81,81,148,3,163,163,0,133,1.842118,0.05712,0,1.899238,0,0,6,0,0,0,20068769.92,,,
3/31/2026,14:30:36,20069566.41,Dispensed,3,76,8,82,81,148,3,163,163,0,133,1.842118,0.05712,0,1.899238,0,0,6,0,0,0,20069566.41,,,
3/31/2026,14:30:36,20069629.43,TONE,8,76,8,82,81,148,3,164,164,0,133,1.842118,0.05712,0,1.899238,0,0,6,0,0,0,20069629.43,,,
3/31/2026,14:30:36,20069705.17,LED,7,76,8,82,81,148,3,164,164,0,133,1.842118,0.05712,0,1.899238,0,0,6,0,0,0,20069705.17,,,
3/31/2026,14:30:37,20070292.93,Retrieved,4,76,8,82,82,148,3,164,164,0,133,1.842118,0.05712,0,1.899238,0,0,6,0,0,0,20070292.93,,,
3/31/2026,14:31:43,20136823.54,Right,1,77,8,82,82,148,3,164,164,0,133,1.842118,0.05712,0,1.899238,0,0,6,0,0,0,20136823.54,,,
3/31/2026,14:31:44,20137527.04,TONE,8,77,8,82,82,148,3,164,165,0,133,1.842118,0.05712,0,1.899238,0,0,6,0,0,0,20137527.04,,,
3/31/2026,14:31:44,20137602.78,LED,7,77,8,82,82,148,3,165,165,0,133,1.842118,0.05712,0,1.899238,0,0,6,0,0,0,20137602.78,,,
3/31/2026,14:31:45,20138457.94,Dispensed,3,77,8,83,82,148,3,165,165,0,133,1.842118,0.05712,0,1.899238,0,0,6,0,0,0,20138457.94,,,
3/31/2026,14:31:45,20138520.96,TONE,8,77,8,83,82,148,3,165,166,0,133,1.842118,0.05712,0,1.899238,0,0,6,0,0,0,20138520.96,,,
3/31/2026,14:31:45,20138596.7,LED,7,77,8,83,82,148,3,166,166,0,133,1.842118,0.05712,0,1.899238,0,0,6,0,0,0,20138596.7,,,
3/31/2026,14:31:45,20138994.79,Retrieved,4,77,8,83,83,148,3,166,166,0,133,1.842118,0.05712,0,1.899238,0,0,6,0,0,0,20138994.79,,,
3/31/2026,14:32:17,20170912.94,Right,1,78,8,83,83,148,3,166,166,0,133,1.842118,0.05712,0,1.899238,0,0,6,0,0,0,20170912.94,,,
3/31/2026,14:32:18,20171415.3,TONE,8,78,8,83,83,148,3,166,167,0,133,1.842118,0.05712,0,1.899238,0,0,6,0,0,0,20171415.3,,,
3/31/2026,14:32:18,20171491.04,LED,7,78,8,83,83,148,3,167,167,0,133,1.842118,0.05712,0,1.899238,0,0,6,0,0,0,20171491.04,,,
3/31/2026,14:32:19,20172298.88,Dispensed,3,78,8,84,83,148,3,167,167,0,133,1.842118,0.05712,0,1.899238,0,0,6,0,0,0,20172298.88,,,
3/31/2026,14:32:19,20172361.9,TONE,8,78,8,84,83,148,3,167,168,0,133,1.842118,0.05712,0,1.899238,0,0,6,0,0,0,20172361.9,,,
3/31/2026,14:32:19,20172437.64,LED,7,78,8,84,83,148,3,168,168,0,133,1.842118,0.05712,0,1.899238,0,0,6,0,0,0,20172437.64,,,
3/31/2026,14:32:21,20174546.87,Retrieved,4,78,8,84,84,148,3,168,168,0,133,1.842118,0.05712,0,1.899238,0,0,6,0,0,0,20174546.87,,,
3/31/2026,14:32:47,20200614.43,Right,1,79,8,84,84,148,3,168,168,0,133,1.842118,0.05712,0,1.899238,0,0,6,0,0,0,20200614.43,,,
3/31/2026,14:32:49,20202147.57,TONE,8,79,8,84,84,148,3,168,169,0,133,1.842118,0.05712,0,1.899238,0,0,6,0,0,0,20202147.57,,,
3/31/2026,14:32:49,20202223.32,LED,7,79,8,84,84,148,3,169,169,0,133,1.842118,0.05712,0,1.899238,0,0,6,0,0,0,20202223.32,,,
3/31/2026,14:32:49,20202669.3,RightDuringDispense,13,79,8,84,84,148,3,169,169,0,133,1.842118,0.05712,0,1.899238,0,0,7,0,0,0,20202669.3,,,
3/31/2026,14:32:50,20203675.57,Dispensed,3,79,8,85,84,148,3,169,169,0,133,1.842118,0.05712,0,1.899238,0,0,7,0,0,0,20203675.57,,,
3/31/2026,14:32:50,20203738.59,TONE,8,79,8,85,84,148,3,169,170,0,133,1.842118,0.05712,0,1.899238,0,0,7,0,0,0,20203738.59,,,
3/31/2026,14:32:50,20203814.33,LED,7,79,8,85,84,148,3,170,170,0,133,1.842118,0.05712,0,1.899238,0,0,7,0,0,0,20203814.33,,,
3/31/2026,14:32:51,20204465.26,RightWithPellet,11,79,8,85,84,148,3,170,170,0,133,1.842118,0.05712,0,1.899238,1,0,7,0,0,0,20204465.26,,,
3/31/2026,14:32:52,20205482.92,RightWithPellet,11,79,8,85,84,148,3,170,170,0,133,1.842118,0.05712,0,1.899238,2,0,7,0,0,0,20205482.92,,,
3/31/2026,14:32:53,20206458.29,RightWithPellet,11,79,8,85,84,148,3,170,170,0,133,1.842118,0.05712,0,1.899238,3,0,7,0,0,0,20206458.29,,,
3/31/2026,14:32:57,20210979.88,RightWithPellet,11,79,8,85,84,148,3,170,170,0,133,1.842118,0.05712,0,1.899238,4,0,7,0,0,0,20210979.88,,,
3/31/2026,14:33:01,20214253.96,Retrieved,4,79,8,85,85,148,3,170,170,0,133,1.842118,0.05712,0,1.899238,4,0,7,0,0,0,20214253.96,,,
3/31/2026,14:33:25,20238501.63,Right,1,80,8,85,85,148,3,170,170,0,133,1.842118,0.05712,0,1.899238,4,0,7,0,0,0,20238501.63,,,
3/31/2026,14:33:26,20239019.99,TONE,8,80,8,85,85,148,3,170,171,0,133,1.842118,0.05712,0,1.899238,4,0,7,0,0,0,20239019.99,,,
3/31/2026,14:33:26,20239095.72,LED,7,80,8,85,85,148,3,171,171,0,133,1.842118,0.05712,0,1.899238,4,0,7,0,0,0,20239095.72,,,
3/31/2026,14:33:30,20243655.11,RightDuringDispense,13,80,8,85,85,148,3,171,171,0,133,1.842118,0.05712,0,1.899238,4,0,8,0,0,0,20243655.11,,,
3/31/2026,14:33:58,20271679.64,Dispensed,3,80,8,86,85,148,3,171,171,0,133,1.842118,0.05712,0,1.899238,4,0,8,0,0,0,20271679.64,,,
3/31/2026,14:33:58,20271742.66,TONE,8,80,8,86,85,148,3,171,172,0,133,1.842118,0.05712,0,1.899238,4,0,8,0,0,0,20271742.66,,,
3/31/2026,14:33:58,20271818.39,LED,7,80,8,86,85,148,3,172,172,0,133,1.842118,0.05712,0,1.899238,4,0,8,0,0,0,20271818.39,,,
3/31/2026,14:34:01,20274115.33,Retrieved,4,80,8,86,86,148,3,172,172,0,133,1.842118,0.05712,0,1.899238,4,0,8,0,0,0,20274115.33,,,
3/31/2026,14:34:49,20322708.3,RightWater,5,80,8,86,86,149,3,172,172,0,133,1.842118,0.05712,0,1.899238,4,0,8,0,0,0,20322708.3,,,
3/31/2026,14:34:49,20322774.91,WaterDispensed,10,80,8,86,86,149,3,172,172,0,134,1.856398,0.05712,0,1.913518,4,0,8,0,0,0,20322774.91,,,
3/31/2026,14:34:51,20324441.15,RightWater,5,80,8,86,86,150,3,172,172,0,134,1.856398,0.05712,0,1.913518,4,0,8,0,0,0,20324441.15,,,
3/31/2026,14:34:51,20324507.72,WaterDispensed,10,80,8,86,86,150,3,172,172,0,135,1.870678,0.05712,0,1.927798,4,0,8,0,0,0,20324507.72,,,
3/31/2026,14:34:53,20326691.9,RightWater,5,80,8,86,86,151,3,172,172,0,135,1.870678,0.05712,0,1.927798,4,0,8,0,0,0,20326691.9,,,
3/31/2026,14:34:53,20326758.46,WaterDispensed,10,80,8,86,86,151,3,172,172,0,136,1.884958,0.05712,0,1.942078,4,0,8,0,0,0,20326758.46,,,
3/31/2026,14:34:53,20326901.11,RightWater,5,80,8,86,86,152,3,172,172,0,136,1.884958,0.05712,0,1.942078,4,0,8,0,0,0,20326901.11,,,
3/31/2026,14:34:53,20326967.74,WaterDispensed,10,80,8,86,86,152,3,172,172,0,137,1.899238,0.05712,0,1.956358,4,0,8,0,0,0,20326967.74,,,
3/31/2026,14:34:55,20328183.97,RightWater,5,80,8,86,86,153,3,172,172,0,137,1.899238,0.05712,0,1.956358,4,0,8,0,0,0,20328183.97,,,
3/31/2026,14:34:55,20328250.56,WaterDispensed,10,80,8,86,86,153,3,172,172,0,138,1.913518,0.05712,0,1.970638,4,0,8,0,0,0,20328250.56,,,
3/31/2026,14:35:00,20333827.62,RightWater,5,80,8,86,86,154,3,172,172,0,138,1.913518,0.05712,0,1.970638,4,0,8,0,0,0,20333827.62,,,
3/31/2026,14:35:00,20333894.21,WaterDispensed,10,80,8,86,86,154,3,172,172,0,139,1.927798,0.05712,0,1.984918,4,0,8,0,0,0,20333894.21,,,
3/31/2026,14:35:00,20333997.03,RightWater,5,80,8,86,86,155,3,172,172,0,139,1.927798,0.05712,0,1.984918,4,0,8,0,0,0,20333997.03,,,
3/31/2026,14:35:01,20334494.58,RightWater,5,80,8,86,86,156,3,172,172,0,139,1.927798,0.05712,0,1.984918,4,0,8,0,0,0,20334494.58,,,
3/31/2026,14:35:01,20334561.16,WaterDispensed,10,80,8,86,86,156,3,172,172,0,140,1.942078,0.05712,0,1.999198,4,0,8,0,0,0,20334561.16,,,
3/31/2026,14:35:03,20336712.01,RightWater,5,80,8,86,86,157,3,172,172,0,140,1.942078,0.05712,0,1.999198,4,0,8,0,0,0,20336712.01,,,
3/31/2026,14:35:03,20336778.64,WaterDispensed,10,80,8,86,86,157,3,172,172,0,141,1.956358,0.05712,0,2.013478,4,0,8,0,0,0,20336778.64,,,
3/31/2026,15:37:57,24110576.72,Right,1,81,8,86,86,157,3,172,172,0,141,1.956358,0.05712,0,2.013478,4,0,8,0,0,0,24110576.72,,,
3/31/2026,15:37:58,24111032.23,TONE,8,81,8,86,86,157,3,172,173,0,141,1.956358,0.05712,0,2.013478,4,0,8,0,0,0,24111032.23,,,
3/31/2026,15:37:58,24111108.26,LED,7,81,8,86,86,157,3,173,173,0,141,1.956358,0.05712,0,2.013478,4,0,8,0,0,0,24111108.26,,,
3/31/2026,15:38:13,24126579.84,RightDuringDispense,13,81,8,86,86,157,3,173,173,0,141,1.956358,0.05712,0,2.013478,4,0,9,0,0,0,24126579.84,,,
3/31/2026,15:38:14,24127918.8,RightDuringDispense,13,81,8,86,86,157,3,173,173,0,141,1.956358,0.05712,0,2.013478,4,0,10,0,0,0,24127918.8,,,
3/31/2026,15:38:18,24131414.63,Dispensed,3,81,8,87,86,157,3,173,173,0,141,1.956358,0.05712,0,2.013478,4,0,10,0,0,0,24131414.63,,,
3/31/2026,15:38:18,24131477.65,TONE,8,81,8,87,86,157,3,173,174,0,141,1.956358,0.05712,0,2.013478,4,0,10,0,0,0,24131477.65,,,
3/31/2026,15:38:18,24131553.39,LED,7,81,8,87,86,157,3,174,174,0,141,1.956358,0.05712,0,2.013478,4,0,10,0,0,0,24131553.39,,,
3/31/2026,15:38:20,24133407.69,Retrieved,4,81,8,87,87,157,3,174,174,0,141,1.956358,0.05712,0,2.013478,4,0,10,0,0,0,24133407.69,,,
3/31/2026,15:38:58,24171250.26,Right,1,82,8,87,87,157,3,174,174,0,141,1.956358,0.05712,0,2.013478,4,0,10,0,0,0,24171250.26,,,
3/31/2026,15:38:58,24171949.13,TONE,8,82,8,87,87,157,3,174,175,0,141,1.956358,0.05712,0,2.013478,4,0,10,0,0,0,24171949.13,,,
3/31/2026,15:38:59,24172024.87,LED,7,82,8,87,87,157,3,175,175,0,141,1.956358,0.05712,0,2.013478,4,0,10,0,0,0,24172024.87,,,
3/31/2026,15:38:59,24172899.75,Dispensed,3,82,8,88,87,157,3,175,175,0,141,1.956358,0.05712,0,2.013478,4,0,10,0,0,0,24172899.75,,,
3/31/2026,15:38:59,24172962.77,TONE,8,82,8,88,87,157,3,175,176,0,141,1.956358,0.05712,0,2.013478,4,0,10,0,0,0,24172962.77,,,
3/31/2026,15:39:00,24173038.51,LED,7,82,8,88,87,157,3,176,176,0,141,1.956358,0.05712,0,2.013478,4,0,10,0,0,0,24173038.51,,,
3/31/2026,15:39:00,24173436.61,Retrieved,4,82,8,88,88,157,3,176,176,0,141,1.956358,0.05712,0,2.013478,4,0,10,0,0,0,24173436.61,,,
3/31/2026,15:39:59,24232855,Right,1,83,8,88,88,157,3,176,176,0,141,1.956358,0.05712,0,2.013478,4,0,10,0,0,0,24232855,,,
3/31/2026,15:40:00,24233397.89,TONE,8,83,8,88,88,157,3,176,177,0,141,1.956358,0.05712,0,2.013478,4,0,10,0,0,0,24233397.89,,,
3/31/2026,15:40:00,24233473.63,LED,7,83,8,88,88,157,3,177,177,0,141,1.956358,0.05712,0,2.013478,4,0,10,0,0,0,24233473.63,,,
3/31/2026,15:40:01,24234271.75,Dispensed,3,83,8,89,88,157,3,177,177,0,141,1.956358,0.05712,0,2.013478,4,0,10,0,0,0,24234271.75,,,
3/31/2026,15:40:01,24234334.77,TONE,8,83,8,89,88,157,3,177,178,0,141,1.956358,0.05712,0,2.013478,4,0,10,0,0,0,24234334.77,,,
3/31/2026,15:40:01,24234410.51,LED,7,83,8,89,88,157,3,178,178,0,141,1.956358,0.05712,0,2.013478,4,0,10,0,0,0,24234410.51,,,
3/31/2026,15:40:01,24234871.83,Retrieved,4,83,8,89,89,157,3,178,178,0,141,1.956358,0.05712,0,2.013478,4,0,10,0,0,0,24234871.83,,,
3/31/2026,15:40:22,24255269.36,Right,1,84,8,89,89,157,3,178,178,0,141,1.956358,0.05712,0,2.013478,4,0,10,0,0,0,24255269.36,,,
3/31/2026,15:40:22,24255721.36,TONE,8,84,8,89,89,157,3,178,179,0,141,1.956358,0.05712,0,2.013478,4,0,10,0,0,0,24255721.36,,,
3/31/2026,15:40:22,24255797.11,LED,7,84,8,89,89,157,3,179,179,0,141,1.956358,0.05712,0,2.013478,4,0,10,0,0,0,24255797.11,,,
3/31/2026,15:40:23,24256640.3,Dispensed,3,84,8,90,89,157,3,179,180,0,141,1.956358,0.05712,0,2.013478,4,0,10,0,0,0,24256640.3,,,
3/31/2026,15:40:23,24256703.32,TONE,8,84,8,90,89,157,3,179,180,0,141,1.956358,0.05712,0,2.013478,4,0,10,0,0,0,24256703.32,,,
3/31/2026,15:40:23,24256779.07,LED,7,84,8,90,89,157,3,180,180,0,141,1.956358,0.05712,0,2.013478,4,0,10,0,0,0,24256779.07,,,
3/31/2026,15:40:24,24258000.1,Retrieved,4,84,8,90,90,157,3,180,180,0,141,1.956358,0.05712,0,2.013478,4,0,10,0,0,0,24258000.1,,,
3/31/2026,15:40:57,24290967.54,Right,1,85,8,90,90,157,3,180,180,0,141,1.956358,0.05712,0,2.013478,4,0,10,0,0,0,24290967.54,,,
3/31/2026,15:40:58,24291992.55,TONE,8,85,8,90,90,157,3,180,181,0,141,1.956358,0.05712,0,2.013478,4,0,10,0,0,0,24291992.55,,,
3/31/2026,15:40:59,24292068.3,LED,7,85,8,90,90,157,3,181,181,0,141,1.956358,0.05712,0,2.013478,4,0,10,0,0,0,24292068.3,,,
3/31/2026,15:40:59,24292872.96,Dispensed,3,85,8,91,90,157,3,181,181,0,141,1.956358,0.05712,0,2.013478,4,0,10,0,0,0,24292872.96,,,
3/31/2026,15:40:59,24292935.99,TONE,8,85,8,91,90,157,3,181,182,0,141,1.956358,0.05712,0,2.013478,4,0,10,0,0,0,24292935.99,,,
3/31/2026,15:40:59,24293011.73,LED,7,85,8,91,90,157,3,182,182,0,141,1.956358,0.05712,0,2.013478,4,0,10,0,0,0,24293011.73,,,
3/31/2026,15:41:00,24293725.78,Retrieved,4,85,8,91,91,157,3,182,182,0,141,1.956358,0.05712,0,2.013478,4,0,10,0,0,0,24293725.78,,,
3/31/2026,15:41:31,24324534.87,Right,1,86,8,91,91,157,3,182,182,0,141,1.956358,0.05712,0,2.013478,4,0,10,0,0,0,24324534.87,,,
3/31/2026,15:41:31,24324987.76,TONE,8,86,8,91,91,157,3,182,183,0,141,1.956358,0.05712,0,2.013478,4,0,10,0,0,0,24324987.76,,,
3/31/2026,15:41:32,24325063.49,LED,7,86,8,91,91,157,3,183,183,0,141,1.956358,0.05712,0,2.013478,4,0,10,0,0,0,24325063.49,,,
3/31/2026,15:41:32,24325874.9,Dispensed,3,86,8,92,91,157,3,183,183,0,141,1.956358,0.05712,0,2.013478,4,0,10,0,0,0,24325874.9,,,
3/31/2026,15:41:32,24325937.92,TONE,8,86,8,92,91,157,3,183,184,0,141,1.956358,0.05712,0,2.013478,4,0,10,0,0,0,24325937.92,,,
3/31/2026,15:41:32,24326013.67,LED,7,86,8,92,91,157,3,184,184,0,141,1.956358,0.05712,0,2.013478,4,0,10,0,0,0,24326013.67,,,
3/31/2026,15:41:33,24326791.23,Retrieved,4,86,8,92,92,157,3,184,184,0,141,1.956358,0.05712,0,2.013478,4,0,10,0,0,0,24326791.23,,,
3/31/2026,15:42:02,24355061.98,Right,1,87,8,92,92,157,3,184,184,0,141,1.956358,0.05712,0,2.013478,4,0,10,0,0,0,24355061.98,,,
3/31/2026,15:42:02,24355757.69,TONE,8,87,8,92,92,157,3,184,185,0,141,1.956358,0.05712,0,2.013478,4,0,10,0,0,0,24355757.69,,,
3/31/2026,15:42:02,24355833.44,LED,7,87,8,92,92,157,3,185,185,0,141,1.956358,0.05712,0,2.013478,4,0,10,0,0,0,24355833.44,,,
3/31/2026,15:42:03,24356608.07,Dispensed,3,87,8,93,92,157,3,185,185,0,141,1.956358,0.05712,0,2.013478,4,0,10,0,0,0,24356608.07,,,
3/31/2026,15:42:03,24356671.09,TONE,8,87,8,93,92,157,3,186,186,0,141,1.956358,0.05712,0,2.013478,4,0,10,0,0,0,24356671.09,,,
3/31/2026,15:42:03,24356746.83,LED,7,87,8,93,92,157,3,186,186,0,141,1.956358,0.05712,0,2.013478,4,0,10,0,0,0,24356746.83,,,
3/31/2026,15:42:04,24357334.79,Retrieved,4,87,8,93,93,157,3,186,186,0,141,1.956358,0.05712,0,2.013478,4,0,10,0,0,0,24357334.79,,,
3/31/2026,15:42:42,24395848.07,Right,1,88,8,93,93,157,3,186,186,0,141,1.956358,0.05712,0,2.013478,4,0,10,0,0,0,24395848.07,,,
3/31/2026,15:42:43,24396570.12,TONE,8,88,8,93,93,157,3,186,187,0,141,1.956358,0.05712,0,2.013478,4,0,10,0,0,0,24396570.12,,,
3/31/2026,15:42:43,24396645.85,LED,7,88,8,93,93,157,3,187,187,0,141,1.956358,0.05712,0,2.013478,4,0,10,0,0,0,24396645.85,,,
3/31/2026,15:42:44,24397467.6,Dispensed,3,88,8,94,93,157,3,187,187,0,141,1.956358,0.05712,0,2.013478,4,0,10,0,0,0,24397467.6,,,
3/31/2026,15:42:44,24397530.62,TONE,8,88,8,94,93,157,3,187,188,0,141,1.956358,0.05712,0,2.013478,4,0,10,0,0,0,24397530.62,,,
3/31/2026,15:42:44,24397606.36,LED,7,88,8,94,93,157,3,188,188,0,141,1.956358,0.05712,0,2.013478,4,0,10,0,0,0,24397606.36,,,
3/31/2026,15:42:45,24398320.59,RightWithPellet,11,88,8,94,93,157,3,188,188,0,141,1.956358,0.05712,0,2.013478,5,0,10,0,0,0,24398320.59,,,
3/31/2026,15:42:50,24403334.59,Retrieved,4,88,8,94,94,157,3,188,188,0,141,1.956358,0.05712,0,2.013478,5,0,10,0,0,0,24403334.59,,,
3/31/2026,15:43:38,24451611.75,RightWater,5,88,8,94,94,158,3,188,188,0,141,1.956358,0.05712,0,2.013478,5,0,10,0,0,0,24451611.75,,,
3/31/2026,15:43:38,24451678.35,WaterDispensed,10,88,8,94,94,159,3,188,188,0,142,1.970638,0.05712,0,2.027758,5,0,10,0,0,0,24451678.35,,,
3/31/2026,15:43:38,24451753.42,RightWater,5,88,8,94,94,159,3,188,188,0,142,1.970638,0.05712,0,2.027758,5,0,10,0,0,0,24451753.42,,,
3/31/2026,15:43:39,24452626.39,RightWater,5,88,8,94,94,160,3,188,188,0,142,1.970638,0.05712,0,2.027758,5,0,10,0,0,0,24452626.39,,,
3/31/2026,15:43:39,24452693,WaterDispensed,10,88,8,94,94,160,3,188,188,0,143,1.984918,0.05712,0,2.042038,5,0,10,0,0,0,24452693,,,
3/31/2026,15:43:39,24452847.95,RightWater,5,88,8,94,94,161,3,188,188,0,143,1.984918,0.05712,0,2.042038,5,0,10,0,0,0,24452847.95,,,
3/31/2026,15:43:39,24452914.56,WaterDispensed,10,88,8,94,94,161,3,188,188,0,144,1.999198,0.05712,0,2.056318,5,0,10,0,0,0,24452914.56,,,
3/31/2026,15:43:40,24453337.69,RightWater,5,88,8,94,94,162,3,188,188,0,144,1.999198,0.05712,0,2.056318,5,0,10,0,0,0,24453337.69,,,
3/31/2026,15:43:40,24453404.3,WaterDispensed,10,88,8,94,94,162,3,188,188,0,145,2.013478,0.05712,0,2.070598,5,0,10,0,0,0,24453404.3,,,
3/31/2026,15:43:41,24454228.91,RightWater,5,88,8,94,94,163,3,188,188,0,145,2.013478,0.05712,0,2.070598,5,0,10,0,0,0,24454228.91,,,
3/31/2026,15:43:41,24454295.52,WaterDispensed,10,88,8,94,94,163,3,188,188,0,146,2.027758,0.05712,0,2.084878,5,0,10,0,0,0,24454295.52,,,
3/31/2026,15:43:44,24457427.09,RightWater,5,88,8,94,94,164,3,188,188,0,146,2.027758,0.05712,0,2.084878,5,0,10,0,0,0,24457427.09,,,
3/31/2026,15:43:44,24457493.7,WaterDispensed,10,88,8,94,94,164,3,188,188,0,147,2.042038,0.05712,0,2.099159,5,0,10,0,0,0,24457493.7,,,
3/31/2026,15:43:46,24459848.96,RightWater,5,88,8,94,94,165,3,188,188,0,147,2.042038,0.05712,0,2.099159,5,0,10,0,0,0,24459848.96,,,
3/31/2026,15:43:46,24459915.56,WaterDispensed,10,88,8,94,94,165,3,188,188,0,148,2.056318,0.05712,0,2.113439,5,0,10,0,0,0,24459915.56,,,
3/31/2026,15:43:48,24461432.67,RightWater,5,88,8,94,94,166,3,188,188,0,148,2.056318,0.05712,0,2.113439,5,0,10,0,0,0,24461432.67,,,
3/31/2026,15:43:48,24461499.28,WaterDispensed,10,88,8,94,94,166,3,188,188,0,149,2.070598,0.05712,0,2.127719,5,0,10,0,0,0,24461499.28,,,
3/31/2026,15:43:48,24461575.97,RightWater,5,88,8,94,94,167,3,188,188,0,149,2.070598,0.05712,0,2.127719,5,0,10,0,0,0,24461575.97,,,
3/31/2026,15:43:49,24462889.7,RightWater,5,88,8,94,94,168,3,188,188,0,149,2.070598,0.05712,0,2.127719,5,0,10,0,0,0,24462889.7,,,
3/31/2026,15:43:49,24462956.31,WaterDispensed,10,88,8,94,94,168,3,188,188,0,150,2.084878,0.05712,0,2.141999,5,0,10,0,0,0,24462956.31,,,
3/31/2026,15:46:11,24604351.67,RightWater,5,88,8,94,94,169,3,188,188,0,150,2.084878,0.05712,0,2.141999,5,0,10,0,0,0,24604351.67,,,
3/31/2026,15:46:11,24604418.28,WaterDispensed,10,88,8,94,94,169,3,188,188,0,151,2.099159,0.05712,0,2.156279,5,0,10,0,0,0,24604418.28,,,
3/31/2026,15:46:12,24605346.75,RightWater,5,88,8,94,94,170,3,188,188,0,151,2.099159,0.05712,0,2.156279,5,0,10,0,0,0,24605346.75,,,
3/31/2026,15:46:12,24605413.35,WaterDispensed,10,88,8,94,94,170,3,188,188,0,152,2.113439,0.05712,0,2.170559,5,0,10,0,0,0,24605413.35,,,
3/31/2026,15:46:12,24605813.91,RightWater,5,88,8,94,94,171,3,188,188,0,152,2.113439,0.05712,0,2.170559,5,0,10,0,0,0,24605813.91,,,
3/31/2026,15:46:12,24605880.51,WaterDispensed,10,88,8,94,94,171,3,188,188,0,153,2.127719,0.05712,0,2.184839,5,0,10,0,0,0,24605880.51,,,
3/31/2026,15:46:15,24608253.39,RightWater,5,88,8,94,94,172,3,188,188,0,153,2.127719,0.05712,0,2.184839,5,0,10,0,0,0,24608253.39,,,
3/31/2026,15:46:15,24608320,WaterDispensed,10,88,8,94,94,172,3,188,188,0,154,2.141999,0.05712,0,2.199119,5,0,10,0,0,0,24608320,,,
3/31/2026,15:46:16,24609463.24,RightWater,5,88,8,94,94,173,3,188,188,0,154,2.141999,0.05712,0,2.199119,5,0,10,0,0,0,24609463.24,,,
3/31/2026,15:46:16,24609529.85,WaterDispensed,10,88,8,94,94,173,3,188,188,0,155,2.156279,0.05712,0,2.213399,5,0,10,0,0,0,24609529.85,,,
3/31/2026,15:46:18,24611167.91,RightWater,5,88,8,94,94,174,3,188,188,0,155,2.156279,0.05712,0,2.213399,5,0,10,0,0,0,24611167.91,,,
3/31/2026,15:46:18,24611234.52,WaterDispensed,10,88,8,94,94,174,3,188,188,0,156,2.170559,0.05712,0,2.227679,5,0,10,0,0,0,24611234.52,,,
3/31/2026,15:46:18,24611311.26,RightWater,5,88,8,94,94,175,3,188,188,0,156,2.170559,0.05712,0,2.227679,5,0,10,0,0,0,24611311.26,,,
3/31/2026,15:46:22,24615234.25,RightWater,5,88,8,94,94,176,3,188,188,0,156,2.170559,0.05712,0,2.227679,5,0,10,0,0,0,24615234.25,,,
3/31/2026,15:46:22,24615300.85,WaterDispensed,10,88,8,94,94,176,3,188,188,0,157,2.184839,0.05712,0,2.241959,5,0,10,0,0,0,24615300.85,,,
3/31/2026,15:46:24,24617857.83,RightWater,5,88,8,94,94,177,3,188,188,0,157,2.184839,0.05712,0,2.241959,5,0,10,0,0,0,24617857.83,,,
3/31/2026,15:46:24,24617924.43,WaterDispensed,10,88,8,94,94,177,3,188,188,0,158,2.199119,0.05712,0,2.256239,5,0,10,0,0,0,24617924.43,,,
3/31/2026,15:46:24,24618005.75,RightWater,5,88,8,94,94,178,3,188,188,0,158,2.199119,0.05712,0,2.256239,5,0,10,0,0,0,24618005.75,,,
3/31/2026,15:46:26,24619984.01,RightWater,5,88,8,94,94,179,3,188,188,0,158,2.199119,0.05712,0,2.256239,5,0,10,0,0,0,24619984.01,,,
3/31/2026,15:46:27,24620050.62,WaterDispensed,10,88,8,94,94,179,3,188,188,0,159,2.213399,0.05712,0,2.270519,5,0,10,0,0,0,24620050.62,,,
3/31/2026,15:48:44,24757731.78,RightWater,5,88,8,94,94,180,3,188,188,0,159,2.213399,0.05712,0,2.270519,5,0,10,0,0,0,24757731.78,,,
3/31/2026,15:48:44,24757798.39,WaterDispensed,10,88,8,94,94,180,3,188,188,0,160,2.227679,0.05712,0,2.2848,5,0,10,0,0,0,24757798.39,,,
3/31/2026,15:48:45,24758381.59,RightWater,5,88,8,94,94,181,3,188,188,0,160,2.227679,0.05712,0,2.2848,5,0,10,0,0,0,24758381.59,,,
3/31/2026,15:48:45,24758448.2,WaterDispensed,10,88,8,94,94,181,3,188,188,0,161,2.241959,0.05712,0,2.29908,5,0,10,0,0,0,24758448.2,,,
3/31/2026,15:48:45,24758929.8,RightWater,5,88,8,94,94,182,3,188,188,0,161,2.241959,0.05712,0,2.29908,5,0,10,0,0,0,24758929.8,,,
3/31/2026,15:48:45,24758996.41,WaterDispensed,10,88,8,94,94,182,3,188,188,0,162,2.256239,0.05712,0,2.31336,5,0,10,0,0,0,24758996.41,,,
3/31/2026,15:48:46,24759933.59,RightWater,5,88,8,94,94,183,3,188,188,0,162,2.256239,0.05712,0,2.31336,5,0,10,0,0,0,24759933.59,,,
3/31/2026,15:48:46,24760000.2,WaterDispensed,10,88,8,94,94,183,3,188,188,0,163,2.270519,0.05712,0,2.32764,5,0,10,0,0,0,24760000.2,,,
3/31/2026,15:48:49,24762562.04,RightWater,5,88,8,94,94,184,3,188,188,0,163,2.270519,0.05712,0,2.32764,5,0,10,0,0,0,24762562.04,,,
3/31/2026,15:48:49,24762628.66,WaterDispensed,10,88,8,94,94,184,3,188,188,0,164,2.2848,0.05712,0,2.34192,5,0,10,0,0,0,24762628.66,,,
3/31/2026,15:48:52,24765214.32,RightWater,5,88,8,94,94,185,3,188,188,0,164,2.2848,0.05712,0,2.34192,5,0,10,0,0,0,24765214.32,,,
3/31/2026,15:48:52,24765280.94,WaterDispensed,10,88,8,94,94,185,3,188,188,0,165,2.29908,0.05712,0,2.3562,5,0,10,0,0,0,24765280.94,,,
3/31/2026,15:48:56,24769762.72,RightWater,5,88,8,94,94,186,3,188,188,0,165,2.29908,0.05712,0,2.3562,5,0,10,0,0,0,24769762.72,,,
3/31/2026,15:48:56,24769829.33,WaterDispensed,10,88,8,94,94,186,3,188,188,0,166,2.31336,0.05712,0,2.37048,5,0,10,0,0,0,24769829.33,,,
3/31/2026,15:48:58,24771167.98,RightWater,5,88,8,94,94,187,3,188,188,0,166,2.31336,0.05712,0,2.37048,5,0,10,0,0,0,24771167.98,,,
3/31/2026,15:48:58,24771234.59,WaterDispensed,10,88,8,94,94,187,3,188,188,0,167,2.32764,0.05712,0,2.38476,5,0,10,0,0,0,24771234.59,,,
3/31/2026,15:55:58,25191771.8,Right,1,89,8,94,94,187,3,188,188,0,167,2.32764,0.05712,0,2.38476,5,0,10,0,0,0,25191771.8,,,
3/31/2026,15:55:59,25192440.47,TONE,8,89,8,94,94,187,3,188,189,0,167,2.32764,0.05712,0,2.38476,5,0,10,0,0,0,25192440.47,,,
3/31/2026,15:55:59,25192516.2,LED,7,89,8,94,94,187,3,189,189,0,167,2.32764,0.05712,0,2.38476,5,0,10,0,0,0,25192516.2,,,
3/31/2026,15:56:00,25193287.44,Dispensed,3,89,8,95,94,187,3,189,189,0,167,2.32764,0.05712,0,2.38476,5,0,10,0,0,0,25193287.44,,,
3/31/2026,15:56:00,25193350.46,TONE,8,89,8,95,94,187,3,189,190,0,167,2.32764,0.05712,0,2.38476,5,0,10,0,0,0,25193350.46,,,
3/31/2026,15:56:00,25193426.19,LED,7,89,8,95,94,187,3,190,190,0,167,2.32764,0.05712,0,2.38476,5,0,10,0,0,0,25193426.19,,,
3/31/2026,15:56:01,25194077,Retrieved,4,89,8,95,95,187,3,190,190,0,167,2.32764,0.05712,0,2.38476,5,0,10,0,0,0,25194077,,,
3/31/2026,15:56:25,25218638,Right,1,90,8,95,95,187,3,190,190,0,167,2.32764,0.05712,0,2.38476,5,0,10,0,0,0,25218638,,,
3/31/2026,15:56:26,25219259.45,TONE,8,90,8,95,95,187,3,190,191,0,167,2.32764,0.05712,0,2.38476,5,0,10,0,0,0,25219259.45,,,
3/31/2026,15:56:26,25219335.19,LED,7,90,8,95,95,187,3,191,191,0,167,2.32764,0.05712,0,2.38476,5,0,10,0,0,0,25219335.19,,,
3/31/2026,15:56:27,25220245.67,Dispensed,3,90,8,96,95,187,3,191,191,0,167,2.32764,0.05712,0,2.38476,5,0,10,0,0,0,25220245.67,,,
3/31/2026,15:56:27,25220308.7,TONE,8,90,8,96,95,187,3,191,192,0,167,2.32764,0.05712,0,2.38476,5,0,10,0,0,0,25220308.7,,,
3/31/2026,15:56:27,25220384.44,LED,7,90,8,96,95,187,3,192,192,0,167,2.32764,0.05712,0,2.38476,5,0,10,0,0,0,25220384.44,,,
3/31/2026,15:56:27,25220972.22,Retrieved,4,90,8,96,96,187,3,192,192,0,167,2.32764,0.05712,0,2.38476,5,0,10,0,0,0,25220972.22,,,
3/31/2026,15:58:40,25353346.96,Right,1,91,8,96,96,187,3,192,192,0,167,2.32764,0.05712,0,2.38476,5,0,10,0,0,0,25353346.96,,,
3/31/2026,15:58:40,25353926.36,TONE,8,91,8,96,96,187,3,192,193,0,167,2.32764,0.05712,0,2.38476,5,0,10,0,0,0,25353926.36,,,
3/31/2026,15:58:40,25354002.1,LED,7,91,8,96,96,187,3,193,193,0,167,2.32764,0.05712,0,2.38476,5,0,10,0,0,0,25354002.1,,,
3/31/2026,15:58:41,25354794.31,Dispensed,3,91,8,97,96,187,3,193,193,0,167,2.32764,0.05712,0,2.38476,5,0,10,0,0,0,25354794.31,,,
3/31/2026,15:58:41,25354857.33,TONE,8,91,8,97,96,187,3,193,194,0,167,2.32764,0.05712,0,2.38476,5,0,10,0,0,0,25354857.33,,,
3/31/2026,15:58:41,25354933.07,LED,7,91,8,97,96,187,3,194,194,0,167,2.32764,0.05712,0,2.38476,5,0,10,0,0,0,25354933.07,,,
3/31/2026,15:58:42,25355394.27,Retrieved,4,91,8,97,97,187,3,194,194,0,167,2.32764,0.05712,0,2.38476,5,0,10,0,0,0,25355394.27,,,
3/31/2026,15:59:10,25383592.37,Right,1,92,8,97,97,187,3,194,194,0,167,2.32764,0.05712,0,2.38476,5,0,10,0,0,0,25383592.37,,,
3/31/2026,15:59:11,25384045.37,TONE,8,92,8,97,97,187,3,194,195,0,167,2.32764,0.05712,0,2.38476,5,0,10,0,0,0,25384045.37,,,
3/31/2026,15:59:11,25384121.11,LED,7,92,8,97,97,187,3,195,195,0,167,2.32764,0.05712,0,2.38476,5,0,10,0,0,0,25384121.11,,,
3/31/2026,15:59:11,25384970.85,Dispensed,3,92,8,98,97,187,3,195,195,0,167,2.32764,0.05712,0,2.38476,5,0,10,0,0,0,25384970.85,,,
3/31/2026,15:59:12,25385033.87,TONE,8,92,8,98,97,187,3,195,196,0,167,2.32764,0.05712,0,2.38476,5,0,10,0,0,0,25385033.87,,,
3/31/2026,15:59:12,25385109.62,LED,7,92,8,98,97,187,3,196,196,0,167,2.32764,0.05712,0,2.38476,5,0,10,0,0,0,25385109.62,,,
3/31/2026,15:59:12,25385634.05,Retrieved,4,92,8,98,98,187,3,196,196,0,167,2.32764,0.05712,0,2.38476,5,0,10,0,0,0,25385634.05,,,
3/31/2026,15:59:48,25421928.76,Right,1,93,8,98,98,187,3,196,196,0,167,2.32764,0.05712,0,2.38476,5,0,10,0,0,0,25421928.76,,,
3/31/2026,15:59:49,25422563.31,TONE,8,93,8,98,98,187,3,196,197,0,167,2.32764,0.05712,0,2.38476,5,0,10,0,0,0,25422563.31,,,
3/31/2026,15:59:49,25422639.04,LED,7,93,8,98,98,187,3,197,197,0,167,2.32764,0.05712,0,2.38476,5,0,10,0,0,0,25422639.04,,,
3/31/2026,15:59:50,25423436.87,Dispensed,3,93,8,99,98,187,3,197,197,0,167,2.32764,0.05712,0,2.38476,5,0,10,0,0,0,25423436.87,,,
3/31/2026,15:59:50,25423499.89,TONE,8,93,8,99,98,187,3,197,198,0,167,2.32764,0.05712,0,2.38476,5,0,10,0,0,0,25423499.89,,,
3/31/2026,15:59:50,25423575.63,LED,7,93,8,99,98,187,3,198,198,0,167,2.32764,0.05712,0,2.38476,5,0,10,0,0,0,25423575.63,,,
3/31/2026,15:59:51,25424543.29,Retrieved,4,93,8,99,99,187,3,198,198,0,167,2.32764,0.05712,0,2.38476,5,0,10,0,0,0,25424543.29,,,
3/31/2026,16:03:31,25644182.48,Right,1,94,8,99,99,187,3,198,198,0,167,2.32764,0.05712,0,2.38476,5,0,10,0,0,0,25644182.48,,,
3/31/2026,16:03:31,25644635.41,TONE,8,94,8,99,99,187,3,198,199,0,167,2.32764,0.05712,0,2.38476,5,0,10,0,0,0,25644635.41,,,
3/31/2026,16:03:31,25644711.15,LED,7,94,8,99,99,187,3,199,199,0,167,2.32764,0.05712,0,2.38476,5,0,10,0,0,0,25644711.15,,,
3/31/2026,16:03:32,25645510.61,Dispensed,3,94,8,100,99,187,3,199,199,0,167,2.32764,0.05712,0,2.38476,5,0,10,0,0,0,25645510.61,,,
3/31/2026,16:03:32,25645573.63,TONE,8,94,8,100,99,187,3,199,200,0,167,2.32764,0.05712,0,2.38476,5,0,10,0,0,0,25645573.63,,,
3/31/2026,16:03:32,25645649.37,LED,7,94,8,100,99,187,3,200,200,0,167,2.32764,0.05712,0,2.38476,5,0,10,0,0,0,25645649.37,,,
3/31/2026,16:03:33,25646300.21,Retrieved,4,94,8,100,100,187,3,200,200,0,167,2.32764,0.05712,0,2.38476,5,0,10,0,0,0,25646300.21,,,
3/31/2026,16:04:12,25685953.46,Right,1,95,8,100,100,187,3,200,200,0,167,2.32764,0.05712,0,2.38476,5,0,10,0,0,0,25685953.46,,,
3/31/2026,16:04:13,25686410.3,TONE,8,95,8,100,100,187,3,200,201,0,167,2.32764,0.05712,0,2.38476,5,0,10,0,0,0,25686410.3,,,
3/31/2026,16:04:13,25686486.04,LED,7,95,8,100,100,187,3,201,201,0,167,2.32764,0.05712,0,2.38476,5,0,10,0,0,0,25686486.04,,,
3/31/2026,16:04:14,25687310.03,Dispensed,3,95,8,101,100,187,3,201,201,0,167,2.32764,0.05712,0,2.38476,5,0,10,0,0,0,25687310.03,,,
3/31/2026,16:04:14,25687373.04,TONE,8,95,8,101,100,187,3,201,202,0,167,2.32764,0.05712,0,2.38476,5,0,10,0,0,0,25687373.04,,,
3/31/2026,16:04:14,25687448.78,LED,7,95,8,101,100,187,3,202,202,0,167,2.32764,0.05712,0,2.38476,5,0,10,0,0,0,25687448.78,,,
3/31/2026,16:04:15,25688606.24,Retrieved,4,95,8,101,101,187,3,202,202,0,167,2.32764,0.05712,0,2.38476,5,0,10,0,0,0,25688606.24,,,
3/31/2026,16:06:38,25831158.48,RightWater,5,95,8,101,101,188,3,202,202,0,167,2.32764,0.05712,0,2.38476,5,0,10,0,0,0,25831158.48,,,
3/31/2026,16:06:38,25831225.12,WaterDispensed,10,95,8,101,101,188,3,202,202,0,168,2.34192,0.05712,0,2.39904,5,0,10,0,0,0,25831225.12,,,
3/31/2026,16:06:38,25831921.83,RightWater,5,95,8,101,101,189,3,202,202,0,168,2.34192,0.05712,0,2.39904,5,0,10,0,0,0,25831921.83,,,
3/31/2026,16:06:38,25831988.45,WaterDispensed,10,95,8,101,101,189,3,202,202,0,169,2.3562,0.05712,0,2.41332,5,0,10,0,0,0,25831988.45,,,
3/31/2026,16:06:40,25833049.19,RightWater,5,95,8,101,101,190,3,202,202,0,169,2.3562,0.05712,0,2.41332,5,0,10,0,0,0,25833049.19,,,
3/31/2026,16:06:40,25833115.79,WaterDispensed,10,95,8,101,101,190,3,202,202,0,170,2.37048,0.05712,0,2.4276,5,0,10,0,0,0,25833115.79,,,
3/31/2026,16:06:41,25834175.21,RightWater,5,95,8,101,101,191,3,202,202,0,170,2.37048,0.05712,0,2.4276,5,0,10,0,0,0,25834175.21,,,
3/31/2026,16:06:41,25834241.81,WaterDispensed,10,95,8,101,101,191,3,202,202,0,171,2.38476,0.05712,0,2.44188,5,0,10,0,0,0,25834241.81,,,
3/31/2026,16:06:43,25836618.71,RightWater,5,95,8,101,101,192,3,202,202,0,171,2.38476,0.05712,0,2.44188,5,0,10,0,0,0,25836618.71,,,
3/31/2026,16:06:43,25836685.32,WaterDispensed,10,95,8,101,101,192,3,202,202,0,172,2.39904,0.05712,0,2.456161,5,0,10,0,0,0,25836685.32,,,
3/31/2026,16:06:49,25842199.71,RightWater,5,95,8,101,101,193,3,202,202,0,172,2.39904,0.05712,0,2.456161,5,0,10,0,0,0,25842199.71,,,
3/31/2026,16:06:49,25842266.31,WaterDispensed,10,95,8,101,101,193,3,202,202,0,173,2.41332,0.05712,0,2.470441,5,0,10,0,0,0,25842266.31,,,
3/31/2026,16:06:49,25842433.62,RightWater,5,95,8,101,101,194,3,202,202,0,173,2.41332,0.05712,0,2.470441,5,0,10,0,0,0,25842433.62,,,
3/31/2026,16:06:49,25842500.25,WaterDispensed,10,95,8,101,101,194,3,202,202,0,174,2.4276,0.05712,0,2.484721,5,0,10,0,0,0,25842500.25,,,
3/31/2026,16:13:56,26270015.02,RightWater,5,95,8,101,101,195,3,202,202,0,174,2.4276,0.05712,0,2.484721,5,0,10,0,0,0,26270015.02,,,
3/31/2026,16:13:57,26270081.63,WaterDispensed,10,95,8,101,101,195,3,202,202,0,175,2.44188,0.05712,0,2.499001,5,0,10,0,0,0,26270081.63,,,
3/31/2026,16:13:57,26270686.1,RightWater,5,95,8,101,101,196,3,202,202,0,175,2.44188,0.05712,0,2.499001,5,0,10,0,0,0,26270686.1,,,
3/31/2026,16:13:57,26270752.71,WaterDispensed,10,95,8,101,101,196,3,202,202,0,176,2.456161,0.05712,0,2.513281,5,0,10,0,0,0,26270752.71,,,
3/31/2026,16:13:59,26272203.69,RightWater,5,95,8,101,101,197,3,202,202,0,176,2.456161,0.05712,0,2.513281,5,0,10,0,0,0,26272203.69,,,
3/31/2026,16:13:59,26272270.29,WaterDispensed,10,95,8,101,101,197,3,202,202,0,177,2.470441,0.05712,0,2.527561,5,0,10,0,0,0,26272270.29,,,
3/31/2026,16:14:00,26273531.76,RightWater,5,95,8,101,101,198,3,202,202,0,177,2.470441,0.05712,0,2.527561,5,0,10,0,0,0,26273531.76,,,
3/31/2026,16:14:00,26273598.37,WaterDispensed,10,95,8,101,101,198,3,202,202,0,178,2.484721,0.05712,0,2.541841,5,0,10,0,0,0,26273598.37,,,
3/31/2026,16:14:00,26273811.21,RightWater,5,95,8,101,101,199,3,202,202,0,178,2.484721,0.05712,0,2.541841,5,0,10,0,0,0,26273811.21,,,
3/31/2026,16:14:00,26273877.81,WaterDispensed,10,95,8,101,101,199,3,202,202,0,179,2.499001,0.05712,0,2.556121,5,0,10,0,0,0,26273877.81,,,
3/31/2026,16:14:05,26278188.53,RightWater,5,95,8,101,101,200,3,202,202,0,179,2.499001,0.05712,0,2.556121,5,0,10,0,0,0,26278188.53,,,
3/31/2026,16:14:05,26278255.13,WaterDispensed,10,95,8,101,101,200,3,202,202,0,180,2.513281,0.05712,0,2.570401,5,0,10,0,0,0,26278255.13,,,
3/31/2026,16:14:05,26278605.24,RightWater,5,95,8,101,101,201,3,202,202,0,180,2.513281,0.05712,0,2.570401,5,0,10,0,0,0,26278605.24,,,
3/31/2026,16:14:05,26278671.84,WaterDispensed,10,95,8,101,101,201,3,202,202,0,181,2.527561,0.05712,0,2.584681,5,0,10,0,0,0,26278671.84,,,
3/31/2026,16:15:10,26343811.1,RightWater,5,95,8,101,101,202,3,202,202,0,181,2.527561,0.05712,0,2.584681,5,0,10,0,0,0,26343811.1,,,
3/31/2026,16:15:10,26343877.7,WaterDispensed,10,95,8,101,101,202,3,202,202,0,182,2.541841,0.05712,0,2.598961,5,0,10,0,0,0,26343877.7,,,
3/31/2026,16:15:10,26344016.14,RightWater,5,95,8,101,101,203,3,202,202,0,182,2.541841,0.05712,0,2.598961,5,0,10,0,0,0,26344016.14,,,
3/31/2026,16:15:12,26345389.28,RightWater,5,95,8,101,101,204,3,202,202,0,182,2.541841,0.05712,0,2.598961,5,0,10,0,0,0,26345389.28,,,
3/31/2026,16:15:12,26345455.88,WaterDispensed,10,95,8,101,101,204,3,202,202,0,183,2.556121,0.05712,0,2.613241,5,0,10,0,0,0,26345455.88,,,
3/31/2026,16:15:12,26345760.37,RightWater,5,95,8,101,101,205,3,202,202,0,184,2.570401,0.05712,0,2.627522,5,0,10,0,0,0,26345760.37,,,
3/31/2026,16:15:12,26345826.97,WaterDispensed,10,95,8,101,101,205,3,202,202,0,184,2.570401,0.05712,0,2.627522,5,0,10,0,0,0,26345826.97,,,
3/31/2026,16:15:15,26348391.47,RightWater,5,95,8,101,101,206,3,202,202,0,184,2.570401,0.05712,0,2.627522,5,0,10,0,0,0,26348391.47,,,
3/31/2026,16:15:15,26348458.07,WaterDispensed,10,95,8,101,101,206,3,202,202,0,185,2.584681,0.05712,0,2.641802,5,0,10,0,0,0,26348458.07,,,
3/31/2026,16:15:15,26348641.86,RightWater,5,95,8,101,101,207,3,202,202,0,185,2.584681,0.05712,0,2.641802,5,0,10,0,0,0,26348641.86,,,
3/31/2026,16:15:15,26348708.47,WaterDispensed,10,95,8,101,101,207,3,202,202,0,186,2.598961,0.05712,0,2.656082,5,0,10,0,0,0,26348708.47,,,
3/31/2026,16:30:42,27275399.69,WaterDispensed,10,95,8,101,101,207,3,202,202,0,187,2.613241,0.05712,0,2.670362,5,0,10,0,0,0,27275399.69,,,
